Datasheet,Image,DK Part #,Mfr Part #,Mfr,Supplier,Description,Stock,Price,@ qty,Min Qty, Package,Series,Product Status,"Capacitance","Tolerance","Voltage - Rated","Temperature Coefficient","Operating Temperature","Features","Ratings","Applications","Failure Rate","Mounting Type","Package / Case","Size / Dimension","Height - Seated (Max)","Thickness (Max)","Lead Spacing","Lead Style","URL"
"//mm.digikey.com/Volume0/opasdata/d220001/medias/docus/609/CL10B102KB8NNNC_Spec.pdf","//mm.digikey.com/Volume0/opasdata/d220001/medias/images/2537/Ceramic-Capacitor-CL-Series.jpg","1276-1018-2-ND,1276-1018-1-ND,1276-1018-6-ND","CL10B102KB8NNNC","Samsung Electro-Mechanics","Samsung Electro-Mechanics","CAP CER 1000PF 50V X7R 0603","2.290.927","0.0137","100","1","Tape & Reel (TR),Cut Tape (CT),Digi-Reel®","CL","Active","1000 pF","±10%","50V","X7R","-55°C ~ 125°C","-","-","General Purpose","-","Surface Mount, MLCC","0603 (1608 Metric)","0.063"" L x 0.031"" W (1.60mm x 0.80mm)","-","0.035"" (0.90mm)","-","-","https://www.digikey.be/en/products/detail/samsung-electro-mechanics/CL10B102KB8NNNC/3886676"
"https://yageogroup.com/content/datasheet/asset/file/KEM_C1002_X7R_SMD","//mm.digikey.com/Volume0/opasdata/d220001/medias/images/5352/0603-%281608-Metric%29-Ceramic-Capacitor.jpg","399-C0603C102K5RACTUTR-ND,399-C0603C102K5RACTUCT-ND,399-C0603C102K5RACTUDKR-ND","C0603C102K5RACTU","KEMET","KEMET","CAP CER 1000PF 50V X7R 0603","2.090.527","0.021","100","1","Tape & Reel (TR),Cut Tape (CT),Digi-Reel®","SMD Comm X7R","Active","1000 pF","±10%","50V","X7R","-55°C ~ 125°C","-","-","Bypass, Decoupling","-","Surface Mount, MLCC","0603 (1608 Metric)","0.063"" L x 0.031"" W (1.60mm x 0.80mm)","-","0.034"" (0.87mm)","-","-","https://www.digikey.be/en/products/detail/kemet/C0603C102K5RACTU/411081"
"https://www.passivecomponent.com/wp-content/uploads/datasheet/WTC_MLCC_General_Purpose.pdf","//mm.digikey.com/Volume0/opasdata/d220001/medias/images/942/0603-%281608-Metric%29-0%2C90mm.jpg","1292-1477-2-ND,1292-1477-1-ND,1292-1477-6-ND","0603N102J500CT","Walsin Technology Corporation","Walsin Technology Corporation","CAP CER 1000PF 50V C0G/NP0 0603","2.168.230","0.0195","100","1","Tape & Reel (TR),Cut Tape (CT),Digi-Reel®","-","Active","1000 pF","±5%","50V","C0G, NP0","-55°C ~ 125°C","-","-","General Purpose","-","Surface Mount, MLCC","0603 (1608 Metric)","0.063"" L x 0.031"" W (1.60mm x 0.80mm)","-","0.034"" (0.87mm)","-","-","https://www.digikey.be/en/products/detail/walsin-technology-corporation/0603N102J500CT/9354974"
"https://search.murata.co.jp/Ceramy/image/img/A01X/G101/ENG/GRM1885C1H102JA01-01.pdf","//mm.digikey.com/Volume0/opasdata/d220001/medias/images/5447/490-Ceramic-Capacitor-Tan-Field.jpg","490-6379-2-ND,490-6379-1-ND,490-6379-6-ND","GRM1885C1H102JA01J","Murata Electronics","Murata Electronics","CAP CER 1000PF 50V C0G/NP0 0603","366.663","0.0184","100","1","Tape & Reel (TR),Cut Tape (CT),Digi-Reel®","GRM","Active","1000 pF","±5%","50V","C0G, NP0","-55°C ~ 125°C","-","-","General Purpose","-","Surface Mount, MLCC","0603 (1608 Metric)","0.063"" L x 0.031"" W (1.60mm x 0.80mm)","-","0.035"" (0.90mm)","-","-","https://www.digikey.be/en/products/detail/murata-electronics/GRM1885C1H102JA01J/2611080"
"https://yageogroup.com/content/datasheet/asset/file/UPY-GPHC_X7R_6_3V-TO-250V","//mm.digikey.com/Volume0/opasdata/d220001/medias/images/2488/0603%289mmthickness%29.jpg","311-4109-2-ND,311-4109-1-ND,311-4109-6-ND","CC0603MRX7R9BB102","YAGEO","YAGEO","CAP CER 1000PF 50V X7R 0603","22.575","0.0181","100","1","Tape & Reel (TR),Cut Tape (CT),Digi-Reel®","CC","Active","1000 pF","±20%","50V","X7R","-55°C ~ 125°C","-","-","General Purpose","-","Surface Mount, MLCC","0603 (1608 Metric)","0.063"" L x 0.031"" W (1.60mm x 0.80mm)","-","0.035"" (0.90mm)","-","-","https://www.digikey.be/en/products/detail/yageo/CC0603MRX7R9BB102/5883824"
"https://www.passivecomponent.com/wp-content/uploads/datasheet/WTC_MLCC_General_Purpose.pdf","//mm.digikey.com/Volume0/opasdata/d220001/medias/images/942/0603-%281608-Metric%29-0%2C90mm.jpg","1292-1376-2-ND,1292-1376-1-ND,1292-1376-6-ND","0603B102J500CT","Walsin Technology Corporation","Walsin Technology Corporation","CAP CER 1000PF 50V X7R 0603","22.552","0.0099","100","1","Tape & Reel (TR),Cut Tape (CT),Digi-Reel®","-","Active","1000 pF","±5%","50V","X7R","-55°C ~ 125°C","-","-","General Purpose","-","Surface Mount, MLCC","0603 (1608 Metric)","0.063"" L x 0.031"" W (1.60mm x 0.80mm)","-","0.034"" (0.87mm)","-","-","https://www.digikey.be/en/products/detail/walsin-technology-corporation/0603B102J500CT/9354873"
"https://datasheets.kyocera-avx.com/X7RDielectric.pdf","//mm.digikey.com/Volume0/opasdata/d220001/medias/images/4845/478_0603-%281608-Metric%29-0%2C90mm.jpg","478-06035C102KAT2A-62TR-ND,478-06035C102KAT2A-62CT-ND,478-06035C102KAT2A-62DKR-ND","06035C102KAT2A-62","KYOCERA AVX","KYOCERA AVX","CAP CER 1000PF 50V X7R 0603","19.609","0.0159","100","1","Tape & Reel (TR),Cut Tape (CT),Digi-Reel®","-","Active","1000 pF","±10%","50V","X7R","-55°C ~ 125°C","-","-","General Purpose","-","Surface Mount, MLCC","0603 (1608 Metric)","0.063"" L x 0.032"" W (1.60mm x 0.81mm)","-","-","-","-","https://www.digikey.be/en/products/detail/kyocera-avx/06035C102KAT2A-62/11244948"
"https://www.vishay.com/docs/45199/vjcommercialseries.pdf","//mm.digikey.com/Volume0/opasdata/d220001/medias/images/6770/VJ_W1BC_Series_0603-1608.jpg","720-1374-2-ND,720-1374-1-ND,720-1374-6-ND","VJ0603Y102KXAAC","Vishay Vitramon","Vishay Vitramon","CAP CER 1000PF 50V X7R 0603","31.559","0.0521","100","1","Tape & Reel (TR),Cut Tape (CT),Digi-Reel®","VJ","Active","1000 pF","±10%","50V","X7R","-55°C ~ 150°C","-","-","General Purpose","-","Surface Mount, MLCC","0603 (1608 Metric)","0.063"" L x 0.031"" W (1.60mm x 0.80mm)","-","0.037"" (0.95mm)","-","-","https://www.digikey.be/en/products/detail/vishay-vitramon/VJ0603Y102KXAAC/2345155"
"https://datasheets.kyocera-avx.com/C0GNP0-KGM.pdf","//mm.digikey.com/Volume0/opasdata/d220001/medias/images/4845/478_0603-%281608-Metric%29-0%2C90mm.jpg","478-KGM15ACG1H102FTTR-ND,478-KGM15ACG1H102FTCT-ND,478-KGM15ACG1H102FTDKR-ND","KGM15ACG1H102FT","KYOCERA AVX","KYOCERA AVX","CAP CER 1000PF 50V C0G/NP0 0603","28.359","0.0716","100","1","Tape & Reel (TR),Cut Tape (CT),Digi-Reel®","KGM - C0G","Active","1000 pF","±1%","50V","C0G, NP0","-55°C ~ 125°C","-","-","General Purpose","-","Surface Mount, MLCC","0603 (1608 Metric)","0.063"" L x 0.032"" W (1.60mm x 0.81mm)","-","0.035"" (0.90mm)","-","-","https://www.digikey.be/en/products/detail/kyocera-avx/KGM15ACG1H102FT/1599611"
"https://www.yageo.com/en/Chart/Download/pdf/CC0603FRNPO9BN102","//mm.digikey.com/Volume0/opasdata/d220001/medias/images/2488/0603%289mmthickness%29.jpg","311-1743-2-ND,311-1743-1-ND,311-1743-6-ND","CC0603FRNPO9BN102","YAGEO","YAGEO","CAP CER 1000PF 50V C0G/NPO 0603","12.074","0.0705","100","1","Tape & Reel (TR),Cut Tape (CT),Digi-Reel®","CC","Active","1000 pF","±1%","50V","C0G, NP0","-55°C ~ 125°C","-","-","General Purpose","-","Surface Mount, MLCC","0603 (1608 Metric)","0.063"" L x 0.031"" W (1.60mm x 0.80mm)","-","0.035"" (0.90mm)","-","-","https://www.digikey.be/en/products/detail/yageo/CC0603FRNPO9BN102/5195152"
"https://yageogroup.com/content/datasheet/asset/file/KEM_C1078_X7R_FT-CAP_AUTO_SMD","//mm.digikey.com/Volume0/opasdata/d220001/medias/images/423/0603-%281608-Metric%29-1%2C60x0%2C80x0%2C87mm.jpg","399-6908-2-ND,399-6908-1-ND,399-6908-6-ND","C0603X102K5RACAUTO","KEMET","KEMET","CAP CER 1000PF 50V X7R 0603","10.482","0.1387","100","1","Tape & Reel (TR),Cut Tape (CT),Digi-Reel®","SMD Auto X7R Flex","Active","1000 pF","±10%","50V","X7R","-55°C ~ 125°C","Soft Termination","AEC-Q200","Automotive, Boardflex Sensitive","-","Surface Mount, MLCC","0603 (1608 Metric)","0.063"" L x 0.031"" W (1.60mm x 0.80mm)","-","0.037"" (0.95mm)","-","-","https://www.digikey.be/en/products/detail/kemet/C0603X102K5RACAUTO/3314903"
"https://yageogroup.com/content/datasheet/asset/file/KEM_C1062_C0G_FT-CAP_SMD","//mm.digikey.com/Volume0/opasdata/d220001/medias/images/423/0603-%281608-Metric%29-1%2C60x0%2C80x0%2C87mm.jpg","399-20436-2-ND,399-20436-1-ND,399-20436-6-ND","C0603X102F3GACAUTO","KEMET","KEMET","CAP CER 1000PF 25V C0G/NP0 0603","6.432","0.9064","100","1","Tape & Reel (TR),Cut Tape (CT),Digi-Reel®","SMD Auto C0G Flex","Active","1000 pF","±1%","25V","C0G, NP0","-55°C ~ 125°C","Low ESL, Soft Termination","AEC-Q200","Automotive, Boardflex Sensitive","-","Surface Mount, MLCC","0603 (1608 Metric)","0.063"" L x 0.031"" W (1.60mm x 0.80mm)","-","0.037"" (0.95mm)","-","-","https://www.digikey.be/en/products/detail/kemet/C0603X102F3GACAUTO/9924913"
"https://www.passivecomponent.com/wp-content/uploads/datasheet/WTC_MLCC_General_Purpose.pdf","//mm.digikey.com/Volume0/opasdata/d220001/medias/images/942/0603-%281608-Metric%29-0%2C90mm.jpg","1292-1381-2-ND,1292-1381-1-ND,1292-1381-6-ND","0603B102M500CT","Walsin Technology Corporation","Walsin Technology Corporation","CAP CER 1000PF 50V X7R 0603","14.106","0.0084","100","1","Tape & Reel (TR),Cut Tape (CT),Digi-Reel®","-","Active","1000 pF","±20%","50V","X7R","-55°C ~ 125°C","-","-","General Purpose","-","Surface Mount, MLCC","0603 (1608 Metric)","0.063"" L x 0.031"" W (1.60mm x 0.80mm)","-","0.034"" (0.87mm)","-","-","https://www.digikey.be/en/products/detail/walsin-technology-corporation/0603B102M500CT/9354878"
"https://www.vishay.com/docs/28548/vjw1bcbascomseries.pdf","//mm.digikey.com/Volume0/opasdata/d220001/medias/images/6770/VJ_W1BC_Series_0603-1608.jpg","720-VJ0603Y102KXAPW1BCTR-ND,720-VJ0603Y102KXAPW1BCCT-ND,720-VJ0603Y102KXAPW1BCDKR-ND","VJ0603Y102KXAPW1BC","Vishay Vitramon","Vishay Vitramon","CAP CER 1000PF 50V X7R 0603","12.973","0.0257","100","1","Tape & Reel (TR),Cut Tape (CT),Digi-Reel®","VJ W1BC","Active","1000 pF","±10%","50V","X7R","-55°C ~ 125°C","-","-","General Purpose","-","Surface Mount, MLCC","0603 (1608 Metric)","0.063"" L x 0.031"" W (1.60mm x 0.80mm)","-","0.034"" (0.87mm)","-","-","https://www.digikey.be/en/products/detail/vishay-vitramon/VJ0603Y102KXAPW1BC/8305219"
"https://yageogroup.com/content/datasheet/asset/file/KEM_C1007_X8R_ULTRA_150C_SMD","//mm.digikey.com/Volume0/opasdata/d220001/medias/images/5352/0603-%281608-Metric%29-Ceramic-Capacitor.jpg","399-C0603C102K5HACTUTR-ND,399-C0603C102K5HACTUCT-ND,399-C0603C102K5HACTUDKR-ND","C0603C102K5HACTU","KEMET","KEMET","CAP CER 1000PF 50V X8R 0603","4.150","0.1261","100","1","Tape & Reel (TR),Cut Tape (CT),Digi-Reel®","SMD Comm X8R HT150C","Active","1000 pF","±10%","50V","X8R","-55°C ~ 150°C","Low ESL, High Temperature","-","General Purpose","-","Surface Mount, MLCC","0603 (1608 Metric)","0.063"" L x 0.031"" W (1.60mm x 0.80mm)","-","0.034"" (0.87mm)","-","-","https://www.digikey.be/en/products/detail/kemet/C0603C102K5HACTU/2209293"
"https://www.vishay.com/docs/45199/vjcommercialseries.pdf","//mm.digikey.com/Volume0/opasdata/d220001/medias/images/6770/VJ_W1BC_Series_0603-1608.jpg","720-1950-2-ND","VJ0603Y102JXXAC","Vishay Vitramon","Vishay Vitramon","CAP CER 1000PF 25V X7R 0603","8.000","Active","0","4000","Tape & Reel (TR)","VJ","Active","1000 pF","±5%","25V","X7R","-55°C ~ 150°C","-","-","General Purpose","-","Surface Mount, MLCC","0603 (1608 Metric)","0.063"" L x 0.031"" W (1.60mm x 0.80mm)","-","0.038"" (0.97mm)","-","-","https://www.digikey.be/en/products/detail/vishay-vitramon/VJ0603Y102JXXAC/8305205"
"https://www.niccomp.com/quickBUILDER/QBPN.php?pNumber=NMC0603NPO102J50TRPF","//mm.digikey.com/Volume0/opasdata/d220001/medias/images/5378/MFG_NMC.jpg","4988-NMC0603NPO102J50TRPFTR-ND,4988-NMC0603NPO102J50TRPFCT-ND,4988-NMC0603NPO102J50TRPFDKR-ND","NMC0603NPO102J50TRPF","NIC Components Corp","NIC Components Corp","CAP SMT06030.001F50VDC","40.874","0.0333","100","1","Tape & Reel (TR),Cut Tape (CT),Digi-Reel®","NMC","Active","1000 pF","±5%","50V","NP0","-55°C ~ 125°C","-","-","General Purpose","-","Surface Mount, MLCC","0603 (1608 Metric)","-","-","-","-","-","https://www.digikey.be/en/products/detail/nic-components-corp/NMC0603NPO102J50TRPF/22320448"
"https://calchip.com/wp-content/uploads/2026/04/GMC-Series-1.pdf","//mm.digikey.com/Volume0/opasdata/d220001/medias/images/5718/MFG_CHV1812N1K0102KXT.jpg","4713-GMC10CG102F50NTTR-ND,4713-GMC10CG102F50NTCT-ND,4713-GMC10CG102F50NTDKR-ND","GMC10CG102F50NT","Cal-Chip Electronics, Inc.","Cal-Chip Electronics, Inc.","CAP0603 COG 1000PF 1% 50V","17.955","0.0915","100","1","Tape & Reel (TR),Cut Tape (CT),Digi-Reel®","GMC","Active","1000 pF","±1%","50V","C0G, NP0","-55°C ~ 125°C","-","-","General Purpose","-","Surface Mount, MLCC","0603 (1608 Metric)","0.063"" L x 0.031"" W (1.60mm x 0.80mm)","-","0.035"" (0.90mm)","-","-","https://www.digikey.be/en/products/detail/cal-chip-electronics-inc/GMC10CG102F50NT/21801992"
"https://www.passivecomponent.com/wp-content/uploads/datasheet/WTC_MLCC_General_Purpose.pdf","//mm.digikey.com/Volume0/opasdata/d220001/medias/images/942/0603-%281608-Metric%29-0%2C90mm.jpg","1292-1378-2-ND,1292-1378-1-ND,1292-1378-6-ND","0603B102K160CT","Walsin Technology Corporation","Walsin Technology Corporation","CAP CER 1000PF 16V X7R 0603","678","0.0076","100","1","Tape & Reel (TR),Cut Tape (CT),Digi-Reel®","-","Active","1000 pF","±10%","16V","X7R","-55°C ~ 125°C","-","-","General Purpose","-","Surface Mount, MLCC","0603 (1608 Metric)","0.063"" L x 0.031"" W (1.60mm x 0.80mm)","-","0.034"" (0.87mm)","-","-","https://www.digikey.be/en/products/detail/walsin-technology-corporation/0603B102K160CT/9354875"
"https://www.passivecomponent.com/wp-content/uploads/datasheet/WTC_MLCC_General_Purpose.pdf","//mm.digikey.com/Volume0/opasdata/d220001/medias/images/942/0603-%281608-Metric%29-0%2C90mm.jpg","1292-1380-2-ND,1292-1380-1-ND,1292-1380-6-ND","0603B102K500CT","Walsin Technology Corporation","Walsin Technology Corporation","CAP CER 1000PF 50V X7R 0603","7","0.0063","100","1","Tape & Reel (TR),Cut Tape (CT),Digi-Reel®","-","Active","1000 pF","±10%","50V","X7R","-55°C ~ 125°C","-","-","General Purpose","-","Surface Mount, MLCC","0603 (1608 Metric)","0.063"" L x 0.031"" W (1.60mm x 0.80mm)","-","0.034"" (0.87mm)","-","-","https://www.digikey.be/en/products/detail/walsin-technology-corporation/0603B102K500CT/9354877"
"https://calchip.com/wp-content/uploads/2026/04/GMC-Series-1.pdf","//mm.digikey.com/Volume0/opasdata/d220001/medias/images/5781/MFG_Cal-Chip-All-Capacitors.jpg","4713-GMC10X7R102K16NTTR-ND,4713-GMC10X7R102K16NTCT-ND,4713-GMC10X7R102K16NTDKR-ND","GMC10X7R102K16NT","Cal-Chip Electronics, Inc.","Cal-Chip Electronics, Inc.","CAP0603 X7R 1000PF 10% 16V","7.819","0.0099","100","1","Tape & Reel (TR),Cut Tape (CT),Digi-Reel®","GMC","Active","1000 pF","±10%","16V","X7R","-55°C ~ 125°C","-","-","General Purpose","-","Surface Mount, MLCC","0603 (1608 Metric)","0.063"" L x 0.031"" W (1.60mm x 0.80mm)","-","0.035"" (0.90mm)","-","-","https://www.digikey.be/en/products/detail/cal-chip-electronics-inc/GMC10X7R102K16NT/25323805"
"https://calchip.com/wp-content/uploads/2026/04/GMC-Series-1.pdf","//mm.digikey.com/Volume0/opasdata/d220001/medias/images/5781/MFG_Cal-Chip-All-Capacitors.jpg","4713-GMC10X7R102M50NTTR-ND,4713-GMC10X7R102M50NTCT-ND,4713-GMC10X7R102M50NTDKR-ND","GMC10X7R102M50NT","Cal-Chip Electronics, Inc.","Cal-Chip Electronics, Inc.","CAP0603 X7R 1000PF 20% 50V","1.150","0.0099","100","1","Tape & Reel (TR),Cut Tape (CT),Digi-Reel®","GMC","Active","1000 pF","±20%","50V","X7R","-55°C ~ 125°C","-","-","General Purpose","-","Surface Mount, MLCC","0603 (1608 Metric)","0.063"" L x 0.031"" W (1.60mm x 0.80mm)","-","0.035"" (0.90mm)","-","-","https://www.digikey.be/en/products/detail/cal-chip-electronics-inc/GMC10X7R102M50NT/25323814"
"https://calchip.com/wp-content/uploads/2026/04/GMC-Series-1.pdf","//mm.digikey.com/Volume0/opasdata/d220001/medias/images/5781/MFG_Cal-Chip-All-Capacitors.jpg","4713-GMC10X7R102K50NTTR-ND,4713-GMC10X7R102K50NTCT-ND,4713-GMC10X7R102K50NTDKR-ND","GMC10X7R102K50NT","Cal-Chip Electronics, Inc.","Cal-Chip Electronics, Inc.","CAP0603 X7R 1000PF 10% 50V","34.803","0.0104","100","1","Tape & Reel (TR),Cut Tape (CT),Digi-Reel®","GMC","Active","1000 pF","±10%","50V","X7R","-55°C ~ 125°C","-","-","General Purpose","-","Surface Mount, MLCC","0603 (1608 Metric)","0.063"" L x 0.031"" W (1.60mm x 0.80mm)","-","0.039"" (1.00mm)","-","-","https://www.digikey.be/en/products/detail/cal-chip-electronics-inc/GMC10X7R102K50NT/25893232"
"https://calchip.com/wp-content/uploads/2026/04/GMC-Series-1.pdf","//mm.digikey.com/Volume0/opasdata/d220001/medias/images/5718/MFG_CHV1812N1K0102KXT.jpg","4713-GMC10X7R102K25NTTR-ND,4713-GMC10X7R102K25NTCT-ND,4713-GMC10X7R102K25NTDKR-ND","GMC10X7R102K25NT","Cal-Chip Electronics, Inc.","Cal-Chip Electronics, Inc.","CAP0603 X7R 1000PF 10% 25V","7.910","0.0107","100","1","Tape & Reel (TR),Cut Tape (CT),Digi-Reel®","GMC","Active","1000 pF","±10%","25V","X7R","-55°C ~ 125°C","-","-","General Purpose","-","Surface Mount, MLCC","0603 (1608 Metric)","0.063"" L x 0.031"" W (1.60mm x 0.80mm)","-","0.035"" (0.90mm)","-","-","https://www.digikey.be/en/products/detail/cal-chip-electronics-inc/GMC10X7R102K25NT/21802016"
"https://www.we-online.com/components/products/datasheet/885012206083.pdf","//mm.digikey.com/Volume0/opasdata/d220001/medias/images/735/0603-%281608-Metric%29-0%2C95mm_BN.jpg","732-8001-2-ND,732-8001-1-ND,732-8001-6-ND","885012206083","Würth Elektronik","Würth Elektronik","CAP CER 1000PF 50V X7R 0603","46.911","0.0127","100","1","Tape & Reel (TR),Cut Tape (CT),Digi-Reel®","WCAP-CSGP","Active","1000 pF","±10%","50V","X7R","-55°C ~ 125°C","-","-","General Purpose","-","Surface Mount, MLCC","0603 (1608 Metric)","0.063"" L x 0.031"" W (1.60mm x 0.80mm)","-","0.037"" (0.95mm)","-","-","https://www.digikey.be/en/products/detail/würth-elektronik/885012206083/5453856"
"https://www.we-online.com/components/products/datasheet/885012206008.pdf","//mm.digikey.com/Volume0/opasdata/d220001/medias/images/735/0603-%281608-Metric%29-0%2C95mm_BN.jpg","732-7927-2-ND,732-7927-1-ND,732-7927-6-ND","885012206008","Würth Elektronik","Würth Elektronik","CAP CER 1000PF 10V X7R 0603","44.799","0.0132","100","1","Tape & Reel (TR),Cut Tape (CT),Digi-Reel®","WCAP-CSGP","Active","1000 pF","±10%","10V","X7R","-55°C ~ 125°C","-","-","General Purpose","-","Surface Mount, MLCC","0603 (1608 Metric)","0.063"" L x 0.031"" W (1.60mm x 0.80mm)","-","0.034"" (0.87mm)","-","-","https://www.digikey.be/en/products/detail/würth-elektronik/885012206008/5453782"
"https://www.we-online.com/components/products/datasheet/885012206083R.pdf","//mm.digikey.com/Volume0/opasdata/d220001/medias/images/5691/MFG_88501220xxxxR.jpg","732-885012206083RTR-ND,732-885012206083RCT-ND,732-885012206083RDKR-ND","885012206083R","Würth Elektronik","Würth Elektronik","WCAP-CSGP GENERAL PURPOSE MLCC S","11.842","0.0132","100","1","Tape & Reel (TR),Cut Tape (CT),Digi-Reel®","WCAP-CSGP","Active","1000 pF","±10%","50V","X7R","-55°C ~ 125°C","-","-","General Purpose","-","Surface Mount, MLCC","0603 (1608 Metric)","0.063"" L x 0.031"" W (1.60mm x 0.80mm)","-","0.034"" (0.87mm)","-","-","https://www.digikey.be/en/products/detail/würth-elektronik/885012206083R/21719421"
"https://www.we-online.com/components/products/datasheet/885012206059.pdf","//mm.digikey.com/Volume0/opasdata/d220001/medias/images/735/0603-%281608-Metric%29-0%2C95mm_BN.jpg","732-7978-2-ND,732-7978-1-ND,732-7978-6-ND","885012206059","Würth Elektronik","Würth Elektronik","CAP CER 1000PF 25V X7R 0603","33.394","0.0133","100","1","Tape & Reel (TR),Cut Tape (CT),Digi-Reel®","WCAP-CSGP","Active","1000 pF","±10%","25V","X7R","-55°C ~ 125°C","-","-","General Purpose","-","Surface Mount, MLCC","0603 (1608 Metric)","0.063"" L x 0.031"" W (1.60mm x 0.80mm)","-","0.037"" (0.95mm)","-","-","https://www.digikey.be/en/products/detail/würth-elektronik/885012206059/5453833"
"https://www.we-online.com/components/products/datasheet/885012206034.pdf","//mm.digikey.com/Volume0/opasdata/d220001/medias/images/735/0603-%281608-Metric%29-0%2C95mm_BN.jpg","732-7953-2-ND,732-7953-1-ND,732-7953-6-ND","885012206034","Würth Elektronik","Würth Elektronik","CAP CER 1000PF 16V X7R 0603","25.017","0.0133","100","1","Tape & Reel (TR),Cut Tape (CT),Digi-Reel®","WCAP-CSGP","Active","1000 pF","±10%","16V","X7R","-55°C ~ 125°C","-","-","General Purpose","-","Surface Mount, MLCC","0603 (1608 Metric)","0.063"" L x 0.031"" W (1.60mm x 0.80mm)","-","0.034"" (0.87mm)","-","-","https://www.digikey.be/en/products/detail/würth-elektronik/885012206034/5453808"
"//mm.digikey.com/Volume0/opasdata/d220001/medias/docus/658/CL10B102KB8NNWC_Spec.pdf","//mm.digikey.com/Volume0/opasdata/d220001/medias/images/2537/Ceramic-Capacitor-CL-Series.jpg","1276-1915-2-ND,1276-1915-1-ND,1276-1915-6-ND","CL10B102KB8NNWC","Samsung Electro-Mechanics","Samsung Electro-Mechanics","CAP CER 1000PF 50V X7R 0603","310.478","0.0134","100","1","Tape & Reel (TR),Cut Tape (CT),Digi-Reel®","CL","Active","1000 pF","±10%","50V","X7R","-55°C ~ 125°C","-","-","General Purpose","-","Surface Mount, MLCC","0603 (1608 Metric)","0.063"" L x 0.031"" W (1.60mm x 0.80mm)","-","0.035"" (0.90mm)","-","-","https://www.digikey.be/en/products/detail/samsung-electro-mechanics/CL10B102KB8NNWC/3887573"
"//mm.digikey.com/Volume0/opasdata/d220001/medias/docus/658/CL10B102KB8NNNL_Spec.pdf","//mm.digikey.com/Volume0/opasdata/d220001/medias/images/2537/Ceramic-Capacitor-CL-Series.jpg","1276-CL10B102KB8NNNLTR-ND,1276-CL10B102KB8NNNLCT-ND,1276-CL10B102KB8NNNLDKR-ND","CL10B102KB8NNNL","Samsung Electro-Mechanics","Samsung Electro-Mechanics","CAP CER 1000PF 50V X7R 0603","149.417","0.0137","100","1","Tape & Reel (TR),Cut Tape (CT),Digi-Reel®","CL","Active","1000 pF","±10%","50V","X7R","-55°C ~ 125°C","-","-","General Purpose","-","Surface Mount, MLCC","0603 (1608 Metric)","0.063"" L x 0.031"" W (1.60mm x 0.80mm)","-","0.035"" (0.90mm)","-","-","https://www.digikey.be/en/products/detail/samsung-electro-mechanics/CL10B102KB8NNNL/3894265"
"https://datasheets.kyocera-avx.com/cx5r.pdf","//mm.digikey.com/Volume0/opasdata/d220001/medias/images/4845/478_0603-%281608-Metric%29-0%2C90mm.jpg","478-06033D102KAT2ATR-ND,478-06033D102KAT2ACT-ND,478-06033D102KAT2ADKR-ND","06033D102KAT2A","KYOCERA AVX","KYOCERA AVX","CAP CER 1000PF 25V X5R 0603","54.937","0.0138","100","1","Tape & Reel (TR),Cut Tape (CT),Digi-Reel®","-","Active","1000 pF","±10%","25V","X5R","-55°C ~ 85°C","-","-","General Purpose","-","Surface Mount, MLCC","0603 (1608 Metric)","0.063"" L x 0.032"" W (1.60mm x 0.81mm)","-","-","-","-","https://www.digikey.be/en/products/detail/kyocera-avx/06033D102KAT2A/11568644"
"//mm.digikey.com/Volume0/opasdata/d220001/medias/docus/609/CL10C102JB8NNNC_Spec.pdf","//mm.digikey.com/Volume0/opasdata/d220001/medias/images/2537/Ceramic-Capacitor-CL-Series.jpg","1276-1091-2-ND,1276-1091-1-ND,1276-1091-6-ND","CL10C102JB8NNNC","Samsung Electro-Mechanics","Samsung Electro-Mechanics","CAP CER 1000PF 50V C0G/NP0 0603","854.929","0.014","100","1","Tape & Reel (TR),Cut Tape (CT),Digi-Reel®","CL","Active","1000 pF","±5%","50V","C0G, NP0","-55°C ~ 125°C","-","-","General Purpose","-","Surface Mount, MLCC","0603 (1608 Metric)","0.063"" L x 0.031"" W (1.60mm x 0.80mm)","-","0.035"" (0.90mm)","-","-","https://www.digikey.be/en/products/detail/samsung-electro-mechanics/CL10C102JB8NNNC/3886749"
"https://calchip.com/wp-content/uploads/2026/04/GMC-Series-1.pdf","//mm.digikey.com/Volume0/opasdata/d220001/medias/images/5781/MFG_Cal-Chip-All-Capacitors.jpg","4713-GMC10X7R102J50NTTR-ND,4713-GMC10X7R102J50NTCT-ND,4713-GMC10X7R102J50NTDKR-ND","GMC10X7R102J50NT","Cal-Chip Electronics, Inc.","Cal-Chip Electronics, Inc.","CAP0603 X7R 1000PF 5% 50V","3.650","0.015","100","1","Tape & Reel (TR),Cut Tape (CT),Digi-Reel®","GMC","Active","1000 pF","±5%","50V","X7R","-55°C ~ 125°C","-","-","General Purpose","-","Surface Mount, MLCC","0603 (1608 Metric)","0.063"" L x 0.031"" W (1.60mm x 0.80mm)","-","0.035"" (0.90mm)","-","-","https://www.digikey.be/en/products/detail/cal-chip-electronics-inc/GMC10X7R102J50NT/25323889"
"https://calchip.com/wp-content/uploads/2026/04/GMC-Series-1.pdf","//mm.digikey.com/Volume0/opasdata/d220001/medias/images/5781/MFG_Cal-Chip-All-Capacitors.jpg","4713-GMC10X7R102J16NTTR-ND,4713-GMC10X7R102J16NTCT-ND,4713-GMC10X7R102J16NTDKR-ND","GMC10X7R102J16NT","Cal-Chip Electronics, Inc.","Cal-Chip Electronics, Inc.","CAP0603 X7R 1000PF 5% 16V","4.000","0.0153","100","1","Tape & Reel (TR),Cut Tape (CT),Digi-Reel®","GMC","Active","1000 pF","±5%","16V","X7R","-55°C ~ 125°C","-","-","General Purpose","-","Surface Mount, MLCC","0603 (1608 Metric)","0.063"" L x 0.031"" W (1.60mm x 0.80mm)","-","0.035"" (0.90mm)","-","-","https://www.digikey.be/en/products/detail/cal-chip-electronics-inc/GMC10X7R102J16NT/25323837"
"https://yageogroup.com/content/datasheet/asset/file/UPY-GPHC_X7R_6_3V-TO-250V","//mm.digikey.com/Volume0/opasdata/d220001/medias/images/6222/311%7E1608-09%7E0603.jpg","311-1080-2-ND,311-1080-1-ND,311-1080-6-ND","CC0603KRX7R9BB102","YAGEO","YAGEO","CAP CER 1000PF 50V X7R 0603","216.353","0.0156","100","1","Tape & Reel (TR),Cut Tape (CT),Digi-Reel®","CC","Active","1000 pF","±10%","50V","X7R","-55°C ~ 125°C","-","-","General Purpose","-","Surface Mount, MLCC","0603 (1608 Metric)","0.063"" L x 0.031"" W (1.60mm x 0.80mm)","-","0.035"" (0.90mm)","-","-","https://www.digikey.be/en/products/detail/yageo/CC0603KRX7R9BB102/302814"
"https://yageogroup.com/content/datasheet/asset/file/UPY-GPHC_X7R_6_3V-TO-250V","//mm.digikey.com/Volume0/opasdata/d220001/medias/images/2488/0603%289mmthickness%29.jpg","13-CC0603KPX7R9BB102TR-ND,13-CC0603KPX7R9BB102CT-ND,13-CC0603KPX7R9BB102DKR-ND","CC0603KPX7R9BB102","YAGEO","YAGEO","CAP CER 1000PF 50V X7R 0603","85.328","0.0156","100","1","Tape & Reel (TR),Cut Tape (CT),Digi-Reel®","CC","Active","1000 pF","±10%","50V","X7R","-55°C ~ 125°C","-","-","General Purpose","-","Surface Mount, MLCC","0603 (1608 Metric)","0.063"" L x 0.031"" W (1.60mm x 0.80mm)","-","0.035"" (0.90mm)","-","-","https://www.digikey.be/en/products/detail/yageo/CC0603KPX7R9BB102/11490610"
"https://datasheets.kyocera-avx.com/KGM_X7R.pdf","//mm.digikey.com/Volume0/opasdata/d220001/medias/images/7228/MFG_478_X7R_0603-%281608-Metric%29.jpg","478-KGM15AR71H102KTTR-ND,478-KGM15AR71H102KTCT-ND,478-KGM15AR71H102KTDKR-ND","KGM15AR71H102KT","KYOCERA AVX","KYOCERA AVX","CAP CER 1000PF 50V X7R 0603","545.845","0.0159","100","1","Tape & Reel (TR),Cut Tape (CT),Digi-Reel®","KGM - X7R","Active","1000 pF","±10%","50V","X7R","-55°C ~ 125°C","-","-","General Purpose","-","Surface Mount, MLCC","0603 (1608 Metric)","0.063"" L x 0.032"" W (1.60mm x 0.81mm)","-","0.035"" (0.90mm)","-","-","https://www.digikey.be/en/products/detail/kyocera-avx/KGM15AR71H102KT/563325"
"https://datasheets.kyocera-avx.com/KGM_X7R.pdf","//mm.digikey.com/Volume0/opasdata/d220001/medias/images/7228/MFG_478_X7R_0603-%281608-Metric%29.jpg","478-KGM15AR71H102KMTR-ND,478-KGM15AR71H102KMCT-ND,478-KGM15AR71H102KMDKR-ND","KGM15AR71H102KM","KYOCERA AVX","KYOCERA AVX","CAP CER 1000PF 50V X7R 0603","44.158","0.0159","100","1","Tape & Reel (TR),Cut Tape (CT),Digi-Reel®","KGM - X7R","Active","1000 pF","±10%","50V","X7R","-55°C ~ 125°C","-","-","General Purpose","-","Surface Mount, MLCC","0603 (1608 Metric)","0.063"" L x 0.032"" W (1.60mm x 0.81mm)","-","0.035"" (0.90mm)","-","-","https://www.digikey.be/en/products/detail/kyocera-avx/KGM15AR71H102KM/8019252"
"https://datasheets.kyocera-avx.com/cx5r.pdf","//mm.digikey.com/Volume0/opasdata/d220001/medias/images/4845/478_0603-%281608-Metric%29-0%2C90mm.jpg","478-0603ZD102KAT2ATR-ND,478-0603ZD102KAT2ACT-ND,478-0603ZD102KAT2ADKR-ND","0603ZD102KAT2A","KYOCERA AVX","KYOCERA AVX","CAP CER 1000PF 10V X5R 0603","2.440","0.0166","100","1","Tape & Reel (TR),Cut Tape (CT),Digi-Reel®","-","Active","1000 pF","±10%","10V","X5R","-55°C ~ 85°C","-","-","General Purpose","-","Surface Mount, MLCC","0603 (1608 Metric)","0.063"" L x 0.032"" W (1.60mm x 0.81mm)","-","0.035"" (0.90mm)","-","-","https://www.digikey.be/en/products/detail/kyocera-avx/0603ZD102KAT2A/3080843"
"https://calchip.com/wp-content/uploads/2024/12/GMT-Series.pdf","//mm.digikey.com/Volume0/opasdata/d220001/medias/images/5781/MFG_Cal-Chip-All-Capacitors.jpg","4713-GMT10X7R102K50NT4TR-ND,4713-GMT10X7R102K50NT4CT-ND,4713-GMT10X7R102K50NT4DKR-ND","GMT10X7R102K50NT4","Cal-Chip Electronics, Inc.","Cal-Chip Electronics, Inc.","CAP0603 X7R 1000PF 10% 50V AEC","11.600","0.017","100","1","Tape & Reel (TR),Cut Tape (CT),Digi-Reel®","GMT","Active","1000 pF","±10%","50V","X7R","-55°C ~ 125°C","-","AEC-Q200","Automotive","-","Surface Mount, MLCC","0603 (1608 Metric)","0.063"" L x 0.031"" W (1.60mm x 0.80mm)","0.034"" (0.87mm)","0.034"" (0.87mm)","-","-","https://www.digikey.be/en/products/detail/cal-chip-electronics-inc/GMT10X7R102K50NT4/26815069"
"//mm.digikey.com/Volume0/opasdata/d220001/medias/docus/41/CL10B102KB8WPNC_Spec.pdf","//mm.digikey.com/Volume0/opasdata/d220001/medias/images/2537/Ceramic-Capacitor-CL-Series.jpg","1276-6838-2-ND,1276-6838-1-ND,1276-6838-6-ND","CL10B102KB8WPNC","Samsung Electro-Mechanics","Samsung Electro-Mechanics","CAP CER 1000PF 50V X7R 0603","50.363","0.0173","100","1","Tape & Reel (TR),Cut Tape (CT),Digi-Reel®","CL","Active","1000 pF","±10%","50V","X7R","-55°C ~ 125°C","Open Mode","AEC-Q200","Automotive","-","Surface Mount, MLCC, Epoxy","0603 (1608 Metric)","0.063"" L x 0.031"" W (1.60mm x 0.80mm)","-","0.035"" (0.90mm)","-","-","https://www.digikey.be/en/products/detail/samsung-electro-mechanics/CL10B102KB8WPNC/5961322"
"https://calchip.com/wp-content/uploads/2026/04/GMC-Series-1.pdf","//mm.digikey.com/Volume0/opasdata/d220001/medias/images/5781/MFG_Cal-Chip-All-Capacitors.jpg","4713-GMC10CG102J50NTTR-ND,4713-GMC10CG102J50NTCT-ND,4713-GMC10CG102J50NTDKR-ND","GMC10CG102J50NT","Cal-Chip Electronics, Inc.","Cal-Chip Electronics, Inc.","CAP0603 COG 1000PF 5% 50V","19.850","0.0175","100","1","Tape & Reel (TR),Cut Tape (CT),Digi-Reel®","GMC","Active","1000 pF","±5%","50V","C0G, NP0","-55°C ~ 125°C","-","-","General Purpose","-","Surface Mount, MLCC","0603 (1608 Metric)","0.063"" L x 0.031"" W (1.60mm x 0.80mm)","-","0.035"" (0.90mm)","-","-","https://www.digikey.be/en/products/detail/cal-chip-electronics-inc/GMC10CG102J50NT/24398909"
"//mm.digikey.com/Volume0/opasdata/d220001/medias/docus/658/CL10B102KB8NFNC_Spec.pdf","//mm.digikey.com/Volume0/opasdata/d220001/medias/images/2537/Ceramic-Capacitor-CL-Series.jpg","1276-1914-2-ND,1276-1914-1-ND,1276-1914-6-ND","CL10B102KB8NFNC","Samsung Electro-Mechanics","Samsung Electro-Mechanics","CAP CER 1000PF 50V X7R 0603","155.332","0.0181","100","1","Tape & Reel (TR),Cut Tape (CT),Digi-Reel®","CL","Active","1000 pF","±10%","50V","X7R","-55°C ~ 125°C","-","-","General Purpose","-","Surface Mount, MLCC","0603 (1608 Metric)","0.063"" L x 0.031"" W (1.60mm x 0.80mm)","-","0.035"" (0.90mm)","-","-","https://www.digikey.be/en/products/detail/samsung-electro-mechanics/CL10B102KB8NFNC/3887572"
"https://yageogroup.com/content/datasheet/asset/file/UPY-GPHC_X7R_6_3V-TO-250V","//mm.digikey.com/Volume0/opasdata/d220001/medias/images/2488/0603%289mmthickness%29.jpg","311-3589-2-ND,311-3589-1-ND,311-3589-6-ND","CC0603KRX7R8BB102","YAGEO","YAGEO","CAP CER 1000PF 25V X7R 0603","85.525","0.0181","100","1","Tape & Reel (TR),Cut Tape (CT),Digi-Reel®","CC","Active","1000 pF","±10%","25V","X7R","-55°C ~ 125°C","-","-","General Purpose","-","Surface Mount, MLCC","0603 (1608 Metric)","0.063"" L x 0.031"" W (1.60mm x 0.80mm)","-","0.035"" (0.90mm)","-","-","https://www.digikey.be/en/products/detail/yageo/CC0603KRX7R8BB102/5883772"
"https://yageogroup.com/content/datasheet/asset/file/UPY-GPHC_X7R_6_3V-TO-250V","//mm.digikey.com/Volume0/opasdata/d220001/medias/images/2488/0603%289mmthickness%29.jpg","311-4063-2-ND,311-4063-1-ND,311-4063-6-ND","CC0603KRX7R7BB102","YAGEO","YAGEO","CAP CER 1000PF 16V X7R 0603","38.021","0.0181","100","1","Tape & Reel (TR),Cut Tape (CT),Digi-Reel®","CC","Active","1000 pF","±10%","16V","X7R","-55°C ~ 125°C","-","-","General Purpose","-","Surface Mount, MLCC","0603 (1608 Metric)","0.063"" L x 0.031"" W (1.60mm x 0.80mm)","-","0.035"" (0.90mm)","-","-","https://www.digikey.be/en/products/detail/yageo/CC0603KRX7R7BB102/5883752"
"https://yageogroup.com/content/datasheet/asset/file/UPY-GPHC_X7R_6_3V-TO-250V","//mm.digikey.com/Volume0/opasdata/d220001/medias/images/2488/0603%289mmthickness%29.jpg","13-CC0603MPX7R9BB102TR-ND,13-CC0603MPX7R9BB102CT-ND,13-CC0603MPX7R9BB102DKR-ND","CC0603MPX7R9BB102","YAGEO","YAGEO","CAP CER 1000PF 50V X7R 0603","28.755","0.0181","100","1","Tape & Reel (TR),Cut Tape (CT),Digi-Reel®","CC","Active","1000 pF","±20%","50V","X7R","-55°C ~ 125°C","-","-","General Purpose","-","Surface Mount, MLCC","0603 (1608 Metric)","0.063"" L x 0.031"" W (1.60mm x 0.80mm)","-","0.035"" (0.90mm)","-","-","https://www.digikey.be/en/products/detail/yageo/CC0603MPX7R9BB102/11490650"
"https://yageogroup.com/content/datasheet/asset/file/UPY-AC_NP0X7RX7S_6_3V-TO-2KV","//mm.digikey.com/Volume0/opasdata/d220001/medias/images/6808/AC_Series_0603_1608.jpg","311-3110-2-ND,311-3110-1-ND,311-3110-6-ND","AC0603KRX7R8BB102","YAGEO","YAGEO","CAP CER 1000PF 25V X7R 0603","6.870","0.0183","100","1","Tape & Reel (TR),Cut Tape (CT),Digi-Reel®","AC","Active","1000 pF","±10%","25V","X7R","-55°C ~ 125°C","-","AEC-Q200","Automotive","-","Surface Mount, MLCC","0603 (1608 Metric)","0.063"" L x 0.031"" W (1.60mm x 0.80mm)","-","0.035"" (0.90mm)","-","-","https://www.digikey.be/en/products/detail/yageo/AC0603KRX7R8BB102/6643096"
"https://search.murata.co.jp/Ceramy/image/img/A01X/G101/ENG/GRM1885C1H102JA01-01.pdf","//mm.digikey.com/Volume0/opasdata/d220001/medias/images/5447/490-Ceramic-Capacitor-Tan-Field.jpg","490-1451-2-ND,490-1451-1-ND,490-1451-6-ND","GRM1885C1H102JA01D","Murata Electronics","Murata Electronics","CAP CER 1000PF 50V C0G/NP0 0603","1.785.980","0.0184","100","1","Tape & Reel (TR),Cut Tape (CT),Digi-Reel®","GRM","Active","1000 pF","±5%","50V","C0G, NP0","-55°C ~ 125°C","-","-","General Purpose","-","Surface Mount, MLCC","0603 (1608 Metric)","0.063"" L x 0.031"" W (1.60mm x 0.80mm)","-","0.035"" (0.90mm)","-","-","https://www.digikey.be/en/products/detail/murata-electronics/GRM1885C1H102JA01D/586943"
"https://yageogroup.com/content/datasheet/asset/file/KEM_C1002_X7R_SMD","//mm.digikey.com/Volume0/opasdata/d220001/medias/images/5352/0603-%281608-Metric%29-Ceramic-Capacitor.jpg","399-C0603C102J5RACTUTR-ND,399-C0603C102J5RACTUCT-ND,399-C0603C102J5RACTUDKR-ND","C0603C102J5RACTU","KEMET","KEMET","CAP CER 1000PF 50V X7R 0603","276.990","0.0184","100","1","Tape & Reel (TR),Cut Tape (CT),Digi-Reel®","SMD Comm X7R","Active","1000 pF","±5%","50V","X7R","-55°C ~ 125°C","-","-","Bypass, Decoupling","-","Surface Mount, MLCC","0603 (1608 Metric)","0.063"" L x 0.031"" W (1.60mm x 0.80mm)","-","0.034"" (0.87mm)","-","-","https://www.digikey.be/en/products/detail/kemet/C0603C102J5RACTU/411082"
"https://yageogroup.com/content/datasheet/asset/file/KEM_C1002_X7R_SMD","//mm.digikey.com/Volume0/opasdata/d220001/medias/images/5352/0603-%281608-Metric%29-Ceramic-Capacitor.jpg","399-C0603C102J5RAC7411TR-ND,399-C0603C102J5RAC7411CT-ND,399-C0603C102J5RAC7411DKR-ND","C0603C102J5RAC7411","KEMET","KEMET","CAP CER 1000PF 50V X7R 0603","15.581","0.0184","100","1","Tape & Reel (TR),Cut Tape (CT),Digi-Reel®","SMD Comm X7R","Active","1000 pF","±5%","50V","X7R","-55°C ~ 125°C","-","-","Bypass, Decoupling","-","Surface Mount, MLCC","0603 (1608 Metric)","0.063"" L x 0.031"" W (1.60mm x 0.80mm)","-","0.034"" (0.87mm)","-","-","https://www.digikey.be/en/products/detail/kemet/C0603C102J5RAC7411/12701218"
"https://www.seielect.com/catalog/SEI-CML.PDF","//mm.digikey.com/Volume0/opasdata/d220001/medias/images/187/Stackpole-Electronics-Inc--0805-%282012-Metric%29.jpg","738-CML0603X7R102KT50VTR-ND,738-CML0603X7R102KT50VCT-ND,738-CML0603X7R102KT50VDKR-ND","CML0603X7R102KT50V","Stackpole Electronics Inc","Stackpole Electronics Inc","CAP CER 1000PF 50V X7R 0603","4.861","0.0184","100","1","Tape & Reel (TR),Cut Tape (CT),Digi-Reel®","CML_X7R","Active","1000 pF","±10%","50V","X7R","-55°C ~ 125°C","-","-","General Purpose","-","Surface Mount, MLCC","0603 (1608 Metric)","0.063"" L x 0.031"" W (1.60mm x 0.80mm)","-","0.035"" (0.90mm)","-","-","https://www.digikey.be/en/products/detail/stackpole-electronics-inc/CML0603X7R102KT50V/10659981"
"https://www.niccomp.com/quickbuilder/qbpn.php?pNumber=NMC0603X7R102K50TRPF","//mm.digikey.com/Volume0/opasdata/d220001/medias/images/5378/MFG_NMC.jpg","4988-NMC0603X7R102K50TRPFTR-ND,4988-NMC0603X7R102K50TRPFCT-ND,4988-NMC0603X7R102K50TRPFDKR-ND","NMC0603X7R102K50TRPF","NIC Components Corp","NIC Components Corp","CAP SMT06030.001F50VDC","19.688","0.0184","100","1","Tape & Reel (TR),Cut Tape (CT),Digi-Reel®","NMC","Active","1000 pF","±10%","50V","X7R","-55°C ~ 125°C","Low ESL, Low ESR","-","General Purpose","-","Surface Mount, MLCC","0603 (1608 Metric)","0.063"" L x 0.031"" W (1.60mm x 0.80mm)","-","0.039"" (1.00mm)","-","-","https://www.digikey.be/en/products/detail/nic-components-corp/NMC0603X7R102K50TRPF/18895944"
"https://www.passivecomponent.com/wp-content/uploads/datasheet/WTC_MLCC_Automotive_MT.pdf","//mm.digikey.com/Volume0/opasdata/d220001/medias/images/6555/1292_0603-1608-Metric.jpg","1292-MT18N102J500CTTR-ND,1292-MT18N102J500CT-ND,1292-MT18N102J500CTDKR-ND","MT18N102J500CT","Walsin Technology Corporation","Walsin Technology Corporation","CAP CER 1000PF 50V C0G/NP0 0603","0","0.0184","100","1","Tape & Reel (TR),Cut Tape (CT),Digi-Reel®","MT","Active","1000 pF","±5%","50V","C0G, NP0","-55°C ~ 125°C","-","AEC-Q200","Automotive","-","Surface Mount, MLCC","0603 (1608 Metric)","0.063"" L x 0.031"" W (1.60mm x 0.80mm)","-","0.034"" (0.87mm)","-","-","https://www.digikey.be/en/products/detail/walsin-technology-corporation/MT18N102J500CT/14836787"
"https://datasheets.kyocera-avx.com/KGM_X7R.pdf","//mm.digikey.com/Volume0/opasdata/d220001/medias/images/7228/MFG_478_X7R_0603-%281608-Metric%29.jpg","478-KGM15AR71A102KTTR-ND,478-KGM15AR71A102KTCT-ND,478-KGM15AR71A102KTDKR-ND","KGM15AR71A102KT","KYOCERA AVX","KYOCERA AVX","CAP CER 1000PF 10V X7R 0603","63.207","0.0192","100","1","Tape & Reel (TR),Cut Tape (CT),Digi-Reel®","KGM - X7R","Active","1000 pF","±10%","10V","X7R","-55°C ~ 125°C","-","-","General Purpose","-","Surface Mount, MLCC","0603 (1608 Metric)","0.063"" L x 0.032"" W (1.60mm x 0.81mm)","-","0.035"" (0.90mm)","-","-","https://www.digikey.be/en/products/detail/kyocera-avx/KGM15AR71A102KT/1600682"
"https://yageogroup.com/content/datasheet/asset/file/UPY-GPHC_X7R_6_3V-TO-250V","//mm.digikey.com/Volume0/opasdata/d220001/medias/images/2488/0603%289mmthickness%29.jpg","311-3994-2-ND,311-3994-1-ND,311-3994-6-ND","CC0603JRX7R8BB102","YAGEO","YAGEO","CAP CER 1000PF 25V X7R 0603","39.987","0.0195","100","1","Tape & Reel (TR),Cut Tape (CT),Digi-Reel®","CC","Active","1000 pF","±5%","25V","X7R","-55°C ~ 125°C","-","-","General Purpose","-","Surface Mount, MLCC","0603 (1608 Metric)","0.063"" L x 0.031"" W (1.60mm x 0.80mm)","-","0.035"" (0.90mm)","-","-","https://www.digikey.be/en/products/detail/yageo/CC0603JRX7R8BB102/5883655"
"https://yageogroup.com/content/datasheet/asset/file/UPY-GPHC_X7R_6_3V-TO-250V","//mm.digikey.com/Volume0/opasdata/d220001/medias/images/2488/0603%289mmthickness%29.jpg","311-4053-2-ND,311-4053-1-ND,311-4053-6-ND","CC0603KRX7R6BB102","YAGEO","YAGEO","CAP CER 1000PF 10V X7R 0603","9.481","0.0195","100","1","Tape & Reel (TR),Cut Tape (CT),Digi-Reel®","CC","Active","1000 pF","±10%","10V","X7R","-55°C ~ 125°C","-","-","General Purpose","-","Surface Mount, MLCC","0603 (1608 Metric)","0.063"" L x 0.031"" W (1.60mm x 0.80mm)","-","0.035"" (0.90mm)","-","-","https://www.digikey.be/en/products/detail/yageo/CC0603KRX7R6BB102/5883739"
"https://weblib.samsungsem.com/mlcc/mlcc-ec-data-sheet.do?partNumber=CL10C102JB8NFN","//mm.digikey.com/Volume0/opasdata/d220001/medias/images/2537/Ceramic-Capacitor-CL-Series.jpg","1276-2170-2-ND,1276-2170-1-ND,1276-2170-6-ND","CL10C102JB8NFNC","Samsung Electro-Mechanics","Samsung Electro-Mechanics","CAP CER 1000PF 50V C0G/NP0 0603","277.176","0.0196","100","1","Tape & Reel (TR),Cut Tape (CT),Digi-Reel®","CL","Active","1000 pF","±5%","50V","C0G, NP0","-55°C ~ 125°C","-","-","General Purpose","-","Surface Mount, MLCC","0603 (1608 Metric)","0.063"" L x 0.031"" W (1.60mm x 0.80mm)","-","0.035"" (0.90mm)","-","-","https://www.digikey.be/en/products/detail/samsung-electro-mechanics/CL10C102JB8NFNC/3887828"
"https://yageogroup.com/content/datasheet/asset/file/UPY-GPHC_X7R_6_3V-TO-250V","//mm.digikey.com/Volume0/opasdata/d220001/medias/images/2488/0603%289mmthickness%29.jpg","13-CC0603JPX7R9BB102TR-ND,13-CC0603JPX7R9BB102CT-ND,13-CC0603JPX7R9BB102DKR-ND","CC0603JPX7R9BB102","YAGEO","YAGEO","CAP CER 1000PF 50V X7R 0603","51.857","0.02","100","1","Tape & Reel (TR),Cut Tape (CT),Digi-Reel®","CC","Active","1000 pF","±5%","50V","X7R","-55°C ~ 125°C","-","-","General Purpose","-","Surface Mount, MLCC","0603 (1608 Metric)","0.063"" L x 0.031"" W (1.60mm x 0.80mm)","-","0.035"" (0.90mm)","-","-","https://www.digikey.be/en/products/detail/yageo/CC0603JPX7R9BB102/11490764"
"https://yageogroup.com/content/datasheet/asset/file/UPY-GPHC_X7R_6_3V-TO-250V","//mm.digikey.com/Volume0/opasdata/d220001/medias/images/2488/0603%289mmthickness%29.jpg","311-3361-2-ND,311-3361-1-ND,311-3361-6-ND","CC0603JRX7R9BB102","YAGEO","YAGEO","CAP CER 1000PF 50V X7R 0603","13.649","0.02","100","1","Tape & Reel (TR),Cut Tape (CT),Digi-Reel®","CC","Active","1000 pF","±5%","50V","X7R","-55°C ~ 125°C","-","-","General Purpose","-","Surface Mount, MLCC","0603 (1608 Metric)","0.063"" L x 0.031"" W (1.60mm x 0.80mm)","-","0.035"" (0.90mm)","-","-","https://www.digikey.be/en/products/detail/yageo/CC0603JRX7R9BB102/5883673"
"https://datasheets.kyocera-avx.com/AutoMLCC.pdf","//mm.digikey.com/Volume0/opasdata/d220001/medias/images/4845/478_0603-%281608-Metric%29-0%2C90mm.jpg","478-KAM15AR71H102KMTR-ND,478-KAM15AR71H102KMCT-ND,478-KAM15AR71H102KMDKR-ND","06035C102K4T4A","KYOCERA AVX","KYOCERA AVX","CAP CER 1000PF 50V X7R 0603","185.222","0.0201","100","1","Tape & Reel (TR),Cut Tape (CT),Digi-Reel®","-","Active","1000 pF","±10%","50V","X7R","-55°C ~ 125°C","-","AEC-Q200","Automotive","-","Surface Mount, MLCC","0603 (1608 Metric)","0.063"" L x 0.032"" W (1.60mm x 0.81mm)","-","0.035"" (0.90mm)","-","-","https://www.digikey.be/en/products/detail/kyocera-avx/06035C102K4T4A/1600020"
"https://www.vishay.com/docs/28548/vjw1bcbascomseries.pdf","//mm.digikey.com/Volume0/opasdata/d220001/medias/images/6770/VJ_W1BC_Series_0603-1608.jpg","720-1529-2-ND,720-1529-1-ND,720-1529-6-ND","VJ0603Y102KXACW1BC","Vishay Vitramon","Vishay Vitramon","CAP CER 1000PF 50V X7R 0603","18.843","0.0201","100","1","Tape & Reel (TR),Cut Tape (CT),Digi-Reel®","VJ W1BC","Active","1000 pF","±10%","50V","X7R","-55°C ~ 125°C","-","-","General Purpose","-","Surface Mount, MLCC","0603 (1608 Metric)","0.063"" L x 0.031"" W (1.60mm x 0.80mm)","-","0.035"" (0.90mm)","-","-","https://www.digikey.be/en/products/detail/vishay-vitramon/VJ0603Y102KXACW1BC/420862"
"https://product.tdk.com/system/files/dam/doc/product/capacitor/ceramic/mlcc/catalog/mlcc_automotive_general_en.pdf","//mm.digikey.com/Volume0/opasdata/d220001/medias/images/2097/CGA-Series-0603-%281608-Metric%29.jpg","445-12564-2-ND,445-12564-1-ND,445-12564-6-ND","CGA3E2X7R1H102M080AA","TDK","TDK","CAP CER 1000PF 50V X7R 0603","2.831","0.0201","100","1","Tape & Reel (TR),Cut Tape (CT),Digi-Reel®","CGA","Active","1000 pF","±20%","50V","X7R","-55°C ~ 125°C","-","AEC-Q200","Automotive","-","Surface Mount, MLCC","0603 (1608 Metric)","0.063"" L x 0.031"" W (1.60mm x 0.80mm)","-","0.035"" (0.90mm)","-","-","https://www.digikey.be/en/products/detail/tdk/CGA3E2X7R1H102M080AA/3949800"
"https://datasheets.kyocera-avx.com/KGM_X7R.pdf","//mm.digikey.com/Volume0/opasdata/d220001/medias/images/7228/MFG_478_X7R_0603-%281608-Metric%29.jpg","478-KGM15AR71H102MTTR-ND,478-KGM15AR71H102MTCT-ND,478-KGM15AR71H102MTDKR-ND","KGM15AR71H102MT","KYOCERA AVX","KYOCERA AVX","CAP CER 1000PF 50V X7R 0603","195.565","0.0201","100","1","Tape & Reel (TR),Cut Tape (CT),Digi-Reel®","KGM - X7R","Active","1000 pF","±20%","50V","X7R","-55°C ~ 125°C","-","-","General Purpose","-","Surface Mount, MLCC","0603 (1608 Metric)","0.063"" L x 0.032"" W (1.60mm x 0.81mm)","-","0.035"" (0.90mm)","-","-","https://www.digikey.be/en/products/detail/kyocera-avx/KGM15AR71H102MT/1600023"
"http://www.holystonecaps.com/PDF/201612051329340.2017%20NCC%20Series.pdf","//mm.digikey.com/Volume0/opasdata/d220001/medias/images/3722/Ceramic-Cap.jpg","4587-C0603X102K050TXTR-ND,4587-C0603X102K050TXCT-ND,4587-C0603X102K050TXDKR-ND","C0603X102K050TX","Holy Stone Enterprise Co., Ltd.","Holy Stone Enterprise Co., Ltd.","CAP CER 1000PF 50V X7R 0603","2.500","0.0201","100","1","Tape & Reel (TR),Cut Tape (CT),Digi-Reel®","NCC","Active","1000 pF","±10%","50V","X7R","-55°C ~ 125°C","-","-","General Purpose","-","Surface Mount, MLCC","0603 (1608 Metric)","0.063"" L x 0.031"" W (1.60mm x 0.80mm)","-","0.037"" (0.95mm)","-","-","https://www.digikey.be/en/products/detail/holy-stone-enterprise-co-ltd/C0603X102K050TX/16894963"
"https://calchip.com/wp-content/uploads/2026/04/GMC-Series-1.pdf","//mm.digikey.com/Volume0/opasdata/d220001/medias/images/5781/MFG_Cal-Chip-All-Capacitors.jpg","4713-GMC10X7R102K10NTTR-ND,4713-GMC10X7R102K10NTCT-ND,4713-GMC10X7R102K10NTDKR-ND","GMC10X7R102K10NT","Cal-Chip Electronics, Inc.","Cal-Chip Electronics, Inc.","CAP0603 X7R 1000PF 10% 10V","3.950","0.0201","100","1","Tape & Reel (TR),Cut Tape (CT),Digi-Reel®","GMC","Active","1000 pF","±10%","10V","X7R","-55°C ~ 125°C","-","-","General Purpose","-","Surface Mount, MLCC","0603 (1608 Metric)","0.063"" L x 0.031"" W (1.60mm x 0.80mm)","-","0.035"" (0.90mm)","-","-","https://www.digikey.be/en/products/detail/cal-chip-electronics-inc/GMC10X7R102K10NT/25323885"
"https://yageogroup.com/content/datasheet/asset/file/KEM_C1002_X7R_SMD","//mm.digikey.com/Volume0/opasdata/d220001/medias/images/5352/0603-%281608-Metric%29-Ceramic-Capacitor.jpg","399-17567-2-ND,399-17567-1-ND,399-17567-6-ND","C0603C102K5RAC7411","KEMET","KEMET","CAP CER 1000PF 50V X7R 0603","60.600","0.021","100","1","Tape & Reel (TR),Cut Tape (CT),Digi-Reel®","SMD Comm X7R","Active","1000 pF","±10%","50V","X7R","-55°C ~ 125°C","-","-","Bypass, Decoupling","-","Surface Mount, MLCC","0603 (1608 Metric)","0.063"" L x 0.031"" W (1.60mm x 0.80mm)","-","0.034"" (0.87mm)","-","-","https://www.digikey.be/en/products/detail/kemet/C0603C102K5RAC7411/8572402"
"https://product.tdk.com/system/files/dam/doc/product/capacitor/ceramic/mlcc/catalog/mlcc_commercial_general_en.pdf","//mm.digikey.com/Volume0/opasdata/d220001/medias/images/3153/MFG_C1608X5R1H102K080AA.jpg","445-C1608X5R1H102K080AATR-ND,445-C1608X5R1H102K080AACT-ND,445-C1608X5R1H102K080AADKR-ND","C1608X5R1H102K080AA","TDK","TDK","CAP CER 1000PF 50V X5R 0603","2.080","0.021","100","1","Tape & Reel (TR),Cut Tape (CT),Digi-Reel®","C","Active","1000 pF","±10%","50V","X5R","-55°C ~ 85°C","Soft Termination","-","Boardflex Sensitive","-","Surface Mount, MLCC","0603 (1608 Metric)","0.063"" L x 0.031"" W (1.60mm x 0.80mm)","-","0.037"" (0.95mm)","-","-","https://www.digikey.be/en/products/detail/tdk/C1608X5R1H102K080AA/14288105"
"https://calchip.com/wp-content/uploads/2026/04/GMC-Series-1.pdf","//mm.digikey.com/Volume0/opasdata/d220001/medias/images/5781/MFG_Cal-Chip-All-Capacitors.jpg","4713-GMC10CG102K50NTTR-ND,4713-GMC10CG102K50NTCT-ND,4713-GMC10CG102K50NTDKR-ND","GMC10CG102K50NT","Cal-Chip Electronics, Inc.","Cal-Chip Electronics, Inc.","CAP0603 COG 1000PF 10% 50V","3.911","0.0218","100","1","Tape & Reel (TR),Cut Tape (CT),Digi-Reel®","GMC","Active","1000 pF","±10%","50V","C0G, NP0","-55°C ~ 125°C","-","-","General Purpose","-","Surface Mount, MLCC","0603 (1608 Metric)","0.063"" L x 0.031"" W (1.60mm x 0.80mm)","-","0.035"" (0.90mm)","-","-","https://www.digikey.be/en/products/detail/cal-chip-electronics-inc/GMC10CG102K50NT/22639363"
"https://calchip.com/wp-content/uploads/2026/04/GMC-Series-1.pdf","//mm.digikey.com/Volume0/opasdata/d220001/medias/images/5781/MFG_Cal-Chip-All-Capacitors.jpg","4713-GMC10CG102J25NTTR-ND,4713-GMC10CG102J25NTCT-ND,4713-GMC10CG102J25NTDKR-ND","GMC10CG102J25NT","Cal-Chip Electronics, Inc.","Cal-Chip Electronics, Inc.","CAP0603 COG 1000PF 5% 25V","3.325","0.0222","100","1","Tape & Reel (TR),Cut Tape (CT),Digi-Reel®","GMC","Active","1000 pF","±5%","25V","C0G, NP0","-55°C ~ 125°C","-","-","General Purpose","-","Surface Mount, MLCC","0603 (1608 Metric)","0.063"" L x 0.031"" W (1.60mm x 0.80mm)","-","0.035"" (0.90mm)","-","-","https://www.digikey.be/en/products/detail/cal-chip-electronics-inc/GMC10CG102J25NT/24398970"
"https://product.tdk.com/system/files/dam/doc/product/capacitor/ceramic/mlcc/catalog/mlcc_automotive_general_en.pdf","//mm.digikey.com/Volume0/opasdata/d220001/medias/images/2097/CGA-Series-0603-%281608-Metric%29.jpg","445-5659-2-ND,445-5659-1-ND,445-5659-6-ND","CGA3E2X7R1H102K080AA","TDK","TDK","CAP CER 1000PF 50V X7R 0603","458.160","0.0223","100","1","Tape & Reel (TR),Cut Tape (CT),Digi-Reel®","CGA","Active","1000 pF","±10%","50V","X7R","-55°C ~ 125°C","-","AEC-Q200","Automotive","-","Surface Mount, MLCC","0603 (1608 Metric)","0.063"" L x 0.031"" W (1.60mm x 0.80mm)","-","0.035"" (0.90mm)","-","-","https://www.digikey.be/en/products/detail/tdk/CGA3E2X7R1H102K080AA/2443137"
"https://search.murata.co.jp/Ceramy/image/img/A01X/G101/ENG/GCD188R71H102KA01-01.pdf","//mm.digikey.com/Volume0/opasdata/d220001/medias/images/5447/490-Ceramic-Capacitor-Tan-Field.jpg","490-17737-2-ND,490-17737-1-ND,490-17737-6-ND","GCD188R71H102KA01D","Murata Electronics","Murata Electronics","CAP CER 1000PF 50V X7R 0603","92.019","0.0226","100","1","Tape & Reel (TR),Cut Tape (CT),Digi-Reel®","GCD","Active","1000 pF","±10%","50V","X7R","-55°C ~ 125°C","Open Mode","AEC-Q200","Automotive","-","Surface Mount, MLCC","0603 (1608 Metric)","0.063"" L x 0.031"" W (1.60mm x 0.80mm)","-","0.031"" (0.80mm)","-","-","https://www.digikey.be/en/products/detail/murata-electronics/GCD188R71H102KA01D/4421515"
"https://search.murata.co.jp/Ceramy/image/img/A01X/G101/ENG/GCD188R71H102MA01-01.pdf","//mm.digikey.com/Volume0/opasdata/d220001/medias/images/5447/490-Ceramic-Capacitor-Tan-Field.jpg","490-GCD188R71H102MA01DTR-ND,490-GCD188R71H102MA01DCT-ND,490-GCD188R71H102MA01DDKR-ND","GCD188R71H102MA01D","Murata Electronics","Murata Electronics","CAP CER 1000PF 50V X7R 0603","3.426","0.0226","100","1","Tape & Reel (TR),Cut Tape (CT),Digi-Reel®","GCD","Active","1000 pF","±20%","50V","X7R","-55°C ~ 125°C","-","AEC-Q200","Automotive","-","Surface Mount, MLCC","0603 (1608 Metric)","0.063"" L x 0.031"" W (1.60mm x 0.80mm)","-","0.035"" (0.90mm)","-","-","https://www.digikey.be/en/products/detail/murata-electronics/GCD188R71H102MA01D/10705251"
"https://yageogroup.com/content/datasheet/asset/file/KEM_C1002_X7R_SMD","//mm.digikey.com/Volume0/opasdata/d220001/medias/images/5352/0603-%281608-Metric%29-Ceramic-Capacitor.jpg","399-14480-2-ND,399-14480-1-ND,399-14480-6-ND","C0603C102K9RACTU","KEMET","KEMET","CAP CER 1000PF 6.3V X7R 0603","103.416","0.0232","100","1","Tape & Reel (TR),Cut Tape (CT),Digi-Reel®","SMD Comm X7R","Active","1000 pF","±10%","6.3V","X7R","-55°C ~ 125°C","-","-","Bypass, Decoupling","-","Surface Mount, MLCC","0603 (1608 Metric)","0.063"" L x 0.031"" W (1.60mm x 0.80mm)","-","0.034"" (0.87mm)","-","-","https://www.digikey.be/en/products/detail/kemet/C0603C102K9RACTU/2199727"
"https://www.yageo.com/en/Chart/Download/pdf/CC0603JPNPO9BN102","//mm.digikey.com/Volume0/opasdata/d220001/medias/images/2488/0603%289mmthickness%29.jpg","13-CC0603JPNPO9BN102TR-ND,13-CC0603JPNPO9BN102CT-ND,13-CC0603JPNPO9BN102DKR-ND","CC0603JPNPO9BN102","YAGEO","YAGEO","CAP CER 1000PF 50V C0G/NPO 0603","82.312","0.0232","100","1","Tape & Reel (TR),Cut Tape (CT),Digi-Reel®","CC","Active","1000 pF","±5%","50V","C0G, NP0","-55°C ~ 125°C","-","-","General Purpose","-","Surface Mount, MLCC","0603 (1608 Metric)","0.063"" L x 0.031"" W (1.60mm x 0.80mm)","-","0.035"" (0.90mm)","-","-","https://www.digikey.be/en/products/detail/yageo/CC0603JPNPO9BN102/11490877"
"https://www.yageo.com/en/Chart/Download/pdf/CC0603JRNPO9BN102","//mm.digikey.com/Volume0/opasdata/d220001/medias/images/2488/0603%289mmthickness%29.jpg","311-1423-2-ND,311-1423-1-ND,311-1423-6-ND","CC0603JRNPO9BN102","YAGEO","YAGEO","CAP CER 1000PF 50V C0G/NPO 0603","71.418","0.0232","100","1","Tape & Reel (TR),Cut Tape (CT),Digi-Reel®","CC","Active","1000 pF","±5%","50V","C0G, NP0","-55°C ~ 125°C","-","-","General Purpose","-","Surface Mount, MLCC","0603 (1608 Metric)","0.063"" L x 0.031"" W (1.60mm x 0.80mm)","-","0.035"" (0.90mm)","-","-","https://www.digikey.be/en/products/detail/yageo/CC0603JRNPO9BN102/2833588"
"https://yageogroup.com/content/datasheet/asset/file/KEM_C1002_X7R_SMD","//mm.digikey.com/Volume0/opasdata/d220001/medias/images/5352/0603-%281608-Metric%29-Ceramic-Capacitor.jpg","399-C0603C102K4RACTUTR-ND,399-C0603C102K4RACTUCT-ND,399-C0603C102K4RACTUDKR-ND","C0603C102K4RACTU","KEMET","KEMET","CAP CER 1000PF 16V X7R 0603","1.772.624","0.0235","100","1","Tape & Reel (TR),Cut Tape (CT),Digi-Reel®","SMD Comm X7R","Active","1000 pF","±10%","16V","X7R","-55°C ~ 125°C","-","-","Bypass, Decoupling","-","Surface Mount, MLCC","0603 (1608 Metric)","0.063"" L x 0.031"" W (1.60mm x 0.80mm)","-","0.034"" (0.87mm)","-","-","https://www.digikey.be/en/products/detail/kemet/C0603C102K4RACTU/2199721"
"https://yageogroup.com/content/datasheet/asset/file/KEM_C1002_X7R_SMD","//mm.digikey.com/Volume0/opasdata/d220001/medias/images/5352/0603-%281608-Metric%29-Ceramic-Capacitor.jpg","399-C0603C102K8RACTUTR-ND,399-C0603C102K8RACTUCT-ND,399-C0603C102K8RACTUDKR-ND","C0603C102K8RACTU","KEMET","KEMET","CAP CER 1000PF 10V X7R 0603","76.637","0.0235","100","1","Tape & Reel (TR),Cut Tape (CT),Digi-Reel®","SMD Comm X7R","Active","1000 pF","±10%","10V","X7R","-55°C ~ 125°C","-","-","Bypass, Decoupling","-","Surface Mount, MLCC","0603 (1608 Metric)","0.063"" L x 0.031"" W (1.60mm x 0.80mm)","-","0.034"" (0.87mm)","-","-","https://www.digikey.be/en/products/detail/kemet/C0603C102K8RACTU/2199726"
"https://yageogroup.com/content/datasheet/asset/file/KEM_C1002_X7R_SMD","//mm.digikey.com/Volume0/opasdata/d220001/medias/images/5352/0603-%281608-Metric%29-Ceramic-Capacitor.jpg","399-C0603C102K3RACTUTR-ND,399-C0603C102K3RACTUCT-ND,399-C0603C102K3RACTUDKR-ND","C0603C102K3RACTU","KEMET","KEMET","CAP CER 1000PF 25V X7R 0603","74.922","0.0235","100","1","Tape & Reel (TR),Cut Tape (CT),Digi-Reel®","SMD Comm X7R","Active","1000 pF","±10%","25V","X7R","-55°C ~ 125°C","-","-","Bypass, Decoupling","-","Surface Mount, MLCC","0603 (1608 Metric)","0.063"" L x 0.031"" W (1.60mm x 0.80mm)","-","0.034"" (0.87mm)","-","-","https://www.digikey.be/en/products/detail/kemet/C0603C102K3RACTU/2199718"
"https://yageogroup.com/content/datasheet/asset/file/KEM_C1002_X7R_SMD","//mm.digikey.com/Volume0/opasdata/d220001/medias/images/5352/0603-%281608-Metric%29-Ceramic-Capacitor.jpg","399-C0603C102K4RAC7411TR-ND,399-C0603C102K4RAC7411CT-ND,399-C0603C102K4RAC7411DKR-ND","C0603C102K4RAC7411","KEMET","KEMET","CAP CER 1000PF 16V X7R 0603","11.536","0.0235","100","1","Tape & Reel (TR),Cut Tape (CT),Digi-Reel®","SMD Comm X7R","Active","1000 pF","±10%","16V","X7R","-55°C ~ 125°C","-","-","Bypass, Decoupling","-","Surface Mount, MLCC","0603 (1608 Metric)","0.063"" L x 0.031"" W (1.60mm x 0.80mm)","-","0.034"" (0.87mm)","-","-","https://www.digikey.be/en/products/detail/kemet/C0603C102K4RAC7411/12700909"
"https://www.we-online.com/components/products/datasheet/885012006014.pdf","//mm.digikey.com/Volume0/opasdata/d220001/medias/images/735/0603-%281608-Metric%29-0%2C95mm_BN.jpg","732-7758-2-ND,732-7758-1-ND,732-7758-6-ND","885012006014","Würth Elektronik","Würth Elektronik","CAP CER 1000PF 10V C0G/NP0 0603","4.251","0.0238","100","1","Tape & Reel (TR),Cut Tape (CT),Digi-Reel®","WCAP-CSGP","Active","1000 pF","±5%","10V","C0G, NP0","-55°C ~ 125°C","-","-","General Purpose","-","Surface Mount, MLCC","0603 (1608 Metric)","0.063"" L x 0.031"" W (1.60mm x 0.80mm)","-","0.034"" (0.87mm)","-","-","https://www.digikey.be/en/products/detail/würth-elektronik/885012006014/5453613"
"https://www.yageo.com/en/Chart/Download/pdf/CC0603JRNPO8BN102","//mm.digikey.com/Volume0/opasdata/d220001/medias/images/2488/0603%289mmthickness%29.jpg","311-1342-2-ND,311-1342-1-ND,311-1342-6-ND","CC0603JRNPO8BN102","YAGEO","YAGEO","CAP CER 1000PF 25V C0G/NPO 0603","78.371","0.0239","100","1","Tape & Reel (TR),Cut Tape (CT),Digi-Reel®","CC","Active","1000 pF","±5%","25V","C0G, NP0","-55°C ~ 125°C","-","-","General Purpose","-","Surface Mount, MLCC","0603 (1608 Metric)","0.063"" L x 0.031"" W (1.60mm x 0.80mm)","-","0.035"" (0.90mm)","-","-","https://www.digikey.be/en/products/detail/yageo/CC0603JRNPO8BN102/2103080"
"https://yageogroup.com/content/datasheet/asset/file/UPY-GPHC_X7R_6_3V-TO-250V","//mm.digikey.com/Volume0/opasdata/d220001/medias/images/2488/0603%289mmthickness%29.jpg","13-CC0603JRX7R7BB102TR-ND,13-CC0603JRX7R7BB102CT-ND,13-CC0603JRX7R7BB102DKR-ND","CC0603JRX7R7BB102","YAGEO","YAGEO","CAP CER 1000PF 16V X7R 0603","23.078","0.024","100","1","Tape & Reel (TR),Cut Tape (CT),Digi-Reel®","CC","Active","1000 pF","±5%","16V","X7R","-55°C ~ 125°C","-","-","General Purpose","-","Surface Mount, MLCC","0603 (1608 Metric)","0.063"" L x 0.031"" W (1.60mm x 0.80mm)","-","0.035"" (0.90mm)","-","-","https://www.digikey.be/en/products/detail/yageo/CC0603JRX7R7BB102/11491054"
"https://www.we-online.com/components/products/datasheet/885012006063.pdf","//mm.digikey.com/Volume0/opasdata/d220001/medias/images/735/0603-%281608-Metric%29-0%2C95mm_BN.jpg","732-7805-2-ND,732-7805-1-ND,732-7805-6-ND","885012006063","Würth Elektronik","Würth Elektronik","CAP CER 1000PF 50V C0G/NP0 0603","21.038","0.024","100","1","Tape & Reel (TR),Cut Tape (CT),Digi-Reel®","WCAP-CSGP","Active","1000 pF","±5%","50V","C0G, NP0","-55°C ~ 125°C","-","-","General Purpose","-","Surface Mount, MLCC","0603 (1608 Metric)","0.063"" L x 0.031"" W (1.60mm x 0.80mm)","-","0.034"" (0.87mm)","-","-","https://www.digikey.be/en/products/detail/würth-elektronik/885012006063/5453660"
"https://www.we-online.com/components/products/datasheet/885012006029.pdf","//mm.digikey.com/Volume0/opasdata/d220001/medias/images/735/0603-%281608-Metric%29-0%2C95mm_BN.jpg","732-7771-2-ND,732-7771-1-ND,732-7771-6-ND","885012006029","Würth Elektronik","Würth Elektronik","CAP CER 1000PF 16V C0G/NP0 0603","12.351","0.024","100","1","Tape & Reel (TR),Cut Tape (CT),Digi-Reel®","WCAP-CSGP","Active","1000 pF","±5%","16V","C0G, NP0","-55°C ~ 125°C","-","-","General Purpose","-","Surface Mount, MLCC","0603 (1608 Metric)","0.063"" L x 0.031"" W (1.60mm x 0.80mm)","-","0.034"" (0.87mm)","-","-","https://www.digikey.be/en/products/detail/würth-elektronik/885012006029/5453626"
"https://www.we-online.com/components/products/datasheet/885012006044.pdf","//mm.digikey.com/Volume0/opasdata/d220001/medias/images/735/0603-%281608-Metric%29-0%2C95mm_BN.jpg","732-7786-2-ND,732-7786-1-ND,732-7786-6-ND","885012006044","Würth Elektronik","Würth Elektronik","CAP CER 1000PF 25V C0G/NP0 0603","34.189","0.0242","100","1","Tape & Reel (TR),Cut Tape (CT),Digi-Reel®","WCAP-CSGP","Active","1000 pF","±5%","25V","C0G, NP0","-55°C ~ 125°C","-","-","General Purpose","-","Surface Mount, MLCC","0603 (1608 Metric)","0.063"" L x 0.031"" W (1.60mm x 0.80mm)","-","0.034"" (0.87mm)","-","-","https://www.digikey.be/en/products/detail/würth-elektronik/885012006044/5453641"
"https://www.yageo.com/en/Chart/Download/pdf/CC0603KRNPO9BN102","//mm.digikey.com/Volume0/opasdata/d220001/medias/images/2488/0603%289mmthickness%29.jpg","311-4026-2-ND,311-4026-1-ND,311-4026-6-ND","CC0603KRNPO9BN102","YAGEO","YAGEO","CAP CER 1000PF 50V C0G/NPO 0603","49.482","0.0252","100","1","Tape & Reel (TR),Cut Tape (CT),Digi-Reel®","CC","Active","1000 pF","±10%","50V","C0G, NP0","-55°C ~ 125°C","-","-","General Purpose","-","Surface Mount, MLCC","0603 (1608 Metric)","0.063"" L x 0.031"" W (1.60mm x 0.80mm)","-","0.035"" (0.90mm)","-","-","https://www.digikey.be/en/products/detail/yageo/CC0603KRNPO9BN102/5883703"
"https://datasheets.kyocera-avx.com/KGM_X7R.pdf","//mm.digikey.com/Volume0/opasdata/d220001/medias/images/7228/MFG_478_X7R_0603-%281608-Metric%29.jpg","478-KGM15AR71H102MMTR-ND,478-KGM15AR71H102MMCT-ND,478-KGM15AR71H102MMDKR-ND","KGM15AR71H102MM","KYOCERA AVX","KYOCERA AVX","CAP CER 1000PF 50V X7R 0603","64.502","0.0252","100","1","Tape & Reel (TR),Cut Tape (CT),Digi-Reel®","KGM - X7R","Active","1000 pF","±20%","50V","X7R","-55°C ~ 125°C","-","-","General Purpose","-","Surface Mount, MLCC","0603 (1608 Metric)","0.063"" L x 0.032"" W (1.60mm x 0.81mm)","-","0.035"" (0.90mm)","-","-","https://www.digikey.be/en/products/detail/kyocera-avx/KGM15AR71H102MM/1600024"
"https://calchip.com/wp-content/uploads/2026/04/GMC-Series-1.pdf","//mm.digikey.com/Volume0/opasdata/d220001/medias/images/5781/MFG_Cal-Chip-All-Capacitors.jpg","4713-GMC10X5R102K50NTTR-ND,4713-GMC10X5R102K50NTCT-ND,4713-GMC10X5R102K50NTDKR-ND","GMC10X5R102K50NT","Cal-Chip Electronics, Inc.","Cal-Chip Electronics, Inc.","CAP0603 X5R 1000PF 10% 50V","8.000","0.0258","100","1","Tape & Reel (TR),Cut Tape (CT),Digi-Reel®","GMC","Active","1000 pF","±10%","50V","X5R","-55°C ~ 85°C","-","-","General Purpose","-","Surface Mount, MLCC","0603 (1608 Metric)","0.063"" L x 0.031"" W (1.60mm x 0.80mm)","-","0.035"" (0.90mm)","-","-","https://www.digikey.be/en/products/detail/cal-chip-electronics-inc/GMC10X5R102K50NT/26251933"
"https://datasheets.kyocera-avx.com/AutoMLCC.pdf","//mm.digikey.com/Volume0/opasdata/d220001/medias/images/4845/478_0603-%281608-Metric%29-0%2C90mm.jpg","478-KAM15AR71H102KTTR-ND,478-KAM15AR71H102KTCT-ND,478-KAM15AR71H102KTDKR-ND","06035C102K4T2A","KYOCERA AVX","KYOCERA AVX","CAP CER 1000PF 50V X7R 0603","54.696","0.0263","100","1","Tape & Reel (TR),Cut Tape (CT),Digi-Reel®","-","Active","1000 pF","±10%","50V","X7R","-55°C ~ 125°C","-","AEC-Q200","Automotive","-","Surface Mount, MLCC","0603 (1608 Metric)","0.063"" L x 0.032"" W (1.60mm x 0.81mm)","-","0.035"" (0.90mm)","-","-","https://www.digikey.be/en/products/detail/kyocera-avx/06035C102K4T2A/1600019"
"https://calchip.com/wp-content/uploads/2024/12/GMT-Series.pdf","//mm.digikey.com/Volume0/opasdata/d220001/medias/images/5781/MFG_Cal-Chip-All-Capacitors.jpg","4713-GMT10CG102J50NT4TR-ND,4713-GMT10CG102J50NT4CT-ND,4713-GMT10CG102J50NT4DKR-ND","GMT10CG102J50NT4","Cal-Chip Electronics, Inc.","Cal-Chip Electronics, Inc.","CAP0603 COG 1000PF 5% 50V AEC","4.000","0.0265","100","1","Tape & Reel (TR),Cut Tape (CT),Digi-Reel®","GMT","Active","1000 pF","±5%","50V","C0G, NP0","-55°C ~ 125°C","-","AEC-Q200","Automotive","-","Surface Mount, MLCC","0603 (1608 Metric)","0.063"" L x 0.031"" W (1.60mm x 0.80mm)","-","0.034"" (0.87mm)","-","-","https://www.digikey.be/en/products/detail/cal-chip-electronics-inc/GMT10CG102J50NT4/26771106"
"https://calchip.com/wp-content/uploads/2026/04/GMC-Series-1.pdf","//mm.digikey.com/Volume0/opasdata/d220001/medias/images/5781/MFG_Cal-Chip-All-Capacitors.jpg","4713-GMC10X7R102J25NTTR-ND,4713-GMC10X7R102J25NTCT-ND,4713-GMC10X7R102J25NTDKR-ND","GMC10X7R102J25NT","Cal-Chip Electronics, Inc.","Cal-Chip Electronics, Inc.","CAP0603 X7R 1000PF 5% 25V","3.680","0.0267","100","1","Tape & Reel (TR),Cut Tape (CT),Digi-Reel®","GMC","Active","1000 pF","±5%","25V","X7R","-55°C ~ 125°C","-","-","General Purpose","-","Surface Mount, MLCC","0603 (1608 Metric)","0.063"" L x 0.031"" W (1.60mm x 0.80mm)","-","0.035"" (0.90mm)","-","-","https://www.digikey.be/en/products/detail/cal-chip-electronics-inc/GMC10X7R102J25NT/25323850"
"https://datasheets.kyocera-avx.com/KGM_X7R.pdf","//mm.digikey.com/Volume0/opasdata/d220001/medias/images/7228/MFG_478_X7R_0603-%281608-Metric%29.jpg","478-KGM15AR71H102JTTR-ND,478-KGM15AR71H102JTCT-ND,478-KGM15AR71H102JTDKR-ND","KGM15AR71H102JT","KYOCERA AVX","KYOCERA AVX","CAP CER 1000PF 50V X7R 0603","15.129","0.0269","100","1","Tape & Reel (TR),Cut Tape (CT),Digi-Reel®","KGM - X7R","Active","1000 pF","±5%","50V","X7R","-55°C ~ 125°C","-","-","General Purpose","-","Surface Mount, MLCC","0603 (1608 Metric)","0.063"" L x 0.032"" W (1.60mm x 0.81mm)","-","0.035"" (0.90mm)","-","-","https://www.digikey.be/en/products/detail/kyocera-avx/KGM15AR71H102JT/1600017"
"https://yageogroup.com/content/datasheet/asset/file/KEM_C1003_C0G_SMD","//mm.digikey.com/Volume0/opasdata/d220001/medias/images/5352/0603-%281608-Metric%29-Ceramic-Capacitor.jpg","399-C0603C102J5GACTUTR-ND,399-C0603C102J5GACTUCT-ND,399-C0603C102J5GACTUDKR-ND","C0603C102J5GACTU","KEMET","KEMET","CAP CER 1000PF 50V C0G/NP0 0603","278.256","0.0271","100","1","Tape & Reel (TR),Cut Tape (CT),Digi-Reel®","SMD Comm C0G","Active","1000 pF","±5%","50V","C0G, NP0","-55°C ~ 125°C","Low ESL","-","General Purpose","-","Surface Mount, MLCC","0603 (1608 Metric)","0.063"" L x 0.031"" W (1.60mm x 0.80mm)","-","0.034"" (0.87mm)","-","-","https://www.digikey.be/en/products/detail/kemet/C0603C102J5GACTU/608471"
"https://yageogroup.com/content/datasheet/asset/file/KEM_C1003_C0G_SMD","//mm.digikey.com/Volume0/opasdata/d220001/medias/images/5352/0603-%281608-Metric%29-Ceramic-Capacitor.jpg","399-C0603C102J5GAC7411TR-ND,399-C0603C102J5GAC7411CT-ND,399-C0603C102J5GAC7411DKR-ND","C0603C102J5GAC7411","KEMET","KEMET","CAP CER 1000PF 50V C0G/NP0 0603","110.173","0.0271","100","1","Tape & Reel (TR),Cut Tape (CT),Digi-Reel®","SMD Comm C0G","Active","1000 pF","±5%","50V","C0G, NP0","-55°C ~ 125°C","Low ESL","-","General Purpose","-","Surface Mount, MLCC","0603 (1608 Metric)","0.063"" L x 0.031"" W (1.60mm x 0.80mm)","-","0.034"" (0.87mm)","-","-","https://www.digikey.be/en/products/detail/kemet/C0603C102J5GAC7411/11676291"
"https://datasheets.kyocera-avx.com/KGM_X7R.pdf","//mm.digikey.com/Volume0/opasdata/d220001/medias/images/7228/MFG_478_X7R_0603-%281608-Metric%29.jpg","478-KGM15AR71H102JMTR-ND,478-KGM15AR71H102JMCT-ND,478-KGM15AR71H102JMDKR-ND","KGM15AR71H102JM","KYOCERA AVX","KYOCERA AVX","CAP CER 1000PF 50V X7R 0603","33.569","0.0277","100","1","Tape & Reel (TR),Cut Tape (CT),Digi-Reel®","KGM - X7R","Active","1000 pF","±5%","50V","X7R","-55°C ~ 125°C","-","-","General Purpose","-","Surface Mount, MLCC","0603 (1608 Metric)","0.063"" L x 0.032"" W (1.60mm x 0.81mm)","-","0.035"" (0.90mm)","-","-","https://www.digikey.be/en/products/detail/kyocera-avx/KGM15AR71H102JM/1600018"
"http://www.samsungsem.com/kr/support/product-search/mlcc/CL10C102JB81PNC.jsp","//mm.digikey.com/Volume0/opasdata/d220001/medias/images/2537/Ceramic-Capacitor-CL-Series.jpg","1276-2169-2-ND,1276-2169-1-ND,1276-2169-6-ND","CL10C102JB81PNC","Samsung Electro-Mechanics","Samsung Electro-Mechanics","CAP CER 1000PF 50V C0G/NP0 0603","71.729","0.0286","100","1","Tape & Reel (TR),Cut Tape (CT),Digi-Reel®","CL","Active","1000 pF","±5%","50V","C0G, NP0","-55°C ~ 125°C","-","AEC-Q200","Automotive","-","Surface Mount, MLCC","0603 (1608 Metric)","0.063"" L x 0.031"" W (1.60mm x 0.80mm)","-","0.035"" (0.90mm)","-","-","https://www.digikey.be/en/products/detail/samsung-electro-mechanics/CL10C102JB81PNC/3887827"
"https://yageogroup.com/content/datasheet/asset/file/UPY-AC_NP0X7RX7S_6_3V-TO-2KV","//mm.digikey.com/Volume0/opasdata/d220001/medias/images/6808/AC_Series_0603_1608.jpg","311-3104-2-ND,311-3104-1-ND,311-3104-6-ND","AC0603KRX7R7BB102","YAGEO","YAGEO","CAP CER 1000PF 16V X7R 0603","31.291","0.0286","100","1","Tape & Reel (TR),Cut Tape (CT),Digi-Reel®","AC","Active","1000 pF","±10%","16V","X7R","-55°C ~ 125°C","-","AEC-Q200","Automotive","-","Surface Mount, MLCC","0603 (1608 Metric)","0.063"" L x 0.031"" W (1.60mm x 0.80mm)","-","0.035"" (0.90mm)","-","-","https://www.digikey.be/en/products/detail/yageo/AC0603KRX7R7BB102/6643090"
"//mm.digikey.com/Volume0/opasdata/d220001/medias/docus/6679/MLCC_Datasheet.pdf","//mm.digikey.com/Volume0/opasdata/d220001/medias/images/7228/MFG_478_Flexiterm_series.jpg","478-KAF15AR71H102KTTR-ND,478-KAF15AR71H102KTCT-ND,478-KAF15AR71H102KTDKR-ND","06035C102K4Z2A","KYOCERA AVX","KYOCERA AVX","CAP CER 1000PF 50V X7R 0603","20.885","0.0286","100","1","Tape & Reel (TR),Cut Tape (CT),Digi-Reel®","FLEXITERM®","Active","1000 pF","±10%","50V","X7R","-55°C ~ 125°C","Soft Termination","AEC-Q200","Automotive, Boardflex Sensitive","-","Surface Mount, MLCC","0603 (1608 Metric)","0.063"" L x 0.032"" W (1.60mm x 0.81mm)","-","0.037"" (0.94mm)","-","-","https://www.digikey.be/en/products/detail/kyocera-avx/06035C102K4Z2A/2512075"
"https://datasheets.kyocera-avx.com/FlexitermMLCC.pdf","//mm.digikey.com/Volume0/opasdata/d220001/medias/images/7228/MFG_478_Flexiterm_series.jpg","478-KAF15AR71H102KMTR-ND,478-KAF15AR71H102KMCT-ND,478-KAF15AR71H102KMDKR-ND","06035C102K4Z4A","KYOCERA AVX","KYOCERA AVX","CAP CER SMD","8.635","0.0286","100","1","Tape & Reel (TR),Cut Tape (CT),Digi-Reel®","FLEXITERM®","Active","1000 pF","±10%","50V","X7R","-55°C ~ 125°C","Soft Termination","AEC-Q200","Automotive, Boardflex Sensitive","-","Surface Mount, MLCC","0603 (1608 Metric)","0.063"" L x 0.032"" W (1.60mm x 0.81mm)","-","0.035"" (0.90mm)","-","-","https://www.digikey.be/en/products/detail/kyocera-avx/06035C102K4Z4A/11244977"
"https://calchip.com/wp-content/uploads/2026/04/GMC-Series-1.pdf","//mm.digikey.com/Volume0/opasdata/d220001/medias/images/5781/MFG_Cal-Chip-All-Capacitors.jpg","4713-GMC10X7R102K6R3NTTR-ND,4713-GMC10X7R102K6R3NTCT-ND,4713-GMC10X7R102K6R3NTDKR-ND","GMC10X7R102K6R3NT","Cal-Chip Electronics, Inc.","Cal-Chip Electronics, Inc.","CAP0603 X7R 1000PF 10% 6.3V","4.000","0.0291","100","1","Tape & Reel (TR),Cut Tape (CT),Digi-Reel®","GMC","Active","1000 pF","±10%","6.3V","X7R","-55°C ~ 125°C","-","-","General Purpose","-","Surface Mount, MLCC","0603 (1608 Metric)","0.063"" L x 0.031"" W (1.60mm x 0.80mm)","-","0.035"" (0.90mm)","-","-","https://www.digikey.be/en/products/detail/cal-chip-electronics-inc/GMC10X7R102K6R3NT/25323895"
"https://yageogroup.com/content/datasheet/asset/file/KEM_C1023_X7R_AUTO_SMD","//mm.digikey.com/Volume0/opasdata/d220001/medias/images/5352/0603-%281608-Metric%29-Ceramic-Capacitor.jpg","399-12989-2-ND,399-12989-1-ND,399-12989-6-ND","C0603C102J5RACAUTO","KEMET","KEMET","CAP CER 1000PF 50V X7R 0603","68.106","0.0292","100","1","Tape & Reel (TR),Cut Tape (CT),Digi-Reel®","SMD Auto X7R","Active","1000 pF","±5%","50V","X7R","-55°C ~ 125°C","-","AEC-Q200","Automotive, Bypass, Decoupling","-","Surface Mount, MLCC","0603 (1608 Metric)","0.063"" L x 0.031"" W (1.60mm x 0.80mm)","-","0.034"" (0.87mm)","-","-","https://www.digikey.be/en/products/detail/kemet/C0603C102J5RACAUTO/5762245"
"https://www.murata.com/en-sg/api/pdfdownloadapi?cate=luCeramicCapacitorsSMD&partno=GCJ188R71E102KA01%23","//mm.digikey.com/Volume0/opasdata/d220001/medias/images/5447/490-Ceramic-Capacitor-Tan-Field.jpg","490-16478-2-ND,490-16478-1-ND,490-16478-6-ND","GCJ188R71E102KA01D","Murata Electronics","Murata Electronics","CAP CER 1000PF 25V X7R 0603","90.795","0.0294","100","1","Tape & Reel (TR),Cut Tape (CT),Digi-Reel®","GCJ","Active","1000 pF","±10%","25V","X7R","-55°C ~ 125°C","Soft Termination","AEC-Q200","Automotive, Boardflex Sensitive","-","Surface Mount, MLCC","0603 (1608 Metric)","0.063"" L x 0.031"" W (1.60mm x 0.80mm)","-","0.035"" (0.90mm)","-","-","https://www.digikey.be/en/products/detail/murata-electronics/GCJ188R71E102KA01D/7363222"
"https://yageogroup.com/content/datasheet/asset/file/KEM_C1007_X8R_ULTRA_150C_SMD","//mm.digikey.com/Volume0/opasdata/d220001/medias/images/5352/0603-%281608-Metric%29-Ceramic-Capacitor.jpg","399-C0603C102J8HACTUTR-ND,399-C0603C102J8HACTUCT-ND,399-C0603C102J8HACTUDKR-ND","C0603C102J8HACTU","KEMET","KEMET","CAP CER 1000PF 10V X8R 0603","14.287","0.0294","100","1","Tape & Reel (TR),Cut Tape (CT),Digi-Reel®","SMD Comm X8R HT150C","Active","1000 pF","±5%","10V","X8R","-55°C ~ 150°C","Low ESL, High Temperature","-","General Purpose","-","Surface Mount, MLCC","0603 (1608 Metric)","0.063"" L x 0.031"" W (1.60mm x 0.80mm)","-","0.034"" (0.87mm)","-","-","https://www.digikey.be/en/products/detail/kemet/C0603C102J8HACTU/7946682"
"https://yageogroup.com/content/datasheet/asset/file/UPY-ST_NPOX7R_16V-TO-3KV","//mm.digikey.com/Volume0/opasdata/d220001/medias/images/2488/0603%289mmthickness%29.jpg","311-3594-2-ND,311-3594-1-ND,311-3594-6-ND","CS0603KRX7R9BB102","YAGEO","YAGEO","CAP CER 1000PF 50V X7R 0603","6.951","0.0295","100","1","Tape & Reel (TR),Cut Tape (CT),Digi-Reel®","CS","Active","1000 pF","±10%","50V","X7R","-55°C ~ 125°C","Soft Termination","-","Boardflex Sensitive","-","Surface Mount, MLCC","0603 (1608 Metric)","0.063"" L x 0.031"" W (1.60mm x 0.80mm)","-","0.037"" (0.95mm)","-","-","https://www.digikey.be/en/products/detail/yageo/CS0603KRX7R9BB102/5884893"
"https://weblib.samsungsem.com/mlcc/mlcc-ec-data-sheet.do?partNumber=CL05Y105KP6VPN","//mm.digikey.com/Volume0/opasdata/d220001/medias/images/2537/Ceramic-Capacitor-CL-Series.jpg","1276-CL10B102KB8WPJCTR-ND,1276-CL10B102KB8WPJCCT-ND,1276-CL10B102KB8WPJCDKR-ND","CL10B102KB8WPJC","Samsung Electro-Mechanics","Samsung Electro-Mechanics","CAP CER 1000PF 50V X7R 0603","0","0.0299","100","1","Tape & Reel (TR),Cut Tape (CT),Digi-Reel®","CL","Active","1000 pF","±10%","50V","X7R","-55°C ~ 125°C","Soft Termination","AEC-Q200","Automotive, Boardflex Sensitive","-","Surface Mount, MLCC, Epoxy","0603 (1608 Metric)","0.063"" L x 0.031"" W (1.60mm x 0.80mm)","-","0.035"" (0.90mm)","-","-","https://www.digikey.be/en/products/detail/samsung-electro-mechanics/CL10B102KB8WPJC/11487805"
"https://yageogroup.com/content/datasheet/asset/file/KEM_C1002_X7R_SMD","//mm.digikey.com/Volume0/opasdata/d220001/medias/images/5352/0603-%281608-Metric%29-Ceramic-Capacitor.jpg","399-C0603C102K5RAC7040TR-ND,399-C0603C102K5RAC7040CT-ND,399-C0603C102K5RAC7040DKR-ND","C0603C102K5RAC7040","KEMET","KEMET","CAP CER 1000PF 50V X7R 0603","14.396","0.03","100","1","Tape & Reel (TR),Cut Tape (CT),Digi-Reel®","SMD Comm X7R","Active","1000 pF","±10%","50V","X7R","-55°C ~ 125°C","-","-","Bypass, Decoupling","-","Surface Mount, MLCC","0603 (1608 Metric)","0.063"" L x 0.031"" W (1.60mm x 0.80mm)","-","-","-","-","https://www.digikey.be/en/products/detail/kemet/C0603C102K5RAC7040/18121532"
"https://www.yageo.com/en/Chart/Download/pdf/CC0603JRNPO7BN102","//mm.digikey.com/Volume0/opasdata/d220001/medias/images/2488/0603%289mmthickness%29.jpg","311-3947-2-ND,311-3947-1-ND,311-3947-6-ND","CC0603JRNPO7BN102","YAGEO","YAGEO","CAP CER 1000PF 16V C0G/NPO 0603","5.838","0.0308","100","1","Tape & Reel (TR),Cut Tape (CT),Digi-Reel®","CC","Active","1000 pF","±5%","16V","C0G, NP0","-55°C ~ 125°C","-","-","General Purpose","-","Surface Mount, MLCC","0603 (1608 Metric)","0.063"" L x 0.031"" W (1.60mm x 0.80mm)","-","0.035"" (0.90mm)","-","-","https://www.digikey.be/en/products/detail/yageo/CC0603JRNPO7BN102/5883578"
"https://yageogroup.com/content/datasheet/asset/file/KEM_C1023_X7R_AUTO_SMD","//mm.digikey.com/Volume0/opasdata/d220001/medias/images/5352/0603-%281608-Metric%29-Ceramic-Capacitor.jpg","399-6849-2-ND,399-6849-1-ND,399-6849-6-ND","C0603C102K5RACAUTO","KEMET","KEMET","CAP CER 1000PF 50V X7R 0603","73.052","0.0314","100","1","Tape & Reel (TR),Cut Tape (CT),Digi-Reel®","SMD Auto X7R","Active","1000 pF","±10%","50V","X7R","-55°C ~ 125°C","-","AEC-Q200","Automotive, Bypass, Decoupling","-","Surface Mount, MLCC","0603 (1608 Metric)","0.063"" L x 0.031"" W (1.60mm x 0.80mm)","-","0.034"" (0.87mm)","-","-","https://www.digikey.be/en/products/detail/kemet/C0603C102K5RACAUTO/3314846"
"https://yageogroup.com/content/datasheet/asset/file/KEM_C1023_X7R_AUTO_SMD","//mm.digikey.com/Volume0/opasdata/d220001/medias/images/5352/0603-%281608-Metric%29-Ceramic-Capacitor.jpg","399-C0603C102K5RACAUTO7411TR-ND,399-C0603C102K5RACAUTO7411CT-ND,399-C0603C102K5RACAUTO7411DKR-ND","C0603C102K5RACAUTO7411","KEMET","KEMET","CAP CER 1000PF 50V X7R 0603","3.501","0.0314","100","1","Tape & Reel (TR),Cut Tape (CT),Digi-Reel®","SMD Auto X7R","Active","1000 pF","±10%","50V","X7R","-55°C ~ 125°C","-","AEC-Q200","Automotive, Bypass, Decoupling","-","Surface Mount, MLCC","0603 (1608 Metric)","0.063"" L x 0.031"" W (1.60mm x 0.80mm)","-","0.034"" (0.87mm)","-","-","https://www.digikey.be/en/products/detail/kemet/C0603C102K5RACAUTO7411/11676491"
"https://content.kemet.com/datasheets/KEM_C1002_X7R_SMD.pdf","//mm.digikey.com/Volume0/opasdata/d220001/medias/images/5352/0603-%281608-Metric%29-Ceramic-Capacitor.jpg","399-C0603C102K5RAC3121TR-ND,399-C0603C102K5RAC3121CT-ND,399-C0603C102K5RAC3121DKR-ND","C0603C102K5RAC3121","KEMET","KEMET","CAP CER 1000PF 50V X7R 0603","15.830","0.0314","100","1","Tape & Reel (TR),Cut Tape (CT),Digi-Reel®","SMD Comm X7R","Active","1000 pF","±10%","50V","X7R","-55°C ~ 125°C","-","AEC-Q200","Bypass, Decoupling","-","Surface Mount, MLCC","0603 (1608 Metric)","0.063"" L x 0.031"" W (1.60mm x 0.80mm)","-","-","-","-","https://www.digikey.be/en/products/detail/kemet/C0603C102K5RAC3121/22056643"
"//mm.digikey.com/Volume0/opasdata/d220001/medias/docus/5064/X7R_Dielectric_6.3-250_Auto.pdf","//mm.digikey.com/Volume0/opasdata/d220001/medias/images/5352/0603-%281608-Metric%29-Ceramic-Capacitor.jpg","399-C0603C102K5RAC3112TR-ND,399-C0603C102K5RAC3112CT-ND,399-C0603C102K5RAC3112DKR-ND","C0603C102K5RAC3112","KEMET","KEMET","CAP CER 1000PF 50V X7R 0603","11.000","0.0314","100","1","Tape & Reel (TR),Cut Tape (CT),Digi-Reel®","SMD Comm X7R","Active","1000 pF","±10%","50V","X7R","-55°C ~ 125°C","-","AEC-Q200","Bypass, Decoupling","-","Surface Mount, MLCC","0603 (1608 Metric)","0.063"" L x 0.031"" W (1.60mm x 0.80mm)","-","-","-","-","https://www.digikey.be/en/products/detail/kemet/C0603C102K5RAC3112/18153788"
"https://datasheets.kyocera-avx.com/C0GNP0-KGM.pdf","//mm.digikey.com/Volume0/opasdata/d220001/medias/images/4845/478_0603-%281608-Metric%29-0%2C90mm.jpg","478-KGM15ACG1H102JTTR-ND,478-KGM15ACG1H102JTCT-ND,478-KGM15ACG1H102JTDKR-ND","KGM15ACG1H102JT","KYOCERA AVX","KYOCERA AVX","CAP CER 1000PF 50V C0G/NP0 0603","168.874","0.032","100","1","Tape & Reel (TR),Cut Tape (CT),Digi-Reel®","KGM - C0G","Active","1000 pF","±5%","50V","C0G, NP0","-55°C ~ 125°C","-","-","General Purpose","-","Surface Mount, MLCC","0603 (1608 Metric)","0.063"" L x 0.032"" W (1.60mm x 0.81mm)","-","0.035"" (0.90mm)","-","-","https://www.digikey.be/en/products/detail/kyocera-avx/KGM15ACG1H102JT/563297"
"https://datasheets.kyocera-avx.com/C0GNP0-KGM.pdf","//mm.digikey.com/Volume0/opasdata/d220001/medias/images/4845/478_0603-%281608-Metric%29-0%2C90mm.jpg","478-KGM15ACG1H102JMTR-ND,478-KGM15ACG1H102JMCT-ND,478-KGM15ACG1H102JMDKR-ND","KGM15ACG1H102JM","KYOCERA AVX","KYOCERA AVX","CAP CER 1000PF 50V C0G/NP0 0603","75.514","0.032","100","1","Tape & Reel (TR),Cut Tape (CT),Digi-Reel®","KGM - C0G","Active","1000 pF","±5%","50V","C0G, NP0","-55°C ~ 125°C","-","-","General Purpose","-","Surface Mount, MLCC","0603 (1608 Metric)","0.063"" L x 0.032"" W (1.60mm x 0.81mm)","-","0.035"" (0.90mm)","-","-","https://www.digikey.be/en/products/detail/kyocera-avx/KGM15ACG1H102JM/3661138"
"https://search.murata.co.jp/Ceramy/image/img/A01X/G101/ENG/GCM188R71H102KA37-01.pdf","//mm.digikey.com/Volume0/opasdata/d220001/medias/images/5447/490-Ceramic-Capacitor-Tan-Field.jpg","490-4777-2-ND,490-4777-1-ND,490-4777-6-ND","GCM188R71H102KA37D","Murata Electronics","Murata Electronics","CAP CER 1000PF 50V X7R 0603","5.843.639","0.0326","100","1","Tape & Reel (TR),Cut Tape (CT),Digi-Reel®","GCM","Active","1000 pF","±10%","50V","X7R","-55°C ~ 125°C","-","AEC-Q200","Automotive","-","Surface Mount, MLCC","0603 (1608 Metric)","0.063"" L x 0.031"" W (1.60mm x 0.80mm)","-","0.035"" (0.90mm)","-","-","https://www.digikey.be/en/products/detail/murata-electronics/GCM188R71H102KA37D/1641651"
"https://search.murata.co.jp/Ceramy/image/img/A01X/G101/ENG/GCM188R71H102KA37-01.pdf","//mm.digikey.com/Volume0/opasdata/d220001/medias/images/5447/490-Ceramic-Capacitor-Tan-Field.jpg","490-8019-2-ND,490-8019-1-ND,490-8019-6-ND","GCM188R71H102KA37J","Murata Electronics","Murata Electronics","CAP CER 1000PF 50V X7R 0603","397.851","0.0326","100","1","Tape & Reel (TR),Cut Tape (CT),Digi-Reel®","GCM","Active","1000 pF","±10%","50V","X7R","-55°C ~ 125°C","-","AEC-Q200","Automotive","-","Surface Mount, MLCC","0603 (1608 Metric)","0.063"" L x 0.031"" W (1.60mm x 0.80mm)","-","0.035"" (0.90mm)","-","-","https://www.digikey.be/en/products/detail/murata-electronics/GCM188R71H102KA37J/2591940"
"https://yageogroup.com/content/datasheet/asset/file/KEM_C1003_C0G_SMD","//mm.digikey.com/Volume0/opasdata/d220001/medias/images/5352/0603-%281608-Metric%29-Ceramic-Capacitor.jpg","399-C0603C102J3GACTUTR-ND,399-C0603C102J3GACTUCT-ND,399-C0603C102J3GACTUDKR-ND","C0603C102J3GACTU","KEMET","KEMET","CAP CER 1000PF 25V C0G/NP0 0603","211.291","0.0328","100","1","Tape & Reel (TR),Cut Tape (CT),Digi-Reel®","SMD Comm C0G","Active","1000 pF","±5%","25V","C0G, NP0","-55°C ~ 125°C","Low ESL","-","General Purpose","-","Surface Mount, MLCC","0603 (1608 Metric)","0.063"" L x 0.031"" W (1.60mm x 0.80mm)","-","0.034"" (0.87mm)","-","-","https://www.digikey.be/en/products/detail/kemet/C0603C102J3GACTU/2199705"
"https://product.tdk.com/system/files/dam/doc/product/capacitor/ceramic/mlcc/catalog/mlcc_commercial_hightemp_en.pdf","//mm.digikey.com/Volume0/opasdata/d220001/medias/images/2360/C%20Series%200603%281608%20Metric%29%209.jpg","445-2501-2-ND,445-2501-1-ND,445-2501-6-ND","C1608X8R1H102K080AA","TDK","TDK","CAP CER 1000PF 50V X8R 0603","21.083","0.0333","100","1","Tape & Reel (TR),Cut Tape (CT),Digi-Reel®","C","Active","1000 pF","±10%","50V","X8R","-55°C ~ 150°C","High Temperature","-","General Purpose","-","Surface Mount, MLCC","0603 (1608 Metric)","0.063"" L x 0.031"" W (1.60mm x 0.80mm)","-","0.035"" (0.90mm)","-","-","https://www.digikey.be/en/products/detail/tdk/C1608X8R1H102K080AA/927127"
"https://yageogroup.com/content/datasheet/asset/file/KEM_C1023_X7R_AUTO_SMD","//mm.digikey.com/Volume0/opasdata/d220001/medias/images/5352/0603-%281608-Metric%29-Ceramic-Capacitor.jpg","399-6847-2-ND,399-6847-1-ND,399-6847-6-ND","C0603C102K3RACAUTO","KEMET","KEMET","CAP CER 1000PF 25V X7R 0603","65.604","0.0337","100","1","Tape & Reel (TR),Cut Tape (CT),Digi-Reel®","SMD Auto X7R","Active","1000 pF","±10%","25V","X7R","-55°C ~ 125°C","-","AEC-Q200","Automotive, Bypass, Decoupling","-","Surface Mount, MLCC","0603 (1608 Metric)","0.063"" L x 0.031"" W (1.60mm x 0.80mm)","-","0.034"" (0.87mm)","-","-","https://www.digikey.be/en/products/detail/kemet/C0603C102K3RACAUTO/3314844"
"https://yageogroup.com/content/datasheet/asset/file/KEM_C1023_X7R_AUTO_SMD","//mm.digikey.com/Volume0/opasdata/d220001/medias/images/5352/0603-%281608-Metric%29-Ceramic-Capacitor.jpg","399-C0603C102K8RACAUTOTR-ND,399-C0603C102K8RACAUTOCT-ND,399-C0603C102K8RACAUTODKR-ND","C0603C102K8RACAUTO","KEMET","KEMET","CAP CER 1000PF 10V X7R 0603","65.089","0.0337","100","1","Tape & Reel (TR),Cut Tape (CT),Digi-Reel®","SMD Auto X7R","Active","1000 pF","±10%","10V","X7R","-55°C ~ 125°C","-","AEC-Q200","Automotive, Bypass, Decoupling","-","Surface Mount, MLCC","0603 (1608 Metric)","0.063"" L x 0.031"" W (1.60mm x 0.80mm)","-","0.034"" (0.87mm)","-","-","https://www.digikey.be/en/products/detail/kemet/C0603C102K8RACAUTO/16524817"
"https://yageogroup.com/content/datasheet/asset/file/KEM_C1023_X7R_AUTO_SMD","//mm.digikey.com/Volume0/opasdata/d220001/medias/images/5352/0603-%281608-Metric%29-Ceramic-Capacitor.jpg","399-17565-2-ND,399-17565-1-ND,399-17565-6-ND","C0603C102K4RACAUTO","KEMET","KEMET","CAP CER 1000PF 16V X7R 0603","21.252","0.0337","100","1","Tape & Reel (TR),Cut Tape (CT),Digi-Reel®","SMD Auto X7R","Active","1000 pF","±10%","16V","X7R","-55°C ~ 125°C","-","AEC-Q200","Automotive, Bypass, Decoupling","-","Surface Mount, MLCC","0603 (1608 Metric)","0.063"" L x 0.031"" W (1.60mm x 0.80mm)","-","0.034"" (0.87mm)","-","-","https://www.digikey.be/en/products/detail/kemet/C0603C102K4RACAUTO/8572400"
"https://www.murata.com/en-sg/api/pdfdownloadapi?cate=luCeramicCapacitorsSMD&partno=GCJ188R71H102MA01%23","//mm.digikey.com/Volume0/opasdata/d220001/medias/images/5447/490-Ceramic-Capacitor-Tan-Field.jpg","490-GCJ188R71H102MA01DTR-ND,490-GCJ188R71H102MA01DCT-ND,490-GCJ188R71H102MA01DDKR-ND","GCJ188R71H102MA01D","Murata Electronics","Murata Electronics","CAP CER","3.548","0.0337","100","1","Tape & Reel (TR),Cut Tape (CT),Digi-Reel®","GCJ","Active","1000 pF","±20%","50V","X7R","-55°C ~ 125°C","Soft Termination","AEC-Q200","Automotive, Boardflex Sensitive","-","Surface Mount, MLCC","0603 (1608 Metric)","0.063"" L x 0.031"" W (1.60mm x 0.80mm)","-","0.035"" (0.90mm)","-","-","https://www.digikey.be/en/products/detail/murata-electronics/GCJ188R71H102MA01D/10691608"
"https://www.vishay.com/docs/28548/vjw1bcbascomseries.pdf","//mm.digikey.com/Volume0/opasdata/d220001/medias/images/6770/VJ_W1BC_Series_0603-1608.jpg","720-VJ0603Y102JXACW1BCTR-ND,720-VJ0603Y102JXACW1BCCT-ND,720-VJ0603Y102JXACW1BCDKR-ND","VJ0603Y102JXACW1BC","Vishay Vitramon","Vishay Vitramon","CAP CER 1000PF 50V X7R 0603","120.287","0.0344","100","1","Tape & Reel (TR),Cut Tape (CT),Digi-Reel®","VJ W1BC","Active","1000 pF","±5%","50V","X7R","-55°C ~ 125°C","-","-","General Purpose","-","Surface Mount, MLCC","0603 (1608 Metric)","0.063"" L x 0.031"" W (1.60mm x 0.80mm)","-","0.034"" (0.87mm)","-","-","https://www.digikey.be/en/products/detail/vishay-vitramon/VJ0603Y102JXACW1BC/8305191"
"https://product.tdk.com/system/files/dam/doc/product/capacitor/ceramic/mlcc/catalog/mlcc_automotive_hightemp_en.pdf","//mm.digikey.com/Volume0/opasdata/d220001/medias/images/2097/CGA-Series-0603-%281608-Metric%29.jpg","445-5886-2-ND,445-5886-1-ND,445-5886-6-ND","CGA3E2X8R1H102K080AA","TDK","TDK","CAP CER 1000PF 50V X8R 0603","31.615","0.0344","100","1","Tape & Reel (TR),Cut Tape (CT),Digi-Reel®","CGA","Active","1000 pF","±10%","50V","X8R","-55°C ~ 150°C","High Temperature","AEC-Q200","Automotive","-","Surface Mount, MLCC","0603 (1608 Metric)","0.063"" L x 0.031"" W (1.60mm x 0.80mm)","-","0.035"" (0.90mm)","-","-","https://www.digikey.be/en/products/detail/tdk/CGA3E2X8R1H102K080AA/2443364"
"https://product.tdk.com/system/files/dam/doc/product/capacitor/ceramic/mlcc/catalog/mlcc_automotive_hightemp_en.pdf","//mm.digikey.com/Volume0/opasdata/d220001/medias/images/2097/CGA-Series-0603-%281608-Metric%29.jpg","445-CGA3E2X8R1H102M080AATR-ND,445-CGA3E2X8R1H102M080AACT-ND,445-CGA3E2X8R1H102M080AADKR-ND","CGA3E2X8R1H102M080AA","TDK","TDK","CAP CER 1000PF 50V X8R 0603","6.046","0.0344","100","1","Tape & Reel (TR),Cut Tape (CT),Digi-Reel®","CGA","Active","1000 pF","±20%","50V","X8R","-55°C ~ 150°C","High Temperature","AEC-Q200","Automotive","-","Surface Mount, MLCC","0603 (1608 Metric)","0.063"" L x 0.031"" W (1.60mm x 0.80mm)","-","0.035"" (0.90mm)","-","-","https://www.digikey.be/en/products/detail/tdk/CGA3E2X8R1H102M080AA/3949844"
"https://www.vishay.com/docs/28548/vjw1bcbascomseries.pdf","//mm.digikey.com/Volume0/opasdata/d220001/medias/images/6770/VJ_W1BC_Series_0603-1608.jpg","720-VJ0603Y102JXAPW1BCTR-ND,720-VJ0603Y102JXAPW1BCCT-ND,720-VJ0603Y102JXAPW1BCDKR-ND","VJ0603Y102JXAPW1BC","Vishay Vitramon","Vishay Vitramon","CAP CER 1000PF 50V X7R 0603","14.980","0.0344","100","1","Tape & Reel (TR),Cut Tape (CT),Digi-Reel®","VJ W1BC","Active","1000 pF","±5%","50V","X7R","-55°C ~ 125°C","-","-","General Purpose","-","Surface Mount, MLCC","0603 (1608 Metric)","0.063"" L x 0.031"" W (1.60mm x 0.80mm)","-","0.034"" (0.87mm)","-","-","https://www.digikey.be/en/products/detail/vishay-vitramon/VJ0603Y102JXAPW1BC/8305192"
"https://www.yageo.com/upload/media/product/productsearch/datasheet/mlcc/UPY-AS_X7R_16V-to-250V_3.pdf","//mm.digikey.com/Volume0/opasdata/d220001/medias/images/2488/0603%289mmthickness%29.jpg","13-AS0603KRX7R9BB102TR-ND,13-AS0603KRX7R9BB102CT-ND,13-AS0603KRX7R9BB102DKR-ND","AS0603KRX7R9BB102","YAGEO","YAGEO","CAP CER 1000PF 50V X7R 0603","4.000","0.0346","100","1","Tape & Reel (TR),Cut Tape (CT),Digi-Reel®","AS","Active","1000 pF","±10%","50V","X7R","-55°C ~ 125°C","Soft Termination","AEC-Q200","Automotive, Boardflex Sensitive","-","Surface Mount, MLCC","0603 (1608 Metric)","0.063"" L x 0.031"" W (1.60mm x 0.80mm)","-","0.037"" (0.95mm)","-","-","https://www.digikey.be/en/products/detail/yageo/AS0603KRX7R9BB102/16797850"
"https://yageogroup.com/content/datasheet/asset/file/UPY-AC_NP0X7RX7S_6_3V-TO-2KV","//mm.digikey.com/Volume0/opasdata/d220001/medias/images/6808/AC_Series_0603_1608.jpg","13-AC0603JRX7R9BB102TR-ND,13-AC0603JRX7R9BB102CT-ND,13-AC0603JRX7R9BB102DKR-ND","AC0603JRX7R9BB102","YAGEO","YAGEO","CAP CER 1000PF 50V X7R 0603","7.965","0.0355","100","1","Tape & Reel (TR),Cut Tape (CT),Digi-Reel®","AC","Active","1000 pF","±5%","50V","X7R","-55°C ~ 125°C","-","AEC-Q200","Automotive","-","Surface Mount, MLCC","0603 (1608 Metric)","0.063"" L x 0.031"" W (1.60mm x 0.80mm)","-","0.035"" (0.90mm)","-","-","https://www.digikey.be/en/products/detail/yageo/AC0603JRX7R9BB102/11489859"
"-","//mm.digikey.com/Volume0/opasdata/d220001/medias/images/5447/490-Ceramic-Capacitor-Tan-Field.jpg","490-GCE188R71H102KA01DTR-ND,490-GCE188R71H102KA01DCT-ND,490-GCE188R71H102KA01DDKR-ND","GCE188R71H102KA01D","Murata Electronics","Murata Electronics","CAP CER 1000PF 50V X7R 0603","2.745","0.0358","100","1","Tape & Reel (TR),Cut Tape (CT),Digi-Reel®","GCE","Active","1000 pF","±10%","50V","X7R","-55°C ~ 125°C","Open Mode, Soft Termination","AEC-Q200","Automotive, Boardflex Sensitive","-","Surface Mount, MLCC","0603 (1608 Metric)","0.063"" L x 0.031"" W (1.60mm x 0.80mm)","-","0.035"" (0.90mm)","-","-","https://www.digikey.be/en/products/detail/murata-electronics/GCE188R71H102KA01D/4421532"
"https://search.murata.co.jp/Ceramy/image/img/A01X/G101/ENG/GCE188R71H102MA01-01.pdf","//mm.digikey.com/Volume0/opasdata/d220001/medias/images/5447/490-Ceramic-Capacitor-Tan-Field.jpg","490-GCE188R71H102MA01DTR-ND,490-GCE188R71H102MA01DCT-ND,490-GCE188R71H102MA01DDKR-ND","GCE188R71H102MA01D","Murata Electronics","Murata Electronics","CAP CER","4.000","0.0358","100","1","Tape & Reel (TR),Cut Tape (CT),Digi-Reel®","GCE","Active","1000 pF","±20%","50V","X7R","-55°C ~ 125°C","Open Mode, Soft Termination","AEC-Q200","Automotive, Boardflex Sensitive","-","Surface Mount, MLCC","0603 (1608 Metric)","0.063"" L x 0.031"" W (1.60mm x 0.80mm)","-","0.035"" (0.90mm)","-","-","https://www.digikey.be/en/products/detail/murata-electronics/GCE188R71H102MA01D/10699912"
"https://www.murata.com/en-sg/api/pdfdownloadapi?cate=luCeramicCapacitorsSMD&partno=GCJ188R71H102KA01%23","//mm.digikey.com/Volume0/opasdata/d220001/medias/images/5447/490-Ceramic-Capacitor-Tan-Field.jpg","490-5768-2-ND,490-5768-1-ND,490-5768-6-ND","GCJ188R71H102KA01D","Murata Electronics","Murata Electronics","CAP CER 1000PF 50V X7R 0603","225.490","0.036","100","1","Tape & Reel (TR),Cut Tape (CT),Digi-Reel®","GCJ","Active","1000 pF","±10%","50V","X7R","-55°C ~ 125°C","Soft Termination","AEC-Q200","Automotive, Boardflex Sensitive","-","Surface Mount, MLCC","0603 (1608 Metric)","0.063"" L x 0.031"" W (1.60mm x 0.80mm)","-","0.031"" (0.80mm)","-","-","https://www.digikey.be/en/products/detail/murata-electronics/GCJ188R71H102KA01D/2782205"
"https://search.murata.co.jp/Ceramy/image/img/A01X/G101/ENG/GCM188R91H102KA37-01.pdf","//mm.digikey.com/Volume0/opasdata/d220001/medias/images/5447/490-Ceramic-Capacitor-Tan-Field.jpg","490-14360-2-ND,490-14360-1-ND,490-14360-6-ND","GCM188R91H102KA37D","Murata Electronics","Murata Electronics","CAP CER 1000PF 50V X8R 0603","82.703","0.0364","100","1","Tape & Reel (TR),Cut Tape (CT),Digi-Reel®","GCM","Active","1000 pF","±10%","50V","X8R","-55°C ~ 150°C","-","AEC-Q200","Automotive","-","Surface Mount, MLCC","0603 (1608 Metric)","0.063"" L x 0.031"" W (1.60mm x 0.80mm)","-","0.035"" (0.90mm)","-","-","https://www.digikey.be/en/products/detail/murata-electronics/GCM188R91H102KA37D/6605989"
"https://yageogroup.com/content/datasheet/asset/file/KEM_C1022_C0G_AUTO_SMD","//mm.digikey.com/Volume0/opasdata/d220001/medias/images/5352/0603-%281608-Metric%29-Ceramic-Capacitor.jpg","399-6844-2-ND,399-6844-1-ND,399-6844-6-ND","C0603C102J5GACAUTO","KEMET","KEMET","CAP CER 1000PF 50V C0G/NP0 0603","66.724","0.0369","100","1","Tape & Reel (TR),Cut Tape (CT),Digi-Reel®","SMD Auto C0G","Active","1000 pF","±5%","50V","C0G, NP0","-55°C ~ 125°C","Low ESL","AEC-Q200","Automotive","-","Surface Mount, MLCC","0603 (1608 Metric)","0.063"" L x 0.031"" W (1.60mm x 0.80mm)","-","0.034"" (0.87mm)","-","-","https://www.digikey.be/en/products/detail/kemet/C0603C102J5GACAUTO/3315056"
"//mm.digikey.com/Volume0/opasdata/d220001/medias/docus/5017/C0G_Dielectric_10-250_Auto.pdf","//mm.digikey.com/Volume0/opasdata/d220001/medias/images/5352/0603-%281608-Metric%29-Ceramic-Capacitor.jpg","399-C0603C102J5GAC3112TR-ND,399-C0603C102J5GAC3112CT-ND,399-C0603C102J5GAC3112DKR-ND","C0603C102J5GAC3112","KEMET","KEMET","CAP CER 1000PF 50V C0G/NP0 0603","30.000","0.0369","100","1","Tape & Reel (TR),Cut Tape (CT),Digi-Reel®","SMD Comm C0G","Active","1000 pF","±5%","50V","C0G, NP0","-55°C ~ 125°C","Low ESL","-","General Purpose","-","Surface Mount, MLCC","0603 (1608 Metric)","0.063"" L x 0.031"" W (1.60mm x 0.80mm)","-","-","-","-","https://www.digikey.be/en/products/detail/kemet/C0603C102J5GAC3112/18153782"
"https://yageogroup.com/content/datasheet/asset/file/KEM_C1003_C0G_SMD","//mm.digikey.com/Volume0/opasdata/d220001/medias/images/5352/0603-%281608-Metric%29-Ceramic-Capacitor.jpg","399-C0603C102J5GAC3121TR-ND,399-C0603C102J5GAC3121CT-ND,399-C0603C102J5GAC3121DKR-ND","C0603C102J5GAC3121","KEMET","KEMET","CAP CER 1000PF 50V C0G/NP0 0603","12.000","0.0369","100","1","Tape & Reel (TR),Cut Tape (CT),Digi-Reel®","SMD Comm C0G","Active","1000 pF","±5%","50V","C0G, NP0","-55°C ~ 125°C","Low ESL","-","General Purpose","-","Surface Mount, MLCC","0603 (1608 Metric)","0.063"" L x 0.031"" W (1.60mm x 0.80mm)","-","-","-","-","https://www.digikey.be/en/products/detail/kemet/C0603C102J5GAC3121/22057283"
"https://www.vishay.com/docs/28548/vjw1bcbascomseries.pdf","//mm.digikey.com/Volume0/opasdata/d220001/medias/images/6770/VJ_W1BC_Series_0603-1608.jpg","720-VJ0603Y102KXXCW1BCTR-ND,720-VJ0603Y102KXXCW1BCCT-ND,720-VJ0603Y102KXXCW1BCDKR-ND","VJ0603Y102KXXCW1BC","Vishay Vitramon","Vishay Vitramon","CAP CER 1000PF 25V X7R 0603","6.733","0.0379","100","1","Tape & Reel (TR),Cut Tape (CT),Digi-Reel®","VJ W1BC","Active","1000 pF","±10%","25V","X7R","-55°C ~ 125°C","-","-","General Purpose","-","Surface Mount, MLCC","0603 (1608 Metric)","0.063"" L x 0.031"" W (1.60mm x 0.80mm)","-","0.034"" (0.87mm)","-","-","https://www.digikey.be/en/products/detail/vishay-vitramon/VJ0603Y102KXXCW1BC/8305232"
"https://www.vishay.com/docs/28548/vjw1bcbascomseries.pdf","//mm.digikey.com/Volume0/opasdata/d220001/medias/images/6770/VJ_W1BC_Series_0603-1608.jpg","720-1679-2-ND,720-1679-1-ND,720-1679-6-ND","VJ0603Y102KXQCW1BC","Vishay Vitramon","Vishay Vitramon","CAP CER 1000PF 10V X7R 0603","5.237","0.0379","100","1","Tape & Reel (TR),Cut Tape (CT),Digi-Reel®","VJ W1BC","Active","1000 pF","±10%","10V","X7R","-55°C ~ 125°C","-","-","General Purpose","-","Surface Mount, MLCC","0603 (1608 Metric)","0.063"" L x 0.031"" W (1.60mm x 0.80mm)","-","0.034"" (0.87mm)","-","-","https://www.digikey.be/en/products/detail/vishay-vitramon/VJ0603Y102KXQCW1BC/8305229"
"https://www.vishay.com/docs/28548/vjw1bcbascomseries.pdf","//mm.digikey.com/Volume0/opasdata/d220001/medias/images/6770/VJ_W1BC_Series_0603-1608.jpg","720-VJ0603Y102MXQCW1BCTR-ND,720-VJ0603Y102MXQCW1BCCT-ND,720-VJ0603Y102MXQCW1BCDKR-ND","VJ0603Y102MXQCW1BC","Vishay Vitramon","Vishay Vitramon","CAP CER 1000PF 10V X7R 0603","2.998","0.0379","100","1","Tape & Reel (TR),Cut Tape (CT),Digi-Reel®","VJ W1BC","Active","1000 pF","±20%","10V","X7R","-55°C ~ 125°C","-","-","General Purpose","-","Surface Mount, MLCC","0603 (1608 Metric)","0.063"" L x 0.031"" W (1.60mm x 0.80mm)","-","0.034"" (0.87mm)","-","-","https://www.digikey.be/en/products/detail/vishay-vitramon/VJ0603Y102MXQCW1BC/8305249"
"https://yageogroup.com/content/datasheet/asset/file/UPY-AC_NP0X7RX7S_6_3V-TO-2KV","//mm.digikey.com/Volume0/opasdata/d220001/medias/images/6808/AC_Series_0603_1608.jpg","13-AC0603JRNPO9BN102TR-ND,13-AC0603JRNPO9BN102CT-ND,13-AC0603JRNPO9BN102DKR-ND","AC0603JRNPO9BN102","YAGEO","YAGEO","CAP CER 1000PF 50V C0G/NPO 0603","17.250","0.0382","100","1","Tape & Reel (TR),Cut Tape (CT),Digi-Reel®","AC","Active","1000 pF","±5%","50V","C0G, NP0","-55°C ~ 125°C","-","AEC-Q200","Automotive","-","Surface Mount, MLCC","0603 (1608 Metric)","0.063"" L x 0.031"" W (1.60mm x 0.80mm)","-","0.035"" (0.90mm)","-","-","https://www.digikey.be/en/products/detail/yageo/AC0603JRNPO9BN102/7707928"
"https://yageogroup.com/content/datasheet/asset/file/KEM_C1090_X7R_ESD","//mm.digikey.com/Volume0/opasdata/d220001/medias/images/5352/0603-%281608-Metric%29-Ceramic-Capacitor.jpg","399-17878-2-ND,399-17878-1-ND,399-17878-6-ND","C0603C102K4RECAUTO","KEMET","KEMET","CAP CER 0603 1NF 16V X7R 10%","14.988","0.0382","100","1","Tape & Reel (TR),Cut Tape (CT),Digi-Reel®","ESD SMD Auto X7R","Active","1000 pF","±10%","16V","X7R","-55°C ~ 125°C","-","AEC-Q200","Automotive, ESD Protection","-","Surface Mount, MLCC","0603 (1608 Metric)","0.063"" L x 0.031"" W (1.60mm x 0.80mm)","-","0.034"" (0.87mm)","-","-","https://www.digikey.be/en/products/detail/kemet/C0603C102K4RECAUTO/8640472"
"https://yageogroup.com/content/datasheet/asset/file/UPY-AC_NP0X7RX7S_6_3V-TO-2KV","//mm.digikey.com/Volume0/opasdata/d220001/medias/images/6808/AC_Series_0603_1608.jpg","13-AC0603JPNPO9BN102TR-ND,13-AC0603JPNPO9BN102CT-ND,13-AC0603JPNPO9BN102DKR-ND","AC0603JPNPO9BN102","YAGEO","YAGEO","CAP CER 1000PF 50V C0G/NP0 0603","11.744","0.0382","100","1","Tape & Reel (TR),Cut Tape (CT),Digi-Reel®","AC","Active","1000 pF","±5%","50V","C0G, NP0","-55°C ~ 125°C","-","AEC-Q200","Automotive","-","Surface Mount, MLCC","0603 (1608 Metric)","0.063"" L x 0.031"" W (1.60mm x 0.80mm)","-","0.035"" (0.90mm)","-","-","https://www.digikey.be/en/products/detail/yageo/AC0603JPNPO9BN102/16797673"
"https://datasheets.kyocera-avx.com/C0GNP0-KGM.pdf","//mm.digikey.com/Volume0/opasdata/d220001/medias/images/4845/478_0603-%281608-Metric%29-0%2C90mm.jpg","478-KGM15ACG1H102KTTR-ND,478-KGM15ACG1H102KTCT-ND,478-KGM15ACG1H102KTDKR-ND","KGM15ACG1H102KT","KYOCERA AVX","KYOCERA AVX","CAP CER 1000PF 50V C0G/NP0 0603","12.649","0.0386","100","1","Tape & Reel (TR),Cut Tape (CT),Digi-Reel®","KGM - C0G","Active","1000 pF","±10%","50V","C0G, NP0","-55°C ~ 125°C","-","-","General Purpose","-","Surface Mount, MLCC","0603 (1608 Metric)","0.063"" L x 0.032"" W (1.60mm x 0.81mm)","-","0.035"" (0.90mm)","-","-","https://www.digikey.be/en/products/detail/kyocera-avx/KGM15ACG1H102KT/1116244"
"https://yageogroup.com/content/datasheet/asset/file/KEM_C1007_X8R_ULTRA_150C_SMD","//mm.digikey.com/Volume0/opasdata/d220001/medias/images/5352/0603-%281608-Metric%29-Ceramic-Capacitor.jpg","399-C0603C102J8HACAUTOTR-ND,399-C0603C102J8HACAUTOCT-ND,399-C0603C102J8HACAUTODKR-ND","C0603C102J8HACAUTO","KEMET","KEMET","CAP CER 0603 1NF 10V ULTRA STABL","29.048","0.039","100","1","Tape & Reel (TR),Cut Tape (CT),Digi-Reel®","SMD Auto X8R HT150C","Active","1000 pF","±5%","10V","X8R","-55°C ~ 150°C","Low ESL, High Temperature","AEC-Q200","Automotive","-","Surface Mount, MLCC","0603 (1608 Metric)","0.063"" L x 0.031"" W (1.60mm x 0.80mm)","-","0.034"" (0.87mm)","-","-","https://www.digikey.be/en/products/detail/kemet/C0603C102J8HACAUTO/7957085"
"https://product.tdk.com/system/files/dam/doc/product/capacitor/ceramic/mlcc/catalog/mlcc_commercial_general_en.pdf","//mm.digikey.com/Volume0/opasdata/d220001/medias/images/5741/MFG_C1608X7R1C105K080DC.jpg","445-C1608C0G1H102J080DATR-ND,445-C1608C0G1H102J080DACT-ND,445-C1608C0G1H102J080DADKR-ND","C1608C0G1H102J080DA","TDK","TDK","COMMERCIAL GRADE,0603,C0G,50V,1N","18.364","0.0391","100","1","Tape & Reel (TR),Cut Tape (CT),Digi-Reel®","C","Active","1000 pF","±5%","50V","C0G, NP0","-55°C ~ 125°C","Low ESL","-","General Purpose","-","Surface Mount, MLCC","0603 (1608 Metric)","0.063"" L x 0.031"" W (1.60mm x 0.80mm)","-","0.035"" (0.90mm)","-","-","https://www.digikey.be/en/products/detail/tdk/C1608C0G1H102J080DA/22106153"
"-","//mm.digikey.com/Volume0/opasdata/d220001/medias/images/331/Taiyo-Yuden-0603-%281608-Metric%29.jpg","587-6371-2-ND,587-6371-1-ND,587-6371-6-ND","UMK107B7102KAHT","Taiyo Yuden","Taiyo Yuden","CAP CER 1000PF 50V X7R 0603","24.379","0.0408","100","1","Tape & Reel (TR),Cut Tape (CT),Digi-Reel®","M","Active","1000 pF","±10%","50V","X7R","-55°C ~ 125°C","-","AEC-Q200","Automotive","-","Surface Mount, MLCC","0603 (1608 Metric)","0.063"" L x 0.031"" W (1.60mm x 0.80mm)","-","0.035"" (0.90mm)","-","-","https://www.digikey.be/en/products/detail/taiyo-yuden/UMK107B7102KAHT/4971055"
"//mm.digikey.com/Volume0/opasdata/d220001/medias/docus/4891/MC_mlcc_DS.pdf","//mm.digikey.com/Volume0/opasdata/d220001/medias/images/3245/MFG_MCASU168SB7102KTNA01.jpg","587-MCASU168SB7102KTNA01TR-ND,587-MCASU168SB7102KTNA01CT-ND,587-MCASU168SB7102KTNA01DKR-ND","MCASU168SB7102KTNA01","Taiyo Yuden","Taiyo Yuden","CAP CER 1000PF 50V X7R 0603","272","0.0408","100","1","Tape & Reel (TR),Cut Tape (CT),Digi-Reel®","MCAS","Active","1000 pF","±10%","50V","X7R","-55°C ~ 125°C","-","AEC-Q200","Automotive","-","Surface Mount, MLCC","0603 (1608 Metric)","0.063"" L x 0.031"" W (1.60mm x 0.80mm)","-","0.035"" (0.90mm)","-","-","https://www.digikey.be/en/products/detail/taiyo-yuden/MCASU168SB7102KTNA01/16660228"
"https://product.tdk.com/system/files/dam/doc/product/capacitor/ceramic/mlcc/catalog/mlcc_commercial_general_en.pdf","//mm.digikey.com/Volume0/opasdata/d220001/medias/images/4850/445_0603-%281608-Metric%29-0%2C95mm-C-Series.jpg","445-1293-2-ND,445-1293-1-ND,445-1293-6-ND","C1608C0G1H102J080AA","TDK","TDK","CAP CER 1000PF 50V C0G 0603","38","0.0408","100","1","Tape & Reel (TR),Cut Tape (CT),Digi-Reel®","C","Active","1000 pF","±5%","50V","C0G, NP0","-55°C ~ 125°C","Low ESL","-","General Purpose","-","Surface Mount, MLCC","0603 (1608 Metric)","0.063"" L x 0.031"" W (1.60mm x 0.80mm)","-","0.035"" (0.90mm)","-","-","https://www.digikey.be/en/products/detail/tdk/C1608C0G1H102J080AA/513735"
"https://datasheets.kyocera-avx.com/C0GNP0-KGM.pdf","//mm.digikey.com/Volume0/opasdata/d220001/medias/images/4845/478_0603-%281608-Metric%29-0%2C90mm.jpg","478-KGM15ACG1E102JTTR-ND,478-KGM15ACG1E102JTCT-ND,478-KGM15ACG1E102JTDKR-ND","KGM15ACG1E102JT","KYOCERA AVX","KYOCERA AVX","CAP CER 1000PF 25V C0G/NP0 0603","37.106","0.041","100","1","Tape & Reel (TR),Cut Tape (CT),Digi-Reel®","KGM - C0G","Active","1000 pF","±5%","25V","C0G, NP0","-55°C ~ 125°C","-","-","General Purpose","-","Surface Mount, MLCC","0603 (1608 Metric)","0.063"" L x 0.032"" W (1.60mm x 0.81mm)","-","0.035"" (0.90mm)","-","-","https://www.digikey.be/en/products/detail/kyocera-avx/KGM15ACG1E102JT/1599079"
"https://datasheets.kyocera-avx.com/C0GNP0-KGM.pdf","//mm.digikey.com/Volume0/opasdata/d220001/medias/images/4845/478_0603-%281608-Metric%29-0%2C90mm.jpg","478-KGM15ACG1E102JMTR-ND,478-KGM15ACG1E102JMCT-ND,478-KGM15ACG1E102JMDKR-ND","KGM15ACG1E102JM","KYOCERA AVX","KYOCERA AVX","CAP CER 1000PF 25V C0G/NP0 0603","14.890","0.041","100","1","Tape & Reel (TR),Cut Tape (CT),Digi-Reel®","KGM - C0G","Active","1000 pF","±5%","25V","C0G, NP0","-55°C ~ 125°C","-","-","General Purpose","-","Surface Mount, MLCC","0603 (1608 Metric)","0.063"" L x 0.032"" W (1.60mm x 0.81mm)","-","0.035"" (0.90mm)","-","-","https://www.digikey.be/en/products/detail/kyocera-avx/KGM15ACG1E102JM/1599080"
"https://yageogroup.com/content/datasheet/asset/file/KEM_C1007_X8R_ULTRA_150C_SMD","//mm.digikey.com/Volume0/opasdata/d220001/medias/images/5352/0603-%281608-Metric%29-Ceramic-Capacitor.jpg","399-C0603C102F4HACTUTR-ND,399-C0603C102F4HACTUCT-ND,399-C0603C102F4HACTUDKR-ND","C0603C102F4HACTU","KEMET","KEMET","CAP CER 1000PF 16V X8R 0603","7.415","0.0416","100","1","Tape & Reel (TR),Cut Tape (CT),Digi-Reel®","SMD Comm X8R HT150C","Active","1000 pF","±1%","16V","X8R","-55°C ~ 150°C","Low ESL, High Temperature","-","General Purpose","-","Surface Mount, MLCC","0603 (1608 Metric)","0.063"" L x 0.031"" W (1.60mm x 0.80mm)","-","0.034"" (0.87mm)","-","-","https://www.digikey.be/en/products/detail/kemet/C0603C102F4HACTU/7946190"
"https://yageogroup.com/content/datasheet/asset/file/KEM_C1022_C0G_AUTO_SMD","//mm.digikey.com/Volume0/opasdata/d220001/medias/images/5352/0603-%281608-Metric%29-Ceramic-Capacitor.jpg","399-C0603C102J3GACAUTOTR-ND,399-C0603C102J3GACAUTOCT-ND,399-C0603C102J3GACAUTODKR-ND","C0603C102J3GACAUTO","KEMET","KEMET","CAP CER 1000PF 25V C0G/NP0 0603","53.267","0.0422","100","1","Tape & Reel (TR),Cut Tape (CT),Digi-Reel®","SMD Auto C0G","Active","1000 pF","±5%","25V","C0G, NP0","-55°C ~ 125°C","Low ESL","AEC-Q200","Automotive","-","Surface Mount, MLCC","0603 (1608 Metric)","0.063"" L x 0.031"" W (1.60mm x 0.80mm)","-","0.034"" (0.87mm)","-","-","https://www.digikey.be/en/products/detail/kemet/C0603C102J3GACAUTO/10642460"
"https://www.vishay.com/docs/28548/vjw1bcbascomseries.pdf","//mm.digikey.com/Volume0/opasdata/d220001/medias/images/6770/VJ_W1BC_Series_0603-1608.jpg","720-1652-2-ND,720-1652-1-ND,720-1652-6-ND","VJ0603A102JXACW1BC","Vishay Vitramon","Vishay Vitramon","CAP CER 1000PF 50V C0G/NP0 0603","4.186","0.0424","100","1","Tape & Reel (TR),Cut Tape (CT),Digi-Reel®","VJ W1BC","Active","1000 pF","±5%","50V","C0G, NP0","-55°C ~ 125°C","-","-","General Purpose","-","Surface Mount, MLCC","0603 (1608 Metric)","0.063"" L x 0.031"" W (1.60mm x 0.80mm)","-","0.034"" (0.87mm)","-","-","https://www.digikey.be/en/products/detail/vishay-vitramon/VJ0603A102JXACW1BC/8302913"
"https://yageogroup.com/content/datasheet/asset/file/UPY-ST_NPOX7R_16V-TO-3KV","//mm.digikey.com/Volume0/opasdata/d220001/medias/images/2488/0603%289mmthickness%29.jpg","13-CS0603JRX7R9BB102TR-ND,13-CS0603JRX7R9BB102CT-ND,13-CS0603JRX7R9BB102DKR-ND","CS0603JRX7R9BB102","YAGEO","YAGEO","CAP CER 1000PF 50V X7R 0603","7.628","0.0434","100","1","Tape & Reel (TR),Cut Tape (CT),Digi-Reel®","CS","Active","1000 pF","±5%","50V","X7R","-55°C ~ 125°C","Soft Termination","-","Boardflex Sensitive","-","Surface Mount, MLCC","0603 (1608 Metric)","0.063"" L x 0.031"" W (1.60mm x 0.80mm)","-","0.037"" (0.95mm)","-","-","https://www.digikey.be/en/products/detail/yageo/CS0603JRX7R9BB102/16797948"
"https://product.tdk.com/system/files/dam/doc/product/capacitor/ceramic/mlcc/catalog/mlcc_commercial_soft_en.pdf","//mm.digikey.com/Volume0/opasdata/d220001/medias/images/4850/445_0603-%281608-Metric%29-0%2C95mm-C-Series.jpg","445-15923-2-ND,445-15923-1-ND,445-15923-6-ND","C1608X7R1H102K080AE","TDK","TDK","CAP CER 1000PF 50V X7R 0603","493.025","0.0439","100","1","Tape & Reel (TR),Cut Tape (CT),Digi-Reel®","C","Active","1000 pF","±10%","50V","X7R","-55°C ~ 125°C","Soft Termination","-","Boardflex Sensitive","-","Surface Mount, MLCC","0603 (1608 Metric)","0.063"" L x 0.031"" W (1.60mm x 0.80mm)","-","0.037"" (0.95mm)","-","-","https://www.digikey.be/en/products/detail/tdk/C1608X7R1H102K080AE/4490560"
"https://yageogroup.com/content/datasheet/asset/file/KEM_C1090_X7R_ESD","//mm.digikey.com/Volume0/opasdata/d220001/medias/images/5352/0603-%281608-Metric%29-Ceramic-Capacitor.jpg","399-C0603C102M3RECAUTOTR-ND,399-C0603C102M3RECAUTOCT-ND,399-C0603C102M3RECAUTODKR-ND","C0603C102M3RECAUTO","KEMET","KEMET","CAP CER 1000PF 25V X7R 0603","11.432","0.0444","100","1","Tape & Reel (TR),Cut Tape (CT),Digi-Reel®","ESD SMD Auto X7R","Active","1000 pF","±20%","25V","X7R","-55°C ~ 125°C","-","AEC-Q200","Automotive, ESD Protection","-","Surface Mount, MLCC","0603 (1608 Metric)","0.063"" L x 0.031"" W (1.60mm x 0.80mm)","-","0.034"" (0.87mm)","-","-","https://www.digikey.be/en/products/detail/kemet/C0603C102M3RECAUTO/6826026"
"https://search.murata.co.jp/Ceramy/image/img/A01X/G101/ENG/GCM188L81H102KA03-01A.pdf","//mm.digikey.com/Volume0/opasdata/d220001/medias/images/5447/490-Ceramic-Capacitor-Tan-Field.jpg","490-GCM188L81H102KA03DTR-ND,490-GCM188L81H102KA03DCT-ND,490-GCM188L81H102KA03DDKR-ND","GCM188L81H102KA03D","Murata Electronics","Murata Electronics","CAP CER 1000PF 50V X8L 0603","3.900","0.0452","100","1","Tape & Reel (TR),Cut Tape (CT),Digi-Reel®","GCM","Active","1000 pF","±10%","50V","X8L","-55°C ~ 150°C","-","AEC-Q200","Automotive","-","Surface Mount, MLCC","0603 (1608 Metric)","0.063"" L x 0.031"" W (1.60mm x 0.80mm)","-","0.035"" (0.90mm)","-","-","https://www.digikey.be/en/products/detail/murata-electronics/GCM188L81H102KA03D/17847677"
"https://www.vishay.com/docs/28548/vjw1bcbascomseries.pdf","//mm.digikey.com/Volume0/opasdata/d220001/medias/images/6770/VJ_W1BC_Series_0603-1608.jpg","720-VJ0603A102JXXCW1BCTR-ND,720-VJ0603A102JXXCW1BCCT-ND,720-VJ0603A102JXXCW1BCDKR-ND","VJ0603A102JXXCW1BC","Vishay Vitramon","Vishay Vitramon","CAP CER 1000PF 25V C0G/NP0 0603","1.489","0.0458","100","1","Tape & Reel (TR),Cut Tape (CT),Digi-Reel®","VJ W1BC","Active","1000 pF","±5%","25V","C0G, NP0","-55°C ~ 125°C","-","-","General Purpose","-","Surface Mount, MLCC","0603 (1608 Metric)","0.063"" L x 0.031"" W (1.60mm x 0.80mm)","-","0.034"" (0.87mm)","-","-","https://www.digikey.be/en/products/detail/vishay-vitramon/VJ0603A102JXXCW1BC/8302919"
"https://yageogroup.com/content/datasheet/asset/file/KEM_C1090_X7R_ESD","//mm.digikey.com/Volume0/opasdata/d220001/medias/images/5352/0603-%281608-Metric%29-Ceramic-Capacitor.jpg","399-14169-2-ND,399-14169-1-ND,399-14169-6-ND","C0603C102K5RECTU","KEMET","KEMET","CAP CER 1000PF 50V X7R 0603","41.650","0.0474","100","1","Tape & Reel (TR),Cut Tape (CT),Digi-Reel®","ESD SMD Comm X7R","Active","1000 pF","±10%","50V","X7R","-55°C ~ 125°C","-","-","ESD Protection","-","Surface Mount, MLCC","0603 (1608 Metric)","0.063"" L x 0.031"" W (1.60mm x 0.80mm)","-","0.034"" (0.87mm)","-","-","https://www.digikey.be/en/products/detail/kemet/C0603C102K5RECTU/6825421"
"https://www.yageo.com/en/Chart/Download/pdf/CC0603GRNPO9BN102","//mm.digikey.com/Volume0/opasdata/d220001/medias/images/2488/0603%289mmthickness%29.jpg","311-3916-2-ND,311-3916-1-ND,311-3916-6-ND","CC0603GRNPO9BN102","YAGEO","YAGEO","CAP CER 1000PF 50V C0G/NPO 0603","11.485","0.0474","100","1","Tape & Reel (TR),Cut Tape (CT),Digi-Reel®","CC","Active","1000 pF","±2%","50V","C0G, NP0","-55°C ~ 125°C","-","-","General Purpose","-","Surface Mount, MLCC","0603 (1608 Metric)","0.063"" L x 0.031"" W (1.60mm x 0.80mm)","-","0.035"" (0.90mm)","-","-","https://www.digikey.be/en/products/detail/yageo/CC0603GRNPO9BN102/5883539"
"https://www.yageo.com/en/Chart/Download/pdf/CC0603GRNPO8BN102","//mm.digikey.com/Volume0/opasdata/d220001/medias/images/2488/0603%289mmthickness%29.jpg","311-3914-2-ND,311-3914-1-ND,311-3914-6-ND","CC0603GRNPO8BN102","YAGEO","YAGEO","CAP CER 1000PF 25V C0G/NPO 0603","1.448","0.0474","100","1","Tape & Reel (TR),Cut Tape (CT),Digi-Reel®","CC","Active","1000 pF","±2%","25V","C0G, NP0","-55°C ~ 125°C","-","-","General Purpose","-","Surface Mount, MLCC","0603 (1608 Metric)","0.063"" L x 0.031"" W (1.60mm x 0.80mm)","-","0.035"" (0.90mm)","-","-","https://www.digikey.be/en/products/detail/yageo/CC0603GRNPO8BN102/5883535"
"https://yageogroup.com/content/datasheet/asset/file/UPY-AC_NP0X7RX7S_6_3V-TO-2KV","//mm.digikey.com/Volume0/opasdata/d220001/medias/images/6808/AC_Series_0603_1608.jpg","311-3116-2-ND,311-3116-1-ND,311-3116-6-ND","AC0603KRX7R9BB102","YAGEO","YAGEO","CAP CER 1000PF 50V X7R 0603","40.188","0.0477","100","1","Tape & Reel (TR),Cut Tape (CT),Digi-Reel®","AC","Active","1000 pF","±10%","50V","X7R","-55°C ~ 125°C","-","AEC-Q200","Automotive","-","Surface Mount, MLCC","0603 (1608 Metric)","0.063"" L x 0.031"" W (1.60mm x 0.80mm)","-","0.035"" (0.90mm)","-","-","https://www.digikey.be/en/products/detail/yageo/AC0603KRX7R9BB102/6643102"
"https://yageogroup.com/content/datasheet/asset/file/UPY-AC_NP0X7RX7S_6_3V-TO-2KV","//mm.digikey.com/Volume0/opasdata/d220001/medias/images/6808/AC_Series_0603_1608.jpg","13-AC0603KPX7R9BB102TR-ND,13-AC0603KPX7R9BB102CT-ND,13-AC0603KPX7R9BB102DKR-ND","AC0603KPX7R9BB102","YAGEO","YAGEO","CAP CER 1000PF 50V X7R 0603","16.724","0.0477","100","1","Tape & Reel (TR),Cut Tape (CT),Digi-Reel®","AC","Active","1000 pF","±10%","50V","X7R","-55°C ~ 125°C","-","AEC-Q200","Automotive","-","Surface Mount, MLCC","0603 (1608 Metric)","0.063"" L x 0.031"" W (1.60mm x 0.80mm)","-","0.035"" (0.90mm)","-","-","https://www.digikey.be/en/products/detail/yageo/AC0603KPX7R9BB102/11490223"
"https://calchip.com/wp-content/uploads/2026/04/GMC-Series-1.pdf","//mm.digikey.com/Volume0/opasdata/d220001/medias/images/5781/MFG_Cal-Chip-All-Capacitors.jpg","4713-GMC10CG102F25NTTR-ND,4713-GMC10CG102F25NTCT-ND,4713-GMC10CG102F25NTDKR-ND","GMC10CG102F25NT","Cal-Chip Electronics, Inc.","Cal-Chip Electronics, Inc.","CAP0603 COG 1000PF 1% 25V","1.276","0.049","100","1","Tape & Reel (TR),Cut Tape (CT),Digi-Reel®","GMC","Active","1000 pF","±1%","25V","C0G, NP0","-55°C ~ 125°C","-","-","General Purpose","-","Surface Mount, MLCC","0603 (1608 Metric)","0.063"" L x 0.031"" W (1.60mm x 0.80mm)","-","0.035"" (0.90mm)","-","-","https://www.digikey.be/en/products/detail/cal-chip-electronics-inc/GMC10CG102F25NT/24398891"
"https://product.tdk.com/system/files/dam/doc/product/capacitor/ceramic/mlcc/catalog/mlcc_automotive_general_en.pdf","//mm.digikey.com/Volume0/opasdata/d220001/medias/images/2097/CGA-Series-0603-%281608-Metric%29.jpg","445-5652-2-ND,445-5652-1-ND,445-5652-6-ND","CGA3E2C0G1H102J080AA","TDK","TDK","CAP CER 1000PF 50V C0G 0603","50.469","0.0499","100","1","Tape & Reel (TR),Cut Tape (CT),Digi-Reel®","CGA","Active","1000 pF","±5%","50V","C0G, NP0","-55°C ~ 125°C","-","AEC-Q200","Automotive","-","Surface Mount, MLCC","0603 (1608 Metric)","0.063"" L x 0.031"" W (1.60mm x 0.80mm)","-","0.035"" (0.90mm)","-","-","https://www.digikey.be/en/products/detail/tdk/CGA3E2C0G1H102J080AA/2443130"
"https://yageogroup.com/content/datasheet/asset/file/KEM_C1086_U2J","//mm.digikey.com/Volume0/opasdata/d220001/medias/images/5352/0603-%281608-Metric%29-Ceramic-Capacitor.jpg","399-C0603C102K5JACTUTR-ND,399-C0603C102K5JACTUCT-ND,399-C0603C102K5JACTUDKR-ND","C0603C102K5JACTU","KEMET","KEMET","CAP CER 1000PF 50V U2J 0603","11.277","0.0501","100","1","Tape & Reel (TR),Cut Tape (CT),Digi-Reel®","SMD Comm U2J","Active","1000 pF","±10%","50V","U2J","-55°C ~ 125°C","Low ESL, Low Dissipation Factor","-","General Purpose","-","Surface Mount, MLCC","0603 (1608 Metric)","0.063"" L x 0.031"" W (1.60mm x 0.80mm)","-","0.034"" (0.87mm)","-","-","https://www.digikey.be/en/products/detail/kemet/C0603C102K5JACTU/6176744"
"https://www.vishay.com/docs/28548/vjw1bcbascomseries.pdf","//mm.digikey.com/Volume0/opasdata/d220001/medias/images/6770/VJ_W1BC_Series_0603-1608.jpg","720-VJ0603A102KXACW1BCTR-ND,720-VJ0603A102KXACW1BCCT-ND,720-VJ0603A102KXACW1BCDKR-ND","VJ0603A102KXACW1BC","Vishay Vitramon","Vishay Vitramon","CAP CER 1000PF 50V C0G/NP0 0603","2.541","0.0507","100","1","Tape & Reel (TR),Cut Tape (CT),Digi-Reel®","VJ W1BC","Active","1000 pF","±10%","50V","C0G, NP0","-55°C ~ 125°C","-","-","General Purpose","-","Surface Mount, MLCC","0603 (1608 Metric)","0.063"" L x 0.031"" W (1.60mm x 0.80mm)","-","0.034"" (0.87mm)","-","-","https://www.digikey.be/en/products/detail/vishay-vitramon/VJ0603A102KXACW1BC/8302921"
"https://www.vishay.com/docs/28548/vjw1bcbascomseries.pdf","//mm.digikey.com/Volume0/opasdata/d220001/medias/images/6770/VJ_W1BC_Series_0603-1608.jpg","720-VJ0603A102JXAPW1BCTR-ND,720-VJ0603A102JXAPW1BCCT-ND,720-VJ0603A102JXAPW1BCDKR-ND","VJ0603A102JXAPW1BC","Vishay Vitramon","Vishay Vitramon","CAP CER 1000PF 50V C0G/NP0 0603","23.137","0.0507","100","1","Tape & Reel (TR),Cut Tape (CT),Digi-Reel®","VJ W1BC","Active","1000 pF","±5%","50V","C0G, NP0","-55°C ~ 125°C","-","-","General Purpose","-","Surface Mount, MLCC","0603 (1608 Metric)","0.063"" L x 0.031"" W (1.60mm x 0.80mm)","-","0.034"" (0.87mm)","-","-","https://www.digikey.be/en/products/detail/vishay-vitramon/VJ0603A102JXAPW1BC/8302914"
"https://www.vishay.com/docs/28548/vjw1bcbascomseries.pdf","//mm.digikey.com/Volume0/opasdata/d220001/medias/images/6770/VJ_W1BC_Series_0603-1608.jpg","720-VJ0603Y102JXXCW1BCTR-ND,720-VJ0603Y102JXXCW1BCCT-ND,720-VJ0603Y102JXXCW1BCDKR-ND","VJ0603Y102JXXCW1BC","Vishay Vitramon","Vishay Vitramon","CAP CER 1000PF 25V X7R 0603","4.939","0.0512","100","1","Tape & Reel (TR),Cut Tape (CT),Digi-Reel®","VJ W1BC","Active","1000 pF","±5%","25V","X7R","-55°C ~ 125°C","-","-","General Purpose","-","Surface Mount, MLCC","0603 (1608 Metric)","0.063"" L x 0.031"" W (1.60mm x 0.80mm)","-","0.034"" (0.87mm)","-","-","https://www.digikey.be/en/products/detail/vishay-vitramon/VJ0603Y102JXXCW1BC/8305207"
"https://calchip.com/wp-content/uploads/2026/04/GMC-Series-1.pdf","//mm.digikey.com/Volume0/opasdata/d220001/medias/images/5781/MFG_Cal-Chip-All-Capacitors.jpg","4713-GMC10CG102G25NTTR-ND,4713-GMC10CG102G25NTCT-ND,4713-GMC10CG102G25NTDKR-ND","GMC10CG102G25NT","Cal-Chip Electronics, Inc.","Cal-Chip Electronics, Inc.","CAP0603 COG 1000PF 2% 25V","4.000","0.0517","100","1","Tape & Reel (TR),Cut Tape (CT),Digi-Reel®","GMC","Active","1000 pF","±2%","25V","C0G, NP0","-55°C ~ 125°C","General Purpose","-","General Purpose","-","Surface Mount, MLCC","0603 (1608 Metric)","0.063"" L x 0.031"" W (1.60mm x 0.80mm)","-","0.035"" (0.90mm)","-","-","https://www.digikey.be/en/products/detail/cal-chip-electronics-inc/GMC10CG102G25NT/27784080"
"https://search.murata.co.jp/Ceramy/image/img/A01X/G101/ENG/GCM1885C1H102JA16-01.pdf","//mm.digikey.com/Volume0/opasdata/d220001/medias/images/5447/490-Ceramic-Capacitor-Tan-Field.jpg","490-8002-2-ND,490-8002-1-ND,490-8002-6-ND","GCM1885C1H102JA16J","Murata Electronics","Murata Electronics","CAP CER 1000PF 50V C0G/NP0 0603","327.704","0.0521","100","1","Tape & Reel (TR),Cut Tape (CT),Digi-Reel®","GCM","Active","1000 pF","±5%","50V","C0G, NP0","-55°C ~ 125°C","-","AEC-Q200","Automotive","-","Surface Mount, MLCC","0603 (1608 Metric)","0.063"" L x 0.031"" W (1.60mm x 0.80mm)","-","0.035"" (0.90mm)","-","-","https://www.digikey.be/en/products/detail/murata-electronics/GCM1885C1H102JA16J/2591371"
"https://search.murata.co.jp/Ceramy/image/img/A01X/G101/ENG/GCM1885C1H102JA16-01.pdf","//mm.digikey.com/Volume0/opasdata/d220001/medias/images/5447/490-Ceramic-Capacitor-Tan-Field.jpg","490-4768-2-ND,490-4768-1-ND,490-4768-6-ND","GCM1885C1H102JA16D","Murata Electronics","Murata Electronics","CAP CER 1000PF 50V C0G/NP0 0603","103.376","0.0521","100","1","Tape & Reel (TR),Cut Tape (CT),Digi-Reel®","GCM","Active","1000 pF","±5%","50V","C0G, NP0","-55°C ~ 125°C","-","AEC-Q200","Automotive","-","Surface Mount, MLCC","0603 (1608 Metric)","0.063"" L x 0.031"" W (1.60mm x 0.80mm)","-","0.035"" (0.90mm)","-","-","https://www.digikey.be/en/products/detail/murata-electronics/GCM1885C1H102JA16D/1641642"
"https://product.tdk.com/system/files/dam/doc/product/capacitor/ceramic/mlcc/catalog/mlcc_automotive_hightemp_en.pdf","//mm.digikey.com/Volume0/opasdata/d220001/medias/images/2097/CGA-Series-0603-%281608-Metric%29.jpg","445-12385-2-ND,445-12385-1-ND,445-12385-6-ND","CGA3E2NP01H102J080AA","TDK","TDK","CAP CER 1000PF 50V NP0 0603","17.100","0.0526","100","1","Tape & Reel (TR),Cut Tape (CT),Digi-Reel®","CGA","Active","1000 pF","±5%","50V","C0G, NP0","-55°C ~ 150°C","High Temperature","AEC-Q200","Automotive","-","Surface Mount, MLCC","0603 (1608 Metric)","0.063"" L x 0.031"" W (1.60mm x 0.80mm)","-","0.035"" (0.90mm)","-","-","https://www.digikey.be/en/products/detail/tdk/CGA3E2NP01H102J080AA/3949621"
"//mm.digikey.com/Volume0/opasdata/d220001/medias/docus/6679/MLCC_Datasheet.pdf","//mm.digikey.com/Volume0/opasdata/d220001/medias/images/7228/MFG_478_Flexiterm_series.jpg","478-KAF15AR81H102KMTR-ND,478-KAF15AR81H102KMCT-ND,478-KAF15AR81H102KMDKR-ND","06035F102K4Z4A","KYOCERA AVX","KYOCERA AVX","CAP CER 1000PF 50V X8R 0603","31.634","0.0526","100","1","Tape & Reel (TR),Cut Tape (CT),Digi-Reel®","FLEXITERM®","Active","1000 pF","±10%","50V","X8R","-55°C ~ 150°C","Soft Termination, High Temperature","AEC-Q200","Automotive, Boardflex Sensitive","-","Surface Mount, MLCC","0603 (1608 Metric)","0.063"" L x 0.032"" W (1.60mm x 0.81mm)","-","0.035"" (0.90mm)","-","-","https://www.digikey.be/en/products/detail/kyocera-avx/06035F102K4Z4A/7536051"
"//mm.digikey.com/Volume0/opasdata/d220001/medias/docus/6679/MLCC_Datasheet.pdf","//mm.digikey.com/Volume0/opasdata/d220001/medias/images/7228/MFG_478_Flexiterm_series.jpg","478-KAF15AR81H102KTTR-ND,478-KAF15AR81H102KTCT-ND,478-KAF15AR81H102KTDKR-ND","06035F102K4Z2A","KYOCERA AVX","KYOCERA AVX","CAP CER 1000PF 50V X8R 0603","2.843","0.0526","100","1","Tape & Reel (TR),Cut Tape (CT),Digi-Reel®","FLEXITERM®","Active","1000 pF","±10%","50V","X8R","-55°C ~ 150°C","Soft Termination, High Temperature","AEC-Q200","Automotive, Boardflex Sensitive","-","Surface Mount, MLCC","0603 (1608 Metric)","0.063"" L x 0.032"" W (1.60mm x 0.81mm)","-","0.035"" (0.90mm)","-","-","https://www.digikey.be/en/products/detail/kyocera-avx/06035F102K4Z2A/2512081"
"https://datasheets.kyocera-avx.com/C0GNP0-KGM.pdf","//mm.digikey.com/Volume0/opasdata/d220001/medias/images/4845/478_0603-%281608-Metric%29-0%2C90mm.jpg","478-KGM15ACG1H102GTTR-ND,478-KGM15ACG1H102GTCT-ND,478-KGM15ACG1H102GTDKR-ND","KGM15ACG1H102GT","KYOCERA AVX","KYOCERA AVX","CAP CER 1000PF 50V C0G/NP0 0603","15.238","0.0535","100","1","Tape & Reel (TR),Cut Tape (CT),Digi-Reel®","KGM - C0G","Active","1000 pF","±2%","50V","C0G, NP0","-55°C ~ 125°C","-","-","General Purpose","-","Surface Mount, MLCC","0603 (1608 Metric)","0.063"" L x 0.032"" W (1.60mm x 0.81mm)","-","0.035"" (0.90mm)","-","-","https://www.digikey.be/en/products/detail/kyocera-avx/KGM15ACG1H102GT/1599612"
"https://product.tdk.com/en/system/files/dam/doc/product/capacitor/ceramic/mlcc/catalog/mlcc_automotive_soft_en.pdf","//mm.digikey.com/Volume0/opasdata/d220001/medias/images/2097/CGA-Series-0603-%281608-Metric%29.jpg","445-15954-2-ND,445-15954-1-ND,445-15954-6-ND","CGA3E2X7R1H102M080AE","TDK","TDK","CAP CER 1000PF 50V X7R 0603","6.700","0.0538","100","1","Tape & Reel (TR),Cut Tape (CT),Digi-Reel®","CGA","Active","1000 pF","±20%","50V","X7R","-55°C ~ 125°C","Soft Termination","AEC-Q200","Automotive, Boardflex Sensitive","-","Surface Mount, MLCC","0603 (1608 Metric)","0.063"" L x 0.031"" W (1.60mm x 0.80mm)","-","0.037"" (0.95mm)","-","-","https://www.digikey.be/en/products/detail/tdk/CGA3E2X7R1H102M080AE/4490591"
"https://product.tdk.com/en/system/files/dam/doc/product/capacitor/ceramic/mlcc/catalog/mlcc_automotive_soft_en.pdf","//mm.digikey.com/Volume0/opasdata/d220001/medias/images/2097/CGA-Series-0603-%281608-Metric%29.jpg","445-15953-2-ND,445-15953-1-ND,445-15953-6-ND","CGA3E2X7R1H102K080AE","TDK","TDK","CAP CER 1000PF 50V X7R 0603","0","0.0538","100","1","Tape & Reel (TR),Cut Tape (CT),Digi-Reel®","CGA","Active","1000 pF","±10%","50V","X7R","-55°C ~ 125°C","Soft Termination","AEC-Q200","Automotive, Boardflex Sensitive","-","Surface Mount, MLCC","0603 (1608 Metric)","0.063"" L x 0.031"" W (1.60mm x 0.80mm)","-","0.037"" (0.95mm)","-","-","https://www.digikey.be/en/products/detail/tdk/CGA3E2X7R1H102K080AE/4490590"
"https://datasheets.kyocera-avx.com/KGM_X7R.pdf","//mm.digikey.com/Volume0/opasdata/d220001/medias/images/7228/MFG_478_X7R_0603-%281608-Metric%29.jpg","478-KGM15AR71C102KTTR-ND,478-KGM15AR71C102KTCT-ND,478-KGM15AR71C102KTDKR-ND","KGM15AR71C102KT","KYOCERA AVX","KYOCERA AVX","CAP CER 1000PF 16V X7R 0603","286.057","0.0552","100","1","Tape & Reel (TR),Cut Tape (CT),Digi-Reel®","KGM - X7R","Active","1000 pF","±10%","16V","X7R","-55°C ~ 125°C","-","-","General Purpose","-","Surface Mount, MLCC","0603 (1608 Metric)","0.063"" L x 0.032"" W (1.60mm x 0.81mm)","-","0.035"" (0.90mm)","-","-","https://www.digikey.be/en/products/detail/kyocera-avx/KGM15AR71C102KT/1600482"
"https://yageogroup.com/content/datasheet/asset/file/KEM_C1090_X7R_ESD","//mm.digikey.com/Volume0/opasdata/d220001/medias/images/5352/0603-%281608-Metric%29-Ceramic-Capacitor.jpg","399-14187-2-ND,399-14187-1-ND,399-14187-6-ND","C0603C102K5RECAUTO","KEMET","KEMET","CAP CER 1000PF 50V X7R 0603","30.709","0.0559","100","1","Tape & Reel (TR),Cut Tape (CT),Digi-Reel®","ESD SMD Auto X7R","Active","1000 pF","±10%","50V","X7R","-55°C ~ 125°C","-","AEC-Q200","Automotive, ESD Protection","-","Surface Mount, MLCC","0603 (1608 Metric)","0.063"" L x 0.031"" W (1.60mm x 0.80mm)","-","0.034"" (0.87mm)","-","-","https://www.digikey.be/en/products/detail/kemet/C0603C102K5RECAUTO/6825439"
"https://product.tdk.com/en/system/files/dam/doc/product/capacitor/ceramic/mlcc/catalog/mlcc_automotive_soft_en.pdf","//mm.digikey.com/Volume0/opasdata/d220001/medias/images/2097/CGA-Series-0603-%281608-Metric%29.jpg","445-173764-2-ND,445-173764-1-ND,445-173764-6-ND","CGA3E2X8R1H102K080AE","TDK","TDK","CAP CER 1000PF 50V X8R 0603","17.094","0.0562","100","1","Tape & Reel (TR),Cut Tape (CT),Digi-Reel®","CGA","Active","1000 pF","±10%","50V","X8R","-55°C ~ 150°C","Soft Termination","AEC-Q200","Automotive, Boardflex Sensitive","-","Surface Mount, MLCC","0603 (1608 Metric)","0.063"" L x 0.031"" W (1.60mm x 0.80mm)","-","0.037"" (0.95mm)","-","-","https://www.digikey.be/en/products/detail/tdk/CGA3E2X8R1H102K080AE/5809329"
"https://datasheets.kyocera-avx.com/KGF.pdf","//mm.digikey.com/Volume0/opasdata/d220001/medias/images/7228/MFG_478_Flexiterm_series.jpg","478-KGF15AR71H102KTTR-ND,478-KGF15AR71H102KTCT-ND,478-KGF15AR71H102KTDKR-ND","06035C102KAZ2A","KYOCERA AVX","KYOCERA AVX","CAP CER 1000PF 50V X7R 0603","53.580","0.0564","100","1","Tape & Reel (TR),Cut Tape (CT),Digi-Reel®","FLEXITERM®","Active","1000 pF","±10%","50V","X7R","-55°C ~ 125°C","Soft Termination","-","Boardflex Sensitive","-","Surface Mount, MLCC","0603 (1608 Metric)","0.063"" L x 0.032"" W (1.60mm x 0.81mm)","-","0.035"" (0.90mm)","-","-","https://www.digikey.be/en/products/detail/kyocera-avx/06035C102KAZ2A/1024783"
"https://datasheets.kyocera-avx.com/KGM_X7R.pdf","//mm.digikey.com/Volume0/opasdata/d220001/medias/images/7228/MFG_478_X7R_0603-%281608-Metric%29.jpg","478-KGM15AR71E102KTTR-ND,478-KGM15AR71E102KTCT-ND,478-KGM15AR71E102KTDKR-ND","KGM15AR71E102KT","KYOCERA AVX","KYOCERA AVX","CAP CER 1000PF 25V X7R 0603","17.901","0.058","100","1","Tape & Reel (TR),Cut Tape (CT),Digi-Reel®","KGM - X7R","Active","1000 pF","±10%","25V","X7R","-55°C ~ 125°C","-","-","General Purpose","-","Surface Mount, MLCC","0603 (1608 Metric)","0.063"" L x 0.032"" W (1.60mm x 0.81mm)","-","0.035"" (0.90mm)","-","-","https://www.digikey.be/en/products/detail/kyocera-avx/KGM15AR71E102KT/1599351"
"https://datasheets.kyocera-avx.com/AutoMLCC.pdf","//mm.digikey.com/Volume0/opasdata/d220001/medias/images/4845/478_0603-%281608-Metric%29-0%2C90mm.jpg","478-KAM15AR81H102KTTR-ND,478-KAM15AR81H102KTCT-ND,478-KAM15AR81H102KTDKR-ND","06035F102K4T2A","KYOCERA AVX","KYOCERA AVX","CAP CER 1000PF 50V X8R 0603","7.279","0.058","100","1","Tape & Reel (TR),Cut Tape (CT),Digi-Reel®","-","Active","1000 pF","±10%","50V","X8R","-55°C ~ 150°C","High Temperature","AEC-Q200","Automotive","-","Surface Mount, MLCC","0603 (1608 Metric)","0.063"" L x 0.032"" W (1.60mm x 0.81mm)","-","0.035"" (0.90mm)","-","-","https://www.digikey.be/en/products/detail/kyocera-avx/06035F102K4T2A/1024857"
"https://datasheets.kyocera-avx.com/KGM_X7R.pdf","//mm.digikey.com/Volume0/opasdata/d220001/medias/images/7228/MFG_478_X7R_0603-%281608-Metric%29.jpg","478-KGM15AR70J102KTTR-ND,478-KGM15AR70J102KTCT-ND,478-KGM15AR70J102KTDKR-ND","KGM15AR70J102KT","KYOCERA AVX","KYOCERA AVX","CAP CER 1000PF 6.3V X7R 0603","2.615","0.058","100","1","Tape & Reel (TR),Cut Tape (CT),Digi-Reel®","KGM - X7R","Active","1000 pF","±10%","6.3V","X7R","-55°C ~ 125°C","-","-","General Purpose","-","Surface Mount, MLCC","0603 (1608 Metric)","0.063"" L x 0.032"" W (1.60mm x 0.81mm)","-","0.035"" (0.90mm)","-","-","https://www.digikey.be/en/products/detail/kyocera-avx/KGM15AR70J102KT/11259725"
"https://datasheets.kyocera-avx.com/KGM_X7R.pdf","//mm.digikey.com/Volume0/opasdata/d220001/medias/images/7228/MFG_478_X7R_0603-%281608-Metric%29.jpg","478-KGM15AR71E102KMTR-ND,478-KGM15AR71E102KMCT-ND,478-KGM15AR71E102KMDKR-ND","KGM15AR71E102KM","KYOCERA AVX","KYOCERA AVX","CAP CER 1000PF 25V X7R 0603","14.402","0.058","100","1","Tape & Reel (TR),Cut Tape (CT),Digi-Reel®","KGM - X7R","Active","1000 pF","±10%","25V","X7R","-55°C ~ 125°C","-","-","General Purpose","-","Surface Mount, MLCC","0603 (1608 Metric)","0.063"" L x 0.032"" W (1.60mm x 0.81mm)","-","0.035"" (0.90mm)","-","-","https://www.digikey.be/en/products/detail/kyocera-avx/KGM15AR71E102KM/1599352"
"https://datasheets.kyocera-avx.com/X8RX8L-KGM.pdf","//mm.digikey.com/Volume0/opasdata/d220001/medias/images/4845/478_0603-%281608-Metric%29-0%2C90mm.jpg","478-KGM15AR81E102KTTR-ND,478-KGM15AR81E102KTCT-ND,478-KGM15AR81E102KTDKR-ND","KGM15AR81E102KT","KYOCERA AVX","KYOCERA AVX","CAP CER 1000PF 25V X8R 0603","7.330","0.058","100","1","Tape & Reel (TR),Cut Tape (CT),Digi-Reel®","KGM - X8R/X8L","Active","1000 pF","±10%","25V","X8R","-55°C ~ 150°C","High Temperature","-","General Purpose","-","Surface Mount, MLCC","0603 (1608 Metric)","0.063"" L x 0.032"" W (1.60mm x 0.81mm)","-","0.035"" (0.90mm)","-","-","https://www.digikey.be/en/products/detail/kyocera-avx/KGM15AR81E102KT/3080463"
"https://calchip.com/wp-content/uploads/2026/04/GMC-Series-1.pdf","//mm.digikey.com/Volume0/opasdata/d220001/medias/images/5781/MFG_Cal-Chip-All-Capacitors.jpg","4713-GMC10CG102G50NTTR-ND,4713-GMC10CG102G50NTCT-ND,4713-GMC10CG102G50NTDKR-ND","GMC10CG102G50NT","Cal-Chip Electronics, Inc.","Cal-Chip Electronics, Inc.","CAP0603 COG 1000PF 2% 50V","3.500","0.058","100","1","Tape & Reel (TR),Cut Tape (CT),Digi-Reel®","GMC","Active","1000 pF","±2%","50V","C0G, NP0","-55°C ~ 125°C","-","-","General Purpose","-","Surface Mount, MLCC","0603 (1608 Metric)","0.063"" L x 0.031"" W (1.60mm x 0.80mm)","-","0.035"" (0.90mm)","-","-","https://www.digikey.be/en/products/detail/cal-chip-electronics-inc/GMC10CG102G50NT/24398901"
"https://www.vishay.com/docs/28548/vjw1bcbascomseries.pdf","//mm.digikey.com/Volume0/opasdata/d220001/medias/images/6770/VJ_W1BC_Series_0603-1608.jpg","720-VJ0603A102GXAPW1BCTR-ND,720-VJ0603A102GXAPW1BCCT-ND,720-VJ0603A102GXAPW1BCDKR-ND","VJ0603A102GXAPW1BC","Vishay Vitramon","Vishay Vitramon","CAP CER 1000PF 50V C0G/NP0 0603","37.363","0.0586","100","1","Tape & Reel (TR),Cut Tape (CT),Digi-Reel®","VJ W1BC","Active","1000 pF","±2%","50V","C0G, NP0","-55°C ~ 125°C","-","-","General Purpose","-","Surface Mount, MLCC","0603 (1608 Metric)","0.063"" L x 0.031"" W (1.60mm x 0.80mm)","-","0.034"" (0.87mm)","-","-","https://www.digikey.be/en/products/detail/vishay-vitramon/VJ0603A102GXAPW1BC/8302906"
"https://www.vishay.com/docs/28548/vjw1bcbascomseries.pdf","//mm.digikey.com/Volume0/opasdata/d220001/medias/images/6770/VJ_W1BC_Series_0603-1608.jpg","720-VJ0603A102GXJPW1BCTR-ND,720-VJ0603A102GXJPW1BCCT-ND,720-VJ0603A102GXJPW1BCDKR-ND","VJ0603A102GXJPW1BC","Vishay Vitramon","Vishay Vitramon","CAP CER 1000PF 16V C0G/NP0 0603","296","0.0586","100","1","Tape & Reel (TR),Cut Tape (CT),Digi-Reel®","VJ W1BC","Active","1000 pF","±2%","16V","C0G, NP0","-55°C ~ 125°C","-","-","General Purpose","-","Surface Mount, MLCC","0603 (1608 Metric)","0.063"" L x 0.031"" W (1.60mm x 0.80mm)","-","0.034"" (0.87mm)","-","-","https://www.digikey.be/en/products/detail/vishay-vitramon/VJ0603A102GXJPW1BC/8302908"
"https://www.vishay.com/docs/28548/vjw1bcbascomseries.pdf","//mm.digikey.com/Volume0/opasdata/d220001/medias/images/6770/VJ_W1BC_Series_0603-1608.jpg","720-VJ0603A102GXACW1BCTR-ND,720-VJ0603A102GXACW1BCCT-ND,720-VJ0603A102GXACW1BCDKR-ND","VJ0603A102GXACW1BC","Vishay Vitramon","Vishay Vitramon","CAP CER 1000PF 50V C0G/NP0 0603","96","0.0586","100","1","Tape & Reel (TR),Cut Tape (CT),Digi-Reel®","VJ W1BC","Active","1000 pF","±2%","50V","C0G, NP0","-55°C ~ 125°C","-","-","General Purpose","-","Surface Mount, MLCC","0603 (1608 Metric)","0.063"" L x 0.031"" W (1.60mm x 0.80mm)","-","0.034"" (0.87mm)","-","-","https://www.digikey.be/en/products/detail/vishay-vitramon/VJ0603A102GXACW1BC/8302905"
"https://search.murata.co.jp/Ceramy/image/img/A01X/G101/ENG/GCM1885C1H102GA16-01A.pdf","//mm.digikey.com/Volume0/opasdata/d220001/medias/images/5447/490-Ceramic-Capacitor-Tan-Field.jpg","490-GCM1885C1H102GA16DTR-ND,490-GCM1885C1H102GA16DCT-ND,490-GCM1885C1H102GA16DDKR-ND","GCM1885C1H102GA16D","Murata Electronics","Murata Electronics","CAP CER 1000PF 50V C0G/NP0 0603","6.859","0.0602","100","1","Tape & Reel (TR),Cut Tape (CT),Digi-Reel®","GCM","Active","1000 pF","±2%","50V","C0G, NP0","-55°C ~ 125°C","-","AEC-Q200","Automotive","-","Surface Mount, MLCC","0603 (1608 Metric)","0.063"" L x 0.031"" W (1.60mm x 0.80mm)","-","0.035"" (0.90mm)","-","-","https://www.digikey.be/en/products/detail/murata-electronics/GCM1885C1H102GA16D/17850210"
"https://www.vishay.com/docs/45230/ga31gautomlccsold.pdf","//mm.digikey.com/Volume0/opasdata/d220001/medias/images/402/0603.jpg","720-GA0603Y102KXAAC31GTR-ND,720-GA0603Y102KXAAC31GCT-ND,720-GA0603Y102KXAAC31GDKR-ND","GA0603Y102KXAAC31G","Vishay Vitramon","Vishay Vitramon","CAP CER 1000PF 50V X7R 0603","7.751","0.0607","100","1","Tape & Reel (TR),Cut Tape (CT),Digi-Reel®","GA","Active","1000 pF","±10%","50V","X7R","-55°C ~ 150°C","-","AEC-Q200","Automotive","-","Surface Mount, MLCC","0603 (1608 Metric)","0.063"" L x 0.031"" W (1.60mm x 0.80mm)","-","0.038"" (0.97mm)","-","-","https://www.digikey.be/en/products/detail/vishay-vitramon/GA0603Y102KXAAC31G/8513984"
"https://datasheets.kyocera-avx.com/AutoMLCCKAM.pdf","//mm.digikey.com/Volume0/opasdata/d220001/medias/images/4845/478_0603-%281608-Metric%29-0%2C90mm.jpg","478-KAM15AR71C102MMTR-ND,478-KAM15AR71C102MMCT-ND,478-KAM15AR71C102MMDKR-ND","KAM15AR71C102MM","KYOCERA AVX","KYOCERA AVX","CAP CER 1000PF 16V X7R 0603","14.850","0.0614","100","1","Tape & Reel (TR),Cut Tape (CT),Digi-Reel®","-","Active","1000 pF","±20%","16V","X7R","-55°C ~ 125°C","-","AEC-Q200","Automotive","-","Surface Mount, MLCC","0603 (1608 Metric)","0.063"" L x 0.032"" W (1.60mm x 0.81mm)","-","0.035"" (0.90mm)","-","-","https://www.digikey.be/en/products/detail/kyocera-avx/KAM15AR71C102MM/3080758"
"https://datasheets.kyocera-avx.com/AutoMLCCKAM.pdf","//mm.digikey.com/Volume0/opasdata/d220001/medias/images/4845/478_0603-%281608-Metric%29-0%2C90mm.jpg","478-KAM15AR71H102MTTR-ND,478-KAM15AR71H102MTCT-ND,478-KAM15AR71H102MTDKR-ND","KAM15AR71H102MT","KYOCERA AVX","KYOCERA AVX","CAP CER 1000PF 50V X7R 0603","902","0.0614","100","1","Tape & Reel (TR),Cut Tape (CT),Digi-Reel®","-","Active","1000 pF","±20%","50V","X7R","-55°C ~ 125°C","-","AEC-Q200","Automotive","-","Surface Mount, MLCC","0603 (1608 Metric)","0.063"" L x 0.032"" W (1.60mm x 0.81mm)","-","0.035"" (0.90mm)","-","-","https://www.digikey.be/en/products/detail/kyocera-avx/KAM15AR71H102MT/3080613"
"https://yageogroup.com/content/datasheet/asset/file/KEM_C1090_X7R_ESD","//mm.digikey.com/Volume0/opasdata/d220001/medias/images/423/0603-%281608-Metric%29-1%2C60x0%2C80x0%2C87mm.jpg","399-17840-2-ND,399-17840-1-ND,399-17840-6-ND","C0603X102J4RECAUTO","KEMET","KEMET","CAP CER 0603 1NF 16V X7R 5%","39.050","0.0619","100","1","Tape & Reel (TR),Cut Tape (CT),Digi-Reel®","ESD SMD Auto X7R","Active","1000 pF","±5%","16V","X7R","-55°C ~ 125°C","Soft Termination","AEC-Q200","Automotive, Boardflex Sensitive, ESD Protection","-","Surface Mount, MLCC","0603 (1608 Metric)","0.063"" L x 0.031"" W (1.60mm x 0.80mm)","-","0.034"" (0.87mm)","-","-","https://www.digikey.be/en/products/detail/kemet/C0603X102J4RECAUTO/8640434"
"https://product.tdk.com/system/files/dam/doc/product/capacitor/ceramic/mlcc/catalog/mlcc_commercial_hightemp_en.pdf","//mm.digikey.com/Volume0/opasdata/d220001/medias/images/4850/445_0603-%281608-Metric%29-0%2C95mm-C-Series.jpg","445-14055-2-ND,445-14055-1-ND,445-14055-6-ND","C1608NP01H102J080AA","TDK","TDK","CAP CER 1000PF 50V NP0 0603","37.311","0.0632","100","1","Tape & Reel (TR),Cut Tape (CT),Digi-Reel®","C","Active","1000 pF","±5%","50V","C0G, NP0","-55°C ~ 150°C","High Temperature","-","General Purpose","-","Surface Mount, MLCC","0603 (1608 Metric)","0.063"" L x 0.031"" W (1.60mm x 0.80mm)","-","0.035"" (0.90mm)","-","-","https://www.digikey.be/en/products/detail/tdk/C1608NP01H102J080AA/3951291"
"https://product.tdk.com/system/files/dam/doc/product/capacitor/ceramic/mlcc/catalog/mlcc_commercial_soft_en.pdf","//mm.digikey.com/Volume0/opasdata/d220001/medias/images/3119/MFG_C1608C0G1H332J080AE.jpg","445-C1608C0G1H102J080AETR-ND,445-C1608C0G1H102J080AECT-ND,445-C1608C0G1H102J080AEDKR-ND","C1608C0G1H102J080AE","TDK","TDK","SOFT TERMINATION,0603,C0G,50V,1N","31.006","0.0632","100","1","Tape & Reel (TR),Cut Tape (CT),Digi-Reel®","C","Active","1000 pF","±5%","50V","C0G, NP0","-55°C ~ 125°C","Soft Termination","-","Boardflex Sensitive","-","Surface Mount, MLCC","0603 (1608 Metric)","0.063"" L x 0.031"" W (1.60mm x 0.80mm)","-","0.037"" (0.95mm)","-","-","https://www.digikey.be/en/products/detail/tdk/C1608C0G1H102J080AE/11697937"
"https://product.tdk.com/system/files/dam/doc/product/capacitor/ceramic/mlcc/catalog/mlcc_automotive_soft_en.pdf","//mm.digikey.com/Volume0/opasdata/d220001/medias/images/2097/CGA-Series-0603-%281608-Metric%29.jpg","445-CGA3E2C0G1H102J080AETR-ND,445-CGA3E2C0G1H102J080AECT-ND,445-CGA3E2C0G1H102J080AEDKR-ND","CGA3E2C0G1H102J080AE","TDK","TDK","CAP CER 1000PF 50V C0G 0603","5.215","0.0681","100","1","Tape & Reel (TR),Cut Tape (CT),Digi-Reel®","CGA","Active","1000 pF","±5%","50V","C0G, NP0","-55°C ~ 125°C","Soft Termination","AEC-Q200","Automotive, Boardflex Sensitive","-","Surface Mount, MLCC","0603 (1608 Metric)","0.063"" L x 0.031"" W (1.60mm x 0.80mm)","-","0.037"" (0.95mm)","-","-","https://www.digikey.be/en/products/detail/tdk/CGA3E2C0G1H102J080AE/11697917"
"https://www.yageo.com/en/Chart/Download/pdf/CC0603FPNPO9BN102","//mm.digikey.com/Volume0/opasdata/d220001/medias/images/2488/0603%289mmthickness%29.jpg","13-CC0603FPNPO9BN102TR-ND,13-CC0603FPNPO9BN102CT-ND,13-CC0603FPNPO9BN102DKR-ND","CC0603FPNPO9BN102","YAGEO","YAGEO","CAP CER 1000PF 50V C0G/NPO 0603","89.252","0.0705","100","1","Tape & Reel (TR),Cut Tape (CT),Digi-Reel®","CC","Active","1000 pF","±1%","50V","C0G, NP0","-55°C ~ 125°C","-","-","General Purpose","-","Surface Mount, MLCC","0603 (1608 Metric)","0.063"" L x 0.031"" W (1.60mm x 0.80mm)","-","0.035"" (0.90mm)","-","-","https://www.digikey.be/en/products/detail/yageo/CC0603FPNPO9BN102/11491319"
"https://www.yageo.com/en/Chart/Download/pdf/CC0603FRNPO8BN102","//mm.digikey.com/Volume0/opasdata/d220001/medias/images/2488/0603%289mmthickness%29.jpg","311-3884-2-ND,311-3884-1-ND,311-3884-6-ND","CC0603FRNPO8BN102","YAGEO","YAGEO","CAP CER 1000PF 25V C0G/NPO 0603","0","0.0705","100","1","Tape & Reel (TR),Cut Tape (CT),Digi-Reel®","CC","Active","1000 pF","±1%","25V","C0G, NP0","-55°C ~ 125°C","-","-","General Purpose","-","Surface Mount, MLCC","0603 (1608 Metric)","0.063"" L x 0.031"" W (1.60mm x 0.80mm)","-","0.035"" (0.90mm)","-","-","https://www.digikey.be/en/products/detail/yageo/CC0603FRNPO8BN102/5883487"
"https://yageogroup.com/content/datasheet/asset/file/UPY-AC_NP0X7RX7S_6_3V-TO-2KV","//mm.digikey.com/Volume0/opasdata/d220001/medias/images/6808/AC_Series_0603_1608.jpg","13-AC0603FRNPO9BN102TR-ND,13-AC0603FRNPO9BN102CT-ND,13-AC0603FRNPO9BN102DKR-ND","AC0603FRNPO9BN102","YAGEO","YAGEO","CAP CER 1000PF 50V C0G/NPO 0603","5.730","0.0712","100","1","Tape & Reel (TR),Cut Tape (CT),Digi-Reel®","AC","Active","1000 pF","±1%","50V","C0G, NP0","-55°C ~ 125°C","-","AEC-Q200","Automotive","-","Surface Mount, MLCC","0603 (1608 Metric)","0.063"" L x 0.031"" W (1.60mm x 0.80mm)","-","0.035"" (0.90mm)","-","-","https://www.digikey.be/en/products/detail/yageo/AC0603FRNPO9BN102/7707907"
"https://datasheets.kyocera-avx.com/AutoMLCC.pdf","//mm.digikey.com/Volume0/opasdata/d220001/medias/images/4845/478_0603-%281608-Metric%29-0%2C90mm.jpg","478-KAM15AR71C102KTTR-ND,478-KAM15AR71C102KTCT-ND,478-KAM15AR71C102KTDKR-ND","0603YC102K4T2A","KYOCERA AVX","KYOCERA AVX","CAP CER 1000PF 16V X7R 0603","3.580","0.0716","100","1","Tape & Reel (TR),Cut Tape (CT),Digi-Reel®","-","Active","1000 pF","±10%","16V","X7R","-55°C ~ 125°C","-","AEC-Q200","Automotive","-","Surface Mount, MLCC","0603 (1608 Metric)","0.063"" L x 0.032"" W (1.60mm x 0.81mm)","-","0.035"" (0.90mm)","-","-","https://www.digikey.be/en/products/detail/kyocera-avx/0603YC102K4T2A/11246031"
"https://product.tdk.com/system/files/dam/doc/product/capacitor/ceramic/mlcc/catalog/mlcc_automotive_epoxy_en.pdf","//mm.digikey.com/Volume0/opasdata/d220001/medias/images/2097/CGA-Series-0603-%281608-Metric%29.jpg","445-8836-2-ND,445-8836-1-ND,445-8836-6-ND","CGA3E2X7R1H102K080AD","TDK","TDK","CAP CER 1000PF 50V 0603 EPOXY","7.761","0.0723","100","1","Tape & Reel (TR),Cut Tape (CT),Digi-Reel®","CGA","Active","1000 pF","±10%","50V","X7R","-55°C ~ 125°C","Epoxy Mountable","AEC-Q200","Automotive","-","Surface Mount, MLCC, Epoxy","0603 (1608 Metric)","0.063"" L x 0.031"" W (1.60mm x 0.80mm)","-","0.037"" (0.95mm)","-","-","https://www.digikey.be/en/products/detail/tdk/CGA3E2X7R1H102K080AD/3248187"
"https://product.tdk.com/system/files/dam/doc/product/capacitor/ceramic/mlcc/catalog/mlcc_automotive_epoxy_en.pdf","//mm.digikey.com/Volume0/opasdata/d220001/medias/images/2097/CGA-Series-0603-%281608-Metric%29.jpg","445-8824-2-ND,445-8824-1-ND,445-8824-6-ND","CGA3E2X8R1H102K080AD","TDK","TDK","CAP CER 1000PF 50V 0603 EPOXY","2.373","0.0723","100","1","Tape & Reel (TR),Cut Tape (CT),Digi-Reel®","CGA","Active","1000 pF","±10%","50V","X8R","-55°C ~ 150°C","Epoxy Mountable, High Temperature","AEC-Q200","Automotive","-","Surface Mount, MLCC, Epoxy","0603 (1608 Metric)","0.063"" L x 0.031"" W (1.60mm x 0.80mm)","-","0.037"" (0.95mm)","-","-","https://www.digikey.be/en/products/detail/tdk/CGA3E2X8R1H102K080AD/3248128"
"https://product.tdk.com/system/files/dam/doc/product/capacitor/ceramic/mlcc/catalog/mlcc_automotive_epoxy_en.pdf","//mm.digikey.com/Volume0/opasdata/d220001/medias/images/2097/CGA-Series-0603-%281608-Metric%29.jpg","445-9839-2-ND,445-9839-1-ND,445-9839-6-ND","CGA3E2X7R1H102M080AD","TDK","TDK","CAP CER 1000PF 50V 0603 EPOXY","1.126","0.0723","100","1","Tape & Reel (TR),Cut Tape (CT),Digi-Reel®","CGA","Active","1000 pF","±20%","50V","X7R","-55°C ~ 125°C","Epoxy Mountable","AEC-Q200","Automotive","-","Surface Mount, MLCC, Epoxy","0603 (1608 Metric)","0.063"" L x 0.031"" W (1.60mm x 0.80mm)","-","0.037"" (0.95mm)","-","-","https://www.digikey.be/en/products/detail/tdk/CGA3E2X7R1H102M080AD/3933572"
"https://product.tdk.com/system/files/dam/doc/product/capacitor/ceramic/mlcc/catalog/mlcc_automotive_epoxy_en.pdf","//mm.digikey.com/Volume0/opasdata/d220001/medias/images/2097/CGA-Series-0603-%281608-Metric%29.jpg","445-8841-2-ND,445-8841-1-ND,445-8841-6-ND","CGA3E2C0G1H102J080AD","TDK","TDK","CAP CER 1000PF 50V 0603 EPOXY","0","0.0723","100","1","Tape & Reel (TR),Cut Tape (CT),Digi-Reel®","CGA","Active","1000 pF","±5%","50V","C0G, NP0","-55°C ~ 125°C","Epoxy Mountable","AEC-Q200","Automotive","-","Surface Mount, MLCC, Epoxy","0603 (1608 Metric)","0.063"" L x 0.031"" W (1.60mm x 0.80mm)","-","0.037"" (0.95mm)","-","-","https://www.digikey.be/en/products/detail/tdk/CGA3E2C0G1H102J080AD/3248167"
"https://datasheets.kyocera-avx.com/C0GNP0-KGM.pdf","//mm.digikey.com/Volume0/opasdata/d220001/medias/images/2659/MFG_MLCC-X5R.jpg","478-KGM15ACG1H102FMTR-ND,478-KGM15ACG1H102FMCT-ND,478-KGM15ACG1H102FMDKR-ND","KGM15ACG1H102FM","KYOCERA AVX","KYOCERA AVX","CAP CER 1000PF 50V C0G/NP0 0603","47.712","0.0726","100","1","Tape & Reel (TR),Cut Tape (CT),Digi-Reel®","KGM - C0G","Active","1000 pF","±1%","50V","C0G, NP0","-55°C ~ 125°C","-","-","General Purpose","-","Surface Mount, MLCC","0603 (1608 Metric)","0.063"" L x 0.032"" W (1.60mm x 0.81mm)","-","0.035"" (0.90mm)","-","-","https://www.digikey.be/en/products/detail/kyocera-avx/KGM15ACG1H102FM/9749260"
"https://yageogroup.com/content/datasheet/asset/file/KEM_C1090_X7R_ESD","//mm.digikey.com/Volume0/opasdata/d220001/medias/images/423/0603-%281608-Metric%29-1%2C60x0%2C80x0%2C87mm.jpg","399-14178-2-ND,399-14178-1-ND,399-14178-6-ND","C0603X102K5RECTU","KEMET","KEMET","CAP CER 1000PF 50V X7R 0603","32.192","0.073","100","1","Tape & Reel (TR),Cut Tape (CT),Digi-Reel®","ESD SMD Comm X7R","Active","1000 pF","±10%","50V","X7R","-55°C ~ 125°C","Soft Termination","-","Boardflex Sensitive, ESD Protection","-","Surface Mount, MLCC","0603 (1608 Metric)","0.063"" L x 0.031"" W (1.60mm x 0.80mm)","-","0.034"" (0.87mm)","-","-","https://www.digikey.be/en/products/detail/kemet/C0603X102K5RECTU/6825430"
"//mm.digikey.com/Volume0/opasdata/d220001/medias/docus/5483/MCJCU168AB7102KTPA01_SS.pdf","//mm.digikey.com/Volume0/opasdata/d220001/medias/images/4195/MFG_MCJCU168AB7102KTPA01.jpg","587-MCJCU168AB7102KTPA01TR-ND,587-MCJCU168AB7102KTPA01CT-ND,587-MCJCU168AB7102KTPA01DKR-ND","MCJCU168AB7102KTPA01","Taiyo Yuden","Taiyo Yuden","CAP CER 1000PF 50V X7R 0603","3.270","0.0748","100","1","Tape & Reel (TR),Cut Tape (CT),Digi-Reel®","MCJC","Active","1000 pF","±10%","50V","X7R","-55°C ~ 125°C","Soft Termination","AEC-Q200","Automotive, Boardflex Sensitive","-","Surface Mount, MLCC","0603 (1608 Metric)","0.063"" L x 0.031"" W (1.60mm x 0.80mm)","-","0.035"" (0.90mm)","-","-","https://www.digikey.be/en/products/detail/taiyo-yuden/MCJCU168AB7102KTPA01/16659202"
"-","//mm.digikey.com/Volume0/opasdata/d220001/medias/images/331/Taiyo-Yuden-0603-%281608-Metric%29.jpg","587-4468-2-ND,587-4468-1-ND,587-4468-6-ND","UMJ107AB7102KAHT","Taiyo Yuden","Taiyo Yuden","CAP CER 1000PF 50V X7R 0603","0","0.0748","100","1","Tape & Reel (TR),Cut Tape (CT),Digi-Reel®","M","Active","1000 pF","±10%","50V","X7R","-55°C ~ 125°C","Soft Termination","AEC-Q200","Automotive, Boardflex Sensitive","-","Surface Mount, MLCC","0603 (1608 Metric)","0.063"" L x 0.031"" W (1.60mm x 0.80mm)","-","0.037"" (0.95mm)","-","-","https://www.digikey.be/en/products/detail/taiyo-yuden/UMJ107AB7102KAHT/5880016"
"https://datasheets.kyocera-avx.com/FlexitermMLCC.pdf","//mm.digikey.com/Volume0/opasdata/d220001/medias/images/7228/MFG_478_Flexiterm_series.jpg","478-KAF15AR71E102KTTR-ND,478-KAF15AR71E102KTCT-ND,478-KAF15AR71E102KTDKR-ND","06033C102K4Z2A","KYOCERA AVX","KYOCERA AVX","CAP CER SMD","728","0.0751","100","1","Tape & Reel (TR),Cut Tape (CT),Digi-Reel®","FLEXITERM®","Active","1000 pF","±10%","25V","X7R","-55°C ~ 125°C","Soft Termination","AEC-Q200","Automotive, Boardflex Sensitive","-","Surface Mount, MLCC","0603 (1608 Metric)","0.063"" L x 0.032"" W (1.60mm x 0.81mm)","-","0.035"" (0.90mm)","-","-","https://www.digikey.be/en/products/detail/kyocera-avx/06033C102K4Z2A/11231312"
"https://datasheets.kyocera-avx.com/AutoMLCC.pdf","//mm.digikey.com/Volume0/opasdata/d220001/medias/images/4845/478_0603-%281608-Metric%29-0%2C90mm.jpg","478-KAM15AR71H102JMTR-ND,478-KAM15AR71H102JMCT-ND,478-KAM15AR71H102JMDKR-ND","06035C102J4T4A","KYOCERA AVX","KYOCERA AVX","CAP CER 1000PF 50V X7R 0603","28.797","0.0761","100","1","Tape & Reel (TR),Cut Tape (CT),Digi-Reel®","-","Active","1000 pF","±5%","50V","X7R","-55°C ~ 125°C","-","AEC-Q200","Automotive","-","Surface Mount, MLCC","0603 (1608 Metric)","0.063"" L x 0.032"" W (1.60mm x 0.81mm)","-","0.035"" (0.90mm)","-","-","https://www.digikey.be/en/products/detail/kyocera-avx/06035C102J4T4A/11250021"
"https://datasheets.kyocera-avx.com/KGM_X7R.pdf","//mm.digikey.com/Volume0/opasdata/d220001/medias/images/7228/MFG_478_X7R_0603-%281608-Metric%29.jpg","478-KGM15AR71E102JTTR-ND,478-KGM15AR71E102JTCT-ND,478-KGM15AR71E102JTDKR-ND","KGM15AR71E102JT","KYOCERA AVX","KYOCERA AVX","CAP CER 1000PF 25V X7R 0603","23.128","0.0761","100","1","Tape & Reel (TR),Cut Tape (CT),Digi-Reel®","KGM - X7R","Active","1000 pF","±5%","25V","X7R","-55°C ~ 125°C","-","-","General Purpose","-","Surface Mount, MLCC","0603 (1608 Metric)","0.063"" L x 0.032"" W (1.60mm x 0.81mm)","-","0.035"" (0.90mm)","-","-","https://www.digikey.be/en/products/detail/kyocera-avx/KGM15AR71E102JT/1599348"
"https://datasheets.kyocera-avx.com/KGM_X7R.pdf","//mm.digikey.com/Volume0/opasdata/d220001/medias/images/7228/MFG_478_X7R_0603-%281608-Metric%29.jpg","478-KGM15AR71C102JTTR-ND,478-KGM15AR71C102JTCT-ND,478-KGM15AR71C102JTDKR-ND","KGM15AR71C102JT","KYOCERA AVX","KYOCERA AVX","CAP CER 1000PF 16V X7R 0603","3.508","0.0761","100","1","Tape & Reel (TR),Cut Tape (CT),Digi-Reel®","KGM - X7R","Active","1000 pF","±5%","16V","X7R","-55°C ~ 125°C","-","-","General Purpose","-","Surface Mount, MLCC","0603 (1608 Metric)","0.063"" L x 0.032"" W (1.60mm x 0.81mm)","-","0.035"" (0.90mm)","-","-","https://www.digikey.be/en/products/detail/kyocera-avx/KGM15AR71C102JT/1600478"
"https://search.murata.co.jp/Ceramy/image/img/A01X/G101/ENG/GCG188R91H102KA03-01.pdf","//mm.digikey.com/Volume0/opasdata/d220001/medias/images/5447/490-Ceramic-Capacitor-Tan-Field.jpg","490-GCG188R91H102KA03DTR-ND,490-GCG188R91H102KA03DCT-ND,490-GCG188R91H102KA03DDKR-ND","GCG188R91H102KA03D","Murata Electronics","Murata Electronics","CAP CER 1000PF 50V X8R 0603","3.990","0.0762","100","1","Tape & Reel (TR),Cut Tape (CT),Digi-Reel®","GCG","Active","1000 pF","±10%","50V","X8R","-55°C ~ 150°C","Epoxy Mountable","AEC-Q200","Automotive","-","Surface Mount, MLCC","0603 (1608 Metric)","0.063"" L x 0.031"" W (1.60mm x 0.80mm)","-","0.035"" (0.90mm)","-","-","https://www.digikey.be/en/products/detail/murata-electronics/GCG188R91H102KA03D/17863778"
"https://yageogroup.com/content/datasheet/asset/file/UPY-ST_NPOX7R_16V-TO-3KV","//mm.digikey.com/Volume0/opasdata/d220001/medias/images/5790/CC0XXXXXXXXXXXXXX.jpg","13-CS0603JRNPO9BN102TR-ND,13-CS0603JRNPO9BN102CT-ND,13-CS0603JRNPO9BN102DKR-ND","CS0603JRNPO9BN102","YAGEO","YAGEO","CAP CER 1000PF 50V C0G/NPO 0603","9.776","0.0784","100","1","Tape & Reel (TR),Cut Tape (CT),Digi-Reel®","CS","Active","1000 pF","±5%","50V","C0G, NP0","-55°C ~ 125°C","Soft Termination","-","Boardflex Sensitive","-","Surface Mount, MLCC","0603 (1608 Metric)","0.063"" L x 0.031"" W (1.60mm x 0.80mm)","-","0.037"" (0.95mm)","-","-","https://www.digikey.be/en/products/detail/yageo/CS0603JRNPO9BN102/11497475"
"https://datasheets.kyocera-avx.com/AutoMLCCKAM.pdf","//mm.digikey.com/Volume0/opasdata/d220001/medias/images/4845/478_0603-%281608-Metric%29-0%2C90mm.jpg","478-KAM15AR71H102JTTR-ND,478-KAM15AR71H102JTCT-ND,478-KAM15AR71H102JTDKR-ND","KAM15AR71H102JT","KYOCERA AVX","KYOCERA AVX","CAP CER 1000PF 50V X7R 0603","4.074","0.0787","100","1","Tape & Reel (TR),Cut Tape (CT),Digi-Reel®","-","Active","1000 pF","±5%","50V","X7R","-55°C ~ 125°C","-","AEC-Q200","Automotive","-","Surface Mount, MLCC","0603 (1608 Metric)","0.063"" L x 0.032"" W (1.60mm x 0.81mm)","-","0.035"" (0.90mm)","-","-","https://www.digikey.be/en/products/detail/kyocera-avx/KAM15AR71H102JT/3080612"
"https://datasheets.kyocera-avx.com/AutoMLCCKAM.pdf","//mm.digikey.com/Volume0/opasdata/d220001/medias/images/4845/478_0603-%281608-Metric%29-0%2C90mm.jpg","478-KAM15AR81H102JTTR-ND,478-KAM15AR81H102JTCT-ND,478-KAM15AR81H102JTDKR-ND","KAM15AR81H102JT","KYOCERA AVX","KYOCERA AVX","CAP CER 1000PF 50V X8R 0603","1.224","0.0793","100","1","Tape & Reel (TR),Cut Tape (CT),Digi-Reel®","-","Active","1000 pF","±5%","50V","X8R","-55°C ~ 150°C","High Temperature","AEC-Q200","Automotive","-","Surface Mount, MLCC","0603 (1608 Metric)","0.063"" L x 0.032"" W (1.60mm x 0.81mm)","-","0.035"" (0.90mm)","-","-","https://www.digikey.be/en/products/detail/kyocera-avx/KAM15AR81H102JT/3080670"
"https://yageogroup.com/content/datasheet/asset/file/KEM_C1090_X7R_ESD","//mm.digikey.com/Volume0/opasdata/d220001/medias/images/423/0603-%281608-Metric%29-1%2C60x0%2C80x0%2C87mm.jpg","399-14196-2-ND,399-14196-1-ND,399-14196-6-ND","C0603X102K5RECAUTO","KEMET","KEMET","CAP CER 1000PF 50V X7R 0603","8.651","0.0807","100","1","Tape & Reel (TR),Cut Tape (CT),Digi-Reel®","ESD SMD Auto X7R","Active","1000 pF","±10%","50V","X7R","-55°C ~ 125°C","Soft Termination","AEC-Q200","Automotive, Boardflex Sensitive, ESD Protection","-","Surface Mount, MLCC","0603 (1608 Metric)","0.063"" L x 0.031"" W (1.60mm x 0.80mm)","-","0.034"" (0.87mm)","-","-","https://www.digikey.be/en/products/detail/kemet/C0603X102K5RECAUTO/6825448"
"https://yageogroup.com/content/datasheet/asset/file/KEM_C1002_X7R_SMD","//mm.digikey.com/Volume0/opasdata/d220001/medias/images/5352/0603-%281608-Metric%29-Ceramic-Capacitor.jpg","399-C0603C102M5RACTUTR-ND,399-C0603C102M5RACTUCT-ND,399-C0603C102M5RACTUDKR-ND","C0603C102M5RACTU","KEMET","KEMET","CAP CER 1000PF 50V X7R 0603","62.589","0.0834","100","1","Tape & Reel (TR),Cut Tape (CT),Digi-Reel®","SMD Comm X7R","Active","1000 pF","±20%","50V","X7R","-55°C ~ 125°C","-","-","Bypass, Decoupling","-","Surface Mount, MLCC","0603 (1608 Metric)","0.063"" L x 0.031"" W (1.60mm x 0.80mm)","-","0.034"" (0.87mm)","-","-","https://www.digikey.be/en/products/detail/kemet/C0603C102M5RACTU/2199734"
"https://yageogroup.com/content/datasheet/asset/file/KEM_C1002_X7R_SMD","//mm.digikey.com/Volume0/opasdata/d220001/medias/images/5352/0603-%281608-Metric%29-Ceramic-Capacitor.jpg","399-C0603C102M3RACTUTR-ND,399-C0603C102M3RACTUCT-ND,399-C0603C102M3RACTUDKR-ND","C0603C102M3RACTU","KEMET","KEMET","CAP CER 1000PF 25V X7R 0603","6.670","0.0834","100","1","Tape & Reel (TR),Cut Tape (CT),Digi-Reel®","SMD Comm X7R","Active","1000 pF","±20%","25V","X7R","-55°C ~ 125°C","-","-","Bypass, Decoupling","-","Surface Mount, MLCC","0603 (1608 Metric)","0.063"" L x 0.031"" W (1.60mm x 0.80mm)","-","0.034"" (0.87mm)","-","-","https://www.digikey.be/en/products/detail/kemet/C0603C102M3RACTU/2199730"
"https://yageogroup.com/content/datasheet/asset/file/KEM_C1002_X7R_SMD","//mm.digikey.com/Volume0/opasdata/d220001/medias/images/5352/0603-%281608-Metric%29-Ceramic-Capacitor.jpg","399-C0603C102M4RACTUTR-ND,399-C0603C102M4RACTUCT-ND,399-C0603C102M4RACTUDKR-ND","C0603C102M4RACTU","KEMET","KEMET","CAP CER 1000PF 16V X7R 0603","6.144","0.0834","100","1","Tape & Reel (TR),Cut Tape (CT),Digi-Reel®","SMD Comm X7R","Active","1000 pF","±20%","16V","X7R","-55°C ~ 125°C","-","-","Bypass, Decoupling","-","Surface Mount, MLCC","0603 (1608 Metric)","0.063"" L x 0.031"" W (1.60mm x 0.80mm)","-","0.034"" (0.87mm)","-","-","https://www.digikey.be/en/products/detail/kemet/C0603C102M4RACTU/2199732"
"https://search.murata.co.jp/Ceramy/image/img/A01X/G101/ENG/GCG1885G1H102JA01-01.pdf","//mm.digikey.com/Volume0/opasdata/d220001/medias/images/5481/409-Expoy-Mounting-Recommended-Tan.jpg","490-GCG1885G1H102JA01DTR-ND,490-GCG1885G1H102JA01DCT-ND,490-GCG1885G1H102JA01DDKR-ND","GCG1885G1H102JA01D","Murata Electronics","Murata Electronics","CAP CER 1000PF 50V X8G 0603","3.885","0.0851","100","1","Tape & Reel (TR),Cut Tape (CT),Digi-Reel®","GCG","Active","1000 pF","±5%","50V","X8G","-55°C ~ 150°C","Epoxy Mountable","AEC-Q200","Automotive","-","Surface Mount, MLCC, Epoxy","0603 (1608 Metric)","0.063"" L x 0.031"" W (1.60mm x 0.80mm)","-","0.035"" (0.90mm)","-","-","https://www.digikey.be/en/products/detail/murata-electronics/GCG1885G1H102JA01D/11618784"
"https://yageogroup.com/content/datasheet/asset/file/KEM_C1007_X8R_ULTRA_150C_SMD","//mm.digikey.com/Volume0/opasdata/d220001/medias/images/5352/0603-%281608-Metric%29-Ceramic-Capacitor.jpg","399-C0603C102F8HACAUTOTR-ND,399-C0603C102F8HACAUTOCT-ND,399-C0603C102F8HACAUTODKR-ND","C0603C102F8HACAUTO","KEMET","KEMET","CAP CER 0603 1NF 10V ULTRA STABL","12.549","0.0861","100","1","Tape & Reel (TR),Cut Tape (CT),Digi-Reel®","SMD Auto X8R HT150C","Active","1000 pF","±1%","10V","X8R","-55°C ~ 150°C","Low ESL, High Temperature","AEC-Q200","Automotive","-","Surface Mount, MLCC","0603 (1608 Metric)","0.063"" L x 0.031"" W (1.60mm x 0.80mm)","-","0.034"" (0.87mm)","-","-","https://www.digikey.be/en/products/detail/kemet/C0603C102F8HACAUTO/7956563"
"https://datasheets.kyocera-avx.com/C0GNP0-KGM.pdf","//mm.digikey.com/Volume0/opasdata/d220001/medias/images/4845/478_0603-%281608-Metric%29-0%2C90mm.jpg","478-KGM15ACG1E102KTTR-ND,478-KGM15ACG1E102KTCT-ND,478-KGM15ACG1E102KTDKR-ND","KGM15ACG1E102KT","KYOCERA AVX","KYOCERA AVX","CAP CER 1000PF 25V C0G/NP0 0603","4.149","0.0868","100","1","Tape & Reel (TR),Cut Tape (CT),Digi-Reel®","KGM - C0G","Active","1000 pF","±10%","25V","C0G, NP0","-55°C ~ 125°C","-","-","General Purpose","-","Surface Mount, MLCC","0603 (1608 Metric)","0.063"" L x 0.032"" W (1.60mm x 0.81mm)","-","0.035"" (0.90mm)","-","-","https://www.digikey.be/en/products/detail/kyocera-avx/KGM15ACG1E102KT/1599081"
"https://datasheets.kyocera-avx.com/C0GNP0-KGM.pdf","//mm.digikey.com/Volume0/opasdata/d220001/medias/images/4845/478_0603-%281608-Metric%29-0%2C90mm.jpg","478-KGM15ACG1C102JTTR-ND,478-KGM15ACG1C102JTCT-ND,478-KGM15ACG1C102JTDKR-ND","KGM15ACG1C102JT","KYOCERA AVX","KYOCERA AVX","CAP CER 1000PF 16V C0G/NP0 0603","3.776","0.0889","100","1","Tape & Reel (TR),Cut Tape (CT),Digi-Reel®","KGM - C0G","Active","1000 pF","±5%","16V","C0G, NP0","-55°C ~ 125°C","-","-","General Purpose","-","Surface Mount, MLCC","0603 (1608 Metric)","0.063"" L x 0.032"" W (1.60mm x 0.81mm)","-","0.035"" (0.90mm)","-","-","https://www.digikey.be/en/products/detail/kyocera-avx/KGM15ACG1C102JT/3080723"
"https://datasheets.kyocera-avx.com/C0GNP0-KGM.pdf","//mm.digikey.com/Volume0/opasdata/d220001/medias/images/4845/478_0603-%281608-Metric%29-0%2C90mm.jpg","478-KGM15ACG1C102KTTR-ND,478-KGM15ACG1C102KTCT-ND,478-KGM15ACG1C102KTDKR-ND","KGM15ACG1C102KT","KYOCERA AVX","KYOCERA AVX","CAP CER 1000PF 16V C0G/NP0 0603","3.950","0.0889","100","1","Tape & Reel (TR),Cut Tape (CT),Digi-Reel®","KGM - C0G","Active","1000 pF","±10%","16V","C0G, NP0","-55°C ~ 125°C","-","-","General Purpose","-","Surface Mount, MLCC","0603 (1608 Metric)","0.063"" L x 0.032"" W (1.60mm x 0.81mm)","-","0.035"" (0.90mm)","-","-","https://www.digikey.be/en/products/detail/kyocera-avx/KGM15ACG1C102KT/3080724"
"https://yageogroup.com/content/datasheet/asset/file/KEM_C1091_C0G_ESD","//mm.digikey.com/Volume0/opasdata/d220001/medias/images/5352/0603-%281608-Metric%29-Ceramic-Capacitor.jpg","399-C0603C102J5GECAUTOTR-ND,399-C0603C102J5GECAUTOCT-ND,399-C0603C102J5GECAUTODKR-ND","C0603C102J5GECAUTO","KEMET","KEMET","CAP CER 1000PF 50V C0G/NP0 0603","3.292","0.0896","100","1","Tape & Reel (TR),Cut Tape (CT),Digi-Reel®","ESD SMD Auto C0G","Active","1000 pF","±5%","50V","C0G, NP0","-55°C ~ 125°C","Low ESL, Low ESR","AEC-Q200","Automotive, ESD Protection","-","Surface Mount, MLCC","0603 (1608 Metric)","0.063"" L x 0.031"" W (1.60mm x 0.80mm)","-","0.034"" (0.87mm)","-","-","https://www.digikey.be/en/products/detail/kemet/C0603C102J5GECAUTO/6826421"
"https://yageogroup.com/content/datasheet/asset/file/KEM_C1023_X7R_AUTO_SMD","//mm.digikey.com/Volume0/opasdata/d220001/medias/images/5352/0603-%281608-Metric%29-Ceramic-Capacitor.jpg","399-C0603C102M5RACAUTOTR-ND,399-C0603C102M5RACAUTOCT-ND,399-C0603C102M5RACAUTODKR-ND","C0603C102M5RACAUTO","KEMET","KEMET","CAP CER 1000PF 50V X7R 0603","12.264","0.0909","100","1","Tape & Reel (TR),Cut Tape (CT),Digi-Reel®","SMD Auto X7R","Active","1000 pF","±20%","50V","X7R","-55°C ~ 125°C","-","AEC-Q200","Automotive, Bypass, Decoupling","-","Surface Mount, MLCC","0603 (1608 Metric)","0.063"" L x 0.031"" W (1.60mm x 0.80mm)","-","0.034"" (0.87mm)","-","-","https://www.digikey.be/en/products/detail/kemet/C0603C102M5RACAUTO/10642427"
"https://yageogroup.com/content/datasheet/asset/file/KEM_C1023_X7R_AUTO_SMD","//mm.digikey.com/Volume0/opasdata/d220001/medias/images/5352/0603-%281608-Metric%29-Ceramic-Capacitor.jpg","399-C0603C102M3RACAUTOTR-ND,399-C0603C102M3RACAUTOCT-ND,399-C0603C102M3RACAUTODKR-ND","C0603C102M3RACAUTO","KEMET","KEMET","CAP CER 1000PF 25V X7R 0603","6.113","0.0909","100","1","Tape & Reel (TR),Cut Tape (CT),Digi-Reel®","SMD Auto X7R","Active","1000 pF","±20%","25V","X7R","-55°C ~ 125°C","-","AEC-Q200","Automotive, Bypass, Decoupling","-","Surface Mount, MLCC","0603 (1608 Metric)","0.063"" L x 0.031"" W (1.60mm x 0.80mm)","-","0.034"" (0.87mm)","-","-","https://www.digikey.be/en/products/detail/kemet/C0603C102M3RACAUTO/11676360"
"https://yageogroup.com/content/datasheet/asset/file/KEM_C1091_C0G_ESD","//mm.digikey.com/Volume0/opasdata/d220001/medias/images/423/0603-%281608-Metric%29-1%2C60x0%2C80x0%2C87mm.jpg","399-C0603X102K5GECAUTOTR-ND,399-C0603X102K5GECAUTOCT-ND,399-C0603X102K5GECAUTODKR-ND","C0603X102K5GECAUTO","KEMET","KEMET","CAP CER 1000PF 50V C0G/NP0 0603","6.876","0.093","100","1","Tape & Reel (TR),Cut Tape (CT),Digi-Reel®","ESD SMD Auto C0G","Active","1000 pF","±10%","50V","C0G, NP0","-55°C ~ 125°C","Low ESL, Soft Termination","AEC-Q200","Automotive, Boardflex Sensitive, ESD Protection","-","Surface Mount, MLCC","0603 (1608 Metric)","0.063"" L x 0.031"" W (1.60mm x 0.80mm)","-","0.034"" (0.87mm)","-","-","https://www.digikey.be/en/products/detail/kemet/C0603X102K5GECAUTO/6826481"
"https://yageogroup.com/content/datasheet/asset/file/KEM_C1003_C0G_SMD","//mm.digikey.com/Volume0/opasdata/d220001/medias/images/5352/0603-%281608-Metric%29-Ceramic-Capacitor.jpg","399-C0603C102K5GACTUTR-ND,399-C0603C102K5GACTUCT-ND,399-C0603C102K5GACTUDKR-ND","C0603C102K5GACTU","KEMET","KEMET","CAP CER 1000PF 50V C0G/NP0 0603","105.908","0.0967","100","1","Tape & Reel (TR),Cut Tape (CT),Digi-Reel®","SMD Comm C0G","Active","1000 pF","±10%","50V","C0G, NP0","-55°C ~ 125°C","Low ESL","-","General Purpose","-","Surface Mount, MLCC","0603 (1608 Metric)","0.063"" L x 0.031"" W (1.60mm x 0.80mm)","-","0.034"" (0.87mm)","-","-","https://www.digikey.be/en/products/detail/kemet/C0603C102K5GACTU/2199723"
"https://yageogroup.com/content/datasheet/asset/file/KEM_C1003_C0G_SMD","//mm.digikey.com/Volume0/opasdata/d220001/medias/images/5352/0603-%281608-Metric%29-Ceramic-Capacitor.jpg","399-C0603C102K3GACTUTR-ND,399-C0603C102K3GACTUCT-ND,399-C0603C102K3GACTUDKR-ND","C0603C102K3GACTU","KEMET","KEMET","CAP CER 1000PF 25V C0G/NP0 0603","50.859","0.0967","100","1","Tape & Reel (TR),Cut Tape (CT),Digi-Reel®","SMD Comm C0G","Active","1000 pF","±10%","25V","C0G, NP0","-55°C ~ 125°C","Low ESL","-","General Purpose","-","Surface Mount, MLCC","0603 (1608 Metric)","0.063"" L x 0.031"" W (1.60mm x 0.80mm)","-","0.034"" (0.87mm)","-","-","https://www.digikey.be/en/products/detail/kemet/C0603C102K3GACTU/2199717"
"https://yageogroup.com/content/datasheet/asset/file/KEM_C1003_C0G_SMD","//mm.digikey.com/Volume0/opasdata/d220001/medias/images/5352/0603-%281608-Metric%29-Ceramic-Capacitor.jpg","399-C0603C102K4GACTUTR-ND,399-C0603C102K4GACTUCT-ND,399-C0603C102K4GACTUDKR-ND","C0603C102K4GACTU","KEMET","KEMET","CAP CER 1000PF 16V C0G/NP0 0603","7.589","0.0967","100","1","Tape & Reel (TR),Cut Tape (CT),Digi-Reel®","SMD Comm C0G","Active","1000 pF","±10%","16V","C0G, NP0","-55°C ~ 125°C","Low ESL","-","General Purpose","-","Surface Mount, MLCC","0603 (1608 Metric)","0.063"" L x 0.031"" W (1.60mm x 0.80mm)","-","0.034"" (0.87mm)","-","-","https://www.digikey.be/en/products/detail/kemet/C0603C102K4GACTU/2199720"
"https://yageogroup.com/content/datasheet/asset/file/KEM_C1003_C0G_SMD","//mm.digikey.com/Volume0/opasdata/d220001/medias/images/5352/0603-%281608-Metric%29-Ceramic-Capacitor.jpg","399-C0603C102K8GACTUTR-ND,399-C0603C102K8GACTUCT-ND,399-C0603C102K8GACTUDKR-ND","C0603C102K8GACTU","KEMET","KEMET","CAP CER 1000PF 10V C0G/NP0 0603","4.000","0.0967","100","1","Tape & Reel (TR),Cut Tape (CT),Digi-Reel®","SMD Comm C0G","Active","1000 pF","±10%","10V","C0G, NP0","-55°C ~ 125°C","Low ESL","-","General Purpose","-","Surface Mount, MLCC","0603 (1608 Metric)","0.063"" L x 0.031"" W (1.60mm x 0.80mm)","-","0.034"" (0.87mm)","-","-","https://www.digikey.be/en/products/detail/kemet/C0603C102K8GACTU/2199725"
"//mm.digikey.com/Volume0/opasdata/d220001/medias/docus/4819/UMK107SD102KA-T_SS.pdf","//mm.digikey.com/Volume0/opasdata/d220001/medias/images/2485/0603%20LMK107.jpg","587-1070-2-ND,587-1070-1-ND,587-1070-6-ND","UMK107SD102KA-T","Taiyo Yuden","Taiyo Yuden","CAP CER 1000PF 50V 0603","12.778","0.0977","100","1","Tape & Reel (TR),Cut Tape (CT),Digi-Reel®","CFCAP™","Active","1000 pF","±10%","50V","-","-55°C ~ 125°C","Low Distortion","-","General Purpose","-","Surface Mount, MLCC","0603 (1608 Metric)","0.063"" L x 0.031"" W (1.60mm x 0.80mm)","-","0.035"" (0.90mm)","-","-","https://www.digikey.be/en/products/detail/taiyo-yuden/UMK107SD102KA-T/930422"
"//mm.digikey.com/Volume0/opasdata/d220001/medias/docus/5731/MSR01_e.pdf","//mm.digikey.com/Volume0/opasdata/d220001/medias/images/2858/MFG_MSAYU168SSD102KTNA01.jpg","587-MSAYU168SSD102KTNA01TR-ND,587-MSAYU168SSD102KTNA01CT-ND,587-MSAYU168SSD102KTNA01DKR-ND","MSAYU168SSD102KTNA01","Taiyo Yuden","Taiyo Yuden","CAP CER 1000PF 50V 0603","7.350","0.0977","100","1","Tape & Reel (TR),Cut Tape (CT),Digi-Reel®","MSAY","Active","1000 pF","±10%","50V","-","-55°C ~ 125°C","Low Distortion","-","General Purpose","-","Surface Mount, MLCC","0603 (1608 Metric)","0.063"" L x 0.031"" W (1.60mm x 0.80mm)","-","0.035"" (0.90mm)","-","-","https://www.digikey.be/en/products/detail/taiyo-yuden/MSAYU168SSD102KTNA01/16658773"
"https://yageogroup.com/content/datasheet/asset/file/KEM_C1022_C0G_AUTO_SMD","//mm.digikey.com/Volume0/opasdata/d220001/medias/images/5352/0603-%281608-Metric%29-Ceramic-Capacitor.jpg","399-C0603C102M5GACAUTOTR-ND,399-C0603C102M5GACAUTOCT-ND,399-C0603C102M5GACAUTODKR-ND","C0603C102M5GACAUTO","KEMET","KEMET","CAP CER 0603","4.000","0.0988","100","1","Tape & Reel (TR),Cut Tape (CT),Digi-Reel®","SMD Auto C0G","Active","1000 pF","±20%","50V","C0G, NP0","-55°C ~ 125°C","Low ESL","AEC-Q200","Automotive","-","Surface Mount, MLCC","0603 (1608 Metric)","0.063"" L x 0.031"" W (1.60mm x 0.80mm)","-","-","-","-","https://www.digikey.be/en/products/detail/kemet/C0603C102M5GACAUTO/18124734"
"https://datasheets.kyocera-avx.com/FlexitermMLCC.pdf","//mm.digikey.com/Volume0/opasdata/d220001/medias/images/7228/MFG_478_Flexiterm_series.jpg","478-KAF15AR71E102JTTR-ND,478-KAF15AR71E102JTCT-ND,478-KAF15AR71E102JTDKR-ND","06033C102J4Z2A","KYOCERA AVX","KYOCERA AVX","CAP CER SMD","7.690","0.0989","100","1","Tape & Reel (TR),Cut Tape (CT),Digi-Reel®","FLEXITERM®","Active","1000 pF","±5%","25V","X7R","-55°C ~ 125°C","Soft Termination","AEC-Q200","Automotive, Boardflex Sensitive","-","Surface Mount, MLCC","0603 (1608 Metric)","0.063"" L x 0.032"" W (1.60mm x 0.81mm)","-","0.035"" (0.90mm)","-","-","https://www.digikey.be/en/products/detail/kyocera-avx/06033C102J4Z2A/11220345"
"https://datasheets.kyocera-avx.com/FlexitermMLCC.pdf","//mm.digikey.com/Volume0/opasdata/d220001/medias/images/7228/MFG_478_Flexiterm_series.jpg","478-KAF15AR71H102JTTR-ND,478-KAF15AR71H102JTCT-ND,478-KAF15AR71H102JTDKR-ND","06035C102J4Z2A","KYOCERA AVX","KYOCERA AVX","CAP CER SMD","3.869","0.0989","100","1","Tape & Reel (TR),Cut Tape (CT),Digi-Reel®","FLEXITERM®","Active","1000 pF","±5%","50V","X7R","-55°C ~ 125°C","Soft Termination","AEC-Q200","Automotive, Boardflex Sensitive","-","Surface Mount, MLCC","0603 (1608 Metric)","0.063"" L x 0.032"" W (1.60mm x 0.81mm)","-","0.035"" (0.90mm)","-","-","https://www.digikey.be/en/products/detail/kyocera-avx/06035C102J4Z2A/11224663"
"https://www.vishay.com/docs/28548/vjw1bcbascomseries.pdf","//mm.digikey.com/Volume0/opasdata/d220001/medias/images/6770/VJ_W1BC_Series_0603-1608.jpg","720-VJ0603A102FXJCW1BCTR-ND,720-VJ0603A102FXJCW1BCCT-ND,720-VJ0603A102FXJCW1BCDKR-ND","VJ0603A102FXJCW1BC","Vishay Vitramon","Vishay Vitramon","CAP CER 1000PF 16V C0G/NP0 0603","3.753","0.0996","100","1","Tape & Reel (TR),Cut Tape (CT),Digi-Reel®","VJ W1BC","Active","1000 pF","±1%","16V","C0G, NP0","-55°C ~ 125°C","-","-","General Purpose","-","Surface Mount, MLCC","0603 (1608 Metric)","0.063"" L x 0.031"" W (1.60mm x 0.80mm)","-","0.034"" (0.87mm)","-","-","https://www.digikey.be/en/products/detail/vishay-vitramon/VJ0603A102FXJCW1BC/8302899"
"https://www.vishay.com/docs/28548/vjw1bcbascomseries.pdf","//mm.digikey.com/Volume0/opasdata/d220001/medias/images/6770/VJ_W1BC_Series_0603-1608.jpg","720-1651-2-ND,720-1651-1-ND,720-1651-6-ND","VJ0603A102FXXCW1BC","Vishay Vitramon","Vishay Vitramon","CAP CER 1000PF 25V C0G/NP0 0603","0","0.0996","100","1","Tape & Reel (TR),Cut Tape (CT),Digi-Reel®","VJ W1BC","Active","1000 pF","±1%","25V","C0G, NP0","-55°C ~ 125°C","-","-","General Purpose","-","Surface Mount, MLCC","0603 (1608 Metric)","0.063"" L x 0.031"" W (1.60mm x 0.80mm)","-","0.034"" (0.87mm)","-","-","https://www.digikey.be/en/products/detail/vishay-vitramon/VJ0603A102FXXCW1BC/8302903"
"https://yageogroup.com/content/datasheet/asset/file/KEM_C1003_C0G_SMD","//mm.digikey.com/Volume0/opasdata/d220001/medias/images/5352/0603-%281608-Metric%29-Ceramic-Capacitor.jpg","399-15349-2-ND,399-15349-1-ND,399-15349-6-ND","C0603C102J4GACTU","KEMET","KEMET","CAP CER 1000PF 16V C0G/NP0 0603","51.319","0.1019","100","1","Tape & Reel (TR),Cut Tape (CT),Digi-Reel®","SMD Comm C0G","Active","1000 pF","±5%","16V","C0G, NP0","-55°C ~ 125°C","Low ESL","-","General Purpose","-","Surface Mount, MLCC","0603 (1608 Metric)","0.063"" L x 0.031"" W (1.60mm x 0.80mm)","-","0.034"" (0.87mm)","-","-","https://www.digikey.be/en/products/detail/kemet/C0603C102J4GACTU/2199707"
"https://yageogroup.com/content/datasheet/asset/file/KEM_C1003_C0G_SMD","//mm.digikey.com/Volume0/opasdata/d220001/medias/images/5352/0603-%281608-Metric%29-Ceramic-Capacitor.jpg","399-C0603C102J8GACTUTR-ND,399-C0603C102J8GACTUCT-ND,399-C0603C102J8GACTUDKR-ND","C0603C102J8GACTU","KEMET","KEMET","CAP CER 1000PF 10V C0G/NP0 0603","5.875","0.1019","100","1","Tape & Reel (TR),Cut Tape (CT),Digi-Reel®","SMD Comm C0G","Active","1000 pF","±5%","10V","C0G, NP0","-55°C ~ 125°C","Low ESL","-","General Purpose","-","Surface Mount, MLCC","0603 (1608 Metric)","0.063"" L x 0.031"" W (1.60mm x 0.80mm)","-","0.034"" (0.87mm)","-","-","https://www.digikey.be/en/products/detail/kemet/C0603C102J8GACTU/2199711"
"https://www.vishay.com/docs/45199/vjcommercialseries.pdf","//mm.digikey.com/Volume0/opasdata/d220001/medias/images/6770/VJ_W1BC_Series_0603-1608.jpg","720-VJ0603Y102KXXACTR-ND,720-VJ0603Y102KXXACCT-ND,720-VJ0603Y102KXXACDKR-ND","VJ0603Y102KXXAC","Vishay Vitramon","Vishay Vitramon","CAP CER 1000PF 25V X7R 0603","2.860","0.1032","100","1","Tape & Reel (TR),Cut Tape (CT),Digi-Reel®","VJ","Active","1000 pF","±10%","25V","X7R","-55°C ~ 150°C","-","-","General Purpose","-","Surface Mount, MLCC","0603 (1608 Metric)","0.063"" L x 0.031"" W (1.60mm x 0.80mm)","-","0.036"" (0.92mm)","-","-","https://www.digikey.be/en/products/detail/vishay-vitramon/VJ0603Y102KXXAC/2441272"
"https://www.vishay.com/docs/45199/vjcommercialseries.pdf","//mm.digikey.com/Volume0/opasdata/d220001/medias/images/6770/VJ_W1BC_Series_0603-1608.jpg","720-1951-2-ND,720-1951-1-ND,720-1951-6-ND","VJ0603Y102KXAAP","Vishay Vitramon","Vishay Vitramon","CAP CER 1000PF 50V X7R 0603","32.720","0.1032","100","1","Tape & Reel (TR),Cut Tape (CT),Digi-Reel®","VJ","Active","1000 pF","±10%","50V","X7R","-55°C ~ 150°C","-","-","General Purpose","-","Surface Mount, MLCC","0603 (1608 Metric)","0.063"" L x 0.031"" W (1.60mm x 0.80mm)","-","0.038"" (0.97mm)","-","-","https://www.digikey.be/en/products/detail/vishay-vitramon/VJ0603Y102KXAAP/8305218"
"https://yageogroup.com/content/datasheet/asset/file/KEM_C1022_C0G_AUTO_SMD","//mm.digikey.com/Volume0/opasdata/d220001/medias/images/5352/0603-%281608-Metric%29-Ceramic-Capacitor.jpg","399-6848-2-ND,399-6848-1-ND,399-6848-6-ND","C0603C102K5GACAUTO","KEMET","KEMET","CAP CER 1000PF 50V C0G/NP0 0603","10.430","0.104","100","1","Tape & Reel (TR),Cut Tape (CT),Digi-Reel®","SMD Auto C0G","Active","1000 pF","±10%","50V","C0G, NP0","-55°C ~ 125°C","Low ESL","AEC-Q200","Automotive","-","Surface Mount, MLCC","0603 (1608 Metric)","0.063"" L x 0.031"" W (1.60mm x 0.80mm)","-","0.034"" (0.87mm)","-","-","https://www.digikey.be/en/products/detail/kemet/C0603C102K5GACAUTO/3314845"
"https://www.vishay.com/docs/28548/vjw1bcbascomseries.pdf","//mm.digikey.com/Volume0/opasdata/d220001/medias/images/6770/VJ_W1BC_Series_0603-1608.jpg","720-1650-2-ND,720-1650-1-ND,720-1650-6-ND","VJ0603A102FXACW1BC","Vishay Vitramon","Vishay Vitramon","CAP CER 1000PF 50V C0G/NP0 0603","4.880","0.1075","100","1","Tape & Reel (TR),Cut Tape (CT),Digi-Reel®","VJ W1BC","Active","1000 pF","±1%","50V","C0G, NP0","-55°C ~ 125°C","-","-","General Purpose","-","Surface Mount, MLCC","0603 (1608 Metric)","0.063"" L x 0.031"" W (1.60mm x 0.80mm)","-","0.034"" (0.87mm)","-","-","https://www.digikey.be/en/products/detail/vishay-vitramon/VJ0603A102FXACW1BC/8302897"
"https://yageogroup.com/content/datasheet/asset/file/KEM_C1014_X7R_FE-CAP_SMD","//mm.digikey.com/Volume0/opasdata/d220001/medias/images/423/0603-%281608-Metric%29-1%2C60x0%2C80x0%2C87mm.jpg","399-C0603S102K3RACTUTR-ND,399-C0603S102K3RACTUCT-ND,399-C0603S102K3RACTUDKR-ND","C0603S102K3RACTU","KEMET","KEMET","CAP CER 1000PF 25V X7R 0603","10.807","0.1119","100","1","Tape & Reel (TR),Cut Tape (CT),Digi-Reel®","SMD Comm X7R FE","Active","1000 pF","±10%","25V","X7R","-55°C ~ 125°C","Floating Electrode","-","General Purpose","-","Surface Mount, MLCC","0603 (1608 Metric)","0.063"" L x 0.031"" W (1.60mm x 0.80mm)","-","0.034"" (0.87mm)","-","-","https://www.digikey.be/en/products/detail/kemet/C0603S102K3RACTU/2201820"
"https://yageogroup.com/content/datasheet/asset/file/KEM_C1014_X7R_FE-CAP_SMD","//mm.digikey.com/Volume0/opasdata/d220001/medias/images/423/0603-%281608-Metric%29-1%2C60x0%2C80x0%2C87mm.jpg","399-C0603S102K5RACTUTR-ND,399-C0603S102K5RACTUCT-ND,399-C0603S102K5RACTUDKR-ND","C0603S102K5RACTU","KEMET","KEMET","CAP CER 1000PF 50V X7R 0603","540","0.1119","100","1","Tape & Reel (TR),Cut Tape (CT),Digi-Reel®","SMD Comm X7R FE","Active","1000 pF","±10%","50V","X7R","-55°C ~ 125°C","Floating Electrode","-","General Purpose","-","Surface Mount, MLCC","0603 (1608 Metric)","0.063"" L x 0.031"" W (1.60mm x 0.80mm)","-","0.034"" (0.87mm)","-","-","https://www.digikey.be/en/products/detail/kemet/C0603S102K5RACTU/2201822"
"https://www.vishay.com/docs/45199/vjcommercialseries.pdf","//mm.digikey.com/Volume0/opasdata/d220001/medias/images/6770/VJ_W1BC_Series_0603-1608.jpg","720-VJ0603Y102KXJACTR-ND,720-VJ0603Y102KXJACCT-ND,720-VJ0603Y102KXJACDKR-ND","VJ0603Y102KXJAC","Vishay Vitramon","Vishay Vitramon","CAP CER 1000PF 16V X7R 0603","7.284","0.115","100","1","Tape & Reel (TR),Cut Tape (CT),Digi-Reel®","VJ","Active","1000 pF","±10%","16V","X7R","-55°C ~ 150°C","-","-","General Purpose","-","Surface Mount, MLCC","0603 (1608 Metric)","0.063"" L x 0.031"" W (1.60mm x 0.80mm)","-","0.038"" (0.97mm)","-","-","https://www.digikey.be/en/products/detail/vishay-vitramon/VJ0603Y102KXJAC/8305225"
"https://yageogroup.com/content/datasheet/asset/file/KEM_C1014_X7R_FE-CAP_SMD","//mm.digikey.com/Volume0/opasdata/d220001/medias/images/423/0603-%281608-Metric%29-1%2C60x0%2C80x0%2C87mm.jpg","399-12965-2-ND,399-12965-1-ND,399-12965-6-ND","C0603S102K5RACAUTO","KEMET","KEMET","CAP CER 1000PF 50V X7R 0603","1.957","0.119","100","1","Tape & Reel (TR),Cut Tape (CT),Digi-Reel®","SMD Auto X7R FE","Active","1000 pF","±10%","50V","X7R","-55°C ~ 125°C","Floating Electrode","AEC-Q200","Automotive","-","Surface Mount, MLCC","0603 (1608 Metric)","0.063"" L x 0.031"" W (1.60mm x 0.80mm)","-","0.034"" (0.87mm)","-","-","https://www.digikey.be/en/products/detail/kemet/C0603S102K5RACAUTO/5761787"
"https://search.murata.co.jp/Ceramy/image/img/A01X/G101/ENG/GCM1885C1H102FA16-01A.pdf","//mm.digikey.com/Volume0/opasdata/d220001/medias/images/5447/490-Ceramic-Capacitor-Tan-Field.jpg","490-GCM1885C1H102FA16DTR-ND,490-GCM1885C1H102FA16DCT-ND,490-GCM1885C1H102FA16DDKR-ND","GCM1885C1H102FA16D","Murata Electronics","Murata Electronics","CAP CER 1000PF 50V C0G/NP0 0603","2.441","0.12","100","1","Tape & Reel (TR),Cut Tape (CT),Digi-Reel®","GCM","Active","1000 pF","±1%","50V","C0G, NP0","-55°C ~ 125°C","-","AEC-Q200","Automotive","-","Surface Mount, MLCC","0603 (1608 Metric)","0.063"" L x 0.031"" W (1.60mm x 0.80mm)","-","0.035"" (0.90mm)","-","-","https://www.digikey.be/en/products/detail/murata-electronics/GCM1885C1H102FA16D/17846417"
"https://yageogroup.com/content/datasheet/asset/file/KEM_C1002_X7R_SMD","//mm.digikey.com/Volume0/opasdata/d220001/medias/images/5352/0603-%281608-Metric%29-Ceramic-Capacitor.jpg","399-C0603C102J3RACTUTR-ND,399-C0603C102J3RACTUCT-ND,399-C0603C102J3RACTUDKR-ND","C0603C102J3RACTU","KEMET","KEMET","CAP CER 1000PF 25V X7R 0603","5.268","0.1222","100","1","Tape & Reel (TR),Cut Tape (CT),Digi-Reel®","SMD Comm X7R","Active","1000 pF","±5%","25V","X7R","-55°C ~ 125°C","-","-","Bypass, Decoupling","-","Surface Mount, MLCC","0603 (1608 Metric)","0.063"" L x 0.031"" W (1.60mm x 0.80mm)","-","0.034"" (0.87mm)","-","-","https://www.digikey.be/en/products/detail/kemet/C0603C102J3RACTU/2199706"
"https://yageogroup.com/content/datasheet/asset/file/KEM_C1002_X7R_SMD","//mm.digikey.com/Volume0/opasdata/d220001/medias/images/5352/0603-%281608-Metric%29-Ceramic-Capacitor.jpg","399-C0603C102J4RACTUTR-ND,399-C0603C102J4RACTUCT-ND,399-C0603C102J4RACTUDKR-ND","C0603C102J4RACTU","KEMET","KEMET","CAP CER 1000PF 16V X7R 0603","11.838","0.1222","100","1","Tape & Reel (TR),Cut Tape (CT),Digi-Reel®","SMD Comm X7R","Active","1000 pF","±5%","16V","X7R","-55°C ~ 125°C","-","-","Bypass, Decoupling","-","Surface Mount, MLCC","0603 (1608 Metric)","0.063"" L x 0.031"" W (1.60mm x 0.80mm)","-","0.034"" (0.87mm)","-","-","https://www.digikey.be/en/products/detail/kemet/C0603C102J4RACTU/2199708"
"https://www.vishay.com/docs/45199/vjcommercialseries.pdf","//mm.digikey.com/Volume0/opasdata/d220001/medias/images/6770/VJ_W1BC_Series_0603-1608.jpg","720-VJ0603Y102MXXACTR-ND,720-VJ0603Y102MXXACCT-ND,720-VJ0603Y102MXXACDKR-ND","VJ0603Y102MXXAC","Vishay Vitramon","Vishay Vitramon","CAP CER 1000PF 25V X7R 0603","6.369","0.124","100","1","Tape & Reel (TR),Cut Tape (CT),Digi-Reel®","VJ","Active","1000 pF","±20%","25V","X7R","-55°C ~ 150°C","-","-","General Purpose","-","Surface Mount, MLCC","0603 (1608 Metric)","0.063"" L x 0.031"" W (1.60mm x 0.80mm)","-","0.038"" (0.97mm)","-","-","https://www.digikey.be/en/products/detail/vishay-vitramon/VJ0603Y102MXXAC/8305251"
"https://yageogroup.com/content/datasheet/asset/file/KEM_C1023_X7R_AUTO_SMD","//mm.digikey.com/Volume0/opasdata/d220001/medias/images/5352/0603-%281608-Metric%29-Ceramic-Capacitor.jpg","399-C0603C102J3RACAUTOTR-ND,399-C0603C102J3RACAUTOCT-ND,399-C0603C102J3RACAUTODKR-ND","C0603C102J3RACAUTO","KEMET","KEMET","CAP CER 1000PF 25V X7R 0603","609","0.1291","100","1","Tape & Reel (TR),Cut Tape (CT),Digi-Reel®","SMD Auto X7R","Active","1000 pF","±5%","25V","X7R","-55°C ~ 125°C","-","AEC-Q200","Automotive, Bypass, Decoupling","-","Surface Mount, MLCC","0603 (1608 Metric)","0.063"" L x 0.031"" W (1.60mm x 0.80mm)","-","0.034"" (0.87mm)","-","-","https://www.digikey.be/en/products/detail/kemet/C0603C102J3RACAUTO/11675935"
"https://yageogroup.com/content/datasheet/asset/file/KEM_C1013_X7R_FT-CAP_SMD","//mm.digikey.com/Volume0/opasdata/d220001/medias/images/423/0603-%281608-Metric%29-1%2C60x0%2C80x0%2C87mm.jpg","399-C0603X102K5RACTUTR-ND,399-C0603X102K5RACTUCT-ND,399-C0603X102K5RACTUDKR-ND","C0603X102K5RACTU","KEMET","KEMET","CAP CER 1000PF 50V X7R 0603","87.223","0.1319","100","1","Tape & Reel (TR),Cut Tape (CT),Digi-Reel®","SMD Comm X7R Flex","Active","1000 pF","±10%","50V","X7R","-55°C ~ 125°C","Soft Termination","-","Boardflex Sensitive","-","Surface Mount, MLCC","0603 (1608 Metric)","0.063"" L x 0.031"" W (1.60mm x 0.80mm)","-","0.034"" (0.87mm)","-","-","https://www.digikey.be/en/products/detail/kemet/C0603X102K5RACTU/1842290"
"https://yageogroup.com/content/datasheet/asset/file/KEM_C1013_X7R_FT-CAP_SMD","//mm.digikey.com/Volume0/opasdata/d220001/medias/images/763/0201-%280603-Metric%29-0%2C33mm-C-Series.jpg","399-C0603X102K3RACTUTR-ND,399-C0603X102K3RACTUCT-ND,399-C0603X102K3RACTUDKR-ND","C0603X102K3RACTU","KEMET","KEMET","1000PF 25.0V","3.906","0.1319","100","1","Tape & Reel (TR),Cut Tape (CT),Digi-Reel®","SMD Comm X7R Flex","Active","1000 pF","±10%","25V","X7R","-55°C ~ 125°C","Soft Termination","-","Boardflex Sensitive","-","Surface Mount, MLCC","0603 (1608 Metric)","0.063"" L x 0.031"" W (1.60mm x 0.80mm)","-","0.037"" (0.95mm)","-","-","https://www.digikey.be/en/products/detail/kemet/C0603X102K3RACTU/12083327"
"https://yageogroup.com/content/datasheet/asset/file/KEM_C1013_X7R_FT-CAP_SMD","//mm.digikey.com/Volume0/opasdata/d220001/medias/images/763/0201-%280603-Metric%29-0%2C33mm-C-Series.jpg","399-C0603X102K4RACTUTR-ND,399-C0603X102K4RACTUCT-ND,399-C0603X102K4RACTUDKR-ND","C0603X102K4RACTU","KEMET","KEMET","1000PF 16.0V","3.241","0.1319","100","1","Tape & Reel (TR),Cut Tape (CT),Digi-Reel®","SMD Comm X7R Flex","Active","1000 pF","±10%","16V","X7R","-55°C ~ 125°C","Soft Termination","-","Boardflex Sensitive","-","Surface Mount, MLCC","0603 (1608 Metric)","0.063"" L x 0.031"" W (1.60mm x 0.80mm)","-","0.037"" (0.95mm)","-","-","https://www.digikey.be/en/products/detail/kemet/C0603X102K4RACTU/12082569"
"https://yageogroup.com/content/datasheet/asset/file/KEM_C1007_X8R_ULTRA_150C_SMD","//mm.digikey.com/Volume0/opasdata/d220001/medias/images/5352/0603-%281608-Metric%29-Ceramic-Capacitor.jpg","399-17566-2-ND,399-17566-1-ND,399-17566-6-ND","C0603C102K5HACAUTO","KEMET","KEMET","CAP CER SMD 0603 1000PF 10% X8R","7.146","0.133","100","1","Tape & Reel (TR),Cut Tape (CT),Digi-Reel®","SMD Auto X8R HT150C","Active","1000 pF","±10%","50V","X8R","-55°C ~ 150°C","Low ESL, High Temperature","AEC-Q200","Automotive","-","Surface Mount, MLCC","0603 (1608 Metric)","0.063"" L x 0.031"" W (1.60mm x 0.80mm)","-","0.034"" (0.87mm)","-","-","https://www.digikey.be/en/products/detail/kemet/C0603C102K5HACAUTO/8572401"
"https://yageogroup.com/content/datasheet/asset/file/KEM_C1007_X8R_ULTRA_150C_SMD","//mm.digikey.com/Volume0/opasdata/d220001/medias/images/5352/0603-%281608-Metric%29-Ceramic-Capacitor.jpg","399-9960-2-ND,399-9960-1-ND,399-9960-6-ND","C0603C102J5HACTU","KEMET","KEMET","CAP CER 1000PF 50V X8R 0603","3.531","0.133","100","1","Tape & Reel (TR),Cut Tape (CT),Digi-Reel®","SMD Comm X8R HT150C","Active","1000 pF","±5%","50V","X8R","-55°C ~ 150°C","Low ESL, High Temperature","-","General Purpose","-","Surface Mount, MLCC","0603 (1608 Metric)","0.063"" L x 0.031"" W (1.60mm x 0.80mm)","-","0.034"" (0.87mm)","-","-","https://www.digikey.be/en/products/detail/kemet/C0603C102J5HACTU/3737123"
"https://www.vishay.com/docs/45199/vjcommercialseries.pdf","//mm.digikey.com/Volume0/opasdata/d220001/medias/images/6770/VJ_W1BC_Series_0603-1608.jpg","720-VJ0603Y102JXAACTR-ND,720-VJ0603Y102JXAACCT-ND,720-VJ0603Y102JXAACDKR-ND","VJ0603Y102JXAAC","Vishay Vitramon","Vishay Vitramon","CAP CER 1000PF 50V X7R 0603","135.409","0.1356","100","1","Tape & Reel (TR),Cut Tape (CT),Digi-Reel®","VJ","Active","1000 pF","±5%","50V","X7R","-55°C ~ 150°C","-","-","General Purpose","-","Surface Mount, MLCC","0603 (1608 Metric)","0.063"" L x 0.031"" W (1.60mm x 0.80mm)","-","0.038"" (0.97mm)","-","-","https://www.digikey.be/en/products/detail/vishay-vitramon/VJ0603Y102JXAAC/8305189"
"https://yageogroup.com/content/datasheet/asset/file/KEM_X7R_FT_VW_AUDI","//mm.digikey.com/Volume0/opasdata/d220001/medias/images/423/0805-%282012-Metric%29-2%2C00x1%2C20x1%2C00mm.jpg","399-C0603X102K5RAC3316TR-ND,399-C0603X102K5RAC3316CT-ND,399-C0603X102K5RAC3316DKR-ND","C0603X102K5RAC3316","KEMET","KEMET","CAP CER 0603 1NF 50V X7R 10%","48.512","0.1377","100","1","Tape & Reel (TR),Cut Tape (CT),Digi-Reel®","SMD Auto X7R VW80808","Active","1000 pF","±10%","50V","X7R","-55°C ~ 125°C","Soft Termination","AEC-Q200","Automotive, Boardflex Sensitive","-","Surface Mount, MLCC","0603 (1608 Metric)","0.063"" L x 0.031"" W (1.60mm x 0.80mm)","-","0.037"" (0.95mm)","-","-","https://www.digikey.be/en/products/detail/kemet/C0603X102K5RAC3316/10315783"
"https://search.kemet.com/download/datasheet/C0603X102K5RAC3112","//mm.digikey.com/Volume0/opasdata/d220001/medias/images/423/0805-%282012-Metric%29-2%2C00x1%2C20x1%2C00mm.jpg","399-C0603X102K5RAC3112TR-ND,399-C0603X102K5RAC3112CT-ND,399-C0603X102K5RAC3112DKR-ND","C0603X102K5RAC3112","KEMET","KEMET","CAP CER 1000PF 50V X7R 0603","13.816","0.1387","100","1","Tape & Reel (TR),Cut Tape (CT),Digi-Reel®","SMD Auto X7R VW80808","Active","1000 pF","±10%","50V","X7R","-55°C ~ 125°C","Soft Termination","AEC-Q200","Automotive, Boardflex Sensitive","-","Surface Mount, MLCC","0603 (1608 Metric)","0.063"" L x 0.031"" W (1.60mm x 0.80mm)","-","0.037"" (0.95mm)","-","-","https://www.digikey.be/en/products/detail/kemet/C0603X102K5RAC3112/12082525"
"https://yageogroup.com/content/datasheet/asset/file/KEM_C1078_X7R_FT-CAP_AUTO_SMD","//mm.digikey.com/Volume0/opasdata/d220001/medias/images/763/0201-%280603-Metric%29-0%2C33mm-C-Series.jpg","399-C0603X102K3RACAUTOTR-ND,399-C0603X102K3RACAUTOCT-ND,399-C0603X102K3RACAUTODKR-ND","C0603X102K3RACAUTO","KEMET","KEMET","CAP CER 1000PF 25V X7R 0603","3.948","0.1387","100","1","Tape & Reel (TR),Cut Tape (CT),Digi-Reel®","SMD Auto X7R Flex","Active","1000 pF","±10%","25V","X7R","-55°C ~ 125°C","Soft Termination","AEC-Q200","Automotive, Boardflex Sensitive","-","Surface Mount, MLCC","0603 (1608 Metric)","0.063"" L x 0.031"" W (1.60mm x 0.80mm)","-","0.037"" (0.95mm)","-","-","https://www.digikey.be/en/products/detail/kemet/C0603X102K3RACAUTO/11676027"
"https://search.kemet.com/download/datasheet/C0603X102K5RAC3121","//mm.digikey.com/Volume0/opasdata/d220001/medias/images/423/0805-%282012-Metric%29-2%2C00x1%2C20x1%2C00mm.jpg","399-C0603X102K5RAC3121TR-ND,399-C0603X102K5RAC3121CT-ND,399-C0603X102K5RAC3121DKR-ND","C0603X102K5RAC3121","KEMET","KEMET","CAP CER 1000PF 50V X7R 0603","3.930","0.1387","100","1","Tape & Reel (TR),Cut Tape (CT),Digi-Reel®","SMD Auto X7R VW80808","Active","1000 pF","±10%","50V","X7R","-55°C ~ 125°C","Soft Termination","AEC-Q200","Automotive, Boardflex Sensitive","-","Surface Mount, MLCC","0603 (1608 Metric)","0.063"" L x 0.031"" W (1.60mm x 0.80mm)","-","0.037"" (0.95mm)","-","-","https://www.digikey.be/en/products/detail/kemet/C0603X102K5RAC3121/12082581"
"https://yageogroup.com/content/datasheet/asset/file/KEM_C1078_X7R_FT-CAP_AUTO_SMD","//mm.digikey.com/Volume0/opasdata/d220001/medias/images/4484/MFG_CXXXXXXXXXXACAUTO.jpg","399-C0603X102K4RACAUTOTR-ND,399-C0603X102K4RACAUTOCT-ND,399-C0603X102K4RACAUTODKR-ND","C0603X102K4RACAUTO","KEMET","KEMET","CAP CER 1000PF 16V X7R 0603","240","0.1387","100","1","Tape & Reel (TR),Cut Tape (CT),Digi-Reel®","SMD Auto X7R Flex","Active","1000 pF","±10%","16V","X7R","-55°C ~ 125°C","Soft Termination","AEC-Q200","Automotive, Boardflex Sensitive","-","Surface Mount, MLCC","0603 (1608 Metric)","0.063"" L x 0.031"" W (1.60mm x 0.80mm)","-","0.037"" (0.95mm)","-","-","https://www.digikey.be/en/products/detail/kemet/C0603X102K4RACAUTO/16524832"
"https://yageogroup.com/content/datasheet/asset/file/KEM_C1007_X8R_ULTRA_150C_SMD","//mm.digikey.com/Volume0/opasdata/d220001/medias/images/5352/0603-%281608-Metric%29-Ceramic-Capacitor.jpg","399-13259-2-ND,399-13259-1-ND,399-13259-6-ND","C0603C102J5HACAUTO","KEMET","KEMET","CAP CER 1000PF 50V X8R 0603","3.978","0.1398","100","1","Tape & Reel (TR),Cut Tape (CT),Digi-Reel®","SMD Auto X8R HT150C","Active","1000 pF","±5%","50V","X8R","-55°C ~ 150°C","Low ESL, High Temperature","AEC-Q200","Automotive","-","Surface Mount, MLCC","0603 (1608 Metric)","0.063"" L x 0.031"" W (1.60mm x 0.80mm)","-","0.034"" (0.87mm)","-","-","https://www.digikey.be/en/products/detail/kemet/C0603C102J5HACAUTO/5879172"
"https://www.vishay.com/docs/45230/ga31gautomlccsold.pdf","//mm.digikey.com/Volume0/opasdata/d220001/medias/images/6134/MFG_GA1206A332JXABT31G.jpg","720-GA0603H102KXAAC31GTR-ND,720-GA0603H102KXAAC31GCT-ND,720-GA0603H102KXAAC31GDKR-ND","GA0603H102KXAAC31G","Vishay Vitramon","Vishay Vitramon","CAP CER 1000PF 50V X8R 0603","8.000","0.1508","100","1","Tape & Reel (TR),Cut Tape (CT),Digi-Reel®","GA","Active","1000 pF","±10%","50V","X8R","-55°C ~ 150°C","-","AEC-Q200","Automotive","-","Surface Mount, MLCC","0603 (1608 Metric)","0.063"" L x 0.031"" W (1.60mm x 0.80mm)","-","0.038"" (0.97mm)","-","-","https://www.digikey.be/en/products/detail/vishay-vitramon/GA0603H102KXAAC31G/8513324"
"https://yageogroup.com/content/datasheet/asset/file/KEM_C1015_X7R_FF-CAP_SMD","//mm.digikey.com/Volume0/opasdata/d220001/medias/images/423/0603-%281608-Metric%29-1%2C60x0%2C80x0%2C87mm.jpg","399-C0603Y102K5RACTUTR-ND,399-C0603Y102K5RACTUCT-ND,399-C0603Y102K5RACTUDKR-ND","C0603Y102K5RACTU","KEMET","KEMET","CAP CER 1000PF 50V X7R 0603","4.740","0.1525","100","1","Tape & Reel (TR),Cut Tape (CT),Digi-Reel®","SMD Comm X7R FF","Active","1000 pF","±10%","50V","X7R","-55°C ~ 125°C","Floating Electrode, Soft Termination","-","Boardflex Sensitive","-","Surface Mount, MLCC","0603 (1608 Metric)","0.063"" L x 0.031"" W (1.60mm x 0.80mm)","-","0.034"" (0.87mm)","-","-","https://www.digikey.be/en/products/detail/kemet/C0603Y102K5RACTU/2202675"
"https://yageogroup.com/content/datasheet/asset/file/KEM_C1014_X7R_FE-CAP_SMD","//mm.digikey.com/Volume0/opasdata/d220001/medias/images/423/0603-%281608-Metric%29-1%2C60x0%2C80x0%2C87mm.jpg","399-C0603S102J5RACTUTR-ND,399-C0603S102J5RACTUCT-ND,399-C0603S102J5RACTUDKR-ND","C0603S102J5RACTU","KEMET","KEMET","CAP CER 1000PF 50V X7R 0603","337","0.1546","100","1","Tape & Reel (TR),Cut Tape (CT),Digi-Reel®","SMD Comm X7R FE","Active","1000 pF","±5%","50V","X7R","-55°C ~ 125°C","Floating Electrode","-","General Purpose","-","Surface Mount, MLCC","0603 (1608 Metric)","0.063"" L x 0.031"" W (1.60mm x 0.80mm)","-","0.034"" (0.87mm)","-","-","https://www.digikey.be/en/products/detail/kemet/C0603S102J5RACTU/2201817"
"https://yageogroup.com/content/datasheet/asset/file/KEM_C1015_X7R_FF-CAP_SMD","//mm.digikey.com/Volume0/opasdata/d220001/medias/images/423/0603-%281608-Metric%29-1%2C60x0%2C80x0%2C87mm.jpg","399-16497-2-ND,399-16497-1-ND,399-16497-6-ND","C0603Y102K5RACAUTO","KEMET","KEMET","CAP CER 1000PF 50V X7R 0603 AUTO","4.185","0.1591","100","1","Tape & Reel (TR),Cut Tape (CT),Digi-Reel®","SMD Auto X7R FF","Active","1000 pF","±10%","50V","X7R","-55°C ~ 125°C","Floating Electrode, Soft Termination","AEC-Q200","Automotive, Boardflex Sensitive","-","Surface Mount, MLCC","0603 (1608 Metric)","0.063"" L x 0.031"" W (1.60mm x 0.80mm)","-","0.037"" (0.95mm)","-","-","https://www.digikey.be/en/products/detail/kemet/C0603Y102K5RACAUTO/7803600"
"https://yageogroup.com/content/datasheet/asset/file/KEM_C1014_X7R_FE-CAP_SMD","//mm.digikey.com/Volume0/opasdata/d220001/medias/images/423/0603-%281608-Metric%29-1%2C60x0%2C80x0%2C87mm.jpg","399-20398-2-ND,399-20398-1-ND,399-20398-6-ND","C0603S102J5RACAUTO","KEMET","KEMET","CAP CER 1000PF 50V X7R 0603","447","0.1612","100","1","Tape & Reel (TR),Cut Tape (CT),Digi-Reel®","SMD Auto X7R FE","Active","1000 pF","±5%","50V","X7R","-55°C ~ 125°C","Floating Electrode","AEC-Q200","Automotive","-","Surface Mount, MLCC","0603 (1608 Metric)","0.063"" L x 0.031"" W (1.60mm x 0.80mm)","-","0.034"" (0.87mm)","-","-","https://www.digikey.be/en/products/detail/kemet/C0603S102J5RACAUTO/9924875"
"https://yageogroup.com/content/datasheet/asset/file/KEM_C1062_C0G_FT-CAP_SMD","//mm.digikey.com/Volume0/opasdata/d220001/medias/images/423/0603-%281608-Metric%29-1%2C60x0%2C80x0%2C87mm.jpg","399-C0603X102K5GACTUTR-ND,399-C0603X102K5GACTUCT-ND,399-C0603X102K5GACTUDKR-ND","C0603X102K5GACTU","KEMET","KEMET","CAP CER FE 0603","9.170","0.1667","100","1","Tape & Reel (TR),Cut Tape (CT),Digi-Reel®","SMD Comm C0G Flex","Active","1000 pF","±10%","50V","C0G, NP0","-55°C ~ 125°C","Low ESL, Soft Termination","-","Boardflex Sensitive","-","Surface Mount, MLCC","0603 (1608 Metric)","0.063"" L x 0.031"" W (1.60mm x 0.80mm)","-","0.037"" (0.95mm)","-","-","https://www.digikey.be/en/products/detail/kemet/C0603X102K5GACTU/18189901"
"https://yageogroup.com/content/datasheet/asset/file/KEM_C1062_C0G_FT-CAP_SMD","//mm.digikey.com/Volume0/opasdata/d220001/medias/images/423/0603-%281608-Metric%29-1%2C60x0%2C80x0%2C87mm.jpg","399-C0603X102K5GACAUTOTR-ND,399-C0603X102K5GACAUTOCT-ND,399-C0603X102K5GACAUTODKR-ND","C0603X102K5GACAUTO","KEMET","KEMET","CAP CER FE 0603","10.262","0.1732","100","1","Tape & Reel (TR),Cut Tape (CT),Digi-Reel®","SMD Auto C0G Flex","Active","1000 pF","±10%","50V","C0G, NP0","-55°C ~ 125°C","Low ESL, Soft Termination","AEC-Q200","Automotive, Boardflex Sensitive","-","Surface Mount, MLCC","0603 (1608 Metric)","0.063"" L x 0.031"" W (1.60mm x 0.80mm)","-","0.037"" (0.95mm)","-","-","https://www.digikey.be/en/products/detail/kemet/C0603X102K5GACAUTO/18192728"
"https://yageogroup.com/content/datasheet/asset/file/KEM_C1062_C0G_FT-CAP_SMD","//mm.digikey.com/Volume0/opasdata/d220001/medias/images/423/0603-%281608-Metric%29-1%2C60x0%2C80x0%2C87mm.jpg","399-7382-2-ND,399-7382-1-ND,399-7382-6-ND","C0603X102J5GACTU","KEMET","KEMET","CAP CER 1000PF 50V C0G/NP0 0603","9.045","0.1758","100","1","Tape & Reel (TR),Cut Tape (CT),Digi-Reel®","SMD Comm C0G Flex","Active","1000 pF","±5%","50V","C0G, NP0","-55°C ~ 125°C","Low ESL, Soft Termination","-","Boardflex Sensitive","-","Surface Mount, MLCC","0603 (1608 Metric)","0.063"" L x 0.031"" W (1.60mm x 0.80mm)","-","0.034"" (0.87mm)","-","-","https://www.digikey.be/en/products/detail/kemet/C0603X102J5GACTU/3317588"
"https://yageogroup.com/content/datasheet/asset/file/KEM_C1062_C0G_FT-CAP_SMD","//mm.digikey.com/Volume0/opasdata/d220001/medias/images/423/0603-%281608-Metric%29-1%2C60x0%2C80x0%2C87mm.jpg","399-C0603X102J3GACTUTR-ND,399-C0603X102J3GACTUCT-ND,399-C0603X102J3GACTUDKR-ND","C0603X102J3GACTU","KEMET","KEMET","CAP CER 1000PF 25V C0G/NP0 0603","489","0.1758","100","1","Tape & Reel (TR),Cut Tape (CT),Digi-Reel®","SMD Comm C0G Flex","Active","1000 pF","±5%","25V","C0G, NP0","-55°C ~ 125°C","Low ESL, Soft Termination","-","Boardflex Sensitive","-","Surface Mount, MLCC","0603 (1608 Metric)","0.063"" L x 0.031"" W (1.60mm x 0.80mm)","-","0.034"" (0.87mm)","-","-","https://www.digikey.be/en/products/detail/kemet/C0603X102J3GACTU/3317587"
"https://yageogroup.com/content/datasheet/asset/file/KEM_C1062_C0G_FT-CAP_SMD","//mm.digikey.com/Volume0/opasdata/d220001/medias/images/763/0201-%280603-Metric%29-0%2C33mm-C-Series.jpg","399-C0603X102J5GACAUTOTR-ND,399-C0603X102J5GACAUTOCT-ND,399-C0603X102J5GACAUTODKR-ND","C0603X102J5GACAUTO","KEMET","KEMET","CAP CER 1000PF 50V C0G/NP0 0603","8.216","0.1822","100","1","Tape & Reel (TR),Cut Tape (CT),Digi-Reel®","SMD Auto C0G Flex","Active","1000 pF","±5%","50V","C0G, NP0","-55°C ~ 125°C","Low ESL, Soft Termination","AEC-Q200","Automotive, Boardflex Sensitive","-","Surface Mount, MLCC","0603 (1608 Metric)","0.063"" L x 0.031"" W (1.60mm x 0.80mm)","-","0.034"" (0.87mm)","-","-","https://www.digikey.be/en/products/detail/kemet/C0603X102J5GACAUTO/11676044"
"https://yageogroup.com/content/datasheet/asset/file/KEM_C1062_C0G_FT-CAP_SMD","//mm.digikey.com/Volume0/opasdata/d220001/medias/images/763/0201-%280603-Metric%29-0%2C33mm-C-Series.jpg","399-C0603X102J3GACAUTOTR-ND,399-C0603X102J3GACAUTOCT-ND,399-C0603X102J3GACAUTODKR-ND","C0603X102J3GACAUTO","KEMET","KEMET","CAP CER 1000PF 25V C0G/NP0 0603","4.067","0.1822","100","1","Tape & Reel (TR),Cut Tape (CT),Digi-Reel®","SMD Auto C0G Flex","Active","1000 pF","±5%","25V","C0G, NP0","-55°C ~ 125°C","Low ESL, Soft Termination","AEC-Q200","Automotive, Boardflex Sensitive","-","Surface Mount, MLCC","0603 (1608 Metric)","0.063"" L x 0.031"" W (1.60mm x 0.80mm)","-","0.037"" (0.95mm)","-","-","https://www.digikey.be/en/products/detail/kemet/C0603X102J3GACAUTO/11675634"
"https://yageogroup.com/content/datasheet/asset/file/KEM_C1078_X7R_FT-CAP_AUTO_SMD","//mm.digikey.com/Volume0/opasdata/d220001/medias/images/423/0603-%281608-Metric%29-1%2C60x0%2C80x0%2C87mm.jpg","399-C0603X102J5RACAUTOTR-ND,399-C0603X102J5RACAUTOCT-ND,399-C0603X102J5RACAUTODKR-ND","C0603X102J5RACAUTO","KEMET","KEMET","CAP CER 1000PF 50V X7R 0603","2.494","0.1892","100","1","Tape & Reel (TR),Cut Tape (CT),Digi-Reel®","SMD Auto X7R Flex","Active","1000 pF","±5%","50V","X7R","-55°C ~ 125°C","Soft Termination","AEC-Q200","Automotive, Boardflex Sensitive","-","Surface Mount, MLCC","0603 (1608 Metric)","0.063"" L x 0.031"" W (1.60mm x 0.80mm)","-","0.037"" (0.95mm)","-","-","https://www.digikey.be/en/products/detail/kemet/C0603X102J5RACAUTO/10232825"
"https://datasheets.kyocera-avx.com/C0GNP0-KGM.pdf","//mm.digikey.com/Volume0/opasdata/d220001/medias/images/4845/478_0603-%281608-Metric%29-0%2C90mm.jpg","478-KGM15ACG1E102FTTR-ND,478-KGM15ACG1E102FTCT-ND,478-KGM15ACG1E102FTDKR-ND","KGM15ACG1E102FT","KYOCERA AVX","KYOCERA AVX","CAP CER 1000PF 25V C0G/NP0 0603","0","0.198","100","1","Tape & Reel (TR),Cut Tape (CT),Digi-Reel®","KGM - C0G","Active","1000 pF","±1%","25V","C0G, NP0","-55°C ~ 125°C","-","-","General Purpose","-","Surface Mount, MLCC","0603 (1608 Metric)","0.063"" L x 0.032"" W (1.60mm x 0.81mm)","-","0.035"" (0.90mm)","-","-","https://www.digikey.be/en/products/detail/kyocera-avx/KGM15ACG1E102FT/1599076"
"https://yageogroup.com/content/datasheet/asset/file/KEM_C1015_X7R_FF-CAP_SMD","//mm.digikey.com/Volume0/opasdata/d220001/medias/images/5537/MFG_C1210X154F3GACAUTO.jpg","399-C0603Y102J8RACTUTR-ND,399-C0603Y102J8RACTUCT-ND,399-C0603Y102J8RACTUDKR-ND","C0603Y102J8RACTU","KEMET","KEMET","CAP CER FE 0603","3.930","0.2118","100","1","Tape & Reel (TR),Cut Tape (CT),Digi-Reel®","SMD Comm X7R FF","Active","1000 pF","±5%","10V","X7R","-55°C ~ 125°C","Floating Electrode, Soft Termination","-","Boardflex Sensitive","-","Surface Mount, MLCC","0603 (1608 Metric)","0.063"" L x 0.031"" W (1.60mm x 0.80mm)","-","0.037"" (0.95mm)","-","-","https://www.digikey.be/en/products/detail/kemet/C0603Y102J8RACTU/18195715"
"https://yageogroup.com/content/datasheet/asset/file/KEM_C1091_C0G_ESD","//mm.digikey.com/Volume0/opasdata/d220001/medias/images/5352/0603-%281608-Metric%29-Ceramic-Capacitor.jpg","399-C0603C102F5GECAUTOTR-ND,399-C0603C102F5GECAUTOCT-ND,399-C0603C102F5GECAUTODKR-ND","C0603C102F5GECAUTO","KEMET","KEMET","CAP CER 1000PF 50V C0G/NP0 0603","4.288","0.223","100","1","Tape & Reel (TR),Cut Tape (CT),Digi-Reel®","ESD SMD Auto C0G","Active","1000 pF","±1%","50V","C0G, NP0","-55°C ~ 125°C","Low ESL, Low ESR","AEC-Q200","Automotive, ESD Protection","-","Surface Mount, MLCC","0603 (1608 Metric)","0.063"" L x 0.031"" W (1.60mm x 0.80mm)","-","0.034"" (0.87mm)","-","-","https://www.digikey.be/en/products/detail/kemet/C0603C102F5GECAUTO/6826333"
"https://www.knowlescapacitors.com/getmedia/092ca658-af19-46bf-82db-149c2edc538a/KNO-16806_MLCC_Catalog_FINAL2-2_1","//mm.digikey.com/Volume0/opasdata/d220001/medias/images/4845/1608_0603-%281608-Metric%29-0%2C80mm-Tan.jpg","1608-1367-2-ND,1608-1367-1-ND,1608-1367-6-ND","0603Y0500102KXT","Knowles Syfer","Knowles Syfer","CAP CER 1000PF 50V X7R 0603","1.241","0.2268","100","1","Tape & Reel (TR),Cut Tape (CT),Digi-Reel®","FlexiCap™","Active","1000 pF","±10%","50V","X7R","-55°C ~ 125°C","Soft Termination, High Temperature","-","High Reliability, Boardflex Sensitive","-","Surface Mount, MLCC","0603 (1608 Metric)","0.063"" L x 0.031"" W (1.60mm x 0.80mm)","-","0.031"" (0.80mm)","-","-","https://www.digikey.be/en/products/detail/knowles-syfer/0603Y0500102KXT/6294782"
"https://yageogroup.com/content/datasheet/asset/file/KEM_C1063_X8R_FT-CAP_SMD","//mm.digikey.com/Volume0/opasdata/d220001/medias/images/423/0603-%281608-Metric%29-1%2C60x0%2C80x0%2C87mm.jpg","399-16499-2-ND,399-16499-1-ND,399-16499-6-ND","C0603X102J5HACAUTO","KEMET","KEMET","CAP CER 1000PF 50V X8R 0603 AUTO","0","0.2373","100","1","Tape & Reel (TR),Cut Tape (CT),Digi-Reel®","SMD Auto X8R HT150C Flex","Active","1000 pF","±5%","50V","X8R","-55°C ~ 150°C","Low ESL, Soft Termination, High Temperature","AEC-Q200","Automotive, Boardflex Sensitive","-","Surface Mount, MLCC","0603 (1608 Metric)","0.063"" L x 0.031"" W (1.60mm x 0.80mm)","-","0.037"" (0.95mm)","-","-","https://www.digikey.be/en/products/detail/kemet/C0603X102J5HACAUTO/7803602"
"https://www.knowlescapacitors.com/getmedia/092ca658-af19-46bf-82db-149c2edc538a/KNO-16806_MLCC_Catalog_FINAL2-2_1","//mm.digikey.com/Volume0/opasdata/d220001/medias/images/4845/1608_0603-%281608-Metric%29-0%2C80mm-Tan.jpg","1608-1359-2-ND,1608-1359-1-ND,1608-1359-6-ND","0603J0500102KXT","Knowles Syfer","Knowles Syfer","CAP CER 1000PF 50V X7R 0603","4.904","0.2378","100","1","Tape & Reel (TR),Cut Tape (CT),Digi-Reel®","-","Active","1000 pF","±10%","50V","X7R","-55°C ~ 125°C","-","-","General Purpose","-","Surface Mount, MLCC","0603 (1608 Metric)","0.063"" L x 0.031"" W (1.60mm x 0.80mm)","-","0.031"" (0.80mm)","-","-","https://www.digikey.be/en/products/detail/knowles-syfer/0603J0500102KXT/6284280"
"https://www.knowlescapacitors.com/getmedia/092ca658-af19-46bf-82db-149c2edc538a/KNO-16806_MLCC_Catalog_FINAL2-2_1.pdf","//mm.digikey.com/Volume0/opasdata/d220001/medias/images/4845/1608_0603-%281608-Metric%29-0%2C80mm-Tan.jpg","1608-1302-2-ND,1608-1302-1-ND,1608-1302-6-ND","0603Y0500102KET","Knowles Syfer","Knowles Syfer","CAP CER 1000PF 50V X7R 0603","0","0.2378","100","1","Tape & Reel (TR),Cut Tape (CT),Digi-Reel®","FlexiCap™","Active","1000 pF","±10%","50V","X7R","-55°C ~ 125°C","Soft Termination","AEC-Q200","Automotive, Boardflex Sensitive","-","Surface Mount, MLCC","0603 (1608 Metric)","0.063"" L x 0.031"" W (1.60mm x 0.80mm)","-","0.031"" (0.80mm)","-","-","https://www.digikey.be/en/products/detail/knowles-syfer/0603Y0500102KET/6294780"
"https://datasheets.kyocera-avx.com/KAS.pdf","//mm.digikey.com/Volume0/opasdata/d220001/medias/images/7228/MFG_478_Flexiterm_series.jpg","478-KAS15AR71H102KMTR-ND,478-KAS15AR71H102KMCT-ND,478-KAS15AR71H102KMDKR-ND","KAS15AR71H102KM","KYOCERA AVX","KYOCERA AVX","CAP CER 1000PF 50V X7R 0603","0","0.2677","100","1","Tape & Reel (TR),Cut Tape (CT),Digi-Reel®","FLEXITERM™ Flexisafe","Active","1000 pF","±10%","50V","X7R","-55°C ~ 125°C","Soft Termination","AEC-Q200","Automotive, Boardflex Sensitive","-","Surface Mount, MLCC","0603 (1608 Metric)","0.063"" L x 0.032"" W (1.60mm x 0.81mm)","-","0.020"" (0.50mm)","-","-","https://www.digikey.be/en/products/detail/kyocera-avx/KAS15AR71H102KM/11232379"
"https://yageogroup.com/content/datasheet/asset/file/KEM_C1003_C0G_SMD","//mm.digikey.com/Volume0/opasdata/d220001/medias/images/5352/0603-%281608-Metric%29-Ceramic-Capacitor.jpg","399-C0603C102G3GACTUTR-ND,399-C0603C102G3GACTUCT-ND,399-C0603C102G3GACTUDKR-ND","C0603C102G3GACTU","KEMET","KEMET","CAP CER 1000PF 25V C0G/NP0 0603","23.469","0.2811","100","1","Tape & Reel (TR),Cut Tape (CT),Digi-Reel®","SMD Comm C0G","Active","1000 pF","±2%","25V","C0G, NP0","-55°C ~ 125°C","Low ESL","-","General Purpose","-","Surface Mount, MLCC","0603 (1608 Metric)","0.063"" L x 0.031"" W (1.60mm x 0.80mm)","-","0.034"" (0.87mm)","-","-","https://www.digikey.be/en/products/detail/kemet/C0603C102G3GACTU/2199696"
"https://yageogroup.com/content/datasheet/asset/file/KEM_C1003_C0G_SMD","//mm.digikey.com/Volume0/opasdata/d220001/medias/images/5352/0603-%281608-Metric%29-Ceramic-Capacitor.jpg","399-C0603C102G5GACTUTR-ND,399-C0603C102G5GACTUCT-ND,399-C0603C102G5GACTUDKR-ND","C0603C102G5GACTU","KEMET","KEMET","CAP CER 1000PF 50V C0G/NP0 0603","6.173","0.2811","100","1","Tape & Reel (TR),Cut Tape (CT),Digi-Reel®","SMD Comm C0G","Active","1000 pF","±2%","50V","C0G, NP0","-55°C ~ 125°C","Low ESL","-","General Purpose","-","Surface Mount, MLCC","0603 (1608 Metric)","0.063"" L x 0.031"" W (1.60mm x 0.80mm)","-","0.034"" (0.87mm)","-","-","https://www.digikey.be/en/products/detail/kemet/C0603C102G5GACTU/2199698"
"https://yageogroup.com/content/datasheet/asset/file/KEM_C1022_C0G_AUTO_SMD","//mm.digikey.com/Volume0/opasdata/d220001/medias/images/5352/0603-%281608-Metric%29-Ceramic-Capacitor.jpg","399-C0603C102G5GACAUTOTR-ND,399-C0603C102G5GACAUTOCT-ND,399-C0603C102G5GACAUTODKR-ND","C0603C102G5GACAUTO","KEMET","KEMET","CAP CER 1000PF 50V C0G/NP0 0603","1.585","0.287","100","1","Tape & Reel (TR),Cut Tape (CT),Digi-Reel®","SMD Auto C0G","Active","1000 pF","±2%","50V","C0G, NP0","-55°C ~ 125°C","Low ESL","AEC-Q200","Automotive","-","Surface Mount, MLCC","0603 (1608 Metric)","0.063"" L x 0.031"" W (1.60mm x 0.80mm)","-","0.034"" (0.87mm)","-","-","https://www.digikey.be/en/products/detail/kemet/C0603C102G5GACAUTO/10642838"
"https://datasheets.kyocera-avx.com/C0GNP0-KGM.pdf","//mm.digikey.com/Volume0/opasdata/d220001/medias/images/4845/478_0603-%281608-Metric%29-0%2C90mm.jpg","478-KGM15ACG1C102GTTR-ND,478-KGM15ACG1C102GTCT-ND,478-KGM15ACG1C102GTDKR-ND","KGM15ACG1C102GT","KYOCERA AVX","KYOCERA AVX","CAP CER 1000PF 16V C0G/NP0 0603","3.648","0.3014","100","1","Tape & Reel (TR),Cut Tape (CT),Digi-Reel®","KGM - C0G","Active","1000 pF","±2%","16V","C0G, NP0","-55°C ~ 125°C","-","-","General Purpose","-","Surface Mount, MLCC","0603 (1608 Metric)","0.063"" L x 0.032"" W (1.60mm x 0.81mm)","-","0.035"" (0.90mm)","-","-","https://www.digikey.be/en/products/detail/kyocera-avx/KGM15ACG1C102GT/3080722"
"https://datasheets.kyocera-avx.com/C0GNP0-KGM.pdf","//mm.digikey.com/Volume0/opasdata/d220001/medias/images/4845/478_0603-%281608-Metric%29-0%2C90mm.jpg","478-KGM15ACG1E102GTTR-ND,478-KGM15ACG1E102GTCT-ND,478-KGM15ACG1E102GTDKR-ND","KGM15ACG1E102GT","KYOCERA AVX","KYOCERA AVX","CAP CER 1000PF 25V C0G/NP0 0603","2.030","0.3014","100","1","Tape & Reel (TR),Cut Tape (CT),Digi-Reel®","KGM - C0G","Active","1000 pF","±2%","25V","C0G, NP0","-55°C ~ 125°C","-","-","General Purpose","-","Surface Mount, MLCC","0603 (1608 Metric)","0.063"" L x 0.032"" W (1.60mm x 0.81mm)","-","0.035"" (0.90mm)","-","-","https://www.digikey.be/en/products/detail/kyocera-avx/KGM15ACG1E102GT/1599077"
"https://yageogroup.com/content/datasheet/asset/file/KEM_C1026_C0G_COTS_SMD","//mm.digikey.com/Volume0/opasdata/d220001/medias/images/423/0603-%281608-Metric%29-1%2C60x0%2C80x0%2C87mm.jpg","399-20423-2-ND,399-20423-1-ND,399-20423-6-ND","C0603T102J5GACTU","KEMET","KEMET","CAP CER 1000PF 50V C0G/NP0 0603","402","0.3127","100","1","Tape & Reel (TR),Cut Tape (CT),Digi-Reel®","SMD COTS C0G","Active","1000 pF","±5%","50V","C0G, NP0","-55°C ~ 125°C","Low ESL","COTS","High Reliability","-","Surface Mount, MLCC","0603 (1608 Metric)","0.063"" L x 0.031"" W (1.60mm x 0.80mm)","-","0.034"" (0.87mm)","-","-","https://www.digikey.be/en/products/detail/kemet/C0603T102J5GACTU/9924900"
"https://www.knowlescapacitors.com/getmedia/092ca658-af19-46bf-82db-149c2edc538a/KNO-16806_MLCC_Catalog_FINAL2-2_1","//mm.digikey.com/Volume0/opasdata/d220001/medias/images/4845/1608_0603-%281608-Metric%29-0%2C80mm-Tan.jpg","1608-0603J0500102JCTTR-ND,1608-0603J0500102JCT-ND,1608-0603J0500102JCTDKR-ND","0603J0500102JCT","Knowles Syfer","Knowles Syfer","CAP CER 1000PF 50V C0G/NP0 0603","6.628","0.3378","100","1","Tape & Reel (TR),Cut Tape (CT),Digi-Reel®","-","Active","1000 pF","±5%","50V","C0G, NP0 (1B)","-55°C ~ 125°C","-","-","General Purpose","-","Surface Mount, MLCC","0603 (1608 Metric)","0.063"" L x 0.031"" W (1.60mm x 0.80mm)","-","0.031"" (0.80mm)","-","-","https://www.digikey.be/en/products/detail/knowles-syfer/0603J0500102JCT/6284270"
"https://yageogroup.com/content/datasheet/asset/file/KEM_C1003_C0G_SMD","//mm.digikey.com/Volume0/opasdata/d220001/medias/images/5352/0603-%281608-Metric%29-Ceramic-Capacitor.jpg","399-C0603C102F3GACTUTR-ND,399-C0603C102F3GACTUCT-ND,399-C0603C102F3GACTUDKR-ND","C0603C102F3GACTU","KEMET","KEMET","CAP CER 1000PF 25V C0G/NP0 0603","980.349","0.5006","100","1","Tape & Reel (TR),Cut Tape (CT),Digi-Reel®","SMD Comm C0G","Active","1000 pF","±1%","25V","C0G, NP0","-55°C ~ 125°C","Low ESL","-","General Purpose","-","Surface Mount, MLCC","0603 (1608 Metric)","0.063"" L x 0.031"" W (1.60mm x 0.80mm)","-","0.034"" (0.87mm)","-","-","https://www.digikey.be/en/products/detail/kemet/C0603C102F3GACTU/2199692"
"https://yageogroup.com/content/datasheet/asset/file/KEM_C1003_C0G_SMD","//mm.digikey.com/Volume0/opasdata/d220001/medias/images/5352/0603-%281608-Metric%29-Ceramic-Capacitor.jpg","399-C0603C102F5GACTUTR-ND,399-C0603C102F5GACTUCT-ND,399-C0603C102F5GACTUDKR-ND","C0603C102F5GACTU","KEMET","KEMET","CAP CER 1000PF 50V C0G/NP0 0603","53.501","0.5006","100","1","Tape & Reel (TR),Cut Tape (CT),Digi-Reel®","SMD Comm C0G","Active","1000 pF","±1%","50V","C0G, NP0","-55°C ~ 125°C","Low ESL","-","General Purpose","-","Surface Mount, MLCC","0603 (1608 Metric)","0.063"" L x 0.031"" W (1.60mm x 0.80mm)","-","0.034"" (0.87mm)","-","-","https://www.digikey.be/en/products/detail/kemet/C0603C102F5GACTU/2199694"
"https://yageogroup.com/content/datasheet/asset/file/KEM_C1003_C0G_SMD","//mm.digikey.com/Volume0/opasdata/d220001/medias/images/5352/0603-%281608-Metric%29-Ceramic-Capacitor.jpg","399-C0603C102F4GACTUTR-ND,399-C0603C102F4GACTUCT-ND,399-C0603C102F4GACTUDKR-ND","C0603C102F4GACTU","KEMET","KEMET","CAP CER 1000PF 16V C0G/NP0 0603","3.737","0.5006","100","1","Tape & Reel (TR),Cut Tape (CT),Digi-Reel®","SMD Comm C0G","Active","1000 pF","±1%","16V","C0G, NP0","-55°C ~ 125°C","Low ESL","-","General Purpose","-","Surface Mount, MLCC","0603 (1608 Metric)","0.063"" L x 0.031"" W (1.60mm x 0.80mm)","-","0.034"" (0.87mm)","-","-","https://www.digikey.be/en/products/detail/kemet/C0603C102F4GACTU/2199693"
"https://yageogroup.com/content/datasheet/asset/file/KEM_C1022_C0G_AUTO_SMD","//mm.digikey.com/Volume0/opasdata/d220001/medias/images/5352/0603-%281608-Metric%29-Ceramic-Capacitor.jpg","399-20388-2-ND,399-20388-1-ND,399-20388-6-ND","C0603C102F3GACAUTO","KEMET","KEMET","CAP CER 1000PF 25V C0G/NP0 0603","3.431","0.506","100","1","Tape & Reel (TR),Cut Tape (CT),Digi-Reel®","SMD Auto C0G","Active","1000 pF","±1%","25V","C0G, NP0","-55°C ~ 125°C","Low ESL","AEC-Q200","Automotive","-","Surface Mount, MLCC","0603 (1608 Metric)","0.063"" L x 0.031"" W (1.60mm x 0.80mm)","-","0.034"" (0.87mm)","-","-","https://www.digikey.be/en/products/detail/kemet/C0603C102F3GACAUTO/9924865"
"https://yageogroup.com/content/datasheet/asset/file/KEM_C1022_C0G_AUTO_SMD","//mm.digikey.com/Volume0/opasdata/d220001/medias/images/5352/0603-%281608-Metric%29-Ceramic-Capacitor.jpg","399-C0603C102F5GACAUTOTR-ND,399-C0603C102F5GACAUTOCT-ND,399-C0603C102F5GACAUTODKR-ND","C0603C102F5GACAUTO","KEMET","KEMET","CAP CER 1000PF 50V C0G/NP0 0603","3.364","0.506","100","1","Tape & Reel (TR),Cut Tape (CT),Digi-Reel®","SMD Auto C0G","Active","1000 pF","±1%","50V","C0G, NP0","-55°C ~ 125°C","Low ESL","AEC-Q200","Automotive","-","Surface Mount, MLCC","0603 (1608 Metric)","0.063"" L x 0.031"" W (1.60mm x 0.80mm)","-","0.034"" (0.87mm)","-","-","https://www.digikey.be/en/products/detail/kemet/C0603C102F5GACAUTO/11675565"
"https://yageogroup.com/content/datasheet/asset/file/KEM_C1062_C0G_FT-CAP_SMD","//mm.digikey.com/Volume0/opasdata/d220001/medias/images/423/0603-%281608-Metric%29-1%2C60x0%2C80x0%2C87mm.jpg","399-C0603X102F5GACTUTR-ND,399-C0603X102F5GACTUCT-ND,399-C0603X102F5GACTUDKR-ND","C0603X102F5GACTU","KEMET","KEMET","CAP CER 1000PF 50V NP0 0603","3.605","0.9013","100","1","Tape & Reel (TR),Cut Tape (CT),Digi-Reel®","SMD Comm C0G Flex","Active","1000 pF","±1%","50V","C0G, NP0","-55°C ~ 125°C","Low ESL, Soft Termination","-","Boardflex Sensitive","-","Surface Mount, MLCC","0603 (1608 Metric)","0.063"" L x 0.031"" W (1.60mm x 0.80mm)","-","0.037"" (0.95mm)","-","-","https://www.digikey.be/en/products/detail/kemet/C0603X102F5GACTU/6097129"
"https://yageogroup.com/content/datasheet/asset/file/KEM_C1062_C0G_FT-CAP_SMD","//mm.digikey.com/Volume0/opasdata/d220001/medias/images/763/0201-%280603-Metric%29-0%2C33mm-C-Series.jpg","399-C0603X102F5GACAUTOTR-ND,399-C0603X102F5GACAUTOCT-ND,399-C0603X102F5GACAUTODKR-ND","C0603X102F5GACAUTO","KEMET","KEMET","CAP CER 1000PF 50V C0G/NP0 0603","6.654","0.9064","100","1","Tape & Reel (TR),Cut Tape (CT),Digi-Reel®","SMD Auto C0G Flex","Active","1000 pF","±1%","50V","C0G, NP0","-55°C ~ 125°C","Low ESL, Soft Termination","AEC-Q200","Automotive, Boardflex Sensitive","-","Surface Mount, MLCC","0603 (1608 Metric)","0.063"" L x 0.031"" W (1.60mm x 0.80mm)","-","0.037"" (0.95mm)","-","-","https://www.digikey.be/en/products/detail/kemet/C0603X102F5GACAUTO/11676034"
"//mm.digikey.com/Volume0/opasdata/d220001/medias/docus/5546/MD%20Series%20R3.pdf","//mm.digikey.com/Volume0/opasdata/d220001/medias/images/5531/MFG_0402J050P500HHB.jpg","1763-MD0603N102F500NGHT-EMTR-ND,1763-MD0603N102F500NGHT-EMCT-ND,1763-MD0603N102F500NGHT-EMDKR-ND","MD0603N102F500NGHT-EM","Knowles Novacap","Knowles Novacap","CAP CER 1000PF 50V C0G/NP0 0603","3.500","2.7685","100","1","Tape & Reel (TR),Cut Tape (CT),Digi-Reel®","MD","Active","1000 pF","±1%","50V","C0G, NP0","-55°C ~ 125°C","-","-","Medical, Non-Critical","-","Surface Mount, MLCC","0603 (1608 Metric)","-","-","-","-","-","https://www.digikey.be/en/products/detail/knowles-novacap/MD0603N102F500NGHT-EM/21406877"
