Datasheet,Image,DK Part #,Mfr Part #,Mfr,Supplier,Description,Stock,Price,@ qty,Min Qty, Package,Series,Product Status,"Capacitance","Tolerance","Voltage - Rated","Temperature Coefficient","Operating Temperature","Features","Ratings","Applications","Mounting Type","Package / Case","Size / Dimension","Height - Seated (Max)","Thickness (Max)","Lead Spacing","Lead Style","Failure Rate","URL"
"https://search.murata.co.jp/Ceramy/image/img/A01X/G101/ENG/GRM155R71H102KA01-01.pdf","//mm.digikey.com/Volume0/opasdata/d220001/medias/images/5447/490-Ceramic-Capacitor-Tan-Field.jpg","490-6350-2-ND,490-6350-1-ND,490-6350-6-ND","GRM155R71H102KA01J","Murata Electronics","Murata Electronics","CAP CER 1000PF 50V X7R 0402","655.942","0.00529","20000","1","Tape & Reel (TR),Cut Tape (CT),Digi-Reel®","GRM","Active","1000 pF","±10%","50V","X7R","-55°C ~ 125°C","-","-","General Purpose","Surface Mount, MLCC","0402 (1005 Metric)","0.039"" L x 0.020"" W (1.00mm x 0.50mm)","-","0.022"" (0.55mm)","-","-","-","https://www.digikey.be/en/products/detail/murata-electronics/GRM155R71H102KA01J/2610921"
"https://pim.murata.com/asset/pim4/ceramicCapacitorSMD/GRM033R71C102KA01-01A-EN_PDF_CERAMICCAPACITORSMD","//mm.digikey.com/Volume0/opasdata/d220001/medias/images/5447/490-Ceramic-Capacitor-Tan-Field.jpg","490-7613-2-ND,490-7613-1-ND,490-7613-6-ND","GRM033R71C102KA01J","Murata Electronics","Murata Electronics","CAP CER 1000PF 16V X7R 0201","21.544","0.00295","20000","1","Tape & Reel (TR),Cut Tape (CT),Digi-Reel®","GRM","Active","1000 pF","±10%","16V","X7R","-55°C ~ 125°C","-","-","General Purpose","Surface Mount","0201 (0603 Metric)","0.024"" L x 0.012"" W (0.60mm x 0.30mm)","-","0.013"" (0.33mm)","-","-","-","https://www.digikey.be/en/products/detail/murata-electronics/GRM033R71C102KA01J/2543502"
"https://yageogroup.com/content/datasheet/asset/file/KEM_C1003_C0G_SMD","//mm.digikey.com/Volume0/opasdata/d220001/medias/images/5357/0402-%281005-Metric%29-Ceramic-Capacitor.jpg","399-C0402C102J5GAC7411TR-ND,399-C0402C102J5GAC7411CT-ND,399-C0402C102J5GAC7411DKR-ND","C0402C102J5GAC7411","KEMET","KEMET","CAP CER 1000PF 50V C0G/NP0 0402","10.541","0.08549","20000","1","Tape & Reel (TR),Cut Tape (CT),Digi-Reel®","SMD Comm C0G","Active","1000 pF","±5%","50V","C0G, NP0","-55°C ~ 125°C","Low ESL","-","General Purpose","Surface Mount, MLCC","0402 (1005 Metric)","0.039"" L x 0.020"" W (1.00mm x 0.50mm)","-","0.022"" (0.55mm)","-","-","-","https://www.digikey.be/en/products/detail/kemet/C0402C102J5GAC7411/11676418"
"https://datasheets.kyocera-avx.com/KGM_X7R.pdf","//mm.digikey.com/Volume0/opasdata/d220001/medias/images/4848/478_0402-%281005-Metric%29-0%2C56mm.jpg","478-KGM05AR71C102KNTR-ND,478-KGM05AR71C102KNCT-ND,478-KGM05AR71C102KNDKR-ND","KGM05AR71C102KN","KYOCERA AVX","KYOCERA AVX","CAP CER 1000PF 16V X7R 0402","36.136","0.01247","20000","1","Tape & Reel (TR),Cut Tape (CT),Digi-Reel®","KGM - X7R","Active","1000 pF","±10%","16V","X7R","-55°C ~ 125°C","-","-","General Purpose","Surface Mount, MLCC","0402 (1005 Metric)","0.039"" L x 0.020"" W (1.00mm x 0.50mm)","-","0.022"" (0.55mm)","-","-","-","https://www.digikey.be/en/products/detail/kyocera-avx/KGM05AR71C102KN/1597800"
"https://search.murata.co.jp/Ceramy/image/img/A01X/G101/ENG/GRM1555C1H102GA01-01.pdf","//mm.digikey.com/Volume0/opasdata/d220001/medias/images/5447/490-Ceramic-Capacitor-Tan-Field.jpg","490-GRM1555C1H102GA01JTR-ND,490-GRM1555C1H102GA01JCT-ND,490-GRM1555C1H102GA01JDKR-ND","GRM1555C1H102GA01J","Murata Electronics","Murata Electronics","CAP CER 1000PF 50V C0G/NP0 0402","46.151","0.01463","20000","1","Tape & Reel (TR),Cut Tape (CT),Digi-Reel®","GRM","Active","1000 pF","±2%","50V","C0G, NP0","-55°C ~ 125°C","-","-","General Purpose","Surface Mount, MLCC","0402 (1005 Metric)","0.039"" L x 0.020"" W (1.00mm x 0.50mm)","-","0.022"" (0.55mm)","-","-","-","https://www.digikey.be/en/products/detail/murata-electronics/GRM1555C1H102GA01J/2543863"
"https://www.passivecomponent.com/wp-content/uploads/datasheet/WTC_MLCC_General_Purpose.pdf","//mm.digikey.com/Volume0/opasdata/d220001/medias/images/848/0402-%281005-Metric%29-0%2C60mm.jpg","1292-1169-2-ND,1292-1169-1-ND,1292-1169-6-ND","0402B102K500CT","Walsin Technology Corporation","Walsin Technology Corporation","CAP CER 1000PF 50V X7R 0402","232.415","0.00124","20000","1","Tape & Reel (TR),Cut Tape (CT),Digi-Reel®","-","Active","1000 pF","±10%","50V","X7R","-55°C ~ 125°C","-","-","General Purpose","Surface Mount, MLCC","0402 (1005 Metric)","0.039"" L x 0.020"" W (1.00mm x 0.50mm)","-","0.022"" (0.55mm)","-","-","-","https://www.digikey.be/en/products/detail/walsin-technology-corporation/0402B102K500CT/9354667"
"http://www.passivecomponent.com/wp-content/uploads/ecd/0201B102K250CT-IL.pdf","//mm.digikey.com/Volume0/opasdata/d220001/medias/images/4165/0201-%280603-Metric%29-0%2C60x0%2C30x0mm.jpg","1292-1621-2-ND,1292-1621-1-ND,1292-1621-6-ND","0201B102K250CT","Walsin Technology Corporation","Walsin Technology Corporation","CAP CER 1000PF 25V X7R 0201","412.975","0.00147","20000","1","Tape & Reel (TR),Cut Tape (CT),Digi-Reel®","-","Active","1000 pF","±10%","25V","X7R","-55°C ~ 125°C","-","-","General Purpose","Surface Mount, MLCC","0201 (0603 Metric)","0.024"" L x 0.012"" W (0.60mm x 0.30mm)","-","0.013"" (0.33mm)","-","-","-","https://www.digikey.be/en/products/detail/walsin-technology-corporation/0201B102K250CT/6707527"
"https://www.passivecomponent.com/wp-content/uploads/datasheet/WTC_MLCC_General_Purpose.pdf","//mm.digikey.com/Volume0/opasdata/d220001/medias/images/848/0402-%281005-Metric%29-0%2C60mm.jpg","1292-0402B102K250CTTR-ND,1292-0402B102K250CT-ND,1292-0402B102K250CTDKR-ND","0402B102K250CT","Walsin Technology Corporation","Walsin Technology Corporation","CAP CER 1000PF 25V X7R 0402","103.714","0.00155","20000","1","Tape & Reel (TR),Cut Tape (CT),Digi-Reel®","-","Active","1000 pF","±10%","25V","X7R","-55°C ~ 125°C","-","-","General Purpose","Surface Mount, MLCC","0402 (1005 Metric)","0.039"" L x 0.020"" W (1.00mm x 0.50mm)","-","0.022"" (0.55mm)","-","-","-","https://www.digikey.be/en/products/detail/walsin-technology-corporation/0402B102K250CT/14836852"
"https://www.passivecomponent.com/wp-content/uploads/datasheet/WTC_MLCC_General_Purpose.pdf","//mm.digikey.com/Volume0/opasdata/d220001/medias/images/848/0402-%281005-Metric%29-0%2C60mm.jpg","1292-1168-2-ND,1292-1168-1-ND,1292-1168-6-ND","0402B102K160CT","Walsin Technology Corporation","Walsin Technology Corporation","CAP CER 1000PF 16V X7R 0402","2.443","0.00155","20000","1","Tape & Reel (TR),Cut Tape (CT),Digi-Reel®","-","Active","1000 pF","±10%","16V","X7R","-55°C ~ 125°C","-","-","General Purpose","Surface Mount, MLCC","0402 (1005 Metric)","0.039"" L x 0.020"" W (1.00mm x 0.50mm)","-","0.022"" (0.55mm)","-","-","-","https://www.digikey.be/en/products/detail/walsin-technology-corporation/0402B102K160CT/9354666"
"https://www.passivecomponent.com/wp-content/uploads/datasheet/WTC_MLCC_General_Purpose.pdf","//mm.digikey.com/Volume0/opasdata/d220001/medias/images/4165/0201-%280603-Metric%29-0%2C60x0%2C30x0mm.jpg","1292-0201B102K500CTTR-ND,1292-0201B102K500CT-ND,1292-0201B102K500CTDKR-ND","0201B102K500CT","Walsin Technology Corporation","Walsin Technology Corporation","CAP CER 1000PF 50V X7R 0201","60.963","0.00184","20000","1","Tape & Reel (TR),Cut Tape (CT),Digi-Reel®","-","Active","1000 pF","±10%","50V","X7R","-55°C ~ 125°C","-","-","General Purpose","Surface Mount, MLCC","0201 (0603 Metric)","0.024"" L x 0.012"" W (0.60mm x 0.30mm)","-","0.013"" (0.33mm)","-","-","-","https://www.digikey.be/en/products/detail/walsin-technology-corporation/0201B102K500CT/14836800"
"https://www.passivecomponent.com/wp-content/uploads/datasheet/WTC_MLCC_General_Purpose.pdf","//mm.digikey.com/Volume0/opasdata/d220001/medias/images/4165/0201-%280603-Metric%29-0%2C60x0%2C30x0mm.jpg","1292-1117-2-ND,1292-1117-1-ND,1292-1117-6-ND","0201B102K160CT","Walsin Technology Corporation","Walsin Technology Corporation","CAP CER 1000PF 16V X7R 0201","51.467","0.00184","20000","1","Tape & Reel (TR),Cut Tape (CT),Digi-Reel®","-","Active","1000 pF","±10%","16V","X7R","-55°C ~ 125°C","-","-","General Purpose","Surface Mount, MLCC","0201 (0603 Metric)","0.024"" L x 0.012"" W (0.60mm x 0.30mm)","-","0.013"" (0.33mm)","-","-","-","https://www.digikey.be/en/products/detail/walsin-technology-corporation/0201B102K160CT/9354615"
"https://www.passivecomponent.com/wp-content/uploads/datasheet/WTC_MLCC_General_Purpose.pdf","//mm.digikey.com/Volume0/opasdata/d220001/medias/images/848/0402-%281005-Metric%29-0%2C60mm.jpg","1292-1626-2-ND,1292-1626-1-ND,1292-1626-6-ND","0402B102J500CT","Walsin Technology Corporation","Walsin Technology Corporation","CAP CER 1000PF 50V X7R 0402","3.656","0.00211","20000","1","Tape & Reel (TR),Cut Tape (CT),Digi-Reel®","-","Active","1000 pF","±5%","50V","X7R","-55°C ~ 125°C","-","-","General Purpose","Surface Mount, MLCC","0402 (1005 Metric)","0.039"" L x 0.020"" W (1.00mm x 0.50mm)","-","0.022"" (0.55mm)","-","-","-","https://www.digikey.be/en/products/detail/walsin-technology-corporation/0402B102J500CT/6707530"
"https://www.passivecomponent.com/wp-content/uploads/datasheet/WTC_MLCC_Automotive_MT.pdf","//mm.digikey.com/Volume0/opasdata/d220001/medias/images/6555/1292_0402-1005-Metric.jpg","1292-MT15B102K500CTTR-ND,1292-MT15B102K500CT-ND,1292-MT15B102K500CTDKR-ND","MT15B102K500CT","Walsin Technology Corporation","Walsin Technology Corporation","CAP CER 1000PF 50V X7R 0402","251","0.00211","20000","1","Tape & Reel (TR),Cut Tape (CT),Digi-Reel®","MT","Active","1000 pF","±10%","50V","X7R","-55°C ~ 125°C","-","AEC-Q200","Automotive","Surface Mount, MLCC","0402 (1005 Metric)","0.039"" L x 0.020"" W (1.00mm x 0.50mm)","-","0.022"" (0.55mm)","-","-","-","https://www.digikey.be/en/products/detail/walsin-technology-corporation/MT15B102K500CT/15791282"
"https://pim.murata.com/asset/pim4/ceramicCapacitorSMD/GRM033R71C102KA01-01A-EN_PDF_CERAMICCAPACITORSMD","//mm.digikey.com/Volume0/opasdata/d220001/medias/images/5447/490-Ceramic-Capacitor-Tan-Field.jpg","490-6147-2-ND,490-6147-1-ND,490-6147-6-ND","GRM033R71C102KA01D","Murata Electronics","Murata Electronics","CAP CER 1000PF 16V X7R 0201","1.122.574","0.00236","20000","1","Tape & Reel (TR),Cut Tape (CT),Digi-Reel®","GRM","Active","1000 pF","±10%","16V","X7R","-55°C ~ 125°C","-","-","General Purpose","Surface Mount","0201 (0603 Metric)","0.024"" L x 0.012"" W (0.60mm x 0.30mm)","-","0.013"" (0.33mm)","-","-","-","https://www.digikey.be/en/products/detail/murata-electronics/GRM033R71C102KA01D/2543501"
"https://search.murata.co.jp/Ceramy/image/img/A01X/G101/ENG/GRM033R71H102KA12-01.pdf","//mm.digikey.com/Volume0/opasdata/d220001/medias/images/5447/490-Ceramic-Capacitor-Tan-Field.jpg","490-10682-2-ND,490-10682-1-ND,490-10682-6-ND","GRM033R71H102KA12D","Murata Electronics","Murata Electronics","CAP CER 1000PF 50V X7R 0201","1.386.239","0.00236","20000","1","Tape & Reel (TR),Cut Tape (CT),Digi-Reel®","GRM","Active","1000 pF","±10%","50V","X7R","-55°C ~ 125°C","-","-","General Purpose","Surface Mount","0201 (0603 Metric)","0.024"" L x 0.012"" W (0.60mm x 0.30mm)","-","0.013"" (0.33mm)","-","-","-","https://www.digikey.be/en/products/detail/murata-electronics/GRM033R71H102KA12D/4904760"
"https://search.murata.co.jp/Ceramy/image/img/A01X/G101/ENG/GRM033R61E102KA01-01.pdf","//mm.digikey.com/Volume0/opasdata/d220001/medias/images/5447/490-Ceramic-Capacitor-Tan-Field.jpg","490-14452-2-ND,490-14452-1-ND,490-14452-6-ND","GRM033R61E102KA01D","Murata Electronics","Murata Electronics","CAP CER 1000PF 25V X5R 0201","44.664","0.00236","20000","1","Tape & Reel (TR),Cut Tape (CT),Digi-Reel®","GRM","Active","1000 pF","±10%","25V","X5R","-55°C ~ 85°C","-","-","General Purpose","Surface Mount, MLCC","0201 (0603 Metric)","0.024"" L x 0.012"" W (0.60mm x 0.30mm)","-","0.013"" (0.33mm)","-","-","-","https://www.digikey.be/en/products/detail/murata-electronics/GRM033R61E102KA01D/6606081"
"https://search.murata.co.jp/Ceramy/image/img/A01X/G101/ENG/GRM033R71C102MA01-01A.pdf","//mm.digikey.com/Volume0/opasdata/d220001/medias/images/5447/490-Ceramic-Capacitor-Tan-Field.jpg","490-GRM033R71C102MA01DTR-ND,490-GRM033R71C102MA01DCT-ND,490-GRM033R71C102MA01DDKR-ND","GRM033R71C102MA01D","Murata Electronics","Murata Electronics","CAP CER 1000PF 16V X7R 0201","7.383","0.00236","20000","1","Tape & Reel (TR),Cut Tape (CT),Digi-Reel®","GRM","Active","1000 pF","±20%","16V","X7R","-55°C ~ 125°C","-","-","General Purpose","Surface Mount, MLCC","0201 (0603 Metric)","0.024"" L x 0.012"" W (0.60mm x 0.30mm)","-","0.013"" (0.33mm)","-","-","-","https://www.digikey.be/en/products/detail/murata-electronics/GRM033R71C102MA01D/10694247"
"https://calchip.com/wp-content/uploads/2026/04/GMC-Series-1.pdf","//mm.digikey.com/Volume0/opasdata/d220001/medias/images/6258/MFG_GMC04X7R182K50NT.jpg","4713-GMC04X7R102K25NTTR-ND,4713-GMC04X7R102K25NTCT-ND,4713-GMC04X7R102K25NTDKR-ND","GMC04X7R102K25NT","Cal-Chip Electronics, Inc.","Cal-Chip Electronics, Inc.","CAP0402 X7R 1000PF 10% 25V","34.710","0.00236","20000","1","Tape & Reel (TR),Cut Tape (CT),Digi-Reel®","GMC","Active","1000 pF","±10%","25V","X7R","-55°C ~ 125°C","-","-","General Purpose","Surface Mount, MLCC","0402 (1005 Metric)","0.039"" L x 0.020"" W (1.00mm x 0.50mm)","-","0.022"" (0.55mm)","-","-","-","https://www.digikey.be/en/products/detail/cal-chip-electronics-inc/GMC04X7R102K25NT/24389313"
"https://calchip.com/wp-content/uploads/2026/04/GMC-Series-1.pdf","//mm.digikey.com/Volume0/opasdata/d220001/medias/images/6258/MFG_GMC04X7R153K50NT.jpg","4713-GMC04X7R102K16NTTR-ND,4713-GMC04X7R102K16NTCT-ND,4713-GMC04X7R102K16NTDKR-ND","GMC04X7R102K16NT","Cal-Chip Electronics, Inc.","Cal-Chip Electronics, Inc.","CAP0402 X7R 1000PF 10% 16V","8.290","0.00236","20000","1","Tape & Reel (TR),Cut Tape (CT),Digi-Reel®","GMC","Active","1000 pF","±10%","16V","X7R","-55°C ~ 125°C","-","-","General Purpose","Surface Mount, MLCC","0402 (1005 Metric)","0.039"" L x 0.020"" W (1.00mm x 0.50mm)","-","0.022"" (0.55mm)","-","-","-","https://www.digikey.be/en/products/detail/cal-chip-electronics-inc/GMC04X7R102K16NT/24389312"
"https://calchip.com/wp-content/uploads/2026/04/GMC-Series-1.pdf","//mm.digikey.com/Volume0/opasdata/d220001/medias/images/5718/MFG_CHV1812N1K0102KXT.jpg","4713-GMC04X7R102K50NTTR-ND,4713-GMC04X7R102K50NTCT-ND,4713-GMC04X7R102K50NTDKR-ND","GMC04X7R102K50NT","Cal-Chip Electronics, Inc.","Cal-Chip Electronics, Inc.","CAP0402 X7R 1000PF 10% 50V","1.251","0.00238","20000","1","Tape & Reel (TR),Cut Tape (CT),Digi-Reel®","GMC","Active","1000 pF","±10%","50V","X7R","-55°C ~ 125°C","-","-","General Purpose","Surface Mount, MLCC","0402 (1005 Metric)","0.039"" L x 0.020"" W (1.00mm x 0.50mm)","-","0.022"" (0.55mm)","-","-","-","https://www.digikey.be/en/products/detail/cal-chip-electronics-inc/GMC04X7R102K50NT/21802002"
"https://calchip.com/wp-content/uploads/2026/04/GMC-Series-1.pdf","//mm.digikey.com/Volume0/opasdata/d220001/medias/images/5781/MFG_Cal-Chip-All-Capacitors.jpg","4713-GMC02X7R102K50NTTR-ND,4713-GMC02X7R102K50NTCT-ND,4713-GMC02X7R102K50NTDKR-ND","GMC02X7R102K50NT","Cal-Chip Electronics, Inc.","Cal-Chip Electronics, Inc.","CAP0201 X7R 1000PF 10% 50V","11.150","0.00241","20000","1","Tape & Reel (TR),Cut Tape (CT),Digi-Reel®","GMC","Active","1000 pF","±10%","50V","X7R","-55°C ~ 125°C","-","-","General Purpose","Surface Mount, MLCC","0201 (0603 Metric)","0.024"" L x 0.012"" W (0.60mm x 0.30mm)","-","0.013"" (0.33mm)","-","-","-","https://www.digikey.be/en/products/detail/cal-chip-electronics-inc/GMC02X7R102K50NT/22562757"
"https://search.murata.co.jp/Ceramy/image/img/A01X/G101/ENG/GRM033R71H102MA12-01.pdf","//mm.digikey.com/Volume0/opasdata/d220001/medias/images/5447/490-Ceramic-Capacitor-Tan-Field.jpg","490-GRM033R71H102MA12DTR-ND,490-GRM033R71H102MA12DCT-ND,490-GRM033R71H102MA12DDKR-ND","GRM033R71H102MA12D","Murata Electronics","Murata Electronics","CAP CER 1000PF 50V X7R 0201","61.225","0.00243","20000","1","Tape & Reel (TR),Cut Tape (CT),Digi-Reel®","GRM","Active","1000 pF","±20%","50V","X7R","-55°C ~ 125°C","-","-","General Purpose","Surface Mount","0201 (0603 Metric)","0.024"" L x 0.012"" W (0.60mm x 0.30mm)","-","0.013"" (0.33mm)","-","-","-","https://www.digikey.be/en/products/detail/murata-electronics/GRM033R71H102MA12D/4904762"
"https://www.passivecomponent.com/wp-content/uploads/datasheet/WTC_MLCC_General_Purpose.pdf","//mm.digikey.com/Volume0/opasdata/d220001/medias/images/942/0603-%281608-Metric%29-0%2C90mm.jpg","1292-1380-2-ND,1292-1380-1-ND,1292-1380-6-ND","0603B102K500CT","Walsin Technology Corporation","Walsin Technology Corporation","CAP CER 1000PF 50V X7R 0603","7","0.00246","20000","1","Tape & Reel (TR),Cut Tape (CT),Digi-Reel®","-","Active","1000 pF","±10%","50V","X7R","-55°C ~ 125°C","-","-","General Purpose","Surface Mount, MLCC","0603 (1608 Metric)","0.063"" L x 0.031"" W (1.60mm x 0.80mm)","-","0.034"" (0.87mm)","-","-","-","https://www.digikey.be/en/products/detail/walsin-technology-corporation/0603B102K500CT/9354877"
"https://calchip.com/wp-content/uploads/2026/04/GMC-Series-1.pdf","//mm.digikey.com/Volume0/opasdata/d220001/medias/images/5781/MFG_Cal-Chip-All-Capacitors.jpg","4713-GMC02X7R102K25NTTR-ND,4713-GMC02X7R102K25NTCT-ND,4713-GMC02X7R102K25NTDKR-ND","GMC02X7R102K25NT","Cal-Chip Electronics, Inc.","Cal-Chip Electronics, Inc.","CAP0201 X7R 1000PF 10% 25V","75.000","0.00247","20000","1","Tape & Reel (TR),Cut Tape (CT),Digi-Reel®","GMC","Active","1000 pF","±10%","25V","X7R","-55°C ~ 125°C","-","-","General Purpose","Surface Mount, MLCC","0201 (0603 Metric)","0.024"" L x 0.012"" W (0.60mm x 0.30mm)","-","0.013"" (0.33mm)","-","-","-","https://www.digikey.be/en/products/detail/cal-chip-electronics-inc/GMC02X7R102K25NT/22562754"
"https://calchip.com/wp-content/uploads/2026/04/GMC-Series-1.pdf","//mm.digikey.com/Volume0/opasdata/d220001/medias/images/5781/MFG_Cal-Chip-All-Capacitors.jpg","4713-GMC02X7R102K16NTTR-ND,4713-GMC02X7R102K16NTCT-ND,4713-GMC02X7R102K16NTDKR-ND","GMC02X7R102K16NT","Cal-Chip Electronics, Inc.","Cal-Chip Electronics, Inc.","CAP0201 X7R 1000PF 10% 16V","33.563","0.0025","20000","1","Tape & Reel (TR),Cut Tape (CT),Digi-Reel®","GMC","Active","1000 pF","±10%","16V","X7R","-55°C ~ 125°C","-","-","General Purpose","Surface Mount, MLCC","0201 (0603 Metric)","0.024"" L x 0.012"" W (0.60mm x 0.30mm)","-","0.013"" (0.33mm)","-","-","-","https://www.digikey.be/en/products/detail/cal-chip-electronics-inc/GMC02X7R102K16NT/22562784"
"//mm.digikey.com/Volume0/opasdata/d220001/medias/docus/8910/UPY_GP_NP0_16V_TO_250V.pdf","//mm.digikey.com/Volume0/opasdata/d220001/medias/images/8908/MFG_CC0402KRX7R5BB102.jpg","13-CC0402KRX7R5BB102TR-ND,13-CC0402KRX7R5BB102CT-ND,13-CC0402KRX7R5BB102DKR-ND","CC0402KRX7R5BB102","YAGEO","YAGEO","CAP MLCC X7R 1 NF 6.3V","0","0.00255","20000","1","Tape & Reel (TR),Cut Tape (CT),Digi-Reel®","CC","Active","1000 pF","±10%","6.3V","X7R","-55°C ~ 125°C","-","-","General Purpose","Surface Mount, MLCC","0402 (1005 Metric)","0.039"" L x 0.020"" W (1.00mm x 0.50mm)","-","0.022"" (0.55mm)","-","-","-","https://www.digikey.be/en/products/detail/yageo/CC0402KRX7R5BB102/29291096"
"https://calchip.com/wp-content/uploads/2026/04/GMC-Series-1.pdf","//mm.digikey.com/Volume0/opasdata/d220001/medias/images/5781/MFG_Cal-Chip-All-Capacitors.jpg","4713-GMC02X5R102K16NTTR-ND,4713-GMC02X5R102K16NTCT-ND,4713-GMC02X5R102K16NTDKR-ND","GMC02X5R102K16NT","Cal-Chip Electronics, Inc.","Cal-Chip Electronics, Inc.","CAP0201 X5R 1000PF 10% 16V","6.475","0.00294","20000","1","Tape & Reel (TR),Cut Tape (CT),Digi-Reel®","GMC","Active","1000 pF","±10%","16V","X5R","-55°C ~ 85°C","-","-","General Purpose","Surface Mount, MLCC","0201 (0603 Metric)","0.024"" L x 0.012"" W (0.60mm x 0.30mm)","-","0.013"" (0.33mm)","-","-","-","https://www.digikey.be/en/products/detail/cal-chip-electronics-inc/GMC02X5R102K16NT/22507719"
"https://search.murata.co.jp/Ceramy/image/img/A01X/G101/ENG/GRM033R71E102KA01-01.pdf","//mm.digikey.com/Volume0/opasdata/d220001/medias/images/5447/490-Ceramic-Capacitor-Tan-Field.jpg","490-8161-2-ND,490-8161-1-ND,490-8161-6-ND","GRM033R71E102KA01J","Murata Electronics","Murata Electronics","CAP CER 1000PF 25V X7R 0201","60.386","0.00295","20000","1","Tape & Reel (TR),Cut Tape (CT),Digi-Reel®","GRM","Active","1000 pF","±10%","25V","X7R","-55°C ~ 125°C","-","-","General Purpose","Surface Mount","0201 (0603 Metric)","0.024"" L x 0.012"" W (0.60mm x 0.30mm)","-","0.013"" (0.33mm)","-","-","-","https://www.digikey.be/en/products/detail/murata-electronics/GRM033R71E102KA01J/2543522"
"https://yageogroup.com/content/datasheet/asset/file/UPY-GPHC_X5R_4V-TO-50V","//mm.digikey.com/Volume0/opasdata/d220001/medias/images/389/CCSeries-0201-%280603-Metric%29.jpg","311-3688-2-ND,311-3688-1-ND,311-3688-6-ND","CC0201KRX5R8BB102","YAGEO","YAGEO","CAP CER 1000PF 25V X5R 0201","61.930","0.00298","20000","1","Tape & Reel (TR),Cut Tape (CT),Digi-Reel®","CC","Active","1000 pF","±10%","25V","X5R","-55°C ~ 85°C","-","-","General Purpose","Surface Mount, MLCC","0201 (0603 Metric)","0.024"" L x 0.012"" W (0.60mm x 0.30mm)","-","0.013"" (0.33mm)","-","-","-","https://www.digikey.be/en/products/detail/yageo/CC0201KRX5R8BB102/5883152"
"https://calchip.com/wp-content/uploads/2026/04/GMC-Series-1.pdf","//mm.digikey.com/Volume0/opasdata/d220001/medias/images/5781/MFG_Cal-Chip-All-Capacitors.jpg","4713-GMC02X5R102K10NTTR-ND,4713-GMC02X5R102K10NTCT-ND,4713-GMC02X5R102K10NTDKR-ND","GMC02X5R102K10NT","Cal-Chip Electronics, Inc.","Cal-Chip Electronics, Inc.","CAP0201 X5R 1000PF 10% 10V","14.780","0.00298","20000","1","Tape & Reel (TR),Cut Tape (CT),Digi-Reel®","GMC","Active","1000 pF","±10%","10V","X5R","-55°C ~ 85°C","-","-","General Purpose","Surface Mount, MLCC","0201 (0603 Metric)","0.024"" L x 0.012"" W (0.60mm x 0.30mm)","-","0.013"" (0.33mm)","-","-","-","https://www.digikey.be/en/products/detail/cal-chip-electronics-inc/GMC02X5R102K10NT/22507653"
"https://calchip.com/wp-content/uploads/2026/04/GMC-Series-1.pdf","//mm.digikey.com/Volume0/opasdata/d220001/medias/images/5781/MFG_Cal-Chip-All-Capacitors.jpg","4713-GMC02X5R102K25NTTR-ND,4713-GMC02X5R102K25NTCT-ND,4713-GMC02X5R102K25NTDKR-ND","GMC02X5R102K25NT","Cal-Chip Electronics, Inc.","Cal-Chip Electronics, Inc.","CAP0201 X5R 1000PF 10% 25V","10.000","0.00298","20000","1","Tape & Reel (TR),Cut Tape (CT),Digi-Reel®","GMC","Active","1000 pF","±10%","25V","X5R","-55°C ~ 85°C","-","-","General Purpose","Surface Mount, MLCC","0201 (0603 Metric)","0.024"" L x 0.012"" W (0.60mm x 0.30mm)","-","0.013"" (0.33mm)","-","-","-","https://www.digikey.be/en/products/detail/cal-chip-electronics-inc/GMC02X5R102K25NT/22507666"
"https://search.murata.co.jp/Ceramy/image/img/A01X/G101/ENG/GRM033R71E102KA01-01.pdf","//mm.digikey.com/Volume0/opasdata/d220001/medias/images/5447/490-Ceramic-Capacitor-Tan-Field.jpg","490-3184-2-ND,490-3184-1-ND,490-3184-6-ND","GRM033R71E102KA01D","Murata Electronics","Murata Electronics","CAP CER 1000PF 25V X7R 0201","1.860.063","0.00302","20000","1","Tape & Reel (TR),Cut Tape (CT),Digi-Reel®","GRM","Active","1000 pF","±10%","25V","X7R","-55°C ~ 125°C","-","-","General Purpose","Surface Mount","0201 (0603 Metric)","0.024"" L x 0.012"" W (0.60mm x 0.30mm)","-","0.013"" (0.33mm)","-","-","-","https://www.digikey.be/en/products/detail/murata-electronics/GRM033R71E102KA01D/702450"
"https://search.murata.co.jp/Ceramy/image/img/A01X/G101/ENG/GRM033R71C102JA01-01A.pdf","//mm.digikey.com/Volume0/opasdata/d220001/medias/images/5447/490-Ceramic-Capacitor-Tan-Field.jpg","490-GRM033R71C102JA01DTR-ND,490-GRM033R71C102JA01DCT-ND,490-GRM033R71C102JA01DDKR-ND","GRM033R71C102JA01D","Murata Electronics","Murata Electronics","CAP CER 1000PF 16V X7R 0201","121.913","0.00304","20000","1","Tape & Reel (TR),Cut Tape (CT),Digi-Reel®","GRM","Active","1000 pF","±5%","16V","X7R","-55°C ~ 125°C","-","-","General Purpose","Surface Mount, MLCC","0201 (0603 Metric)","0.024"" L x 0.012"" W (0.60mm x 0.30mm)","-","0.013"" (0.33mm)","-","-","-","https://www.digikey.be/en/products/detail/murata-electronics/GRM033R71C102JA01D/10705115"
"https://www.passivecomponent.com/wp-content/uploads/datasheet/WTC_MLCC_General_Purpose.pdf","//mm.digikey.com/Volume0/opasdata/d220001/medias/images/942/0603-%281608-Metric%29-0%2C90mm.jpg","1292-1378-2-ND,1292-1378-1-ND,1292-1378-6-ND","0603B102K160CT","Walsin Technology Corporation","Walsin Technology Corporation","CAP CER 1000PF 16V X7R 0603","678","0.00304","20000","1","Tape & Reel (TR),Cut Tape (CT),Digi-Reel®","-","Active","1000 pF","±10%","16V","X7R","-55°C ~ 125°C","-","-","General Purpose","Surface Mount, MLCC","0603 (1608 Metric)","0.063"" L x 0.031"" W (1.60mm x 0.80mm)","-","0.034"" (0.87mm)","-","-","-","https://www.digikey.be/en/products/detail/walsin-technology-corporation/0603B102K160CT/9354875"
"https://calchip.com/wp-content/uploads/2026/04/GMC-Series-1.pdf","//mm.digikey.com/Volume0/opasdata/d220001/medias/images/6258/MFG_GMC04X7R182K50NT.jpg","4713-GMC04X7R102M25NTTR-ND,4713-GMC04X7R102M25NTCT-ND,4713-GMC04X7R102M25NTDKR-ND","GMC04X7R102M25NT","Cal-Chip Electronics, Inc.","Cal-Chip Electronics, Inc.","CAP0402 X7R 1000PF 20% 25V","19.780","0.00306","20000","1","Tape & Reel (TR),Cut Tape (CT),Digi-Reel®","GMC","Active","1000 pF","±20%","25V","X7R","-55°C ~ 125°C","-","-","General Purpose","Surface Mount, MLCC","0402 (1005 Metric)","0.039"" L x 0.020"" W (1.00mm x 0.50mm)","-","0.022"" (0.55mm)","-","-","-","https://www.digikey.be/en/products/detail/cal-chip-electronics-inc/GMC04X7R102M25NT/24389315"
"https://calchip.com/wp-content/uploads/2026/04/GMC-Series-1.pdf","//mm.digikey.com/Volume0/opasdata/d220001/medias/images/6258/MFG_GMC04X7R183J16NT.jpg","4713-GMC04X7R102M50NTTR-ND,4713-GMC04X7R102M50NTCT-ND,4713-GMC04X7R102M50NTDKR-ND","GMC04X7R102M50NT","Cal-Chip Electronics, Inc.","Cal-Chip Electronics, Inc.","CAP0402 X7R 1000PF 20% 50V","9.980","0.00306","20000","1","Tape & Reel (TR),Cut Tape (CT),Digi-Reel®","GMC","Active","1000 pF","±20%","50V","X7R","-55°C ~ 125°C","-","-","General Purpose","Surface Mount, MLCC","0402 (1005 Metric)","0.039"" L x 0.020"" W (1.00mm x 0.50mm)","-","0.022"" (0.55mm)","-","-","-","https://www.digikey.be/en/products/detail/cal-chip-electronics-inc/GMC04X7R102M50NT/24389327"
"https://calchip.com/wp-content/uploads/2026/04/GMC-Series-1.pdf","//mm.digikey.com/Volume0/opasdata/d220001/medias/images/5781/MFG_Cal-Chip-All-Capacitors.jpg","4713-GMC04X7R102M16NTTR-ND,4713-GMC04X7R102M16NTCT-ND,4713-GMC04X7R102M16NTDKR-ND","GMC04X7R102M16NT","Cal-Chip Electronics, Inc.","Cal-Chip Electronics, Inc.","CAP0402 X7R 1000PF 20% 16V","10.000","0.00306","20000","1","Tape & Reel (TR),Cut Tape (CT),Digi-Reel®","GMC","Active","1000 pF","±20%","16V","X7R","-55°C ~ 125°C","General Purpose","-","General Purpose","Surface Mount, MLCC","0402 (1005 Metric)","0.039"" L x 0.020"" W (1.00mm x 0.50mm)","-","0.024"" (0.60mm)","-","-","-","https://www.digikey.be/en/products/detail/cal-chip-electronics-inc/GMC04X7R102M16NT/27783386"
"https://search.murata.co.jp/Ceramy/image/img/A01X/G101/ENG/GRM033R71E102JA01-01.pdf","//mm.digikey.com/Volume0/opasdata/d220001/medias/images/5447/490-Ceramic-Capacitor-Tan-Field.jpg","490-16360-2-ND,490-16360-1-ND,490-16360-6-ND","GRM033R71E102JA01D","Murata Electronics","Murata Electronics","CAP CER 1000PF 25V X7R 0201","560.734","0.00311","20000","1","Tape & Reel (TR),Cut Tape (CT),Digi-Reel®","GRM","Active","1000 pF","±5%","25V","X7R","-55°C ~ 125°C","-","-","General Purpose","Surface Mount, MLCC","0201 (0603 Metric)","0.024"" L x 0.012"" W (0.60mm x 0.30mm)","-","0.013"" (0.33mm)","-","-","-","https://www.digikey.be/en/products/detail/murata-electronics/GRM033R71E102JA01D/7363104"
"https://www.we-online.com/components/products/datasheet/885012205061.pdf","//mm.digikey.com/Volume0/opasdata/d220001/medias/images/789/0402-%281005-Metric%29-0%2C55mm-BN.jpg","732-7556-2-ND,732-7556-1-ND,732-7556-6-ND","885012205061","Würth Elektronik","Würth Elektronik","CAP CER 1000PF 50V X7R 0402","23.874","0.00313","20000","1","Tape & Reel (TR),Cut Tape (CT),Digi-Reel®","WCAP-CSGP","Active","1000 pF","±10%","50V","X7R","-55°C ~ 125°C","-","-","General Purpose","Surface Mount, MLCC","0402 (1005 Metric)","0.039"" L x 0.020"" W (1.00mm x 0.50mm)","-","0.022"" (0.55mm)","-","-","-","https://www.digikey.be/en/products/detail/würth-elektronik/885012205061/5453411"
"https://calchip.com/wp-content/uploads/2026/04/GMC-Series-1.pdf","//mm.digikey.com/Volume0/opasdata/d220001/medias/images/5781/MFG_Cal-Chip-All-Capacitors.jpg","4713-GMC02X7R102K10NTTR-ND,4713-GMC02X7R102K10NTCT-ND,4713-GMC02X7R102K10NTDKR-ND","GMC02X7R102K10NT","Cal-Chip Electronics, Inc.","Cal-Chip Electronics, Inc.","CAP0201 X7R 1000PF 10% 10V","77.509","0.0032","20000","1","Tape & Reel (TR),Cut Tape (CT),Digi-Reel®","GMC","Active","1000 pF","±10%","10V","X7R","-55°C ~ 125°C","-","-","General Purpose","Surface Mount, MLCC","0201 (0603 Metric)","0.024"" L x 0.012"" W (0.60mm x 0.30mm)","-","0.013"" (0.33mm)","-","-","-","https://www.digikey.be/en/products/detail/cal-chip-electronics-inc/GMC02X7R102K10NT/22562814"
"https://calchip.com/wp-content/uploads/2026/04/GMC-Series-1.pdf","//mm.digikey.com/Volume0/opasdata/d220001/medias/images/5781/MFG_Cal-Chip-All-Capacitors.jpg","4713-GMC02X7R102M25NTTR-ND,4713-GMC02X7R102M25NTCT-ND,4713-GMC02X7R102M25NTDKR-ND","GMC02X7R102M25NT","Cal-Chip Electronics, Inc.","Cal-Chip Electronics, Inc.","CAP0201 X7R 1000PF 20% 25V","45.000","0.0032","20000","1","Tape & Reel (TR),Cut Tape (CT),Digi-Reel®","GMC","Active","1000 pF","±20%","25V","X7R","-55°C ~ 125°C","-","-","General Purpose","Surface Mount, MLCC","0201 (0603 Metric)","0.024"" L x 0.012"" W (0.60mm x 0.30mm)","-","0.013"" (0.33mm)","-","-","-","https://www.digikey.be/en/products/detail/cal-chip-electronics-inc/GMC02X7R102M25NT/22562770"
"https://calchip.com/wp-content/uploads/2026/04/GMC-Series-1.pdf","//mm.digikey.com/Volume0/opasdata/d220001/medias/images/5781/MFG_Cal-Chip-All-Capacitors.jpg","4713-GMC02X7R102K6R3NTTR-ND,4713-GMC02X7R102K6R3NTCT-ND,4713-GMC02X7R102K6R3NTDKR-ND","GMC02X7R102K6R3NT","Cal-Chip Electronics, Inc.","Cal-Chip Electronics, Inc.","CAP0201 X7R 1000PF 10% 6.3V","45.000","0.0032","20000","1","Tape & Reel (TR),Cut Tape (CT),Digi-Reel®","GMC","Active","1000 pF","±10%","6.3V","X7R","-55°C ~ 125°C","-","-","General Purpose","Surface Mount, MLCC","0201 (0603 Metric)","0.024"" L x 0.012"" W (0.60mm x 0.30mm)","-","0.013"" (0.33mm)","-","-","-","https://www.digikey.be/en/products/detail/cal-chip-electronics-inc/GMC02X7R102K6R3NT/22562823"
"https://calchip.com/wp-content/uploads/2026/04/GMC-Series-1.pdf","//mm.digikey.com/Volume0/opasdata/d220001/medias/images/5781/MFG_Cal-Chip-All-Capacitors.jpg","4713-GMC02X7R102M16NTTR-ND,4713-GMC02X7R102M16NTCT-ND,4713-GMC02X7R102M16NTDKR-ND","GMC02X7R102M16NT","Cal-Chip Electronics, Inc.","Cal-Chip Electronics, Inc.","CAP0201 X7R 1000PF 20% 16V","7.500","0.0032","20000","1","Tape & Reel (TR),Cut Tape (CT),Digi-Reel®","GMC","Active","1000 pF","±20%","16V","X7R","-55°C ~ 125°C","-","-","General Purpose","Surface Mount, MLCC","0201 (0603 Metric)","0.024"" L x 0.012"" W (0.60mm x 0.30mm)","-","0.013"" (0.33mm)","-","-","-","https://www.digikey.be/en/products/detail/cal-chip-electronics-inc/GMC02X7R102M16NT/22562762"
"https://calchip.com/wp-content/uploads/2026/04/GMC-Series-1.pdf","//mm.digikey.com/Volume0/opasdata/d220001/medias/images/6222/MFG_GMC04X5R225K25NT.jpg","4713-GMC04X5R102K50NTTR-ND,4713-GMC04X5R102K50NTCT-ND,4713-GMC04X5R102K50NTDKR-ND","GMC04X5R102K50NT","Cal-Chip Electronics, Inc.","Cal-Chip Electronics, Inc.","CAP0402 X5R 1000PF 10% 50V","8.890","0.00322","20000","1","Tape & Reel (TR),Cut Tape (CT),Digi-Reel®","GMC","Active","1000 pF","±10%","50V","X5R","-55°C ~ 85°C","-","-","General Purpose","Surface Mount, MLCC","0402 (1005 Metric)","0.039"" L x 0.020"" W (1.00mm x 0.50mm)","-","0.022"" (0.55mm)","-","-","-","https://www.digikey.be/en/products/detail/cal-chip-electronics-inc/GMC04X5R102K50NT/23571667"
"https://search.murata.co.jp/Ceramy/image/img/A01X/G101/ENG/GRM033R71H102KA12-01.pdf","//mm.digikey.com/Volume0/opasdata/d220001/medias/images/5447/490-Ceramic-Capacitor-Tan-Field.jpg","490-14573-2-ND,490-14573-1-ND,490-14573-6-ND","GRM033R71H102KA12J","Murata Electronics","Murata Electronics","CAP CER 1000PF 50V X7R 0201","28.613","0.00323","20000","1","Tape & Reel (TR),Cut Tape (CT),Digi-Reel®","GRM","Active","1000 pF","±10%","50V","X7R","-55°C ~ 125°C","-","-","General Purpose","Surface Mount","0201 (0603 Metric)","0.024"" L x 0.012"" W (0.60mm x 0.30mm)","-","0.013"" (0.33mm)","-","-","-","https://www.digikey.be/en/products/detail/murata-electronics/GRM033R71H102KA12J/4904761"
"https://search.murata.co.jp/Ceramy/image/img/A01X/G101/ENG/GRM033R61E102KA01-01A.pdf","//mm.digikey.com/Volume0/opasdata/d220001/medias/images/4846/490_0201-%280603-Metric%29-0%2C33mm.jpg","490-GRM033R61E102KA01JTR-ND,490-GRM033R61E102KA01JCT-ND,490-GRM033R61E102KA01JDKR-ND","GRM033R61E102KA01J","Murata Electronics","Murata Electronics","CAP CER MLCC","38.365","0.00323","20000","1","Tape & Reel (TR),Cut Tape (CT),Digi-Reel®","GRM","Active","1000 pF","±10%","25V","X5R","-55°C ~ 85°C","-","-","General Purpose","Surface Mount, MLCC","0201 (0603 Metric)","0.024"" L x 0.012"" W (0.60mm x 0.30mm)","-","0.013"" (0.33mm)","-","-","-","https://www.digikey.be/en/products/detail/murata-electronics/GRM033R61E102KA01J/10698309"
"https://calchip.com/wp-content/uploads/2026/04/GMC-Series-1.pdf","//mm.digikey.com/Volume0/opasdata/d220001/medias/images/6222/MFG_GMC04CG821J50NT.jpg","4713-GMC04X5R102K25NTTR-ND,4713-GMC04X5R102K25NTCT-ND,4713-GMC04X5R102K25NTDKR-ND","GMC04X5R102K25NT","Cal-Chip Electronics, Inc.","Cal-Chip Electronics, Inc.","CAP0402 X5R 1000PF 10% 25V","20.870","0.00327","20000","1","Tape & Reel (TR),Cut Tape (CT),Digi-Reel®","GMC","Active","1000 pF","±10%","25V","X5R","-55°C ~ 85°C","-","-","General Purpose","Surface Mount, MLCC","0402 (1005 Metric)","0.039"" L x 0.020"" W (1.00mm x 0.50mm)","-","0.022"" (0.55mm)","-","-","-","https://www.digikey.be/en/products/detail/cal-chip-electronics-inc/GMC04X5R102K25NT/23571658"
"https://www.we-online.com/components/products/datasheet/885012205025.pdf","//mm.digikey.com/Volume0/opasdata/d220001/medias/images/789/0402-%281005-Metric%29-0%2C55mm-BN.jpg","732-7520-2-ND,732-7520-1-ND,732-7520-6-ND","885012205025","Würth Elektronik","Würth Elektronik","CAP CER 1000PF 16V X7R 0402","20.899","0.00328","20000","1","Tape & Reel (TR),Cut Tape (CT),Digi-Reel®","WCAP-CSGP","Active","1000 pF","±10%","16V","X7R","-55°C ~ 125°C","-","-","General Purpose","Surface Mount, MLCC","0402 (1005 Metric)","0.039"" L x 0.020"" W (1.00mm x 0.50mm)","-","0.022"" (0.55mm)","-","-","-","https://www.digikey.be/en/products/detail/würth-elektronik/885012205025/5453375"
"https://www.we-online.com/components/products/datasheet/885012205006.pdf","//mm.digikey.com/Volume0/opasdata/d220001/medias/images/789/0402-%281005-Metric%29-0%2C55mm-BN.jpg","732-7501-2-ND,732-7501-1-ND,732-7501-6-ND","885012205006","Würth Elektronik","Würth Elektronik","CAP CER 1000PF 10V X7R 0402","9.990","0.00328","20000","1","Tape & Reel (TR),Cut Tape (CT),Digi-Reel®","WCAP-CSGP","Active","1000 pF","±10%","10V","X7R","-55°C ~ 125°C","-","-","General Purpose","Surface Mount, MLCC","0402 (1005 Metric)","0.039"" L x 0.020"" W (1.00mm x 0.50mm)","-","0.022"" (0.55mm)","-","-","-","https://www.digikey.be/en/products/detail/würth-elektronik/885012205006/5453356"
"https://www.we-online.com/components/products/datasheet/885012205044.pdf","//mm.digikey.com/Volume0/opasdata/d220001/medias/images/789/0402-%281005-Metric%29-0%2C55mm-BN.jpg","732-7539-2-ND,732-7539-1-ND,732-7539-6-ND","885012205044","Würth Elektronik","Würth Elektronik","CAP CER 1000PF 25V X7R 0402","114.041","0.00332","20000","1","Tape & Reel (TR),Cut Tape (CT),Digi-Reel®","WCAP-CSGP","Active","1000 pF","±10%","25V","X7R","-55°C ~ 125°C","-","-","General Purpose","Surface Mount, MLCC","0402 (1005 Metric)","0.039"" L x 0.020"" W (1.00mm x 0.50mm)","-","0.022"" (0.55mm)","-","-","-","https://www.digikey.be/en/products/detail/würth-elektronik/885012205044/5453394"
"https://yageogroup.com/content/datasheet/asset/file/UPY-GPHC_X7R_6_3V-TO-250V","//mm.digikey.com/Volume0/opasdata/d220001/medias/images/389/CCSeries-0201-%280603-Metric%29.jpg","311-3319-2-ND,311-3319-1-ND,311-3319-6-ND","CC0201KRX7R9BB102","YAGEO","YAGEO","CAP CER 1000PF 50V X7R 0201","159.993","0.00337","20000","1","Tape & Reel (TR),Cut Tape (CT),Digi-Reel®","CC","Active","1000 pF","±10%","50V","X7R","-55°C ~ 125°C","-","-","General Purpose","Surface Mount, MLCC","0201 (0603 Metric)","0.024"" L x 0.012"" W (0.60mm x 0.30mm)","-","0.013"" (0.33mm)","-","-","-","https://www.digikey.be/en/products/detail/yageo/CC0201KRX7R9BB102/5883170"
"https://datasheets.kyocera-avx.com/X7RDielectric.pdf","//mm.digikey.com/Volume0/opasdata/d220001/medias/images/4848/478_0402-%281005-Metric%29-0%2C55mm.jpg","478-04025C102KAT2A-62TR-ND,478-04025C102KAT2A-62CT-ND,478-04025C102KAT2A-62DKR-ND","04025C102KAT2A-62","KYOCERA AVX","KYOCERA AVX","CAP CER SMD","104.493","0.0034","20000","1","Tape & Reel (TR),Cut Tape (CT),Digi-Reel®","-","Active","1000 pF","±10%","50V","X7R","-55°C ~ 125°C","-","-","General Purpose","Surface Mount, MLCC","0402 (1005 Metric)","0.040"" L x 0.020"" W (1.00mm x 0.50mm)","-","0.022"" (0.56mm)","-","-","-","https://www.digikey.be/en/products/detail/kyocera-avx/04025C102KAT2A-62/11244511"
"https://datasheets.kyocera-avx.com/KGM_X7R.pdf","//mm.digikey.com/Volume0/opasdata/d220001/medias/images/4848/478_0402-%281005-Metric%29-0%2C56mm.jpg","478-KGM05AR71H102KHTR-ND,478-KGM05AR71H102KHCT-ND,478-KGM05AR71H102KHDKR-ND","KGM05AR71H102KH","KYOCERA AVX","KYOCERA AVX","CAP CER 1000PF 50V X7R 0402","664.557","0.00346","20000","1","Tape & Reel (TR),Cut Tape (CT),Digi-Reel®","KGM - X7R","Active","1000 pF","±10%","50V","X7R","-55°C ~ 125°C","-","-","General Purpose","Surface Mount, MLCC","0402 (1005 Metric)","0.039"" L x 0.020"" W (1.00mm x 0.50mm)","-","0.022"" (0.55mm)","-","-","-","https://www.digikey.be/en/products/detail/kyocera-avx/KGM05AR71H102KH/563211"
"https://search.murata.co.jp/Ceramy/image/img/A01X/G101/ENG/GRT033R61E102KE01-01.pdf","//mm.digikey.com/Volume0/opasdata/d220001/medias/images/5447/490-Ceramic-Capacitor-Tan-Field.jpg","490-GRT033R61E102KE01DTR-ND,490-GRT033R61E102KE01DCT-ND,490-GRT033R61E102KE01DDKR-ND","GRT033R61E102KE01D","Murata Electronics","Murata Electronics","CAP CER 1000PF 25V X5R 0201","14.211","0.00348","20000","1","Tape & Reel (TR),Cut Tape (CT),Digi-Reel®","GRT","Active","1000 pF","±10%","25V","X5R","-55°C ~ 85°C","-","AEC-Q200","Automotive","Surface Mount, MLCC","0201 (0603 Metric)","0.024"" L x 0.012"" W (0.60mm x 0.30mm)","-","0.013"" (0.33mm)","-","-","-","https://www.digikey.be/en/products/detail/murata-electronics/GRT033R61E102KE01D/10698157"
"https://www.passivecomponent.com/wp-content/uploads/datasheet/WTC_MLCC_General_Purpose.pdf","//mm.digikey.com/Volume0/opasdata/d220001/medias/images/942/0603-%281608-Metric%29-0%2C90mm.jpg","1292-1381-2-ND,1292-1381-1-ND,1292-1381-6-ND","0603B102M500CT","Walsin Technology Corporation","Walsin Technology Corporation","CAP CER 1000PF 50V X7R 0603","14.106","0.00349","20000","1","Tape & Reel (TR),Cut Tape (CT),Digi-Reel®","-","Active","1000 pF","±20%","50V","X7R","-55°C ~ 125°C","-","-","General Purpose","Surface Mount, MLCC","0603 (1608 Metric)","0.063"" L x 0.031"" W (1.60mm x 0.80mm)","-","0.034"" (0.87mm)","-","-","-","https://www.digikey.be/en/products/detail/walsin-technology-corporation/0603B102M500CT/9354878"
"https://www.passivecomponent.com/wp-content/uploads/datasheet/WTC_MLCC_General_Purpose.pdf","//mm.digikey.com/Volume0/opasdata/d220001/medias/images/4165/0201-%280603-Metric%29-0%2C60x0%2C30x0mm.jpg","1292-0201X102K250CTTR-ND,1292-0201X102K250CT-ND,1292-0201X102K250CTDKR-ND","0201X102K250CT","Walsin Technology Corporation","Walsin Technology Corporation","CAP CER 1000PF 25V X5R 0201","24.307","0.00351","20000","1","Tape & Reel (TR),Cut Tape (CT),Digi-Reel®","-","Active","1000 pF","±10%","25V","X5R","-55°C ~ 85°C","-","-","General Purpose","Surface Mount, MLCC","0201 (0603 Metric)","0.024"" L x 0.012"" W (0.60mm x 0.30mm)","-","0.013"" (0.33mm)","-","-","-","https://www.digikey.be/en/products/detail/walsin-technology-corporation/0201X102K250CT/14836827"
"https://yageogroup.com/content/datasheet/asset/file/UPY-GPHC_X7R_6_3V-TO-250V","//mm.digikey.com/Volume0/opasdata/d220001/medias/images/2392/0402%280%5E50%20thickness%29.jpg","2266-CC0402MRX7R9BB102TR-ND,311-1414-2-ND,311-1414-1-ND,311-1414-6-ND","CC0402MRX7R9BB102","YAGEO","WEC,YAGEO","CAP CER 1000PF 50V X7R 0402","0","0.00355","20000","1","Tape & Reel (TR),Tape & Reel (TR),Cut Tape (CT),Digi-Reel®","CC","Active","1000 pF","±20%","50V","X7R","-55°C ~ 125°C","-","-","General Purpose","Surface Mount, MLCC","0402 (1005 Metric)","0.039"" L x 0.020"" W (1.00mm x 0.50mm)","-","0.022"" (0.55mm)","-","-","-","https://www.digikey.be/en/products/detail/yageo/CC0402MRX7R9BB102/2833579"
"https://calchip.com/wp-content/uploads/2024/12/GMT-Series.pdf","//mm.digikey.com/Volume0/opasdata/d220001/medias/images/5781/MFG_Cal-Chip-All-Capacitors.jpg","4713-GMT04X7R102K50NT10TR-ND,4713-GMT04X7R102K50NT10CT-ND,4713-GMT04X7R102K50NT10DKR-ND","GMT04X7R102K50NT10","Cal-Chip Electronics, Inc.","Cal-Chip Electronics, Inc.","CAP0402 X7R 1000PF 10% 50V AEC","9.800","0.00359","20000","1","Tape & Reel (TR),Cut Tape (CT),Digi-Reel®","GMT","Active","1000 pF","±10%","50V","X7R","-55°C ~ 125°C","-","AEC-Q200","Automotive","Surface Mount, MLCC","0402 (1005 Metric)","0.039"" L x 0.020"" W (1.00mm x 0.50mm)","-","0.022"" (0.55mm)","-","-","-","https://www.digikey.be/en/products/detail/cal-chip-electronics-inc/GMT04X7R102K50NT10/26771028"
"https://yageogroup.com/content/datasheet/asset/file/UPY-GPHC_X7R_6_3V-TO-250V","//mm.digikey.com/Volume0/opasdata/d220001/medias/images/6222/311%7E1005-05%7E0402.jpg","311-1352-2-ND,311-1352-1-ND,311-1352-6-ND","CC0402KRX7R7BB102","YAGEO","YAGEO","CAP CER 1000PF 16V X7R 0402","68.642","0.00371","20000","1","Tape & Reel (TR),Cut Tape (CT),Digi-Reel®","CC","Active","1000 pF","±10%","16V","X7R","-55°C ~ 125°C","-","-","General Purpose","Surface Mount, MLCC","0402 (1005 Metric)","0.039"" L x 0.020"" W (1.00mm x 0.50mm)","-","0.022"" (0.55mm)","-","-","-","https://www.digikey.be/en/products/detail/yageo/CC0402KRX7R7BB102/2103090"
"https://search.murata.co.jp/Ceramy/image/img/A01X/G101/ENG/GRM155R61A102KA01-01.pdf","//mm.digikey.com/Volume0/opasdata/d220001/medias/images/5447/490-Ceramic-Capacitor-Tan-Field.jpg","490-6295-2-ND,490-6295-1-ND,490-6295-6-ND","GRM155R61A102KA01D","Murata Electronics","Murata Electronics","CAP CER 1000PF 10V X5R 0402","14.817","0.00374","20000","1","Tape & Reel (TR),Cut Tape (CT),Digi-Reel®","GRM","Active","1000 pF","±10%","10V","X5R","-55°C ~ 85°C","-","-","General Purpose","Surface Mount, MLCC","0402 (1005 Metric)","0.039"" L x 0.020"" W (1.00mm x 0.50mm)","-","0.022"" (0.55mm)","-","-","-","https://www.digikey.be/en/products/detail/murata-electronics/GRM155R61A102KA01D/2610839"
"https://search.murata.co.jp/Ceramy/image/img/A01X/G101/ENG/GRM033R71E102JA01-01A.pdf","//mm.digikey.com/Volume0/opasdata/d220001/medias/images/4846/490_0201-%280603-Metric%29-0%2C33mm.jpg","490-GRM033R71E102JA01JTR-ND,490-GRM033R71E102JA01JCT-ND,490-GRM033R71E102JA01JDKR-ND","GRM033R71E102JA01J","Murata Electronics","Murata Electronics","CAP CER MLCC","37.310","0.00377","20000","1","Tape & Reel (TR),Cut Tape (CT),Digi-Reel®","GRM","Active","1000 pF","±5%","25V","X7R","-55°C ~ 125°C","-","-","General Purpose","Surface Mount, MLCC","0201 (0603 Metric)","0.024"" L x 0.012"" W (0.60mm x 0.30mm)","-","0.013"" (0.33mm)","-","-","-","https://www.digikey.be/en/products/detail/murata-electronics/GRM033R71E102JA01J/10706355"
"https://yageogroup.com/content/datasheet/asset/file/UPY-GPHC_X7R_6_3V-TO-250V","//mm.digikey.com/Volume0/opasdata/d220001/medias/images/2392/0402%280%5E50%20thickness%29.jpg","311-1036-2-ND,311-1036-1-ND,311-1036-6-ND","CC0402KRX7R9BB102","YAGEO","YAGEO","CAP CER 1000PF 50V X7R 0402","2.649.188","0.00381","20000","1","Tape & Reel (TR),Cut Tape (CT),Digi-Reel®","CC","Active","1000 pF","±10%","50V","X7R","-55°C ~ 125°C","-","-","General Purpose","Surface Mount, MLCC","0402 (1005 Metric)","0.039"" L x 0.020"" W (1.00mm x 0.50mm)","-","0.022"" (0.55mm)","-","-","-","https://www.digikey.be/en/products/detail/yageo/CC0402KRX7R9BB102/302770"
"https://search.murata.co.jp/Ceramy/image/img/A01X/G101/ENG/GRM155R61H102KA01-01.pdf","//mm.digikey.com/Volume0/opasdata/d220001/medias/images/5447/490-Ceramic-Capacitor-Tan-Field.jpg","490-6316-2-ND,490-6316-1-ND,490-6316-6-ND","GRM155R61H102KA01D","Murata Electronics","Murata Electronics","CAP CER 1000PF 50V X5R 0402","55.913","0.00384","20000","1","Tape & Reel (TR),Cut Tape (CT),Digi-Reel®","GRM","Active","1000 pF","±10%","50V","X5R","-55°C ~ 85°C","-","-","General Purpose","Surface Mount, MLCC","0402 (1005 Metric)","0.039"" L x 0.020"" W (1.00mm x 0.50mm)","-","0.022"" (0.55mm)","-","-","-","https://www.digikey.be/en/products/detail/murata-electronics/GRM155R61H102KA01D/2610872"
"https://search.murata.co.jp/Ceramy/image/img/A01X/G101/ENG/GRM155R60J102KA01-01.pdf","//mm.digikey.com/Volume0/opasdata/d220001/medias/images/5447/490-Ceramic-Capacitor-Tan-Field.jpg","490-6285-2-ND,490-6285-1-ND,490-6285-6-ND","GRM155R60J102KA01D","Murata Electronics","Murata Electronics","CAP CER 1000PF 6.3V X5R 0402","60.610","0.00389","20000","1","Tape & Reel (TR),Cut Tape (CT),Digi-Reel®","GRM","Active","1000 pF","±10%","6.3V","X5R","-55°C ~ 85°C","-","-","General Purpose","Surface Mount, MLCC","0402 (1005 Metric)","0.039"" L x 0.020"" W (1.00mm x 0.50mm)","-","0.022"" (0.55mm)","-","-","-","https://www.digikey.be/en/products/detail/murata-electronics/GRM155R60J102KA01D/2610816"
"https://search.murata.co.jp/Ceramy/image/img/A01X/G101/ENG/GRT033C81E102KE01-01.pdf","//mm.digikey.com/Volume0/opasdata/d220001/medias/images/5447/490-Ceramic-Capacitor-Tan-Field.jpg","490-GRT033C81E102KE01DTR-ND,490-GRT033C81E102KE01DCT-ND,490-GRT033C81E102KE01DDKR-ND","GRT033C81E102KE01D","Murata Electronics","Murata Electronics","CAP CER 1000PF 25V X6S 0201","0","0.0039","20000","1","Tape & Reel (TR),Cut Tape (CT),Digi-Reel®","GRT","Active","1000 pF","±10%","25V","X6S","-55°C ~ 105°C","-","AEC-Q200","Automotive","Surface Mount, MLCC","0201 (0603 Metric)","0.024"" L x 0.012"" W (0.60mm x 0.30mm)","-","0.013"" (0.33mm)","-","-","-","https://www.digikey.be/en/products/detail/murata-electronics/GRT033C81E102KE01D/10700307"
"https://calchip.com/wp-content/uploads/2026/04/GMC-Series-1.pdf","//mm.digikey.com/Volume0/opasdata/d220001/medias/images/5781/MFG_Cal-Chip-All-Capacitors.jpg","4713-GMC02X7R102J16NTTR-ND,4713-GMC02X7R102J16NTCT-ND,4713-GMC02X7R102J16NTDKR-ND","GMC02X7R102J16NT","Cal-Chip Electronics, Inc.","Cal-Chip Electronics, Inc.","CAP0201 X7R 1000PF 5% 16V","15.000","0.00403","20000","1","Tape & Reel (TR),Cut Tape (CT),Digi-Reel®","GMC","Active","1000 pF","±5%","16V","X7R","-55°C ~ 125°C","General Purpose","-","General Purpose","Surface Mount, MLCC","0201 (0603 Metric)","0.024"" L x 0.012"" W (0.60mm x 0.30mm)","-","0.013"" (0.33mm)","-","-","-","https://www.digikey.be/en/products/detail/cal-chip-electronics-inc/GMC02X7R102J16NT/27783552"
"https://www.we-online.com/components/products/datasheet/885012204006.pdf","//mm.digikey.com/Volume0/opasdata/d220001/medias/images/4831/MFG_WCAP-CSGP_885012.jpg","732-885012204006TR-ND,732-885012204006CT-ND,732-885012204006DKR-ND","885012204006","Würth Elektronik","Würth Elektronik","CAP CER 1000PF 25V X7R 0201","29.231","0.00404","20000","1","Tape & Reel (TR),Cut Tape (CT),Digi-Reel®","WCAP-CSGP","Active","1000 pF","±10%","25V","X7R","-55°C ~ 125°C","-","-","General Purpose","Surface Mount, MLCC","0201 (0603 Metric)","0.024"" L x 0.012"" W (0.60mm x 0.30mm)","-","0.013"" (0.33mm)","-","-","-","https://www.digikey.be/en/products/detail/würth-elektronik/885012204006/17734037"
"https://yageogroup.com/content/datasheet/asset/file/UPY-GPHC_X7R_6_3V-TO-250V","//mm.digikey.com/Volume0/opasdata/d220001/medias/images/389/CCSeries-0201-%280603-Metric%29.jpg","13-CC0201JRX7R9BB102TR-ND,13-CC0201JRX7R9BB102CT-ND,13-CC0201JRX7R9BB102DKR-ND","CC0201JRX7R9BB102","YAGEO","YAGEO","CAP CER 1000PF 50V X7R 0201","148.137","0.00414","20000","1","Tape & Reel (TR),Cut Tape (CT),Digi-Reel®","CC","Active","1000 pF","±5%","50V","X7R","-55°C ~ 125°C","-","-","General Purpose","Surface Mount, MLCC","0201 (0603 Metric)","0.024"" L x 0.012"" W (0.60mm x 0.30mm)","-","0.013"" (0.33mm)","-","-","-","https://www.digikey.be/en/products/detail/yageo/CC0201JRX7R9BB102/16797643"
"https://search.murata.co.jp/Ceramy/image/img/A01X/G101/ENG/GRM155R71H102KA01-01.pdf","//mm.digikey.com/Volume0/opasdata/d220001/medias/images/5447/490-Ceramic-Capacitor-Tan-Field.jpg","490-1303-2-ND,490-1303-1-ND,490-1303-6-ND","GRM155R71H102KA01D","Murata Electronics","Murata Electronics","CAP CER 1000PF 50V X7R 0402","2.102.814","0.00415","20000","1","Tape & Reel (TR),Cut Tape (CT),Digi-Reel®","GRM","Active","1000 pF","±10%","50V","X7R","-55°C ~ 125°C","-","-","General Purpose","Surface Mount, MLCC","0402 (1005 Metric)","0.039"" L x 0.020"" W (1.00mm x 0.50mm)","-","0.022"" (0.55mm)","-","-","-","https://www.digikey.be/en/products/detail/murata-electronics/GRM155R71H102KA01D/587225"
"https://search.murata.co.jp/Ceramy/image/img/A01X/G101/ENG/GRM155R61C102KA01-01.pdf","//mm.digikey.com/Volume0/opasdata/d220001/medias/images/5447/490-Ceramic-Capacitor-Tan-Field.jpg","490-6308-2-ND,490-6308-1-ND,490-6308-6-ND","GRM155R61C102KA01D","Murata Electronics","Murata Electronics","CAP CER 1000PF 16V X5R 0402","54.772","0.00415","20000","1","Tape & Reel (TR),Cut Tape (CT),Digi-Reel®","GRM","Active","1000 pF","±10%","16V","X5R","-55°C ~ 85°C","-","-","General Purpose","Surface Mount, MLCC","0402 (1005 Metric)","0.039"" L x 0.020"" W (1.00mm x 0.50mm)","-","0.022"" (0.55mm)","-","-","-","https://www.digikey.be/en/products/detail/murata-electronics/GRM155R61C102KA01D/2610857"
"https://www.passivecomponent.com/wp-content/uploads/datasheet/WTC_MLCC_General_Purpose.pdf","//mm.digikey.com/Volume0/opasdata/d220001/medias/images/4165/0201-%280603-Metric%29-0%2C60x0%2C30x0mm.jpg","1292-0201X102K500CTTR-ND,1292-0201X102K500CT-ND,1292-0201X102K500CTDKR-ND","0201X102K500CT","Walsin Technology Corporation","Walsin Technology Corporation","CAP CER 1000PF 50V X5R 0201","34.627","0.00417","20000","1","Tape & Reel (TR),Cut Tape (CT),Digi-Reel®","-","Active","1000 pF","±10%","50V","X5R","-55°C ~ 85°C","-","-","General Purpose","Surface Mount, MLCC","0201 (0603 Metric)","0.024"" L x 0.012"" W (0.60mm x 0.30mm)","-","0.013"" (0.33mm)","-","-","-","https://www.digikey.be/en/products/detail/walsin-technology-corporation/0201X102K500CT/14836828"
"https://calchip.com/wp-content/uploads/2026/04/GMC-Series-1.pdf","//mm.digikey.com/Volume0/opasdata/d220001/medias/images/5781/MFG_Cal-Chip-All-Capacitors.jpg","4713-GMC02X5R102K50NTTR-ND,4713-GMC02X5R102K50NTCT-ND,4713-GMC02X5R102K50NTDKR-ND","GMC02X5R102K50NT","Cal-Chip Electronics, Inc.","Cal-Chip Electronics, Inc.","CAP0201 X5R 1000PF 10% 50V","10.000","0.0042","20000","1","Tape & Reel (TR),Cut Tape (CT),Digi-Reel®","GMC","Active","1000 pF","±10%","50V","X5R","-55°C ~ 85°C","-","-","General Purpose","Surface Mount, MLCC","0201 (0603 Metric)","0.024"" L x 0.012"" W (0.60mm x 0.30mm)","-","0.013"" (0.33mm)","-","-","-","https://www.digikey.be/en/products/detail/cal-chip-electronics-inc/GMC02X5R102K50NT/22507706"
"https://www.passivecomponent.com/wp-content/uploads/datasheet/WTC_MLCC_General_Purpose.pdf","//mm.digikey.com/Volume0/opasdata/d220001/medias/images/848/0402-%281005-Metric%29-0%2C60mm.jpg","1292-1247-2-ND,1292-1247-1-ND,1292-1247-6-ND","0402N102J500CT","Walsin Technology Corporation","Walsin Technology Corporation","CAP CER 1000PF 50V C0G/NP0 0402","727.155","0.00423","20000","1","Tape & Reel (TR),Cut Tape (CT),Digi-Reel®","-","Active","1000 pF","±5%","50V","C0G, NP0","-55°C ~ 125°C","-","-","General Purpose","Surface Mount, MLCC","0402 (1005 Metric)","0.039"" L x 0.020"" W (1.00mm x 0.50mm)","-","0.022"" (0.55mm)","-","-","-","https://www.digikey.be/en/products/detail/walsin-technology-corporation/0402N102J500CT/9354744"
"https://www.passivecomponent.com/wp-content/uploads/datasheet/WTC_MLCC_General_Purpose.pdf","//mm.digikey.com/Volume0/opasdata/d220001/medias/images/942/0603-%281608-Metric%29-0%2C90mm.jpg","1292-1376-2-ND,1292-1376-1-ND,1292-1376-6-ND","0603B102J500CT","Walsin Technology Corporation","Walsin Technology Corporation","CAP CER 1000PF 50V X7R 0603","22.552","0.00423","20000","1","Tape & Reel (TR),Cut Tape (CT),Digi-Reel®","-","Active","1000 pF","±5%","50V","X7R","-55°C ~ 125°C","-","-","General Purpose","Surface Mount, MLCC","0603 (1608 Metric)","0.063"" L x 0.031"" W (1.60mm x 0.80mm)","-","0.034"" (0.87mm)","-","-","-","https://www.digikey.be/en/products/detail/walsin-technology-corporation/0603B102J500CT/9354873"
"https://www.passivecomponent.com/wp-content/uploads/datasheet/WTC_MLCC_General_Purpose.pdf","//mm.digikey.com/Volume0/opasdata/d220001/medias/images/848/0402-%281005-Metric%29-0%2C60mm.jpg","1292-1246-2-ND,1292-1246-1-ND,1292-1246-6-ND","0402N102J250CT","Walsin Technology Corporation","Walsin Technology Corporation","CAP CER 1000PF 25V C0G/NP0 0402","1.841","0.00423","20000","1","Tape & Reel (TR),Cut Tape (CT),Digi-Reel®","-","Active","1000 pF","±5%","25V","C0G, NP0","-55°C ~ 125°C","-","-","General Purpose","Surface Mount, MLCC","0402 (1005 Metric)","0.039"" L x 0.020"" W (1.00mm x 0.50mm)","-","0.022"" (0.55mm)","-","-","-","https://www.digikey.be/en/products/detail/walsin-technology-corporation/0402N102J250CT/9354743"
"https://calchip.com/wp-content/uploads/2026/04/GMC-Series-1.pdf","//mm.digikey.com/Volume0/opasdata/d220001/medias/images/5781/MFG_Cal-Chip-All-Capacitors.jpg","4713-GMC10X7R102K16NTTR-ND,4713-GMC10X7R102K16NTCT-ND,4713-GMC10X7R102K16NTDKR-ND","GMC10X7R102K16NT","Cal-Chip Electronics, Inc.","Cal-Chip Electronics, Inc.","CAP0603 X7R 1000PF 10% 16V","7.819","0.00426","20000","1","Tape & Reel (TR),Cut Tape (CT),Digi-Reel®","GMC","Active","1000 pF","±10%","16V","X7R","-55°C ~ 125°C","-","-","General Purpose","Surface Mount, MLCC","0603 (1608 Metric)","0.063"" L x 0.031"" W (1.60mm x 0.80mm)","-","0.035"" (0.90mm)","-","-","-","https://www.digikey.be/en/products/detail/cal-chip-electronics-inc/GMC10X7R102K16NT/25323805"
"https://calchip.com/wp-content/uploads/2026/04/GMC-Series-1.pdf","//mm.digikey.com/Volume0/opasdata/d220001/medias/images/5781/MFG_Cal-Chip-All-Capacitors.jpg","4713-GMC10X7R102M50NTTR-ND,4713-GMC10X7R102M50NTCT-ND,4713-GMC10X7R102M50NTDKR-ND","GMC10X7R102M50NT","Cal-Chip Electronics, Inc.","Cal-Chip Electronics, Inc.","CAP0603 X7R 1000PF 20% 50V","1.150","0.00426","20000","1","Tape & Reel (TR),Cut Tape (CT),Digi-Reel®","GMC","Active","1000 pF","±20%","50V","X7R","-55°C ~ 125°C","-","-","General Purpose","Surface Mount, MLCC","0603 (1608 Metric)","0.063"" L x 0.031"" W (1.60mm x 0.80mm)","-","0.035"" (0.90mm)","-","-","-","https://www.digikey.be/en/products/detail/cal-chip-electronics-inc/GMC10X7R102M50NT/25323814"
"https://search.murata.co.jp/Ceramy/image/img/A01X/G101/ENG/GRT033R61E102KE01-01.pdf","//mm.digikey.com/Volume0/opasdata/d220001/medias/images/5447/490-Ceramic-Capacitor-Tan-Field.jpg","490-GRT033R61E102KE01JTR-ND,490-GRT033R61E102KE01JCT-ND,490-GRT033R61E102KE01JDKR-ND","GRT033R61E102KE01J","Murata Electronics","Murata Electronics","CAP CER 1000PF 25V X5R 0201","44.029","0.00429","20000","1","Tape & Reel (TR),Cut Tape (CT),Digi-Reel®","GRT","Active","1000 pF","±10%","25V","X5R","-55°C ~ 85°C","-","AEC-Q200","Automotive","Surface Mount, MLCC","0201 (0603 Metric)","0.024"" L x 0.012"" W (0.60mm x 0.30mm)","-","0.013"" (0.33mm)","-","-","-","https://www.digikey.be/en/products/detail/murata-electronics/GRT033R61E102KE01J/17859585"
"https://pim.murata.com/asset/pim4/ceramicCapacitorSMD/GCM033R71E102KA03-01A-EN_PDF_CERAMICCAPACITORSMD","//mm.digikey.com/Volume0/opasdata/d220001/medias/images/5447/490-Ceramic-Capacitor-Tan-Field.jpg","490-7995-2-ND,490-7995-1-ND,490-7995-6-ND","GCM033R71E102KA03D","Murata Electronics","Murata Electronics","CAP CER 1000PF 25V X7R 0201","63.242","0.00432","20000","1","Tape & Reel (TR),Cut Tape (CT),Digi-Reel®","GCM","Active","1000 pF","±10%","25V","X7R","-55°C ~ 125°C","-","AEC-Q200","Automotive","Surface Mount, MLCC","0201 (0603 Metric)","0.024"" L x 0.012"" W (0.60mm x 0.30mm)","-","0.013"" (0.33mm)","-","-","-","https://www.digikey.be/en/products/detail/murata-electronics/GCM033R71E102KA03D/2590960"
"https://search.murata.co.jp/Ceramy/image/img/A01X/G101/ENG/GCM033R71E102MA03-01A.pdf","//mm.digikey.com/Volume0/opasdata/d220001/medias/images/5447/490-Ceramic-Capacitor-Tan-Field.jpg","490-GCM033R71E102MA03DTR-ND,490-GCM033R71E102MA03DCT-ND,490-GCM033R71E102MA03DDKR-ND","GCM033R71E102MA03D","Murata Electronics","Murata Electronics","CAP CER 1000PF 25V X7R 0201","12.599","0.00432","20000","1","Tape & Reel (TR),Cut Tape (CT),Digi-Reel®","GCM","Active","1000 pF","±20%","25V","X7R","-55°C ~ 125°C","-","AEC-Q200","Automotive","Surface Mount, MLCC","0201 (0603 Metric)","0.024"" L x 0.012"" W (0.60mm x 0.30mm)","-","0.013"" (0.33mm)","-","-","-","https://www.digikey.be/en/products/detail/murata-electronics/GCM033R71E102MA03D/10704653"
"https://yageogroup.com/content/datasheet/asset/file/UPY-GPHC_X7R_6_3V-TO-250V","//mm.digikey.com/Volume0/opasdata/d220001/medias/images/389/CCSeries-0201-%280603-Metric%29.jpg","311-3685-2-ND,311-3685-1-ND,311-3685-6-ND","CC0201JRX7R8BB102","YAGEO","YAGEO","CAP CER 1000PF 25V X7R 0201","72.632","0.00442","20000","1","Tape & Reel (TR),Cut Tape (CT),Digi-Reel®","CC","Active","1000 pF","±5%","25V","X7R","-55°C ~ 125°C","-","-","General Purpose","Surface Mount, MLCC","0201 (0603 Metric)","0.024"" L x 0.012"" W (0.60mm x 0.30mm)","-","0.013"" (0.33mm)","-","-","-","https://www.digikey.be/en/products/detail/yageo/CC0201JRX7R8BB102/5883142"
"https://search.murata.co.jp/Ceramy/image/img/A01X/G101/ENG/GRM155R71C102KA01-01.pdf","//mm.digikey.com/Volume0/opasdata/d220001/medias/images/5447/490-Ceramic-Capacitor-Tan-Field.jpg","490-6325-2-ND,490-6325-1-ND,490-6325-6-ND","GRM155R71C102KA01D","Murata Electronics","Murata Electronics","CAP CER 1000PF 16V X7R 0402","344.093","0.00445","20000","1","Tape & Reel (TR),Cut Tape (CT),Digi-Reel®","GRM","Active","1000 pF","±10%","16V","X7R","-55°C ~ 125°C","-","-","General Purpose","Surface Mount, MLCC","0402 (1005 Metric)","0.039"" L x 0.020"" W (1.00mm x 0.50mm)","-","0.022"" (0.55mm)","-","-","-","https://www.digikey.be/en/products/detail/murata-electronics/GRM155R71C102KA01D/2610889"
"https://calchip.com/wp-content/uploads/2026/04/GMC-Series-1.pdf","//mm.digikey.com/Volume0/opasdata/d220001/medias/images/5781/MFG_Cal-Chip-All-Capacitors.jpg","4713-GMC10X7R102K50NTTR-ND,4713-GMC10X7R102K50NTCT-ND,4713-GMC10X7R102K50NTDKR-ND","GMC10X7R102K50NT","Cal-Chip Electronics, Inc.","Cal-Chip Electronics, Inc.","CAP0603 X7R 1000PF 10% 50V","34.803","0.00446","20000","1","Tape & Reel (TR),Cut Tape (CT),Digi-Reel®","GMC","Active","1000 pF","±10%","50V","X7R","-55°C ~ 125°C","-","-","General Purpose","Surface Mount, MLCC","0603 (1608 Metric)","0.063"" L x 0.031"" W (1.60mm x 0.80mm)","-","0.039"" (1.00mm)","-","-","-","https://www.digikey.be/en/products/detail/cal-chip-electronics-inc/GMC10X7R102K50NT/25893232"
"https://datasheets.kyocera-avx.com/KGM_X7R.pdf","//mm.digikey.com/Volume0/opasdata/d220001/medias/images/4848/478_0402-%281005-Metric%29-0%2C55mm.jpg","478-KGM05AR71H102KNTR-ND,478-KGM05AR71H102KNCT-ND,478-KGM05AR71H102KNDKR-ND","KGM05AR71H102KN","KYOCERA AVX","KYOCERA AVX","CAP CER 1000PF 50V X7R 0402","717.899","0.0045","20000","1","Tape & Reel (TR),Cut Tape (CT),Digi-Reel®","KGM - X7R","Active","1000 pF","±10%","50V","X7R","-55°C ~ 125°C","-","-","General Purpose","Surface Mount, MLCC","0402 (1005 Metric)","0.039"" L x 0.020"" W (1.00mm x 0.50mm)","-","0.022"" (0.55mm)","-","-","-","https://www.digikey.be/en/products/detail/kyocera-avx/KGM05AR71H102KN/3661149"
"https://www.we-online.com/components/products/datasheet/885012204003.pdf","//mm.digikey.com/Volume0/opasdata/d220001/medias/images/4831/MFG_WCAP-CSGP_885012.jpg","732-885012204003TR-ND,732-885012204003CT-ND,732-885012204003DKR-ND","885012204003","Würth Elektronik","Würth Elektronik","CAP CER 1000PF 50V X7R 0201","14.874","0.00451","20000","1","Tape & Reel (TR),Cut Tape (CT),Digi-Reel®","WCAP-CSGP","Active","1000 pF","±10%","50V","X7R","-55°C ~ 125°C","-","-","General Purpose","Surface Mount, MLCC","0201 (0603 Metric)","0.024"" L x 0.012"" W (0.60mm x 0.30mm)","-","0.013"" (0.33mm)","-","-","-","https://www.digikey.be/en/products/detail/würth-elektronik/885012204003/17734013"
"https://search.murata.co.jp/Ceramy/image/img/A01X/G101/ENG/GCM155R71H102KA37-01.pdf","//mm.digikey.com/Volume0/opasdata/d220001/medias/images/5447/490-Ceramic-Capacitor-Tan-Field.jpg","490-4761-2-ND,490-4761-1-ND,490-4761-6-ND","GCM155R71H102KA37D","Murata Electronics","Murata Electronics","CAP CER 1000PF 50V X7R 0402","1.588.449","0.00454","20000","1","Tape & Reel (TR),Cut Tape (CT),Digi-Reel®","GCM","Active","1000 pF","±10%","50V","X7R","-55°C ~ 125°C","-","AEC-Q200","Automotive","Surface Mount, MLCC","0402 (1005 Metric)","0.039"" L x 0.020"" W (1.00mm x 0.50mm)","-","0.022"" (0.55mm)","-","-","-","https://www.digikey.be/en/products/detail/murata-electronics/GCM155R71H102KA37D/1641635"
"https://search.murata.co.jp/Ceramy/image/img/A01X/G101/ENG/GRT155R71H102KE01-01.pdf","//mm.digikey.com/Volume0/opasdata/d220001/medias/images/5447/490-Ceramic-Capacitor-Tan-Field.jpg","490-GRT155R71H102KE01DTR-ND,490-GRT155R71H102KE01DCT-ND,490-GRT155R71H102KE01DDKR-ND","GRT155R71H102KE01D","Murata Electronics","Murata Electronics","CAP CER 1000PF 50V X7R 0402","148.547","0.00454","20000","1","Tape & Reel (TR),Cut Tape (CT),Digi-Reel®","GRT","Active","1000 pF","±10%","50V","X7R","-55°C ~ 125°C","-","AEC-Q200","Automotive","Surface Mount, MLCC","0402 (1005 Metric)","0.039"" L x 0.020"" W (1.00mm x 0.50mm)","-","0.022"" (0.55mm)","-","-","-","https://www.digikey.be/en/products/detail/murata-electronics/GRT155R71H102KE01D/10698065"
"https://search.murata.co.jp/Ceramy/image/img/A01X/G101/ENG/GCM155R71H102MA37-01A.pdf","//mm.digikey.com/Volume0/opasdata/d220001/medias/images/5447/490-Ceramic-Capacitor-Tan-Field.jpg","490-GCM155R71H102MA37DTR-ND,490-GCM155R71H102MA37DCT-ND,490-GCM155R71H102MA37DDKR-ND","GCM155R71H102MA37D","Murata Electronics","Murata Electronics","CAP CER 1000PF 50V X7R 0402","9.958","0.00454","20000","1","Tape & Reel (TR),Cut Tape (CT),Digi-Reel®","GCM","Active","1000 pF","±20%","50V","X7R","-55°C ~ 125°C","-","AEC-Q200","Automotive","Surface Mount, MLCC","0402 (1005 Metric)","0.039"" L x 0.020"" W (1.00mm x 0.50mm)","-","0.022"" (0.55mm)","-","-","-","https://www.digikey.be/en/products/detail/murata-electronics/GCM155R71H102MA37D/10697306"
"https://yageogroup.com/content/datasheet/asset/file/UPY-GPHC_X7R_6_3V-TO-250V","//mm.digikey.com/Volume0/opasdata/d220001/medias/images/389/CCSeries-0201-%280603-Metric%29.jpg","311-1399-2-ND,311-1399-1-ND,311-1399-6-ND","CC0201KRX7R7BB102","YAGEO","YAGEO","CAP CER 1000PF 16V X7R 0201","366.746","0.00458","20000","1","Tape & Reel (TR),Cut Tape (CT),Digi-Reel®","CC","Active","1000 pF","±10%","16V","X7R","-55°C ~ 125°C","-","-","General Purpose","Surface Mount, MLCC","0201 (0603 Metric)","0.024"" L x 0.012"" W (0.60mm x 0.30mm)","-","0.013"" (0.33mm)","-","-","-","https://www.digikey.be/en/products/detail/yageo/CC0201KRX7R7BB102/2833564"
"https://yageogroup.com/content/datasheet/asset/file/UPY-GPHC_X7R_6_3V-TO-250V","//mm.digikey.com/Volume0/opasdata/d220001/medias/images/389/CCSeries-0201-%280603-Metric%29.jpg","311-1397-2-ND,311-1397-1-ND,311-1397-6-ND","CC0201KRX7R8BB102","YAGEO","YAGEO","CAP CER 1000PF 25V X7R 0201","146.171","0.00458","20000","1","Tape & Reel (TR),Cut Tape (CT),Digi-Reel®","CC","Active","1000 pF","±10%","25V","X7R","-55°C ~ 125°C","-","-","General Purpose","Surface Mount, MLCC","0201 (0603 Metric)","0.024"" L x 0.012"" W (0.60mm x 0.30mm)","-","0.013"" (0.33mm)","-","-","-","https://www.digikey.be/en/products/detail/yageo/CC0201KRX7R8BB102/2833562"
"https://yageogroup.com/content/datasheet/asset/file/UPY-GPHC_X7R_6_3V-TO-250V","//mm.digikey.com/Volume0/opasdata/d220001/medias/images/389/CCSeries-0201-%280603-Metric%29.jpg","13-CC0201KRX7R6BB102TR-ND,13-CC0201KRX7R6BB102CT-ND,13-CC0201KRX7R6BB102DKR-ND","CC0201KRX7R6BB102","YAGEO","YAGEO","CAP CER 1000PF 10V X7R 0201","41.218","0.00458","20000","1","Tape & Reel (TR),Cut Tape (CT),Digi-Reel®","CC","Active","1000 pF","±10%","10V","X7R","-55°C ~ 125°C","-","-","General Purpose","Surface Mount, MLCC","0201 (0603 Metric)","0.024"" L x 0.012"" W (0.60mm x 0.30mm)","-","0.013"" (0.33mm)","-","-","-","https://www.digikey.be/en/products/detail/yageo/CC0201KRX7R6BB102/5883156"
"https://yageogroup.com/content/datasheet/asset/file/UPY-GPHC_X7R_6_3V-TO-250V","//mm.digikey.com/Volume0/opasdata/d220001/medias/images/389/CCSeries-0201-%280603-Metric%29.jpg","13-CC0201KRX7R5BB102TR-ND,13-CC0201KRX7R5BB102CT-ND,13-CC0201KRX7R5BB102DKR-ND","CC0201KRX7R5BB102","YAGEO","YAGEO","CAP CER 1000PF 6.3V X7R 0201","31.873","0.00458","20000","1","Tape & Reel (TR),Cut Tape (CT),Digi-Reel®","CC","Active","1000 pF","±10%","6.3V","X7R","-55°C ~ 125°C","-","-","General Purpose","Surface Mount, MLCC","0201 (0603 Metric)","0.024"" L x 0.012"" W (0.60mm x 0.30mm)","-","0.013"" (0.33mm)","-","-","-","https://www.digikey.be/en/products/detail/yageo/CC0201KRX7R5BB102/11489544"
"https://calchip.com/wp-content/uploads/2026/04/GMC-Series-1.pdf","//mm.digikey.com/Volume0/opasdata/d220001/medias/images/5718/MFG_CHV1812N1K0102KXT.jpg","4713-GMC10X7R102K25NTTR-ND,4713-GMC10X7R102K25NTCT-ND,4713-GMC10X7R102K25NTDKR-ND","GMC10X7R102K25NT","Cal-Chip Electronics, Inc.","Cal-Chip Electronics, Inc.","CAP0603 X7R 1000PF 10% 25V","7.910","0.00465","20000","1","Tape & Reel (TR),Cut Tape (CT),Digi-Reel®","GMC","Active","1000 pF","±10%","25V","X7R","-55°C ~ 125°C","-","-","General Purpose","Surface Mount, MLCC","0603 (1608 Metric)","0.063"" L x 0.031"" W (1.60mm x 0.80mm)","-","0.035"" (0.90mm)","-","-","-","https://www.digikey.be/en/products/detail/cal-chip-electronics-inc/GMC10X7R102K25NT/21802016"
"https://search.murata.co.jp/Ceramy/image/img/A01X/G101/ENG/GRT033R71E102KE01-01.pdf","//mm.digikey.com/Volume0/opasdata/d220001/medias/images/5447/490-Ceramic-Capacitor-Tan-Field.jpg","490-GRT033R71E102KE01DTR-ND,490-GRT033R71E102KE01DCT-ND,490-GRT033R71E102KE01DDKR-ND","GRT033R71E102KE01D","Murata Electronics","Murata Electronics","CAP CER 1000PF 25V X7R 0201","18.328","0.00467","20000","1","Tape & Reel (TR),Cut Tape (CT),Digi-Reel®","GRT","Active","1000 pF","±10%","25V","X7R","-55°C ~ 125°C","-","AEC-Q200","Automotive","Surface Mount, MLCC","0201 (0603 Metric)","0.024"" L x 0.012"" W (0.60mm x 0.30mm)","-","0.013"" (0.33mm)","-","-","-","https://www.digikey.be/en/products/detail/murata-electronics/GRT033R71E102KE01D/10691387"
"https://calchip.com/wp-content/uploads/2026/04/GMC-Series-1.pdf","//mm.digikey.com/Volume0/opasdata/d220001/medias/images/5781/MFG_Cal-Chip-All-Capacitors.jpg","4713-GMC02X7R102J25NTTR-ND,4713-GMC02X7R102J25NTCT-ND,4713-GMC02X7R102J25NTDKR-ND","GMC02X7R102J25NT","Cal-Chip Electronics, Inc.","Cal-Chip Electronics, Inc.","CAP0201 X7R 1000PF 5% 25V","15.000","0.00468","20000","1","Tape & Reel (TR),Cut Tape (CT),Digi-Reel®","GMC","Active","1000 pF","±5%","25V","X7R","-55°C ~ 125°C","General Purpose","-","General Purpose","Surface Mount, MLCC","0201 (0603 Metric)","0.024"" L x 0.012"" W (0.60mm x 0.30mm)","-","0.013"" (0.33mm)","-","-","-","https://www.digikey.be/en/products/detail/cal-chip-electronics-inc/GMC02X7R102J25NT/27784147"
"https://yageogroup.com/content/datasheet/asset/file/UPY-GPHC_X7R_6_3V-TO-250V","//mm.digikey.com/Volume0/opasdata/d220001/medias/images/2392/0402%280%5E50%20thickness%29.jpg","311-1712-2-ND,311-1712-1-ND,311-1712-6-ND","CC0402KRX7R8BB102","YAGEO","YAGEO","CAP CER 1000PF 25V X7R 0402","46.352","0.00469","20000","1","Tape & Reel (TR),Cut Tape (CT),Digi-Reel®","CC","Active","1000 pF","±10%","25V","X7R","-55°C ~ 125°C","-","-","General Purpose","Surface Mount, MLCC","0402 (1005 Metric)","0.039"" L x 0.020"" W (1.00mm x 0.50mm)","-","0.022"" (0.55mm)","-","-","-","https://www.digikey.be/en/products/detail/yageo/CC0402KRX7R8BB102/5195121"
"https://yageogroup.com/content/datasheet/asset/file/UPY-GPHC_X7R_6_3V-TO-250V","//mm.digikey.com/Volume0/opasdata/d220001/medias/images/2392/0402%280%5E50%20thickness%29.jpg","13-CC0402MRX7R7BB102TR-ND,13-CC0402MRX7R7BB102CT-ND,13-CC0402MRX7R7BB102DKR-ND","CC0402MRX7R7BB102","YAGEO","YAGEO","CAP CER 1000PF 16V X7R 0402","9.727","0.00469","20000","1","Tape & Reel (TR),Cut Tape (CT),Digi-Reel®","CC","Active","1000 pF","±20%","16V","X7R","-55°C ~ 125°C","-","-","General Purpose","Surface Mount, MLCC","0402 (1005 Metric)","0.039"" L x 0.020"" W (1.00mm x 0.50mm)","-","0.022"" (0.55mm)","-","-","-","https://www.digikey.be/en/products/detail/yageo/CC0402MRX7R7BB102/5883391"
"https://search.murata.co.jp/Ceramy/image/img/A01X/G101/ENG/GRT0335C1E102JA02-01.pdf","//mm.digikey.com/Volume0/opasdata/d220001/medias/images/5447/490-Ceramic-Capacitor-Tan-Field.jpg","490-GRT0335C1E102JA02DTR-ND,490-GRT0335C1E102JA02DCT-ND,490-GRT0335C1E102JA02DDKR-ND","GRT0335C1E102JA02D","Murata Electronics","Murata Electronics","CAP CER 1000PF 25V C0G/NP0 0201","32.008","0.00473","20000","1","Tape & Reel (TR),Cut Tape (CT),Digi-Reel®","GRT","Active","1000 pF","±5%","25V","C0G, NP0","-55°C ~ 125°C","-","AEC-Q200","Automotive","Surface Mount, MLCC","0201 (0603 Metric)","0.024"" L x 0.012"" W (0.60mm x 0.30mm)","-","0.013"" (0.33mm)","-","-","-","https://www.digikey.be/en/products/detail/murata-electronics/GRT0335C1E102JA02D/16033624"
"https://search.murata.co.jp/Ceramy/image/img/A01X/G101/ENG/GRT033C81E102KE01-01.pdf","//mm.digikey.com/Volume0/opasdata/d220001/medias/images/5447/490-Ceramic-Capacitor-Tan-Field.jpg","490-GRT033C81E102KE01JTR-ND,490-GRT033C81E102KE01JCT-ND,490-GRT033C81E102KE01JDKR-ND","GRT033C81E102KE01J","Murata Electronics","Murata Electronics","CAP CER 1000PF 25V X6S 0201","35.630","0.0048","20000","1","Tape & Reel (TR),Cut Tape (CT),Digi-Reel®","GRT","Active","1000 pF","±10%","25V","X6S","-55°C ~ 105°C","-","AEC-Q200","Automotive","Surface Mount, MLCC","0201 (0603 Metric)","0.024"" L x 0.012"" W (0.60mm x 0.30mm)","-","0.013"" (0.33mm)","-","-","-","https://www.digikey.be/en/products/detail/murata-electronics/GRT033C81E102KE01J/17864057"
"https://yageogroup.com/content/datasheet/asset/file/UPY-GPHC_X7R_6_3V-TO-250V","//mm.digikey.com/Volume0/opasdata/d220001/medias/images/2392/0402%280%5E50%20thickness%29.jpg","13-CC0402KPX7R7BB102TR-ND,13-CC0402KPX7R7BB102CT-ND,13-CC0402KPX7R7BB102DKR-ND","CC0402KPX7R7BB102","YAGEO","YAGEO","CAP CER 1000PF 16V X7R 0402","140.583","0.00485","20000","1","Tape & Reel (TR),Cut Tape (CT),Digi-Reel®","CC","Active","1000 pF","±10%","16V","X7R","-55°C ~ 125°C","-","-","General Purpose","Surface Mount, MLCC","0402 (1005 Metric)","0.039"" L x 0.020"" W (1.00mm x 0.50mm)","-","0.022"" (0.55mm)","-","-","-","https://www.digikey.be/en/products/detail/yageo/CC0402KPX7R7BB102/11489789"
"https://yageogroup.com/content/datasheet/asset/file/UPY-GPHC_X7R_6_3V-TO-250V","//mm.digikey.com/Volume0/opasdata/d220001/medias/images/2392/0402%280%5E50%20thickness%29.jpg","311-1351-2-ND,311-1351-1-ND,311-1351-6-ND","CC0402JRX7R9BB102","YAGEO","YAGEO","CAP CER 1000PF 50V X7R 0402","676.817","0.0049","20000","1","Tape & Reel (TR),Cut Tape (CT),Digi-Reel®","CC","Active","1000 pF","±5%","50V","X7R","-55°C ~ 125°C","-","-","General Purpose","Surface Mount, MLCC","0402 (1005 Metric)","0.039"" L x 0.020"" W (1.00mm x 0.50mm)","-","0.022"" (0.55mm)","-","-","-","https://www.digikey.be/en/products/detail/yageo/CC0402JRX7R9BB102/2103089"
"https://product.tdk.com/system/files/dam/doc/product/capacitor/ceramic/mlcc/catalog/mlcc_automotive_general_en.pdf","//mm.digikey.com/Volume0/opasdata/d220001/medias/images/2192/CGA-Series-0201-%280603-Metric%29.jpg","445-12062-2-ND,445-12062-1-ND,445-12062-6-ND","CGA1A2X7R1C102M030BA","TDK","TDK","CAP CER 1000PF 16V X7R 0201","10.320","0.00494","20000","1","Tape & Reel (TR),Cut Tape (CT),Digi-Reel®","CGA","Active","1000 pF","±20%","16V","X7R","-55°C ~ 125°C","-","AEC-Q200","Automotive","Surface Mount, MLCC","0201 (0603 Metric)","0.024"" L x 0.012"" W (0.60mm x 0.30mm)","-","0.013"" (0.33mm)","-","-","-","https://www.digikey.be/en/products/detail/tdk/CGA1A2X7R1C102M030BA/3949298"
"https://yageogroup.com/content/datasheet/asset/file/UPY-GPHC_X7R_6_3V-TO-250V","//mm.digikey.com/Volume0/opasdata/d220001/medias/images/2392/0402%280%5E50%20thickness%29.jpg","13-CC0402KPX7R9BB102TR-ND,13-CC0402KPX7R9BB102CT-ND,13-CC0402KPX7R9BB102DKR-ND","CC0402KPX7R9BB102","YAGEO","YAGEO","CAP CER 1000PF 50V X7R 0402","464.633","0.00497","20000","1","Tape & Reel (TR),Cut Tape (CT),Digi-Reel®","CC","Active","1000 pF","±10%","50V","X7R","-55°C ~ 125°C","-","-","General Purpose","Surface Mount, MLCC","0402 (1005 Metric)","0.039"" L x 0.020"" W (1.00mm x 0.50mm)","-","0.022"" (0.55mm)","-","-","-","https://www.digikey.be/en/products/detail/yageo/CC0402KPX7R9BB102/11490878"
"https://yageogroup.com/content/datasheet/asset/file/UPY-GPHC_X5R_4V-TO-50V","//mm.digikey.com/Volume0/opasdata/d220001/medias/images/389/CCSeries-0201-%280603-Metric%29.jpg","13-CC0201KRX5R6BB102TR-ND,13-CC0201KRX5R6BB102CT-ND,13-CC0201KRX5R6BB102DKR-ND","CC0201KRX5R6BB102","YAGEO","YAGEO","CAP CER 1000PF 10V X5R 0201","17.305","0.00515","20000","1","Tape & Reel (TR),Cut Tape (CT),Digi-Reel®","CC","Active","1000 pF","±10%","10V","X5R","-55°C ~ 85°C","-","-","General Purpose","Surface Mount, MLCC","0201 (0603 Metric)","-","-","-","-","-","-","https://www.digikey.be/en/products/detail/yageo/CC0201KRX5R6BB102/11490009"
"https://yageogroup.com/content/datasheet/asset/file/KEM_C1002_X7R_SMD","//mm.digikey.com/Volume0/opasdata/d220001/medias/images/5357/0402-%281005-Metric%29-Ceramic-Capacitor.jpg","399-C0402C102K5RACTUTR-ND,399-C0402C102K5RACTUCT-ND,399-C0402C102K5RACTUDKR-ND","C0402C102K5RACTU","KEMET","KEMET","CAP CER 1000PF 50V X7R 0402","3.161.147","0.00522","20000","1","Tape & Reel (TR),Cut Tape (CT),Digi-Reel®","SMD Comm X7R","Active","1000 pF","±10%","50V","X7R","-55°C ~ 125°C","-","-","Bypass, Decoupling","Surface Mount, MLCC","0402 (1005 Metric)","0.039"" L x 0.020"" W (1.00mm x 0.50mm)","-","0.022"" (0.55mm)","-","-","-","https://www.digikey.be/en/products/detail/kemet/C0402C102K5RACTU/411034"
"https://datasheets.kyocera-avx.com/KGM_X7R.pdf","//mm.digikey.com/Volume0/opasdata/d220001/medias/images/4848/478_0402-%281005-Metric%29-0%2C56mm.jpg","478-KGM05AR71H102MHTR-ND,478-KGM05AR71H102MHCT-ND,478-KGM05AR71H102MHDKR-ND","KGM05AR71H102MH","KYOCERA AVX","KYOCERA AVX","CAP CER 1000PF 50V X7R 0402","39.258","0.00523","20000","1","Tape & Reel (TR),Cut Tape (CT),Digi-Reel®","KGM - X7R","Active","1000 pF","±20%","50V","X7R","-55°C ~ 125°C","-","-","General Purpose","Surface Mount, MLCC","0402 (1005 Metric)","0.039"" L x 0.020"" W (1.00mm x 0.50mm)","-","0.022"" (0.55mm)","-","-","-","https://www.digikey.be/en/products/detail/kyocera-avx/KGM05AR71H102MH/1597563"
"https://search.murata.co.jp/Ceramy/image/img/A01X/G101/ENG/GRM155R61E102KA01-01.pdf","//mm.digikey.com/Volume0/opasdata/d220001/medias/images/5447/490-Ceramic-Capacitor-Tan-Field.jpg","490-6315-2-ND,490-6315-1-ND,490-6315-6-ND","GRM155R61E102KA01D","Murata Electronics","Murata Electronics","CAP CER 1000PF 25V X5R 0402","37.577","0.00532","20000","1","Tape & Reel (TR),Cut Tape (CT),Digi-Reel®","GRM","Active","1000 pF","±10%","25V","X5R","-55°C ~ 85°C","-","-","General Purpose","Surface Mount, MLCC","0402 (1005 Metric)","0.039"" L x 0.020"" W (1.00mm x 0.50mm)","-","0.022"" (0.55mm)","-","-","-","https://www.digikey.be/en/products/detail/murata-electronics/GRM155R61E102KA01D/2610869"
"https://product.tdk.com/system/files/dam/doc/product/capacitor/ceramic/mlcc/catalog/mlcc_automotive_general_en.pdf","//mm.digikey.com/Volume0/opasdata/d220001/medias/images/2192/CGA-Series-0201-%280603-Metric%29.jpg","445-12086-2-ND,445-12086-1-ND,445-12086-6-ND","CGA1A2X7R1E102M030BA","TDK","TDK","CAP CER 1000PF 25V X7R 0201","22.892","0.00532","20000","1","Tape & Reel (TR),Cut Tape (CT),Digi-Reel®","CGA","Active","1000 pF","±20%","25V","X7R","-55°C ~ 125°C","-","AEC-Q200","Automotive","Surface Mount, MLCC","0201 (0603 Metric)","0.024"" L x 0.012"" W (0.60mm x 0.30mm)","-","0.013"" (0.33mm)","-","-","-","https://www.digikey.be/en/products/detail/tdk/CGA1A2X7R1E102M030BA/3949322"
"https://calchip.com/wp-content/uploads/2026/04/GMC-Series-1.pdf","//mm.digikey.com/Volume0/opasdata/d220001/medias/images/6258/MFG_GMC04X7R122J50NT.jpg","4713-GMC04X7R102K10NTTR-ND,4713-GMC04X7R102K10NTCT-ND,4713-GMC04X7R102K10NTDKR-ND","GMC04X7R102K10NT","Cal-Chip Electronics, Inc.","Cal-Chip Electronics, Inc.","CAP0402 X7R 1000PF 10% 10V","7.502","0.00541","20000","1","Tape & Reel (TR),Cut Tape (CT),Digi-Reel®","GMC","Active","1000 pF","±10%","10V","X7R","-55°C ~ 125°C","-","-","General Purpose","Surface Mount, MLCC","0402 (1005 Metric)","0.039"" L x 0.020"" W (1.00mm x 0.50mm)","-","0.022"" (0.55mm)","-","-","-","https://www.digikey.be/en/products/detail/cal-chip-electronics-inc/GMC04X7R102K10NT/24389238"
"https://yageogroup.com/content/datasheet/asset/file/KEM_C1002_X7R_SMD","//mm.digikey.com/Volume0/opasdata/d220001/medias/images/5357/0402-%281005-Metric%29-Ceramic-Capacitor.jpg","399-C0402C102K3RACTUTR-ND,399-C0402C102K3RACTUCT-ND,399-C0402C102K3RACTUDKR-ND","C0402C102K3RACTU","KEMET","KEMET","CAP CER 1000PF 25V X7R 0402","362.017","0.00548","20000","1","Tape & Reel (TR),Cut Tape (CT),Digi-Reel®","SMD Comm X7R","Active","1000 pF","±10%","25V","X7R","-55°C ~ 125°C","-","-","Bypass, Decoupling","Surface Mount, MLCC","0402 (1005 Metric)","0.039"" L x 0.020"" W (1.00mm x 0.50mm)","-","0.022"" (0.55mm)","-","-","-","https://www.digikey.be/en/products/detail/kemet/C0402C102K3RACTU/411033"
"https://www.we-online.com/components/products/datasheet/885012206083.pdf","//mm.digikey.com/Volume0/opasdata/d220001/medias/images/735/0603-%281608-Metric%29-0%2C95mm_BN.jpg","732-8001-2-ND,732-8001-1-ND,732-8001-6-ND","885012206083","Würth Elektronik","Würth Elektronik","CAP CER 1000PF 50V X7R 0603","46.911","0.0056","20000","1","Tape & Reel (TR),Cut Tape (CT),Digi-Reel®","WCAP-CSGP","Active","1000 pF","±10%","50V","X7R","-55°C ~ 125°C","-","-","General Purpose","Surface Mount, MLCC","0603 (1608 Metric)","0.063"" L x 0.031"" W (1.60mm x 0.80mm)","-","0.037"" (0.95mm)","-","-","-","https://www.digikey.be/en/products/detail/würth-elektronik/885012206083/5453856"
"//mm.digikey.com/Volume0/opasdata/d220001/medias/docus/2589/Multilayer%20Ceramic%20Capacitors.pdf","//mm.digikey.com/Volume0/opasdata/d220001/medias/images/4845/587_0402-%281005-metric%29.jpg","587-6370-2-ND,587-6370-1-ND,587-6370-6-ND","UMK105BJ102KVHF","Taiyo Yuden","Taiyo Yuden","CAP CER 1000PF 50V X5R 0402","15.972","0.00568","20000","1","Tape & Reel (TR),Cut Tape (CT),Digi-Reel®","M","Active","1000 pF","±10%","50V","X5R","-55°C ~ 85°C","-","AEC-Q200","Automotive","Surface Mount, MLCC","0402 (1005 Metric)","0.039"" L x 0.020"" W (1.00mm x 0.50mm)","-","0.022"" (0.55mm)","-","-","-","https://www.digikey.be/en/products/detail/taiyo-yuden/UMK105BJ102KVHF/5182060"
"//mm.digikey.com/Volume0/opasdata/d220001/medias/docus/4891/MC_mlcc_DS.pdf","//mm.digikey.com/Volume0/opasdata/d220001/medias/images/6823/MCAS_series_0201_0603.jpg","587-MCASU105SB5102KFNA01TR-ND,587-MCASU105SB5102KFNA01CT-ND,587-MCASU105SB5102KFNA01DKR-ND","MCASU105SB5102KFNA01","Taiyo Yuden","Taiyo Yuden","CAP CER 1000PF 50V X5R 0402","8.800","0.00568","20000","1","Tape & Reel (TR),Cut Tape (CT),Digi-Reel®","MCAS","Active","1000 pF","±10%","50V","X5R","-55°C ~ 85°C","-","AEC-Q200","Automotive","Surface Mount, MLCC","0402 (1005 Metric)","0.039"" L x 0.020"" W (1.00mm x 0.50mm)","-","0.022"" (0.55mm)","-","-","-","https://www.digikey.be/en/products/detail/taiyo-yuden/MCASU105SB5102KFNA01/16657985"
"https://search.murata.co.jp/Ceramy/image/img/A01X/G101/ENG/GCM155L81H102KA37-01.pdf","//mm.digikey.com/Volume0/opasdata/d220001/medias/images/5447/490-Ceramic-Capacitor-Tan-Field.jpg","490-GCM155L81H102KA37DTR-ND,490-GCM155L81H102KA37DCT-ND,490-GCM155L81H102KA37DDKR-ND","GCM155L81H102KA37D","Murata Electronics","Murata Electronics","CAP CER 1000PF 50V X8L 0402","4.050","0.00571","20000","1","Tape & Reel (TR),Cut Tape (CT),Digi-Reel®","GCM","Active","1000 pF","±10%","50V","X8L","-55°C ~ 150°C","-","AEC-Q200","Automotive","Surface Mount, MLCC","0402 (1005 Metric)","0.039"" L x 0.020"" W (1.00mm x 0.50mm)","-","0.022"" (0.55mm)","-","-","-","https://www.digikey.be/en/products/detail/murata-electronics/GCM155L81H102KA37D/11618805"
"https://yageogroup.com/content/datasheet/asset/file/UPY-GPHC_X7R_6_3V-TO-250V","//mm.digikey.com/Volume0/opasdata/d220001/medias/images/389/CCSeries-0201-%280603-Metric%29.jpg","13-CC0201KPX7R8BB102TR-ND,13-CC0201KPX7R8BB102CT-ND,13-CC0201KPX7R8BB102DKR-ND","CC0201KPX7R8BB102","YAGEO","YAGEO","CAP CER 1000PF 25V X7R 0201","100.186","0.00571","20000","1","Tape & Reel (TR),Cut Tape (CT),Digi-Reel®","CC","Active","1000 pF","±10%","25V","X7R","-55°C ~ 125°C","-","-","General Purpose","Surface Mount, MLCC","0201 (0603 Metric)","0.024"" L x 0.012"" W (0.60mm x 0.30mm)","-","0.013"" (0.33mm)","-","-","-","https://www.digikey.be/en/products/detail/yageo/CC0201KPX7R8BB102/11490243"
"https://yageogroup.com/content/datasheet/asset/file/UPY-GPHC_X7R_6_3V-TO-250V","//mm.digikey.com/Volume0/opasdata/d220001/medias/images/389/CCSeries-0201-%280603-Metric%29.jpg","13-CC0201KPX7R7BB102TR-ND,13-CC0201KPX7R7BB102CT-ND,13-CC0201KPX7R7BB102DKR-ND","CC0201KPX7R7BB102","YAGEO","YAGEO","CAP CER 1000PF 16V X7R 0201","49.311","0.00571","20000","1","Tape & Reel (TR),Cut Tape (CT),Digi-Reel®","CC","Active","1000 pF","±10%","16V","X7R","-55°C ~ 125°C","-","-","General Purpose","Surface Mount, MLCC","0201 (0603 Metric)","0.024"" L x 0.012"" W (0.60mm x 0.30mm)","-","0.013"" (0.33mm)","-","-","-","https://www.digikey.be/en/products/detail/yageo/CC0201KPX7R7BB102/11490046"
"https://calchip.com/wp-content/uploads/2026/04/GMC-Series-1.pdf","//mm.digikey.com/Volume0/opasdata/d220001/medias/images/6258/MFG_GMC04X7R153K50NT.jpg","4713-GMC04X7R102J25NTTR-ND,4713-GMC04X7R102J25NTCT-ND,4713-GMC04X7R102J25NTDKR-ND","GMC04X7R102J25NT","Cal-Chip Electronics, Inc.","Cal-Chip Electronics, Inc.","CAP0402 X7R 1000PF 5% 25V","30.000","0.00571","20000","1","Tape & Reel (TR),Cut Tape (CT),Digi-Reel®","GMC","Active","1000 pF","±5%","25V","X7R","-55°C ~ 125°C","-","-","General Purpose","Surface Mount, MLCC","0402 (1005 Metric)","0.039"" L x 0.020"" W (1.00mm x 0.50mm)","-","0.022"" (0.55mm)","-","-","-","https://www.digikey.be/en/products/detail/cal-chip-electronics-inc/GMC04X7R102J25NT/24389329"
"https://calchip.com/wp-content/uploads/2026/04/GMC-Series-1.pdf","//mm.digikey.com/Volume0/opasdata/d220001/medias/images/5781/MFG_Cal-Chip-All-Capacitors.jpg","4713-GMC04CG102J25NTTR-ND,4713-GMC04CG102J25NTCT-ND,4713-GMC04CG102J25NTDKR-ND","GMC04CG102J25NT","Cal-Chip Electronics, Inc.","Cal-Chip Electronics, Inc.","CAP0402 COG 1000PF 5% 25V","9.100","0.00571","20000","1","Tape & Reel (TR),Cut Tape (CT),Digi-Reel®","GMC","Active","1000 pF","±5%","25V","C0G, NP0","-55°C ~ 125°C","-","-","General Purpose","Surface Mount, MLCC","0402 (1005 Metric)","0.039"" L x 0.020"" W (1.00mm x 0.50mm)","-","0.022"" (0.55mm)","-","-","-","https://www.digikey.be/en/products/detail/cal-chip-electronics-inc/GMC04CG102J25NT/22577066"
"https://yageogroup.com/content/datasheet/asset/file/UPY-GPHC_X7R_6_3V-TO-250V","//mm.digikey.com/Volume0/opasdata/d220001/medias/images/389/CCSeries-0201-%280603-Metric%29.jpg","13-CC0201JRX7R7BB102TR-ND,13-CC0201JRX7R7BB102CT-ND,13-CC0201JRX7R7BB102DKR-ND","CC0201JRX7R7BB102","YAGEO","YAGEO","CAP CER 1000PF 16V X7R 0201","84.744","0.00572","20000","1","Tape & Reel (TR),Cut Tape (CT),Digi-Reel®","CC","Active","1000 pF","±5%","16V","X7R","-55°C ~ 125°C","-","-","General Purpose","Surface Mount, MLCC","0201 (0603 Metric)","0.024"" L x 0.012"" W (0.60mm x 0.30mm)","-","0.013"" (0.33mm)","-","-","-","https://www.digikey.be/en/products/detail/yageo/CC0201JRX7R7BB102/11489708"
"https://www.yageo.com/en/Chart/Download/pdf/CC0402JRX7R7BB102","//mm.digikey.com/Volume0/opasdata/d220001/medias/images/2392/0402%280%5E50%20thickness%29.jpg","13-CC0402JRX7R7BB102TR-ND,13-CC0402JRX7R7BB102CT-ND,13-CC0402JRX7R7BB102DKR-ND","CC0402JRX7R7BB102","YAGEO","YAGEO","CAP CER 1000PF 16V X7R 0402","67.969","0.00576","20000","1","Tape & Reel (TR),Cut Tape (CT),Digi-Reel®","CC","Active","1000 pF","±5%","16V","X7R","-55°C ~ 125°C","-","-","General Purpose","Surface Mount, MLCC","0402 (1005 Metric)","0.039"" L x 0.020"" W (1.00mm x 0.50mm)","-","0.022"" (0.55mm)","-","-","-","https://www.digikey.be/en/products/detail/yageo/CC0402JRX7R7BB102/11489891"
"https://yageogroup.com/content/datasheet/asset/file/UPY-GPHC_X7R_6_3V-TO-250V","//mm.digikey.com/Volume0/opasdata/d220001/medias/images/2392/0402%280%5E50%20thickness%29.jpg","13-CC0402JRX7R8BB102TR-ND,13-CC0402JRX7R8BB102CT-ND,13-CC0402JRX7R8BB102DKR-ND","CC0402JRX7R8BB102","YAGEO","YAGEO","CAP CER 1000PF 25V X7R 0402","13.769","0.00576","20000","1","Tape & Reel (TR),Cut Tape (CT),Digi-Reel®","CC","Active","1000 pF","±5%","25V","X7R","-55°C ~ 125°C","-","-","General Purpose","Surface Mount, MLCC","0402 (1005 Metric)","0.039"" L x 0.020"" W (1.00mm x 0.50mm)","-","0.022"" (0.55mm)","-","-","-","https://www.digikey.be/en/products/detail/yageo/CC0402JRX7R8BB102/11490781"
"https://search.murata.co.jp/Ceramy/image/img/A01X/G101/ENG/GCM155R71H102KA37-01.pdf","//mm.digikey.com/Volume0/opasdata/d220001/medias/images/5447/490-Ceramic-Capacitor-Tan-Field.jpg","490-GCM155R71H102KA37JTR-ND,490-GCM155R71H102KA37JCT-ND,490-GCM155R71H102KA37JDKR-ND","GCM155R71H102KA37J","Murata Electronics","Murata Electronics","CAP CER 1000PF 50V X7R 0402","568.618","0.00578","20000","1","Tape & Reel (TR),Cut Tape (CT),Digi-Reel®","GCM","Active","1000 pF","±10%","50V","X7R","-55°C ~ 125°C","-","AEC-Q200","Automotive","Surface Mount, MLCC","0402 (1005 Metric)","0.039"" L x 0.020"" W (1.00mm x 0.50mm)","-","0.022"" (0.55mm)","-","-","-","https://www.digikey.be/en/products/detail/murata-electronics/GCM155R71H102KA37J/2591295"
"https://calchip.com/wp-content/uploads/2026/04/GMC-Series-1.pdf","//mm.digikey.com/Volume0/opasdata/d220001/medias/images/5781/MFG_Cal-Chip-All-Capacitors.jpg","4713-GMC02X7R102J50NTTR-ND,4713-GMC02X7R102J50NTCT-ND,4713-GMC02X7R102J50NTDKR-ND","GMC02X7R102J50NT","Cal-Chip Electronics, Inc.","Cal-Chip Electronics, Inc.","CAP0201 X7R 1000PF 5% 50V","15.000","0.00578","20000","1","Tape & Reel (TR),Cut Tape (CT),Digi-Reel®","GMC","Active","1000 pF","±5%","50V","X7R","-55°C ~ 125°C","-","-","General Purpose","Surface Mount, MLCC","0201 (0603 Metric)","0.024"" L x 0.012"" W (0.60mm x 0.30mm)","-","0.013"" (0.33mm)","-","-","-","https://www.digikey.be/en/products/detail/cal-chip-electronics-inc/GMC02X7R102J50NT/22562844"
"//mm.digikey.com/Volume0/opasdata/d220001/medias/docus/339/CL05B102KO5NNWC_Spec.pdf","//mm.digikey.com/Volume0/opasdata/d220001/medias/images/6846/CL-0402%281005Metric%29.jpg","1276-CL05B102KO5NNWCTR-ND,1276-CL05B102KO5NNWCCT-ND,1276-CL05B102KO5NNWCDKR-ND","CL05B102KO5NNWC","Samsung Electro-Mechanics","Samsung Electro-Mechanics","CAP CER 1000PF 16V X7R 0402","853","0.00579","20000","1","Tape & Reel (TR),Cut Tape (CT),Digi-Reel®","CL","Active","1000 pF","±10%","16V","X7R","-55°C ~ 125°C","-","-","General Purpose","Surface Mount, MLCC","0402 (1005 Metric)","0.039"" L x 0.020"" W (1.00mm x 0.50mm)","-","0.022"" (0.55mm)","-","-","-","https://www.digikey.be/en/products/detail/samsung-electro-mechanics/CL05B102KO5NNWC/10478964"
"https://calchip.com/wp-content/uploads/2026/04/GMC-Series-1.pdf","//mm.digikey.com/Volume0/opasdata/d220001/medias/images/5781/MFG_Cal-Chip-All-Capacitors.jpg","4713-GMC04CG102J50NTTR-ND,4713-GMC04CG102J50NTCT-ND,4713-GMC04CG102J50NTDKR-ND","GMC04CG102J50NT","Cal-Chip Electronics, Inc.","Cal-Chip Electronics, Inc.","CAP0402 COG 1000PF 5% 50V","4.180","0.0058","20000","1","Tape & Reel (TR),Cut Tape (CT),Digi-Reel®","GMC","Active","1000 pF","±5%","50V","C0G, NP0","-55°C ~ 125°C","-","-","General Purpose","Surface Mount, MLCC","0402 (1005 Metric)","0.039"" L x 0.020"" W (1.00mm x 0.50mm)","-","0.022"" (0.55mm)","-","-","-","https://www.digikey.be/en/products/detail/cal-chip-electronics-inc/GMC04CG102J50NT/22577117"
"//mm.digikey.com/Volume0/opasdata/d220001/medias/docus/2589/Multilayer%20Ceramic%20Capacitors.pdf","//mm.digikey.com/Volume0/opasdata/d220001/medias/images/4845/587_0402-%281005-metric%29.jpg","587-4323-2-ND,587-4323-1-ND,587-4323-6-ND","UMK105B7102KVHF","Taiyo Yuden","Taiyo Yuden","CAP CER 1000PF 50V X7R 0402","835.549","0.00587","20000","1","Tape & Reel (TR),Cut Tape (CT),Digi-Reel®","M","Active","1000 pF","±10%","50V","X7R","-55°C ~ 125°C","-","AEC-Q200","Automotive","Surface Mount, MLCC","0402 (1005 Metric)","0.039"" L x 0.020"" W (1.00mm x 0.50mm)","-","0.022"" (0.55mm)","-","-","-","https://www.digikey.be/en/products/detail/taiyo-yuden/UMK105B7102KVHF/5182064"
"//mm.digikey.com/Volume0/opasdata/d220001/medias/docus/4891/MC_mlcc_DS.pdf","//mm.digikey.com/Volume0/opasdata/d220001/medias/images/6823/MCAS_series_0201_0603.jpg","587-MCASU105SB7102KFNA01TR-ND,587-MCASU105SB7102KFNA01CT-ND,587-MCASU105SB7102KFNA01DKR-ND","MCASU105SB7102KFNA01","Taiyo Yuden","Taiyo Yuden","CAP CER 1000PF 50V X7R 0402","21.520","0.00587","20000","1","Tape & Reel (TR),Cut Tape (CT),Digi-Reel®","MCAS","Active","1000 pF","±10%","50V","X7R","-55°C ~ 125°C","-","AEC-Q200","Automotive","Surface Mount, MLCC","0402 (1005 Metric)","0.039"" L x 0.020"" W (1.00mm x 0.50mm)","-","0.022"" (0.55mm)","-","-","-","https://www.digikey.be/en/products/detail/taiyo-yuden/MCASU105SB7102KFNA01/16659095"
"//mm.digikey.com/Volume0/opasdata/d220001/medias/docus/5731/MBA07_e.pdf","//mm.digikey.com/Volume0/opasdata/d220001/medias/images/4570/MFG_MBASU105SB7102KFNA01.jpg","587-MBASU105SB7102KFNA01TR-ND,587-MBASU105SB7102KFNA01CT-ND,587-MBASU105SB7102KFNA01DKR-ND","MBASU105SB7102KFNA01","Taiyo Yuden","Taiyo Yuden","CAP CER 1000PF 50V X7R 0402","10.000","0.00587","20000","1","Tape & Reel (TR),Cut Tape (CT),Digi-Reel®","MBAS","Active","1000 pF","±10%","50V","X7R","-55°C ~ 125°C","-","-","General Purpose","Surface Mount, MLCC","0402 (1005 Metric)","0.039"" L x 0.020"" W (1.00mm x 0.50mm)","-","0.022"" (0.55mm)","-","-","-","https://www.digikey.be/en/products/detail/taiyo-yuden/MBASU105SB7102KFNA01/16665475"
"https://www.we-online.com/components/products/datasheet/885012206008.pdf","//mm.digikey.com/Volume0/opasdata/d220001/medias/images/735/0603-%281608-Metric%29-0%2C95mm_BN.jpg","732-7927-2-ND,732-7927-1-ND,732-7927-6-ND","885012206008","Würth Elektronik","Würth Elektronik","CAP CER 1000PF 10V X7R 0603","44.799","0.00589","20000","1","Tape & Reel (TR),Cut Tape (CT),Digi-Reel®","WCAP-CSGP","Active","1000 pF","±10%","10V","X7R","-55°C ~ 125°C","-","-","General Purpose","Surface Mount, MLCC","0603 (1608 Metric)","0.063"" L x 0.031"" W (1.60mm x 0.80mm)","-","0.034"" (0.87mm)","-","-","-","https://www.digikey.be/en/products/detail/würth-elektronik/885012206008/5453782"
"https://search.murata.co.jp/Ceramy/image/img/A01X/G101/ENG/GRT1555C1E102JA02-01.pdf","//mm.digikey.com/Volume0/opasdata/d220001/medias/images/5447/490-Ceramic-Capacitor-Tan-Field.jpg","490-GRT1555C1E102JA02DTR-ND,490-GRT1555C1E102JA02DCT-ND,490-GRT1555C1E102JA02DDKR-ND","GRT1555C1E102JA02D","Murata Electronics","Murata Electronics","CAP CER 1000PF 25V C0G/NP0 0402","1.124","0.0059","20000","1","Tape & Reel (TR),Cut Tape (CT),Digi-Reel®","GRT","Active","1000 pF","±5%","25V","C0G, NP0","-55°C ~ 125°C","-","AEC-Q200","Automotive","Surface Mount, MLCC","0402 (1005 Metric)","0.039"" L x 0.020"" W (1.00mm x 0.50mm)","-","0.022"" (0.55mm)","-","-","-","https://www.digikey.be/en/products/detail/murata-electronics/GRT1555C1E102JA02D/10693492"
"https://www.passivecomponent.com/wp-content/uploads/datasheet/WTC_MLCC_General_Purpose.pdf","//mm.digikey.com/Volume0/opasdata/d220001/medias/images/848/0402-%281005-Metric%29-0%2C60mm.jpg","1292-1245-2-ND,1292-1245-1-ND,1292-1245-6-ND","0402N102G500CT","Walsin Technology Corporation","Walsin Technology Corporation","CAP CER 1000PF 50V C0G/NP0 0402","87.534","0.00591","20000","1","Tape & Reel (TR),Cut Tape (CT),Digi-Reel®","-","Active","1000 pF","±2%","50V","C0G, NP0","-55°C ~ 125°C","-","-","General Purpose","Surface Mount, MLCC","0402 (1005 Metric)","0.039"" L x 0.020"" W (1.00mm x 0.50mm)","-","0.022"" (0.55mm)","-","-","-","https://www.digikey.be/en/products/detail/walsin-technology-corporation/0402N102G500CT/9354742"
"https://www.we-online.com/components/products/datasheet/885012206034.pdf","//mm.digikey.com/Volume0/opasdata/d220001/medias/images/735/0603-%281608-Metric%29-0%2C95mm_BN.jpg","732-7953-2-ND,732-7953-1-ND,732-7953-6-ND","885012206034","Würth Elektronik","Würth Elektronik","CAP CER 1000PF 16V X7R 0603","25.017","0.00591","20000","1","Tape & Reel (TR),Cut Tape (CT),Digi-Reel®","WCAP-CSGP","Active","1000 pF","±10%","16V","X7R","-55°C ~ 125°C","-","-","General Purpose","Surface Mount, MLCC","0603 (1608 Metric)","0.063"" L x 0.031"" W (1.60mm x 0.80mm)","-","0.034"" (0.87mm)","-","-","-","https://www.digikey.be/en/products/detail/würth-elektronik/885012206034/5453808"
"https://www.passivecomponent.com/wp-content/uploads/datasheet/WTC_MLCC_General_Purpose.pdf","//mm.digikey.com/Volume0/opasdata/d220001/medias/images/313/MLCC-0805%3B%3B2x1%2C25x0%2C70.JPG","1292-1558-2-ND,1292-1558-1-ND,1292-1558-6-ND","0805B102K500CT","Walsin Technology Corporation","Walsin Technology Corporation","CAP CER 1000PF 50V X7R 0805","350","0.00591","20000","1","Tape & Reel (TR),Cut Tape (CT),Digi-Reel®","-","Active","1000 pF","±10%","50V","X7R","-55°C ~ 125°C","-","-","General Purpose","Surface Mount, MLCC","0805 (2012 Metric)","0.079"" L x 0.049"" W (2.00mm x 1.25mm)","-","0.035"" (0.90mm)","-","-","-","https://www.digikey.be/en/products/detail/walsin-technology-corporation/0805B102K500CT/9355055"
"//mm.digikey.com/Volume0/opasdata/d220001/medias/docus/609/CL05B102KB5NNNC_Spec.pdf","//mm.digikey.com/Volume0/opasdata/d220001/medias/images/6846/CL-0402%281005Metric%29.jpg","1276-1032-2-ND,1276-1032-1-ND,1276-1032-6-ND","CL05B102KB5NNNC","Samsung Electro-Mechanics","Samsung Electro-Mechanics","CAP CER 1000PF 50V X7R 0402","2.983.172","0.00595","20000","1","Tape & Reel (TR),Cut Tape (CT),Digi-Reel®","CL","Active","1000 pF","±10%","50V","X7R","-55°C ~ 125°C","-","-","General Purpose","Surface Mount, MLCC","0402 (1005 Metric)","0.039"" L x 0.020"" W (1.00mm x 0.50mm)","-","0.022"" (0.55mm)","-","-","-","https://www.digikey.be/en/products/detail/samsung-electro-mechanics/CL05B102KB5NNNC/3886690"
"https://www.we-online.com/components/products/datasheet/885012206059.pdf","//mm.digikey.com/Volume0/opasdata/d220001/medias/images/735/0603-%281608-Metric%29-0%2C95mm_BN.jpg","732-7978-2-ND,732-7978-1-ND,732-7978-6-ND","885012206059","Würth Elektronik","Würth Elektronik","CAP CER 1000PF 25V X7R 0603","33.394","0.00595","20000","1","Tape & Reel (TR),Cut Tape (CT),Digi-Reel®","WCAP-CSGP","Active","1000 pF","±10%","25V","X7R","-55°C ~ 125°C","-","-","General Purpose","Surface Mount, MLCC","0603 (1608 Metric)","0.063"" L x 0.031"" W (1.60mm x 0.80mm)","-","0.037"" (0.95mm)","-","-","-","https://www.digikey.be/en/products/detail/würth-elektronik/885012206059/5453833"
"//mm.digikey.com/Volume0/opasdata/d220001/medias/docus/658/CL10B102KB8NNWC_Spec.pdf","//mm.digikey.com/Volume0/opasdata/d220001/medias/images/2537/Ceramic-Capacitor-CL-Series.jpg","1276-1915-2-ND,1276-1915-1-ND,1276-1915-6-ND","CL10B102KB8NNWC","Samsung Electro-Mechanics","Samsung Electro-Mechanics","CAP CER 1000PF 50V X7R 0603","310.478","0.00599","20000","1","Tape & Reel (TR),Cut Tape (CT),Digi-Reel®","CL","Active","1000 pF","±10%","50V","X7R","-55°C ~ 125°C","-","-","General Purpose","Surface Mount, MLCC","0603 (1608 Metric)","0.063"" L x 0.031"" W (1.60mm x 0.80mm)","-","0.035"" (0.90mm)","-","-","-","https://www.digikey.be/en/products/detail/samsung-electro-mechanics/CL10B102KB8NNWC/3887573"
"//mm.digikey.com/Volume0/opasdata/d220001/medias/docus/2744/CL05B102KB5NFNC_Spec.pdf","//mm.digikey.com/Volume0/opasdata/d220001/medias/images/6846/CL-0402%281005Metric%29.jpg","1276-1493-2-ND,1276-1493-1-ND,1276-1493-6-ND","CL05B102KB5NFNC","Samsung Electro-Mechanics","Samsung Electro-Mechanics","CAP CER 1000PF 50V X7R 0402","514","0.00599","20000","1","Tape & Reel (TR),Cut Tape (CT),Digi-Reel®","CL","Active","1000 pF","±10%","50V","X7R","-55°C ~ 125°C","-","-","General Purpose","Surface Mount, MLCC","0402 (1005 Metric)","0.039"" L x 0.020"" W (1.00mm x 0.50mm)","-","0.022"" (0.55mm)","-","-","-","https://www.digikey.be/en/products/detail/samsung-electro-mechanics/CL05B102KB5NFNC/3887151"
"//mm.digikey.com/Volume0/opasdata/d220001/medias/docus/609/CL10B102KB8NNNC_Spec.pdf","//mm.digikey.com/Volume0/opasdata/d220001/medias/images/2537/Ceramic-Capacitor-CL-Series.jpg","1276-1018-2-ND,1276-1018-1-ND,1276-1018-6-ND","CL10B102KB8NNNC","Samsung Electro-Mechanics","Samsung Electro-Mechanics","CAP CER 1000PF 50V X7R 0603","2.290.927","0.0061","20000","1","Tape & Reel (TR),Cut Tape (CT),Digi-Reel®","CL","Active","1000 pF","±10%","50V","X7R","-55°C ~ 125°C","-","-","General Purpose","Surface Mount, MLCC","0603 (1608 Metric)","0.063"" L x 0.031"" W (1.60mm x 0.80mm)","-","0.035"" (0.90mm)","-","-","-","https://www.digikey.be/en/products/detail/samsung-electro-mechanics/CL10B102KB8NNNC/3886676"
"https://www.we-online.com/components/products/datasheet/885012206083R.pdf","//mm.digikey.com/Volume0/opasdata/d220001/medias/images/5691/MFG_88501220xxxxR.jpg","732-885012206083RTR-ND,732-885012206083RCT-ND,732-885012206083RDKR-ND","885012206083R","Würth Elektronik","Würth Elektronik","WCAP-CSGP GENERAL PURPOSE MLCC S","11.842","0.0061","20000","1","Tape & Reel (TR),Cut Tape (CT),Digi-Reel®","WCAP-CSGP","Active","1000 pF","±10%","50V","X7R","-55°C ~ 125°C","-","-","General Purpose","Surface Mount, MLCC","0603 (1608 Metric)","0.063"" L x 0.031"" W (1.60mm x 0.80mm)","-","0.034"" (0.87mm)","-","-","-","https://www.digikey.be/en/products/detail/würth-elektronik/885012206083R/21719421"
"https://search.murata.co.jp/Ceramy/image/img/A01X/G101/ENG/GRT0335C1E102GA02-01.pdf","//mm.digikey.com/Volume0/opasdata/d220001/medias/images/5447/490-Ceramic-Capacitor-Tan-Field.jpg","490-GRT0335C1E102GA02DTR-ND,490-GRT0335C1E102GA02DCT-ND,490-GRT0335C1E102GA02DDKR-ND","GRT0335C1E102GA02D","Murata Electronics","Murata Electronics","CAP CER 1000PF 25V C0G/NP0 0201","4.505","0.00613","20000","1","Tape & Reel (TR),Cut Tape (CT),Digi-Reel®","GRT","Active","1000 pF","±2%","25V","C0G, NP0","-55°C ~ 125°C","-","AEC-Q200","Automotive","Surface Mount, MLCC","0201 (0603 Metric)","0.024"" L x 0.012"" W (0.60mm x 0.30mm)","-","0.013"" (0.33mm)","-","-","-","https://www.digikey.be/en/products/detail/murata-electronics/GRT0335C1E102GA02D/16033490"
"//mm.digikey.com/Volume0/opasdata/d220001/medias/docus/41/CL05B102KB5VPNC_Spec.pdf","//mm.digikey.com/Volume0/opasdata/d220001/medias/images/6846/CL-0402%281005Metric%29.jpg","1276-6569-2-ND,1276-6569-1-ND,1276-6569-6-ND","CL05B102KB5VPNC","Samsung Electro-Mechanics","Samsung Electro-Mechanics","CAP CER 1000PF 50V X7R 0402","0","0.00616","20000","1","Tape & Reel (TR),Cut Tape (CT),Digi-Reel®","CL","Active","1000 pF","±10%","50V","X7R","-55°C ~ 125°C","General Purpose","AEC-Q200","Automotive","Surface Mount, MLCC, Epoxy","0402 (1005 Metric)","0.039"" L x 0.020"" W (1.00mm x 0.50mm)","-","0.022"" (0.55mm)","-","-","-","https://www.digikey.be/en/products/detail/samsung-electro-mechanics/CL05B102KB5VPNC/5961053"
"https://datasheets.kyocera-avx.com/cx5r.pdf","//mm.digikey.com/Volume0/opasdata/d220001/medias/images/4845/478_0603-%281608-Metric%29-0%2C90mm.jpg","478-06033D102KAT2ATR-ND,478-06033D102KAT2ACT-ND,478-06033D102KAT2ADKR-ND","06033D102KAT2A","KYOCERA AVX","KYOCERA AVX","CAP CER 1000PF 25V X5R 0603","54.937","0.0062","20000","1","Tape & Reel (TR),Cut Tape (CT),Digi-Reel®","-","Active","1000 pF","±10%","25V","X5R","-55°C ~ 85°C","-","-","General Purpose","Surface Mount, MLCC","0603 (1608 Metric)","0.063"" L x 0.032"" W (1.60mm x 0.81mm)","-","-","-","-","-","https://www.digikey.be/en/products/detail/kyocera-avx/06033D102KAT2A/11568644"
"//mm.digikey.com/Volume0/opasdata/d220001/medias/docus/609/CL10C102JB8NNNC_Spec.pdf","//mm.digikey.com/Volume0/opasdata/d220001/medias/images/2537/Ceramic-Capacitor-CL-Series.jpg","1276-1091-2-ND,1276-1091-1-ND,1276-1091-6-ND","CL10C102JB8NNNC","Samsung Electro-Mechanics","Samsung Electro-Mechanics","CAP CER 1000PF 50V C0G/NP0 0603","854.929","0.00632","20000","1","Tape & Reel (TR),Cut Tape (CT),Digi-Reel®","CL","Active","1000 pF","±5%","50V","C0G, NP0","-55°C ~ 125°C","-","-","General Purpose","Surface Mount, MLCC","0603 (1608 Metric)","0.063"" L x 0.031"" W (1.60mm x 0.80mm)","-","0.035"" (0.90mm)","-","-","-","https://www.digikey.be/en/products/detail/samsung-electro-mechanics/CL10C102JB8NNNC/3886749"
"https://search.murata.co.jp/Ceramy/image/img/A01X/G101/ENG/GRT0335C1E102FA02-01.pdf","//mm.digikey.com/Volume0/opasdata/d220001/medias/images/5447/490-Ceramic-Capacitor-Tan-Field.jpg","490-GRT0335C1E102FA02DTR-ND,490-GRT0335C1E102FA02DCT-ND,490-GRT0335C1E102FA02DDKR-ND","GRT0335C1E102FA02D","Murata Electronics","Murata Electronics","CAP CER 1000PF 25V C0G 0201","25.158","0.00632","20000","1","Tape & Reel (TR),Cut Tape (CT),Digi-Reel®","GRT","Active","1000 pF","±1%","25V","C0G, NP0","-55°C ~ 125°C","-","AEC-Q200","Automotive","Surface Mount, MLCC","0201 (0603 Metric)","0.024"" L x 0.012"" W (0.60mm x 0.30mm)","-","0.013"" (0.33mm)","-","-","-","https://www.digikey.be/en/products/detail/murata-electronics/GRT0335C1E102FA02D/17865776"
"https://yageogroup.com/content/datasheet/asset/file/UPY-GPHC_X7R_6_3V-TO-250V","//mm.digikey.com/Volume0/opasdata/d220001/medias/images/2392/0402%280%5E50%20thickness%29.jpg","13-CC0402JPX7R9BB102TR-ND,13-CC0402JPX7R9BB102CT-ND,13-CC0402JPX7R9BB102DKR-ND","CC0402JPX7R9BB102","YAGEO","YAGEO","CAP CER 1000PF 50V X7R 0402","170.680","0.00633","20000","1","Tape & Reel (TR),Cut Tape (CT),Digi-Reel®","CC","Active","1000 pF","±5%","50V","X7R","-55°C ~ 125°C","-","-","General Purpose","Surface Mount, MLCC","0402 (1005 Metric)","0.039"" L x 0.020"" W (1.00mm x 0.50mm)","-","0.022"" (0.55mm)","-","-","-","https://www.digikey.be/en/products/detail/yageo/CC0402JPX7R9BB102/11491331"
"//mm.digikey.com/Volume0/opasdata/d220001/medias/docus/658/CL10B102KB8NNNL_Spec.pdf","//mm.digikey.com/Volume0/opasdata/d220001/medias/images/2537/Ceramic-Capacitor-CL-Series.jpg","1276-CL10B102KB8NNNLTR-ND,1276-CL10B102KB8NNNLCT-ND,1276-CL10B102KB8NNNLDKR-ND","CL10B102KB8NNNL","Samsung Electro-Mechanics","Samsung Electro-Mechanics","CAP CER 1000PF 50V X7R 0603","149.417","0.00636","20000","1","Tape & Reel (TR),Cut Tape (CT),Digi-Reel®","CL","Active","1000 pF","±10%","50V","X7R","-55°C ~ 125°C","-","-","General Purpose","Surface Mount, MLCC","0603 (1608 Metric)","0.063"" L x 0.031"" W (1.60mm x 0.80mm)","-","0.035"" (0.90mm)","-","-","-","https://www.digikey.be/en/products/detail/samsung-electro-mechanics/CL10B102KB8NNNL/3894265"
"https://calchip.com/wp-content/uploads/2026/04/GMC-Series-1.pdf","//mm.digikey.com/Volume0/opasdata/d220001/medias/images/6222/MFG_GMC04X5R225K25NT.jpg","4713-GMC04X5R102K6R3NTTR-ND,4713-GMC04X5R102K6R3NTCT-ND,4713-GMC04X5R102K6R3NTDKR-ND","GMC04X5R102K6R3NT","Cal-Chip Electronics, Inc.","Cal-Chip Electronics, Inc.","CAP0402 X5R 1000PF 10% 6.3V","9.900","0.00641","20000","1","Tape & Reel (TR),Cut Tape (CT),Digi-Reel®","GMC","Active","1000 pF","±10%","6.3V","X5R","-55°C ~ 85°C","-","-","General Purpose","Surface Mount, MLCC","0402 (1005 Metric)","0.039"" L x 0.020"" W (1.00mm x 0.50mm)","-","0.022"" (0.55mm)","-","-","-","https://www.digikey.be/en/products/detail/cal-chip-electronics-inc/GMC04X5R102K6R3NT/23571661"
"https://yageogroup.com/content/datasheet/asset/file/UPY-GPHC_X5R_4V-TO-50V","//mm.digikey.com/Volume0/opasdata/d220001/medias/images/2392/0402%280%5E50%20thickness%29.jpg","311-1699-2-ND,311-1699-1-ND,311-1699-6-ND","CC0402KRX5R9BB102","YAGEO","YAGEO","CAP CER 1000PF 50V X5R 0402","22.888","0.00655","20000","1","Tape & Reel (TR),Cut Tape (CT),Digi-Reel®","CC","Active","1000 pF","±10%","50V","X5R","-55°C ~ 85°C","-","-","General Purpose","Surface Mount, MLCC","0402 (1005 Metric)","0.039"" L x 0.020"" W (1.00mm x 0.50mm)","-","0.022"" (0.55mm)","-","-","-","https://www.digikey.be/en/products/detail/yageo/CC0402KRX5R9BB102/5195108"
"https://datasheets.kyocera-avx.com/KGM_X7R.pdf","//mm.digikey.com/Volume0/opasdata/d220001/medias/images/4848/478_0402-%281005-Metric%29-0%2C56mm.jpg","478-KGM05AR71C102KHTR-ND,478-KGM05AR71C102KHCT-ND,478-KGM05AR71C102KHDKR-ND","KGM05AR71C102KH","KYOCERA AVX","KYOCERA AVX","CAP CER 1000PF 16V X7R 0402","44.351","0.0066","20000","1","Tape & Reel (TR),Cut Tape (CT),Digi-Reel®","KGM - X7R","Active","1000 pF","±10%","16V","X7R","-55°C ~ 125°C","-","-","General Purpose","Surface Mount, MLCC","0402 (1005 Metric)","0.039"" L x 0.020"" W (1.00mm x 0.50mm)","-","0.022"" (0.55mm)","-","-","-","https://www.digikey.be/en/products/detail/kyocera-avx/KGM05AR71C102KH/1597799"
"https://search.murata.co.jp/Ceramy/image/img/A01X/G101/ENG/GRM0335C1E102JA01-01.pdf","//mm.digikey.com/Volume0/opasdata/d220001/medias/images/5447/490-Ceramic-Capacitor-Tan-Field.jpg","490-14448-2-ND,490-14448-1-ND,490-14448-6-ND","GRM0335C1E102JA01D","Murata Electronics","Murata Electronics","CAP CER 1000PF 25V C0G/NP0 0201","222.129","0.00671","20000","1","Tape & Reel (TR),Cut Tape (CT),Digi-Reel®","GRM","Active","1000 pF","±5%","25V","C0G, NP0","-55°C ~ 125°C","-","-","General Purpose","Surface Mount, MLCC","0201 (0603 Metric)","0.024"" L x 0.012"" W (0.60mm x 0.30mm)","-","0.013"" (0.33mm)","-","-","-","https://www.digikey.be/en/products/detail/murata-electronics/GRM0335C1E102JA01D/6606077"
"https://search.murata.co.jp/Ceramy/image/img/A01X/G101/ENG/GRM0335C1H102JE01-01A.pdf","//mm.digikey.com/Volume0/opasdata/d220001/medias/images/5447/490-Ceramic-Capacitor-Tan-Field.jpg","490-GRM0335C1H102JE01DTR-ND,490-GRM0335C1H102JE01DCT-ND,490-GRM0335C1H102JE01DDKR-ND","GRM0335C1H102JE01D","Murata Electronics","Murata Electronics","CAP CER 1000PF 50V C0G/NP0 0201","72.875","0.00671","20000","1","Tape & Reel (TR),Cut Tape (CT),Digi-Reel®","GRM","Active","1000 pF","±5%","50V","C0G, NP0","-55°C ~ 125°C","-","-","General Purpose","Surface Mount, MLCC","0201 (0603 Metric)","0.024"" L x 0.012"" W (0.60mm x 0.30mm)","-","0.013"" (0.33mm)","-","-","-","https://www.digikey.be/en/products/detail/murata-electronics/GRM0335C1H102JE01D/16033845"
"https://yageogroup.com/content/datasheet/asset/file/KEM_C1002_X7R_SMD","//mm.digikey.com/Volume0/opasdata/d220001/medias/images/5357/0402-%281005-Metric%29-Ceramic-Capacitor.jpg","399-C0402C102K5RAC7411TR-ND,399-C0402C102K5RAC7411CT-ND,399-C0402C102K5RAC7411DKR-ND","C0402C102K5RAC7411","KEMET","KEMET","CAP CER 1000PF 50V X7R 0402","186.403","0.00672","20000","1","Tape & Reel (TR),Cut Tape (CT),Digi-Reel®","SMD Comm X7R","Active","1000 pF","±10%","50V","X7R","-55°C ~ 125°C","-","-","Bypass, Decoupling","Surface Mount, MLCC","0402 (1005 Metric)","0.039"" L x 0.020"" W (1.00mm x 0.50mm)","-","0.022"" (0.55mm)","-","-","-","https://www.digikey.be/en/products/detail/kemet/C0402C102K5RAC7411/12701297"
"https://yageogroup.com/content/datasheet/asset/file/UPY-GPHC_X7R_6_3V-TO-250V","//mm.digikey.com/Volume0/opasdata/d220001/medias/images/6222/311%7E1608-09%7E0603.jpg","311-1080-2-ND,311-1080-1-ND,311-1080-6-ND","CC0603KRX7R9BB102","YAGEO","YAGEO","CAP CER 1000PF 50V X7R 0603","216.353","0.00681","20000","1","Tape & Reel (TR),Cut Tape (CT),Digi-Reel®","CC","Active","1000 pF","±10%","50V","X7R","-55°C ~ 125°C","-","-","General Purpose","Surface Mount, MLCC","0603 (1608 Metric)","0.063"" L x 0.031"" W (1.60mm x 0.80mm)","-","0.035"" (0.90mm)","-","-","-","https://www.digikey.be/en/products/detail/yageo/CC0603KRX7R9BB102/302814"
"//mm.digikey.com/Volume0/opasdata/d220001/medias/docus/5458/CL03B102KOSVPNC_Spec.pdf","//mm.digikey.com/Volume0/opasdata/d220001/medias/images/6845/CL-0201%280603-Metric%29.jpg","1276-CL03B102KOSVPNCTR-ND,1276-CL03B102KOSVPNCCT-ND,1276-CL03B102KOSVPNCDKR-ND","CL03B102KOSVPNC","Samsung Electro-Mechanics","Samsung Electro-Mechanics","CAP CER 1NF 16V X7R 0201","38.557","0.00683","20000","1","Tape & Reel (TR),Cut Tape (CT),Digi-Reel®","CL","Active","1000 pF","±10%","16V","X7R","-55°C ~ 125°C","General Purpose","AEC-Q200","Automotive","Surface Mount, MLCC, Epoxy","0201 (0603 Metric)","0.024"" L x 0.012"" W (0.60mm x 0.30mm)","-","0.014"" (0.35mm)","-","-","-","https://www.digikey.be/en/products/detail/samsung-electro-mechanics/CL03B102KOSVPNC/20498551"
"https://datasheets.kyocera-avx.com/KGM_X7R.pdf","//mm.digikey.com/Volume0/opasdata/d220001/medias/images/4846/478_0201-%280603-Metric%29-0%2C33mm.jpg","478-KGM03AR71H102KHTR-ND,478-KGM03AR71H102KHCT-ND,478-KGM03AR71H102KHDKR-ND","KGM03AR71H102KH","KYOCERA AVX","KYOCERA AVX","CAP CER 1000PF 50V X7R 0201","53.642","0.00684","20000","1","Tape & Reel (TR),Cut Tape (CT),Digi-Reel®","KGM - X7R","Active","1000 pF","±10%","50V","X7R","-55°C ~ 125°C","-","-","General Purpose","Surface Mount, MLCC","0201 (0603 Metric)","0.024"" L x 0.012"" W (0.60mm x 0.30mm)","-","0.013"" (0.33mm)","-","-","-","https://www.digikey.be/en/products/detail/kyocera-avx/KGM03AR71H102KH/11244897"
"http://www.holystonecaps.com/PDF/201612051329340.2017%20NCC%20Series.pdf","//mm.digikey.com/Volume0/opasdata/d220001/medias/images/3722/Ceramic-Cap.jpg","4587-C0402X102K050TTR-ND,4587-C0402X102K050TCT-ND,4587-C0402X102K050TDKR-ND","C0402X102K050T","Holy Stone Enterprise Co., Ltd.","Holy Stone Enterprise Co., Ltd.","CAP CER 1000PF 50V X7R 0402","8.640","0.00684","20000","1","Tape & Reel (TR),Cut Tape (CT),Digi-Reel®","HVC","Active","1000 pF","±10%","50V","X7R","-55°C ~ 125°C","-","-","SMPS Filtering","Surface Mount, MLCC","0402 (1005 Metric)","0.039"" L x 0.020"" W (1.00mm x 0.50mm)","-","-","-","-","-","https://www.digikey.be/en/products/detail/holy-stone-enterprise-co-ltd/C0402X102K050T/16895006"
"https://calchip.com/wp-content/uploads/2026/04/GMC-Series-1.pdf","//mm.digikey.com/Volume0/opasdata/d220001/medias/images/6222/MFG_GMC04CG821J50NT.jpg","4713-GMC04X5R102K10NTTR-ND,4713-GMC04X5R102K10NTCT-ND,4713-GMC04X5R102K10NTDKR-ND","GMC04X5R102K10NT","Cal-Chip Electronics, Inc.","Cal-Chip Electronics, Inc.","CAP0402 X5R 1000PF 10% 10V","7.002","0.00688","20000","1","Tape & Reel (TR),Cut Tape (CT),Digi-Reel®","GMC","Active","1000 pF","±10%","10V","X5R","-55°C ~ 85°C","-","-","General Purpose","Surface Mount, MLCC","0402 (1005 Metric)","0.039"" L x 0.020"" W (1.00mm x 0.50mm)","-","0.022"" (0.55mm)","-","-","-","https://www.digikey.be/en/products/detail/cal-chip-electronics-inc/GMC04X5R102K10NT/23571697"
"https://calchip.com/wp-content/uploads/2026/04/GMC-Series-1.pdf","//mm.digikey.com/Volume0/opasdata/d220001/medias/images/5781/MFG_Cal-Chip-All-Capacitors.jpg","4713-GMC10X7R102J50NTTR-ND,4713-GMC10X7R102J50NTCT-ND,4713-GMC10X7R102J50NTDKR-ND","GMC10X7R102J50NT","Cal-Chip Electronics, Inc.","Cal-Chip Electronics, Inc.","CAP0603 X7R 1000PF 5% 50V","3.650","0.00688","20000","1","Tape & Reel (TR),Cut Tape (CT),Digi-Reel®","GMC","Active","1000 pF","±5%","50V","X7R","-55°C ~ 125°C","-","-","General Purpose","Surface Mount, MLCC","0603 (1608 Metric)","0.063"" L x 0.031"" W (1.60mm x 0.80mm)","-","0.035"" (0.90mm)","-","-","-","https://www.digikey.be/en/products/detail/cal-chip-electronics-inc/GMC10X7R102J50NT/25323889"
"https://calchip.com/wp-content/uploads/2026/04/GMC-Series-1.pdf","//mm.digikey.com/Volume0/opasdata/d220001/medias/images/6222/MFG_GMC04X5R124K10NT.jpg","4713-GMC04X5R102K16NTTR-ND,4713-GMC04X5R102K16NTCT-ND,4713-GMC04X5R102K16NTDKR-ND","GMC04X5R102K16NT","Cal-Chip Electronics, Inc.","Cal-Chip Electronics, Inc.","CAP0402 X5R 1000PF 10% 16V","10.000","0.00688","20000","1","Tape & Reel (TR),Cut Tape (CT),Digi-Reel®","GMC","Active","1000 pF","±10%","16V","X5R","-55°C ~ 85°C","-","-","General Purpose","Surface Mount, MLCC","0402 (1005 Metric)","0.039"" L x 0.020"" W (1.00mm x 0.50mm)","-","0.022"" (0.55mm)","-","-","-","https://www.digikey.be/en/products/detail/cal-chip-electronics-inc/GMC04X5R102K16NT/23571746"
"https://datasheets.kyocera-avx.com/KGM_X7R.pdf","//mm.digikey.com/Volume0/opasdata/d220001/medias/images/4848/478_0402-%281005-Metric%29-0%2C56mm.jpg","478-KGM05AR71E102KHTR-ND,478-KGM05AR71E102KHCT-ND,478-KGM05AR71E102KHDKR-ND","KGM05AR71E102KH","KYOCERA AVX","KYOCERA AVX","CAP CER 1000PF 25V X7R 0402","151.827","0.00691","20000","1","Tape & Reel (TR),Cut Tape (CT),Digi-Reel®","KGM - X7R","Active","1000 pF","±10%","25V","X7R","-55°C ~ 125°C","-","-","General Purpose","Surface Mount, MLCC","0402 (1005 Metric)","0.039"" L x 0.020"" W (1.00mm x 0.50mm)","-","0.022"" (0.55mm)","-","-","-","https://www.digikey.be/en/products/detail/kyocera-avx/KGM05AR71E102KH/1597265"
"//mm.digikey.com/Volume0/opasdata/d220001/medias/docus/2959/CL05B102JB5NNNC_Spec.pdf","//mm.digikey.com/Volume0/opasdata/d220001/medias/images/6846/CL-0402%281005Metric%29.jpg","1276-1489-2-ND,1276-1489-1-ND,1276-1489-6-ND","CL05B102JB5NNNC","Samsung Electro-Mechanics","Samsung Electro-Mechanics","CAP CER 1000PF 50V X7R 0402","8.983","0.00695","20000","1","Tape & Reel (TR),Cut Tape (CT),Digi-Reel®","CL","Active","1000 pF","±5%","50V","X7R","-55°C ~ 125°C","-","-","General Purpose","Surface Mount, MLCC","0402 (1005 Metric)","0.039"" L x 0.020"" W (1.00mm x 0.50mm)","-","0.022"" (0.55mm)","-","-","-","https://www.digikey.be/en/products/detail/samsung-electro-mechanics/CL05B102JB5NNNC/3887147"
"https://calchip.com/wp-content/uploads/2026/04/GMC-Series-1.pdf","//mm.digikey.com/Volume0/opasdata/d220001/medias/images/6258/MFG_GMC04X7R151J50NT.jpg","4713-GMC04X7R102J16NTTR-ND,4713-GMC04X7R102J16NTCT-ND,4713-GMC04X7R102J16NTDKR-ND","GMC04X7R102J16NT","Cal-Chip Electronics, Inc.","Cal-Chip Electronics, Inc.","CAP0402 X7R 1000PF 5% 16V","9.650","0.00702","20000","1","Tape & Reel (TR),Cut Tape (CT),Digi-Reel®","GMC","Active","1000 pF","±5%","16V","X7R","-55°C ~ 125°C","-","-","General Purpose","Surface Mount, MLCC","0402 (1005 Metric)","0.039"" L x 0.020"" W (1.00mm x 0.50mm)","-","0.022"" (0.55mm)","-","-","-","https://www.digikey.be/en/products/detail/cal-chip-electronics-inc/GMC04X7R102J16NT/24389299"
"https://yageogroup.com/content/datasheet/asset/file/KEM_C1002_X7R_SMD","//mm.digikey.com/Volume0/opasdata/d220001/medias/images/5357/0402-%281005-Metric%29-Ceramic-Capacitor.jpg","399-C0402C102J5RACTUTR-ND,399-C0402C102J5RACTUCT-ND,399-C0402C102J5RACTUDKR-ND","C0402C102J5RACTU","KEMET","KEMET","CAP CER 1000PF 50V X7R 0402","981.593","0.00703","20000","1","Tape & Reel (TR),Cut Tape (CT),Digi-Reel®","SMD Comm X7R","Active","1000 pF","±5%","50V","X7R","-55°C ~ 125°C","-","-","Bypass, Decoupling","Surface Mount, MLCC","0402 (1005 Metric)","0.039"" L x 0.020"" W (1.00mm x 0.50mm)","-","0.022"" (0.55mm)","-","-","-","https://www.digikey.be/en/products/detail/kemet/C0402C102J5RACTU/2196194"
"//mm.digikey.com/Volume0/opasdata/d220001/medias/docus/5458/CL03B102KQSVPNC_Spec.pdf","//mm.digikey.com/Volume0/opasdata/d220001/medias/images/6845/CL-0201%280603-Metric%29.jpg","1276-CL03B102KQSVPNCTR-ND,1276-CL03B102KQSVPNCCT-ND,1276-CL03B102KQSVPNCDKR-ND","CL03B102KQSVPNC","Samsung Electro-Mechanics","Samsung Electro-Mechanics","CAP CER 1NF 6.3V X7R 0201","3.821","0.00705","20000","1","Tape & Reel (TR),Cut Tape (CT),Digi-Reel®","CL","Active","1000 pF","±10%","6.3V","X7R","-55°C ~ 125°C","General Purpose","AEC-Q200","Automotive","Surface Mount, MLCC, Epoxy","0201 (0603 Metric)","0.024"" L x 0.012"" W (0.60mm x 0.30mm)","-","0.014"" (0.35mm)","-","-","-","https://www.digikey.be/en/products/detail/samsung-electro-mechanics/CL03B102KQSVPNC/20498573"
"https://yageogroup.com/content/datasheet/asset/file/UPY-GPHC_X7R_6_3V-TO-250V","//mm.digikey.com/Volume0/opasdata/d220001/medias/images/2488/0603%289mmthickness%29.jpg","13-CC0603KPX7R9BB102TR-ND,13-CC0603KPX7R9BB102CT-ND,13-CC0603KPX7R9BB102DKR-ND","CC0603KPX7R9BB102","YAGEO","YAGEO","CAP CER 1000PF 50V X7R 0603","85.328","0.00706","20000","1","Tape & Reel (TR),Cut Tape (CT),Digi-Reel®","CC","Active","1000 pF","±10%","50V","X7R","-55°C ~ 125°C","-","-","General Purpose","Surface Mount, MLCC","0603 (1608 Metric)","0.063"" L x 0.031"" W (1.60mm x 0.80mm)","-","0.035"" (0.90mm)","-","-","-","https://www.digikey.be/en/products/detail/yageo/CC0603KPX7R9BB102/11490610"
"https://calchip.com/wp-content/uploads/2026/04/GMC-Series-1.pdf","//mm.digikey.com/Volume0/opasdata/d220001/medias/images/5781/MFG_Cal-Chip-All-Capacitors.jpg","4713-GMC10X7R102J16NTTR-ND,4713-GMC10X7R102J16NTCT-ND,4713-GMC10X7R102J16NTDKR-ND","GMC10X7R102J16NT","Cal-Chip Electronics, Inc.","Cal-Chip Electronics, Inc.","CAP0603 X7R 1000PF 5% 16V","4.000","0.00706","20000","1","Tape & Reel (TR),Cut Tape (CT),Digi-Reel®","GMC","Active","1000 pF","±5%","16V","X7R","-55°C ~ 125°C","-","-","General Purpose","Surface Mount, MLCC","0603 (1608 Metric)","0.063"" L x 0.031"" W (1.60mm x 0.80mm)","-","0.035"" (0.90mm)","-","-","-","https://www.digikey.be/en/products/detail/cal-chip-electronics-inc/GMC10X7R102J16NT/25323837"
"//mm.digikey.com/Volume0/opasdata/d220001/medias/docus/5458/CL03B102KPSVPNC_Spec.pdf","//mm.digikey.com/Volume0/opasdata/d220001/medias/images/6845/CL-0201%280603-Metric%29.jpg","1276-CL03B102KPSVPNCTR-ND,1276-CL03B102KPSVPNCCT-ND,1276-CL03B102KPSVPNCDKR-ND","CL03B102KPSVPNC","Samsung Electro-Mechanics","Samsung Electro-Mechanics","CAP CER 1NF 10V X7R 0201","38.718","0.00709","20000","1","Tape & Reel (TR),Cut Tape (CT),Digi-Reel®","CL","Active","1000 pF","±10%","10V","X7R","-55°C ~ 125°C","General Purpose","AEC-Q200","Automotive","Surface Mount, MLCC, Epoxy","0201 (0603 Metric)","0.024"" L x 0.012"" W (0.60mm x 0.30mm)","-","0.014"" (0.35mm)","-","-","-","https://www.digikey.be/en/products/detail/samsung-electro-mechanics/CL03B102KPSVPNC/20498557"
"https://calchip.com/wp-content/uploads/2026/04/GMC-Series-1.pdf","//mm.digikey.com/Volume0/opasdata/d220001/medias/images/5781/MFG_Cal-Chip-All-Capacitors.jpg","4713-GMC02X6S102K25NTTR-ND,4713-GMC02X6S102K25NTCT-ND,4713-GMC02X6S102K25NTDKR-ND","GMC02X6S102K25NT","Cal-Chip Electronics, Inc.","Cal-Chip Electronics, Inc.","CAP0201 X6S 1000PF 10% 25V","15.000","0.00714","20000","1","Tape & Reel (TR),Cut Tape (CT),Digi-Reel®","GMC","Active","1000 pF","±10%","25V","X6S","-55°C ~ 105°C","-","-","General Purpose","Surface Mount, MLCC","0201 (0603 Metric)","0.024"" L x 0.012"" W (0.60mm x 0.30mm)","-","0.013"" (0.33mm)","-","-","-","https://www.digikey.be/en/products/detail/cal-chip-electronics-inc/GMC02X6S102K25NT/28244749"
"https://search.murata.co.jp/Ceramy/image/img/A01X/G101/ENG/GRT1555C1H102JA02-01.pdf","//mm.digikey.com/Volume0/opasdata/d220001/medias/images/5447/490-Ceramic-Capacitor-Tan-Field.jpg","490-GRT1555C1H102JA02DTR-ND,490-GRT1555C1H102JA02DCT-ND,490-GRT1555C1H102JA02DDKR-ND","GRT1555C1H102JA02D","Murata Electronics","Murata Electronics","CAP CER 1000PF 50V C0G/NP0 0402","9.366","0.0072","20000","1","Tape & Reel (TR),Cut Tape (CT),Digi-Reel®","GRT","Active","1000 pF","±5%","50V","C0G, NP0","-55°C ~ 125°C","-","AEC-Q200","Automotive","Surface Mount, MLCC","0402 (1005 Metric)","0.039"" L x 0.020"" W (1.00mm x 0.50mm)","-","0.022"" (0.55mm)","-","-","-","https://www.digikey.be/en/products/detail/murata-electronics/GRT1555C1H102JA02D/9446087"
"//mm.digikey.com/Volume0/opasdata/d220001/medias/docus/2589/Multilayer%20Ceramic%20Capacitors.pdf","//mm.digikey.com/Volume0/opasdata/d220001/medias/images/4845/587_0402-%281005-metric%29.jpg","587-5066-2-ND,587-5066-1-ND,587-5066-6-ND","UMK105CH102JV-F","Taiyo Yuden","Taiyo Yuden","CAP CER 1000PF 50V C0H 0402","20.970","0.00722","20000","1","Tape & Reel (TR),Cut Tape (CT),Digi-Reel®","M","Active","1000 pF","±5%","50V","C0H","-55°C ~ 125°C","-","-","General Purpose","Surface Mount, MLCC","0402 (1005 Metric)","0.039"" L x 0.020"" W (1.00mm x 0.50mm)","-","0.022"" (0.55mm)","-","-","-","https://www.digikey.be/en/products/detail/taiyo-yuden/UMK105CH102JV-F/6563659"
"https://datasheets.kyocera-avx.com/KGM_X7R.pdf","//mm.digikey.com/Volume0/opasdata/d220001/medias/images/4846/478_0201-%280603-Metric%29-0%2C33mm.jpg","478-KGM03AR71C102KHTR-ND,478-KGM03AR71C102KHCT-ND,478-KGM03AR71C102KHDKR-ND","KGM03AR71C102KH","KYOCERA AVX","KYOCERA AVX","CAP CER 1000PF 16V X7R 0201","86.277","0.00723","20000","1","Tape & Reel (TR),Cut Tape (CT),Digi-Reel®","KGM - X7R","Active","1000 pF","±10%","16V","X7R","-55°C ~ 125°C","-","-","General Purpose","Surface Mount, MLCC","0201 (0603 Metric)","0.024"" L x 0.012"" W (0.60mm x 0.30mm)","-","0.013"" (0.33mm)","-","-","-","https://www.digikey.be/en/products/detail/kyocera-avx/KGM03AR71C102KH/563149"
"https://datasheets.kyocera-avx.com/KGM_X7R.pdf","//mm.digikey.com/Volume0/opasdata/d220001/medias/images/7228/MFG_478_X7R_0603-%281608-Metric%29.jpg","478-KGM15AR71H102KTTR-ND,478-KGM15AR71H102KTCT-ND,478-KGM15AR71H102KTDKR-ND","KGM15AR71H102KT","KYOCERA AVX","KYOCERA AVX","CAP CER 1000PF 50V X7R 0603","545.845","0.00734","20000","1","Tape & Reel (TR),Cut Tape (CT),Digi-Reel®","KGM - X7R","Active","1000 pF","±10%","50V","X7R","-55°C ~ 125°C","-","-","General Purpose","Surface Mount, MLCC","0603 (1608 Metric)","0.063"" L x 0.032"" W (1.60mm x 0.81mm)","-","0.035"" (0.90mm)","-","-","-","https://www.digikey.be/en/products/detail/kyocera-avx/KGM15AR71H102KT/563325"
"https://datasheets.kyocera-avx.com/X7RDielectric.pdf","//mm.digikey.com/Volume0/opasdata/d220001/medias/images/4845/478_0603-%281608-Metric%29-0%2C90mm.jpg","478-06035C102KAT2A-62TR-ND,478-06035C102KAT2A-62CT-ND,478-06035C102KAT2A-62DKR-ND","06035C102KAT2A-62","KYOCERA AVX","KYOCERA AVX","CAP CER 1000PF 50V X7R 0603","19.609","0.00734","20000","1","Tape & Reel (TR),Cut Tape (CT),Digi-Reel®","-","Active","1000 pF","±10%","50V","X7R","-55°C ~ 125°C","-","-","General Purpose","Surface Mount, MLCC","0603 (1608 Metric)","0.063"" L x 0.032"" W (1.60mm x 0.81mm)","-","-","-","-","-","https://www.digikey.be/en/products/detail/kyocera-avx/06035C102KAT2A-62/11244948"
"https://product.tdk.com/system/files/dam/doc/product/capacitor/ceramic/mlcc/catalog/mlcc_commercial_general_en.pdf","//mm.digikey.com/Volume0/opasdata/d220001/medias/images/773/0402-%281005-Metric%29-0.70mm-C-Series.jpg","445-7376-2-ND,445-7376-1-ND,445-7376-6-ND","C1005X5R1H102K050BA","TDK","TDK","CAP CER 1000PF 50V X5R 0402","27.306","0.00738","20000","1","Tape & Reel (TR),Cut Tape (CT),Digi-Reel®","C","Active","1000 pF","±10%","50V","X5R","-55°C ~ 85°C","Low ESL","-","General Purpose","Surface Mount, MLCC","0402 (1005 Metric)","0.039"" L x 0.020"" W (1.00mm x 0.50mm)","-","0.022"" (0.55mm)","-","-","-","https://www.digikey.be/en/products/detail/tdk/C1005X5R1H102K050BA/2732811"
"https://calchip.com/wp-content/uploads/2026/04/GMC-Series-1.pdf","//mm.digikey.com/Volume0/opasdata/d220001/medias/images/5781/MFG_Cal-Chip-All-Capacitors.jpg","4713-GMC04CG102G50NTTR-ND,4713-GMC04CG102G50NTCT-ND,4713-GMC04CG102G50NTDKR-ND","GMC04CG102G50NT","Cal-Chip Electronics, Inc.","Cal-Chip Electronics, Inc.","CAP0402 COG 1000PF 2% 50V","4.480","0.00738","20000","1","Tape & Reel (TR),Cut Tape (CT),Digi-Reel®","GMC","Active","1000 pF","±2%","50V","C0G, NP0","-55°C ~ 125°C","-","-","General Purpose","Surface Mount, MLCC","0402 (1005 Metric)","0.039"" L x 0.020"" W (1.00mm x 0.50mm)","-","0.022"" (0.55mm)","-","-","-","https://www.digikey.be/en/products/detail/cal-chip-electronics-inc/GMC04CG102G50NT/22577142"
"https://search.murata.co.jp/Ceramy/image/img/A01X/G101/ENG/GRM1555C1H102JA01-01.pdf","//mm.digikey.com/Volume0/opasdata/d220001/medias/images/5447/490-Ceramic-Capacitor-Tan-Field.jpg","490-3244-2-ND,490-3244-1-ND,490-3244-6-ND","GRM1555C1H102JA01D","Murata Electronics","Murata Electronics","CAP CER 1000PF 50V C0G/NP0 0402","8.180.464","0.0074","20000","1","Tape & Reel (TR),Cut Tape (CT),Digi-Reel®","GRM","Active","1000 pF","±5%","50V","C0G, NP0","-55°C ~ 125°C","-","-","General Purpose","Surface Mount, MLCC","0402 (1005 Metric)","0.039"" L x 0.020"" W (1.00mm x 0.50mm)","-","0.022"" (0.55mm)","-","-","-","https://www.digikey.be/en/products/detail/murata-electronics/GRM1555C1H102JA01D/702509"
"https://datasheets.kyocera-avx.com/KGM_X7R.pdf","//mm.digikey.com/Volume0/opasdata/d220001/medias/images/4848/478_0402-%281005-Metric%29-0%2C56mm.jpg","478-KGM05AR71E102JHTR-ND,478-KGM05AR71E102JHCT-ND,478-KGM05AR71E102JHDKR-ND","KGM05AR71E102JH","KYOCERA AVX","KYOCERA AVX","CAP CER 1000PF 25V X7R 0402","14.938","0.00753","20000","1","Tape & Reel (TR),Cut Tape (CT),Digi-Reel®","KGM - X7R","Active","1000 pF","±5%","25V","X7R","-55°C ~ 125°C","-","-","General Purpose","Surface Mount, MLCC","0402 (1005 Metric)","0.039"" L x 0.020"" W (1.00mm x 0.50mm)","-","0.022"" (0.55mm)","-","-","-","https://www.digikey.be/en/products/detail/kyocera-avx/KGM05AR71E102JH/1597263"
"https://calchip.com/wp-content/uploads/2026/04/GMC-Series-1.pdf","//mm.digikey.com/Volume0/opasdata/d220001/medias/images/6258/MFG_GMC04X7R153K50NT.jpg","4713-GMC04X7R102J50NTTR-ND,4713-GMC04X7R102J50NTCT-ND,4713-GMC04X7R102J50NTDKR-ND","GMC04X7R102J50NT","Cal-Chip Electronics, Inc.","Cal-Chip Electronics, Inc.","CAP0402 X7R 1000PF 5% 50V","23.794","0.0076","20000","1","Tape & Reel (TR),Cut Tape (CT),Digi-Reel®","GMC","Active","1000 pF","±5%","50V","X7R","-55°C ~ 125°C","-","-","General Purpose","Surface Mount, MLCC","0402 (1005 Metric)","0.039"" L x 0.020"" W (1.00mm x 0.50mm)","-","0.022"" (0.55mm)","-","-","-","https://www.digikey.be/en/products/detail/cal-chip-electronics-inc/GMC04X7R102J50NT/24389292"
"https://datasheets.kyocera-avx.com/KGM_X7R.pdf","//mm.digikey.com/Volume0/opasdata/d220001/medias/images/7228/MFG_478_X7R_0603-%281608-Metric%29.jpg","478-KGM15AR71H102KMTR-ND,478-KGM15AR71H102KMCT-ND,478-KGM15AR71H102KMDKR-ND","KGM15AR71H102KM","KYOCERA AVX","KYOCERA AVX","CAP CER 1000PF 50V X7R 0603","44.158","0.00762","20000","1","Tape & Reel (TR),Cut Tape (CT),Digi-Reel®","KGM - X7R","Active","1000 pF","±10%","50V","X7R","-55°C ~ 125°C","-","-","General Purpose","Surface Mount, MLCC","0603 (1608 Metric)","0.063"" L x 0.032"" W (1.60mm x 0.81mm)","-","0.035"" (0.90mm)","-","-","-","https://www.digikey.be/en/products/detail/kyocera-avx/KGM15AR71H102KM/8019252"
"//mm.digikey.com/Volume0/opasdata/d220001/medias/docus/2721/CL05B102KA5NNWC_Spec.pdf","//mm.digikey.com/Volume0/opasdata/d220001/medias/images/6846/CL-0402%281005Metric%29.jpg","1276-1490-2-ND,1276-1490-1-ND,1276-1490-6-ND","CL05B102KA5NNWC","Samsung Electro-Mechanics","Samsung Electro-Mechanics","CAP CER 1000PF 25V X7R 0402","148.493","0.00763","20000","1","Tape & Reel (TR),Cut Tape (CT),Digi-Reel®","CL","Active","1000 pF","±10%","25V","X7R","-55°C ~ 125°C","-","-","General Purpose","Surface Mount, MLCC","0402 (1005 Metric)","0.039"" L x 0.020"" W (1.00mm x 0.50mm)","-","0.022"" (0.55mm)","-","-","-","https://www.digikey.be/en/products/detail/samsung-electro-mechanics/CL05B102KA5NNWC/3887148"
"https://datasheets.kyocera-avx.com/cx5r.pdf","//mm.digikey.com/Volume0/opasdata/d220001/medias/images/4845/478_0603-%281608-Metric%29-0%2C90mm.jpg","478-0603ZD102KAT2ATR-ND,478-0603ZD102KAT2ACT-ND,478-0603ZD102KAT2ADKR-ND","0603ZD102KAT2A","KYOCERA AVX","KYOCERA AVX","CAP CER 1000PF 10V X5R 0603","2.440","0.00771","20000","1","Tape & Reel (TR),Cut Tape (CT),Digi-Reel®","-","Active","1000 pF","±10%","10V","X5R","-55°C ~ 85°C","-","-","General Purpose","Surface Mount, MLCC","0603 (1608 Metric)","0.063"" L x 0.032"" W (1.60mm x 0.81mm)","-","0.035"" (0.90mm)","-","-","-","https://www.digikey.be/en/products/detail/kyocera-avx/0603ZD102KAT2A/3080843"
"https://www.samsungsem.com/kr/support/product-search/mlcc/CL21B102KBANNNC.jsp","//mm.digikey.com/Volume0/opasdata/d220001/medias/images/2537/Ceramic-Capacitor-CL-Series.jpg","1276-1020-2-ND,1276-1020-1-ND,1276-1020-6-ND","CL21B102KBANNNC","Samsung Electro-Mechanics","Samsung Electro-Mechanics","CAP CER 1000PF 50V X7R 0805","1.086.363","0.00796","20000","1","Tape & Reel (TR),Cut Tape (CT),Digi-Reel®","CL","Active","1000 pF","±10%","50V","X7R","-55°C ~ 125°C","-","-","General Purpose","Surface Mount, MLCC","0805 (2012 Metric)","0.079"" L x 0.049"" W (2.00mm x 1.25mm)","-","0.030"" (0.75mm)","-","-","-","https://www.digikey.be/en/products/detail/samsung-electro-mechanics/CL21B102KBANNNC/3886678"
"https://yageogroup.com/content/datasheet/asset/file/UPY-AC_NP0X7RX7S_6_3V-TO-2KV","//mm.digikey.com/Volume0/opasdata/d220001/medias/images/6808/AC_series_0201_0603.jpg","13-AC0201KRX7R9BB102TR-ND,13-AC0201KRX7R9BB102CT-ND,13-AC0201KRX7R9BB102DKR-ND","AC0201KRX7R9BB102","YAGEO","YAGEO","CAP CER 1000PF 50V X7R 0201","5.664","0.00802","20000","1","Tape & Reel (TR),Cut Tape (CT),Digi-Reel®","AC","Active","1000 pF","±10%","50V","X7R","-55°C ~ 125°C","-","AEC-Q200","Automotive","Surface Mount, MLCC","0201 (0603 Metric)","0.024"" L x 0.012"" W (0.60mm x 0.30mm)","-","0.013"" (0.33mm)","-","-","-","https://www.digikey.be/en/products/detail/yageo/AC0201KRX7R9BB102/14668644"
"https://calchip.com/wp-content/uploads/2024/12/GMT-Series.pdf","//mm.digikey.com/Volume0/opasdata/d220001/medias/images/5781/MFG_Cal-Chip-All-Capacitors.jpg","4713-GMT10X7R102K50NT4TR-ND,4713-GMT10X7R102K50NT4CT-ND,4713-GMT10X7R102K50NT4DKR-ND","GMT10X7R102K50NT4","Cal-Chip Electronics, Inc.","Cal-Chip Electronics, Inc.","CAP0603 X7R 1000PF 10% 50V AEC","11.600","0.00802","20000","1","Tape & Reel (TR),Cut Tape (CT),Digi-Reel®","GMT","Active","1000 pF","±10%","50V","X7R","-55°C ~ 125°C","-","AEC-Q200","Automotive","Surface Mount, MLCC","0603 (1608 Metric)","0.063"" L x 0.031"" W (1.60mm x 0.80mm)","0.034"" (0.87mm)","0.034"" (0.87mm)","-","-","-","https://www.digikey.be/en/products/detail/cal-chip-electronics-inc/GMT10X7R102K50NT4/26815069"
"https://weblib.samsungsem.com/mlcc/mlcc-ec-data-sheet.do?partNumber=CL05Y105KP6VPN","//mm.digikey.com/Volume0/opasdata/d220001/medias/images/2537/Ceramic-Capacitor-CL-Series.jpg","1276-2424-2-ND,1276-2424-1-ND,1276-2424-6-ND","CL21B102KBANFNC","Samsung Electro-Mechanics","Samsung Electro-Mechanics","CAP CER 1000PF 50V X7R 0805","92.647","0.00803","20000","1","Tape & Reel (TR),Cut Tape (CT),Digi-Reel®","CL","Active","1000 pF","±10%","50V","X7R","-55°C ~ 125°C","-","-","General Purpose","Surface Mount, MLCC","0805 (2012 Metric)","0.079"" L x 0.049"" W (2.00mm x 1.25mm)","-","0.030"" (0.75mm)","-","-","-","https://www.digikey.be/en/products/detail/samsung-electro-mechanics/CL21B102KBANFNC/3888082"
"//mm.digikey.com/Volume0/opasdata/d220001/medias/docus/41/CL10B102KB8WPNC_Spec.pdf","//mm.digikey.com/Volume0/opasdata/d220001/medias/images/2537/Ceramic-Capacitor-CL-Series.jpg","1276-6838-2-ND,1276-6838-1-ND,1276-6838-6-ND","CL10B102KB8WPNC","Samsung Electro-Mechanics","Samsung Electro-Mechanics","CAP CER 1000PF 50V X7R 0603","50.363","0.00805","20000","1","Tape & Reel (TR),Cut Tape (CT),Digi-Reel®","CL","Active","1000 pF","±10%","50V","X7R","-55°C ~ 125°C","Open Mode","AEC-Q200","Automotive","Surface Mount, MLCC, Epoxy","0603 (1608 Metric)","0.063"" L x 0.031"" W (1.60mm x 0.80mm)","-","0.035"" (0.90mm)","-","-","-","https://www.digikey.be/en/products/detail/samsung-electro-mechanics/CL10B102KB8WPNC/5961322"
"https://yageogroup.com/content/datasheet/asset/file/UPY-GPHC_X7R_6_3V-TO-250V","//mm.digikey.com/Volume0/opasdata/d220001/medias/images/2488/0603%289mmthickness%29.jpg","311-3589-2-ND,311-3589-1-ND,311-3589-6-ND","CC0603KRX7R8BB102","YAGEO","YAGEO","CAP CER 1000PF 25V X7R 0603","85.525","0.00813","20000","1","Tape & Reel (TR),Cut Tape (CT),Digi-Reel®","CC","Active","1000 pF","±10%","25V","X7R","-55°C ~ 125°C","-","-","General Purpose","Surface Mount, MLCC","0603 (1608 Metric)","0.063"" L x 0.031"" W (1.60mm x 0.80mm)","-","0.035"" (0.90mm)","-","-","-","https://www.digikey.be/en/products/detail/yageo/CC0603KRX7R8BB102/5883772"
"https://yageogroup.com/content/datasheet/asset/file/UPY-GPHC_X7R_6_3V-TO-250V","//mm.digikey.com/Volume0/opasdata/d220001/medias/images/2488/0603%289mmthickness%29.jpg","311-4063-2-ND,311-4063-1-ND,311-4063-6-ND","CC0603KRX7R7BB102","YAGEO","YAGEO","CAP CER 1000PF 16V X7R 0603","38.021","0.00813","20000","1","Tape & Reel (TR),Cut Tape (CT),Digi-Reel®","CC","Active","1000 pF","±10%","16V","X7R","-55°C ~ 125°C","-","-","General Purpose","Surface Mount, MLCC","0603 (1608 Metric)","0.063"" L x 0.031"" W (1.60mm x 0.80mm)","-","0.035"" (0.90mm)","-","-","-","https://www.digikey.be/en/products/detail/yageo/CC0603KRX7R7BB102/5883752"
"https://yageogroup.com/content/datasheet/asset/file/UPY-GPHC_X7R_6_3V-TO-250V","//mm.digikey.com/Volume0/opasdata/d220001/medias/images/2488/0603%289mmthickness%29.jpg","311-4109-2-ND,311-4109-1-ND,311-4109-6-ND","CC0603MRX7R9BB102","YAGEO","YAGEO","CAP CER 1000PF 50V X7R 0603","22.575","0.00813","20000","1","Tape & Reel (TR),Cut Tape (CT),Digi-Reel®","CC","Active","1000 pF","±20%","50V","X7R","-55°C ~ 125°C","-","-","General Purpose","Surface Mount, MLCC","0603 (1608 Metric)","0.063"" L x 0.031"" W (1.60mm x 0.80mm)","-","0.035"" (0.90mm)","-","-","-","https://www.digikey.be/en/products/detail/yageo/CC0603MRX7R9BB102/5883824"
"https://yageogroup.com/content/datasheet/asset/file/UPY-AC_NP0X7RX7S_6_3V-TO-2KV","//mm.digikey.com/Volume0/opasdata/d220001/medias/images/6808/AC_Series_0603_1608.jpg","311-3110-2-ND,311-3110-1-ND,311-3110-6-ND","AC0603KRX7R8BB102","YAGEO","YAGEO","CAP CER 1000PF 25V X7R 0603","6.870","0.00823","20000","1","Tape & Reel (TR),Cut Tape (CT),Digi-Reel®","AC","Active","1000 pF","±10%","25V","X7R","-55°C ~ 125°C","-","AEC-Q200","Automotive","Surface Mount, MLCC","0603 (1608 Metric)","0.063"" L x 0.031"" W (1.60mm x 0.80mm)","-","0.035"" (0.90mm)","-","-","-","https://www.digikey.be/en/products/detail/yageo/AC0603KRX7R8BB102/6643096"
"https://search.murata.co.jp/Ceramy/image/img/A01X/G101/ENG/GCM1555G1H102JA16-01.pdf","//mm.digikey.com/Volume0/opasdata/d220001/medias/images/5447/490-Ceramic-Capacitor-Tan-Field.jpg","490-GCM1555G1H102JA16DTR-ND,490-GCM1555G1H102JA16DCT-ND,490-GCM1555G1H102JA16DDKR-ND","GCM1555G1H102JA16D","Murata Electronics","Murata Electronics","CAP CER 1000PF 50V X8G 0402","89.571","0.00829","20000","1","Tape & Reel (TR),Cut Tape (CT),Digi-Reel®","GCM","Active","1000 pF","±5%","50V","X8G","-55°C ~ 150°C","-","AEC-Q200","Automotive","Surface Mount, MLCC","0402 (1005 Metric)","0.039"" L x 0.020"" W (1.00mm x 0.50mm)","-","0.022"" (0.55mm)","-","-","-","https://www.digikey.be/en/products/detail/murata-electronics/GCM1555G1H102JA16D/13401878"
"https://search.murata.co.jp/Ceramy/image/img/A01X/G101/ENG/GCM1555C1HR50BA16-01A.pdf","//mm.digikey.com/Volume0/opasdata/d220001/medias/images/5447/490-Ceramic-Capacitor-Tan-Field.jpg","490-GCM1555C1H102JA16DTR-ND,490-GCM1555C1H102JA16DCT-ND,490-GCM1555C1H102JA16DDKR-ND","GCM1555C1H102JA16D","Murata Electronics","Murata Electronics","CAP CER 1000PF 50V C0G/NP0 0402","9.879","0.00829","20000","1","Tape & Reel (TR),Cut Tape (CT),Digi-Reel®","GCM","Active","1000 pF","±5%","50V","C0G, NP0","-55°C ~ 125°C","-","AEC-Q200","Automotive","Surface Mount, MLCC","0402 (1005 Metric)","0.039"" L x 0.020"" W (1.00mm x 0.50mm)","-","0.022"" (0.55mm)","-","-","-","https://www.digikey.be/en/products/detail/murata-electronics/GCM1555C1H102JA16D/10694341"
"https://yageogroup.com/content/datasheet/asset/file/KEM_C1002_X7R_SMD","//mm.digikey.com/Volume0/opasdata/d220001/medias/images/5352/0603-%281608-Metric%29-Ceramic-Capacitor.jpg","399-C0603C102J5RACTUTR-ND,399-C0603C102J5RACTUCT-ND,399-C0603C102J5RACTUDKR-ND","C0603C102J5RACTU","KEMET","KEMET","CAP CER 1000PF 50V X7R 0603","276.990","0.00831","20000","1","Tape & Reel (TR),Cut Tape (CT),Digi-Reel®","SMD Comm X7R","Active","1000 pF","±5%","50V","X7R","-55°C ~ 125°C","-","-","Bypass, Decoupling","Surface Mount, MLCC","0603 (1608 Metric)","0.063"" L x 0.031"" W (1.60mm x 0.80mm)","-","0.034"" (0.87mm)","-","-","-","https://www.digikey.be/en/products/detail/kemet/C0603C102J5RACTU/411082"
"https://calchip.com/wp-content/uploads/2026/04/GMC-Series-1.pdf","//mm.digikey.com/Volume0/opasdata/d220001/medias/images/5781/MFG_Cal-Chip-All-Capacitors.jpg","4713-GMC10CG102J50NTTR-ND,4713-GMC10CG102J50NTCT-ND,4713-GMC10CG102J50NTDKR-ND","GMC10CG102J50NT","Cal-Chip Electronics, Inc.","Cal-Chip Electronics, Inc.","CAP0603 COG 1000PF 5% 50V","19.850","0.00831","20000","1","Tape & Reel (TR),Cut Tape (CT),Digi-Reel®","GMC","Active","1000 pF","±5%","50V","C0G, NP0","-55°C ~ 125°C","-","-","General Purpose","Surface Mount, MLCC","0603 (1608 Metric)","0.063"" L x 0.031"" W (1.60mm x 0.80mm)","-","0.035"" (0.90mm)","-","-","-","https://www.digikey.be/en/products/detail/cal-chip-electronics-inc/GMC10CG102J50NT/24398909"
"https://www.passivecomponent.com/wp-content/uploads/datasheet/WTC_MLCC_General_Purpose.pdf","//mm.digikey.com/Volume0/opasdata/d220001/medias/images/313/MLCC-0805%3B%3B2x1%2C25x0%2C70.JPG","1292-1556-2-ND,1292-1556-1-ND,1292-1556-6-ND","0805B102J500CT","Walsin Technology Corporation","Walsin Technology Corporation","CAP CER 1000PF 50V X7R 0805","718","0.00831","20000","1","Tape & Reel (TR),Cut Tape (CT),Digi-Reel®","-","Active","1000 pF","±5%","50V","X7R","-55°C ~ 125°C","-","-","General Purpose","Surface Mount, MLCC","0805 (2012 Metric)","0.079"" L x 0.049"" W (2.00mm x 1.25mm)","-","0.035"" (0.90mm)","-","-","-","https://www.digikey.be/en/products/detail/walsin-technology-corporation/0805B102J500CT/9355053"
"https://calchip.com/wp-content/uploads/2026/04/GMC-Series-1.pdf","//mm.digikey.com/Volume0/opasdata/d220001/medias/images/5781/MFG_Cal-Chip-All-Capacitors.jpg","4713-GMC04X5R102M50NTTR-ND,4713-GMC04X5R102M50NTCT-ND,4713-GMC04X5R102M50NTDKR-ND","GMC04X5R102M50NT","Cal-Chip Electronics, Inc.","Cal-Chip Electronics, Inc.","CAP0402 X5R 1000PF 20% 50V","10.000","0.00831","20000","1","Tape & Reel (TR),Cut Tape (CT),Digi-Reel®","GMC","Active","1000 pF","±20%","50V","X5R","-55°C ~ 85°C","General Purpose","-","General Purpose","Surface Mount, MLCC","0402 (1005 Metric)","0.039"" L x 0.020"" W (1.00mm x 0.50mm)","-","0.024"" (0.60mm)","-","-","-","https://www.digikey.be/en/products/detail/cal-chip-electronics-inc/GMC04X5R102M50NT/27783625"
"https://search.murata.co.jp/Ceramy/image/img/A01X/G101/ENG/GRM1555C1H102JA01-01.pdf","//mm.digikey.com/Volume0/opasdata/d220001/medias/images/5447/490-Ceramic-Capacitor-Tan-Field.jpg","490-6190-2-ND,490-6190-1-ND,490-6190-6-ND","GRM1555C1H102JA01J","Murata Electronics","Murata Electronics","CAP CER 1000PF 50V C0G/NP0 0402","201.529","0.00832","20000","1","Tape & Reel (TR),Cut Tape (CT),Digi-Reel®","GRM","Active","1000 pF","±5%","50V","C0G, NP0","-55°C ~ 125°C","-","-","General Purpose","Surface Mount, MLCC","0402 (1005 Metric)","0.039"" L x 0.020"" W (1.00mm x 0.50mm)","-","0.022"" (0.55mm)","-","-","-","https://www.digikey.be/en/products/detail/murata-electronics/GRM1555C1H102JA01J/2543864"
"https://product.tdk.com/system/files/dam/doc/product/capacitor/ceramic/mlcc/catalog/mlcc_commercial_general_en.pdf","//mm.digikey.com/Volume0/opasdata/d220001/medias/images/763/0201-%280603-Metric%29-0%2C33mm-C-Series.jpg","445-7275-2-ND,445-7275-1-ND,445-7275-6-ND","C0603X7R1E102K030BA","TDK","TDK","CAP CER 1000PF 25V X7R 0201","1.258.959","0.00841","20000","1","Tape & Reel (TR),Cut Tape (CT),Digi-Reel®","C","Active","1000 pF","±10%","25V","X7R","-55°C ~ 125°C","Low ESL","-","General Purpose","Surface Mount, MLCC","0201 (0603 Metric)","0.024"" L x 0.012"" W (0.60mm x 0.30mm)","-","0.013"" (0.33mm)","-","-","-","https://www.digikey.be/en/products/detail/tdk/C0603X7R1E102K030BA/2732710"
"https://yageogroup.com/content/datasheet/asset/file/UPY-GPHC_X7R_6_3V-TO-250V","//mm.digikey.com/Volume0/opasdata/d220001/medias/images/2488/0603%289mmthickness%29.jpg","13-CC0603MPX7R9BB102TR-ND,13-CC0603MPX7R9BB102CT-ND,13-CC0603MPX7R9BB102DKR-ND","CC0603MPX7R9BB102","YAGEO","YAGEO","CAP CER 1000PF 50V X7R 0603","28.755","0.00842","20000","1","Tape & Reel (TR),Cut Tape (CT),Digi-Reel®","CC","Active","1000 pF","±20%","50V","X7R","-55°C ~ 125°C","-","-","General Purpose","Surface Mount, MLCC","0603 (1608 Metric)","0.063"" L x 0.031"" W (1.60mm x 0.80mm)","-","0.035"" (0.90mm)","-","-","-","https://www.digikey.be/en/products/detail/yageo/CC0603MPX7R9BB102/11490650"
"https://search.murata.co.jp/Ceramy/image/img/A01X/G101/ENG/GRM1885C1H102JA01-01.pdf","//mm.digikey.com/Volume0/opasdata/d220001/medias/images/5447/490-Ceramic-Capacitor-Tan-Field.jpg","490-1451-2-ND,490-1451-1-ND,490-1451-6-ND","GRM1885C1H102JA01D","Murata Electronics","Murata Electronics","CAP CER 1000PF 50V C0G/NP0 0603","1.785.980","0.00847","20000","1","Tape & Reel (TR),Cut Tape (CT),Digi-Reel®","GRM","Active","1000 pF","±5%","50V","C0G, NP0","-55°C ~ 125°C","-","-","General Purpose","Surface Mount, MLCC","0603 (1608 Metric)","0.063"" L x 0.031"" W (1.60mm x 0.80mm)","-","0.035"" (0.90mm)","-","-","-","https://www.digikey.be/en/products/detail/murata-electronics/GRM1885C1H102JA01D/586943"
"https://yageogroup.com/content/datasheet/asset/file/UPY-AC_NP0X7RX7S_6_3V-TO-2KV","//mm.digikey.com/Volume0/opasdata/d220001/medias/images/6808/AC_series_0201_0603.jpg","13-AC0201KRX7R8BB102TR-ND,13-AC0201KRX7R8BB102CT-ND,13-AC0201KRX7R8BB102DKR-ND","AC0201KRX7R8BB102","YAGEO","YAGEO","CAP CER 1000PF 25V X7R 0201","7.884","0.00849","20000","1","Tape & Reel (TR),Cut Tape (CT),Digi-Reel®","AC","Active","1000 pF","±10%","25V","X7R","-55°C ~ 125°C","-","AEC-Q200","Automotive","Surface Mount, MLCC","0201 (0603 Metric)","0.024"" L x 0.012"" W (0.60mm x 0.30mm)","-","0.013"" (0.33mm)","-","-","-","https://www.digikey.be/en/products/detail/yageo/AC0201KRX7R8BB102/16797538"
"http://www.samsungsem.com/kr/support/product-search/mlcc/CL21B102KBCNNNC.jsp","//mm.digikey.com/Volume0/opasdata/d220001/medias/images/2537/Ceramic-Capacitor-CL-Series.jpg","1276-2425-2-ND,1276-2425-1-ND,1276-2425-6-ND","CL21B102KBCNNNC","Samsung Electro-Mechanics","Samsung Electro-Mechanics","CAP CER 1000PF 50V X7R 0805","398.944","0.00851","20000","1","Tape & Reel (TR),Cut Tape (CT),Digi-Reel®","CL","Active","1000 pF","±10%","50V","X7R","-55°C ~ 125°C","-","-","General Purpose","Surface Mount, MLCC","0805 (2012 Metric)","0.079"" L x 0.049"" W (2.00mm x 1.25mm)","-","0.037"" (0.95mm)","-","-","-","https://www.digikey.be/en/products/detail/samsung-electro-mechanics/CL21B102KBCNNNC/3888083"
"//mm.digikey.com/Volume0/opasdata/d220001/medias/docus/658/CL10B102KB8NFNC_Spec.pdf","//mm.digikey.com/Volume0/opasdata/d220001/medias/images/2537/Ceramic-Capacitor-CL-Series.jpg","1276-1914-2-ND,1276-1914-1-ND,1276-1914-6-ND","CL10B102KB8NFNC","Samsung Electro-Mechanics","Samsung Electro-Mechanics","CAP CER 1000PF 50V X7R 0603","155.332","0.00853","20000","1","Tape & Reel (TR),Cut Tape (CT),Digi-Reel®","CL","Active","1000 pF","±10%","50V","X7R","-55°C ~ 125°C","-","-","General Purpose","Surface Mount, MLCC","0603 (1608 Metric)","0.063"" L x 0.031"" W (1.60mm x 0.80mm)","-","0.035"" (0.90mm)","-","-","-","https://www.digikey.be/en/products/detail/samsung-electro-mechanics/CL10B102KB8NFNC/3887572"
"https://yageogroup.com/content/datasheet/asset/file/KEM_C1002_X7R_SMD","//mm.digikey.com/Volume0/opasdata/d220001/medias/images/5357/0402-%281005-Metric%29-Ceramic-Capacitor.jpg","399-C0402C102J5RAC7411TR-ND,399-C0402C102J5RAC7411CT-ND,399-C0402C102J5RAC7411DKR-ND","C0402C102J5RAC7411","KEMET","KEMET","CAP CER 1000PF 50V X7R 0402","127.539","0.00854","20000","1","Tape & Reel (TR),Cut Tape (CT),Digi-Reel®","SMD Comm X7R","Active","1000 pF","±5%","50V","X7R","-55°C ~ 125°C","-","-","Bypass, Decoupling","Surface Mount, MLCC","0402 (1005 Metric)","0.039"" L x 0.020"" W (1.00mm x 0.50mm)","-","0.022"" (0.55mm)","-","-","-","https://www.digikey.be/en/products/detail/kemet/C0402C102J5RAC7411/11676257"
"https://calchip.com/wp-content/uploads/2026/04/GMC-Series-1.pdf","//mm.digikey.com/Volume0/opasdata/d220001/medias/images/5781/MFG_Cal-Chip-All-Capacitors.jpg","4713-GMC02X7R102J10NTTR-ND,4713-GMC02X7R102J10NTCT-ND,4713-GMC02X7R102J10NTDKR-ND","GMC02X7R102J10NT","Cal-Chip Electronics, Inc.","Cal-Chip Electronics, Inc.","CAP0201 X7R 1000PF 5% 10V","25.028","0.0086","20000","1","Tape & Reel (TR),Cut Tape (CT),Digi-Reel®","GMC","Active","1000 pF","±5%","10V","X7R","-55°C ~ 125°C","-","-","General Purpose","Surface Mount, MLCC","0201 (0603 Metric)","0.024"" L x 0.012"" W (0.60mm x 0.30mm)","-","0.013"" (0.33mm)","-","-","-","https://www.digikey.be/en/products/detail/cal-chip-electronics-inc/GMC02X7R102J10NT/22562800"
"https://product.tdk.com/system/files/dam/doc/product/capacitor/ceramic/mlcc/catalog/mlcc_automotive_general_en.pdf","//mm.digikey.com/Volume0/opasdata/d220001/medias/images/2532/CGA-Series-0402-%281005-Metric%29.jpg","445-5605-2-ND,445-5605-1-ND,445-5605-6-ND","CGA2B2X7R1H102K050BA","TDK","TDK","CAP CER 1000PF 50V X7R 0402","119.900","0.00865","20000","1","Tape & Reel (TR),Cut Tape (CT),Digi-Reel®","CGA","Active","1000 pF","±10%","50V","X7R","-55°C ~ 125°C","-","AEC-Q200","Automotive","Surface Mount, MLCC","0402 (1005 Metric)","0.039"" L x 0.020"" W (1.00mm x 0.50mm)","-","0.022"" (0.55mm)","-","-","-","https://www.digikey.be/en/products/detail/tdk/CGA2B2X7R1H102K050BA/2443083"
"https://www.passivecomponent.com/wp-content/uploads/datasheet/WTC_MLCC_Automotive_MT.pdf","//mm.digikey.com/Volume0/opasdata/d220001/medias/images/6555/1292_0603-1608-Metric.jpg","1292-MT18N102J500CTTR-ND,1292-MT18N102J500CT-ND,1292-MT18N102J500CTDKR-ND","MT18N102J500CT","Walsin Technology Corporation","Walsin Technology Corporation","CAP CER 1000PF 50V C0G/NP0 0603","0","0.0087","20000","1","Tape & Reel (TR),Cut Tape (CT),Digi-Reel®","MT","Active","1000 pF","±5%","50V","C0G, NP0","-55°C ~ 125°C","-","AEC-Q200","Automotive","Surface Mount, MLCC","0603 (1608 Metric)","0.063"" L x 0.031"" W (1.60mm x 0.80mm)","-","0.034"" (0.87mm)","-","-","-","https://www.digikey.be/en/products/detail/walsin-technology-corporation/MT18N102J500CT/14836787"
"https://search.murata.co.jp/Ceramy/image/img/A01X/G101/ENG/GRM1885C1H102JA01-01.pdf","//mm.digikey.com/Volume0/opasdata/d220001/medias/images/5447/490-Ceramic-Capacitor-Tan-Field.jpg","490-6379-2-ND,490-6379-1-ND,490-6379-6-ND","GRM1885C1H102JA01J","Murata Electronics","Murata Electronics","CAP CER 1000PF 50V C0G/NP0 0603","366.663","0.00872","20000","1","Tape & Reel (TR),Cut Tape (CT),Digi-Reel®","GRM","Active","1000 pF","±5%","50V","C0G, NP0","-55°C ~ 125°C","-","-","General Purpose","Surface Mount, MLCC","0603 (1608 Metric)","0.063"" L x 0.031"" W (1.60mm x 0.80mm)","-","0.035"" (0.90mm)","-","-","-","https://www.digikey.be/en/products/detail/murata-electronics/GRM1885C1H102JA01J/2611080"
"https://www.vishay.com/docs/28548/vjw1bcbascomseries.pdf","//mm.digikey.com/Volume0/opasdata/d220001/medias/images/6878/VJ-W1BC-series_0402-1005-Metric.jpg","720-1594-2-ND,720-1594-1-ND,720-1594-6-ND","VJ0402Y102KXACW1BC","Vishay Vitramon","Vishay Vitramon","CAP CER 1000PF 50V X7R 0402","36.923","0.00872","20000","1","Tape & Reel (TR),Cut Tape (CT),Digi-Reel®","VJ W1BC","Active","1000 pF","±10%","50V","X7R","-55°C ~ 125°C","-","-","General Purpose","Surface Mount, MLCC","0402 (1005 Metric)","0.039"" L x 0.020"" W (1.00mm x 0.50mm)","-","0.022"" (0.55mm)","-","-","-","https://www.digikey.be/en/products/detail/vishay-vitramon/VJ0402Y102KXACW1BC/420825"
"https://www.seielect.com/catalog/SEI-CML.PDF","//mm.digikey.com/Volume0/opasdata/d220001/medias/images/187/Stackpole-Electronics-Inc--0805-%282012-Metric%29.jpg","738-CML0603X7R102KT50VTR-ND,738-CML0603X7R102KT50VCT-ND,738-CML0603X7R102KT50VDKR-ND","CML0603X7R102KT50V","Stackpole Electronics Inc","Stackpole Electronics Inc","CAP CER 1000PF 50V X7R 0603","4.861","0.00872","20000","1","Tape & Reel (TR),Cut Tape (CT),Digi-Reel®","CML_X7R","Active","1000 pF","±10%","50V","X7R","-55°C ~ 125°C","-","-","General Purpose","Surface Mount, MLCC","0603 (1608 Metric)","0.063"" L x 0.031"" W (1.60mm x 0.80mm)","-","0.035"" (0.90mm)","-","-","-","https://www.digikey.be/en/products/detail/stackpole-electronics-inc/CML0603X7R102KT50V/10659981"
"https://calchip.com/wp-content/uploads/2026/04/GMC-Series-1.pdf","//mm.digikey.com/Volume0/opasdata/d220001/medias/images/5781/MFG_Cal-Chip-All-Capacitors.jpg","4713-GMC04CG102K50NTTR-ND,4713-GMC04CG102K50NTCT-ND,4713-GMC04CG102K50NTDKR-ND","GMC04CG102K50NT","Cal-Chip Electronics, Inc.","Cal-Chip Electronics, Inc.","CAP0402 COG 1000PF 10% 50V","20.000","0.00873","20000","1","Tape & Reel (TR),Cut Tape (CT),Digi-Reel®","GMC","Active","1000 pF","±10%","50V","C0G, NP0","-55°C ~ 125°C","General Purpose","-","General Purpose","Surface Mount, MLCC","0402 (1005 Metric)","0.039"" L x 0.020"" W (1.00mm x 0.50mm)","-","0.022"" (0.55mm)","-","-","-","https://www.digikey.be/en/products/detail/cal-chip-electronics-inc/GMC04CG102K50NT/27783980"
"https://search.murata.co.jp/Ceramy/image/img/A01X/G101/ENG/GRT1555C1E102JA02-01.pdf","//mm.digikey.com/Volume0/opasdata/d220001/medias/images/5447/490-Ceramic-Capacitor-Tan-Field.jpg","490-GRT1555C1E102JA02JTR-ND,490-GRT1555C1E102JA02JCT-ND,490-GRT1555C1E102JA02JDKR-ND","GRT1555C1E102JA02J","Murata Electronics","Murata Electronics","CAP CER 1000PF 25V C0G/NP0 0402","4.582","0.00876","20000","1","Tape & Reel (TR),Cut Tape (CT),Digi-Reel®","GRT","Active","1000 pF","±5%","25V","C0G, NP0","-55°C ~ 125°C","-","AEC-Q200","Automotive","Surface Mount, MLCC","0402 (1005 Metric)","0.039"" L x 0.020"" W (1.00mm x 0.50mm)","-","0.022"" (0.55mm)","-","-","-","https://www.digikey.be/en/products/detail/murata-electronics/GRT1555C1E102JA02J/13904925"
"https://www.niccomp.com/quickbuilder/qbpn.php?pNumber=NMC0603X7R102K50TRPF","//mm.digikey.com/Volume0/opasdata/d220001/medias/images/5378/MFG_NMC.jpg","4988-NMC0603X7R102K50TRPFTR-ND,4988-NMC0603X7R102K50TRPFCT-ND,4988-NMC0603X7R102K50TRPFDKR-ND","NMC0603X7R102K50TRPF","NIC Components Corp","NIC Components Corp","CAP SMT06030.001F50VDC","19.688","0.00878","20000","1","Tape & Reel (TR),Cut Tape (CT),Digi-Reel®","NMC","Active","1000 pF","±10%","50V","X7R","-55°C ~ 125°C","Low ESL, Low ESR","-","General Purpose","Surface Mount, MLCC","0603 (1608 Metric)","0.063"" L x 0.031"" W (1.60mm x 0.80mm)","-","0.039"" (1.00mm)","-","-","-","https://www.digikey.be/en/products/detail/nic-components-corp/NMC0603X7R102K50TRPF/18895944"
"https://yageogroup.com/content/datasheet/asset/file/UPY-AC_NP0X7RX7S_6_3V-TO-2KV","//mm.digikey.com/Volume0/opasdata/d220001/medias/images/4471/AC-Series-Capacitor.jpg","311-3058-2-ND,311-3058-1-ND,311-3058-6-ND","AC0402KRX7R7BB102","YAGEO","YAGEO","CAP CER 1000PF 16V X7R 0402","82.516","0.00887","20000","1","Tape & Reel (TR),Cut Tape (CT),Digi-Reel®","AC","Active","1000 pF","±10%","16V","X7R","-55°C ~ 125°C","-","AEC-Q200","Automotive","Surface Mount, MLCC","0402 (1005 Metric)","0.039"" L x 0.020"" W (1.00mm x 0.50mm)","-","0.022"" (0.55mm)","-","-","-","https://www.digikey.be/en/products/detail/yageo/AC0402KRX7R7BB102/6643044"
"https://yageogroup.com/content/datasheet/asset/file/UPY-GPHC_X7R_6_3V-TO-250V","//mm.digikey.com/Volume0/opasdata/d220001/medias/images/2488/0603%289mmthickness%29.jpg","311-4053-2-ND,311-4053-1-ND,311-4053-6-ND","CC0603KRX7R6BB102","YAGEO","YAGEO","CAP CER 1000PF 10V X7R 0603","9.481","0.00887","20000","1","Tape & Reel (TR),Cut Tape (CT),Digi-Reel®","CC","Active","1000 pF","±10%","10V","X7R","-55°C ~ 125°C","-","-","General Purpose","Surface Mount, MLCC","0603 (1608 Metric)","0.063"" L x 0.031"" W (1.60mm x 0.80mm)","-","0.035"" (0.90mm)","-","-","-","https://www.digikey.be/en/products/detail/yageo/CC0603KRX7R6BB102/5883739"
"https://yageogroup.com/content/datasheet/asset/file/UPY-AC_NP0X7RX7S_6_3V-TO-2KV","//mm.digikey.com/Volume0/opasdata/d220001/medias/images/4471/AC-Series-Capacitor.jpg","311-3027-2-ND,311-3027-1-ND,311-3027-6-ND","AC0402KRX7R9BB102","YAGEO","YAGEO","CAP CER 1000PF 50V X7R 0402","6.005","0.00887","20000","1","Tape & Reel (TR),Cut Tape (CT),Digi-Reel®","AC","Active","1000 pF","±10%","50V","X7R","-55°C ~ 125°C","-","AEC-Q200","Automotive","Surface Mount, MLCC","0402 (1005 Metric)","0.039"" L x 0.020"" W (1.00mm x 0.50mm)","-","0.022"" (0.55mm)","-","-","-","https://www.digikey.be/en/products/detail/yageo/AC0402KRX7R9BB102/5882988"
"https://yageogroup.com/content/datasheet/asset/file/UPY-GPHC_X7R_6_3V-TO-250V","//mm.digikey.com/Volume0/opasdata/d220001/medias/images/2488/0603%289mmthickness%29.jpg","311-3994-2-ND,311-3994-1-ND,311-3994-6-ND","CC0603JRX7R8BB102","YAGEO","YAGEO","CAP CER 1000PF 25V X7R 0603","39.987","0.00888","20000","1","Tape & Reel (TR),Cut Tape (CT),Digi-Reel®","CC","Active","1000 pF","±5%","25V","X7R","-55°C ~ 125°C","-","-","General Purpose","Surface Mount, MLCC","0603 (1608 Metric)","0.063"" L x 0.031"" W (1.60mm x 0.80mm)","-","0.035"" (0.90mm)","-","-","-","https://www.digikey.be/en/products/detail/yageo/CC0603JRX7R8BB102/5883655"
"https://calchip.com/wp-content/uploads/2026/04/GMC-Series-1.pdf","//mm.digikey.com/Volume0/opasdata/d220001/medias/images/5781/MFG_Cal-Chip-All-Capacitors.jpg","4713-GMC02CG102J25NTTR-ND,4713-GMC02CG102J25NTCT-ND,4713-GMC02CG102J25NTDKR-ND","GMC02CG102J25NT","Cal-Chip Electronics, Inc.","Cal-Chip Electronics, Inc.","CAP0201 COG 1000PF 5% 25V","10.006","0.00896","20000","1","Tape & Reel (TR),Cut Tape (CT),Digi-Reel®","GMC","Active","1000 pF","±5%","25V","C0G, NP0","-55°C ~ 125°C","-","-","General Purpose","Surface Mount, MLCC","0201 (0603 Metric)","0.024"" L x 0.012"" W (0.60mm x 0.30mm)","-","0.013"" (0.33mm)","-","-","-","https://www.digikey.be/en/products/detail/cal-chip-electronics-inc/GMC02CG102J25NT/22493396"
"https://datasheets.kyocera-avx.com/KGM_X7R.pdf","//mm.digikey.com/Volume0/opasdata/d220001/medias/images/4848/478_0402-%281005-Metric%29-0%2C56mm.jpg","478-KGM05AR71H102JHTR-ND,478-KGM05AR71H102JHCT-ND,478-KGM05AR71H102JHDKR-ND","KGM05AR71H102JH","KYOCERA AVX","KYOCERA AVX","CAP CER 1000PF 50V X7R 0402","56.496","0.009","20000","1","Tape & Reel (TR),Cut Tape (CT),Digi-Reel®","KGM - X7R","Active","1000 pF","±5%","50V","X7R","-55°C ~ 125°C","-","-","General Purpose","Surface Mount, MLCC","0402 (1005 Metric)","0.039"" L x 0.020"" W (1.00mm x 0.50mm)","-","0.022"" (0.55mm)","-","-","-","https://www.digikey.be/en/products/detail/kyocera-avx/KGM05AR71H102JH/1116183"
"https://datasheets.kyocera-avx.com/KGM_X7R.pdf","//mm.digikey.com/Volume0/opasdata/d220001/medias/images/4848/478_0402-%281005-Metric%29-0%2C56mm.jpg","478-KGM05AR71C102JHTR-ND,478-KGM05AR71C102JHCT-ND,478-KGM05AR71C102JHDKR-ND","KGM05AR71C102JH","KYOCERA AVX","KYOCERA AVX","CAP CER 1000PF 16V X7R 0402","29.834","0.009","20000","1","Tape & Reel (TR),Cut Tape (CT),Digi-Reel®","KGM - X7R","Active","1000 pF","±5%","16V","X7R","-55°C ~ 125°C","-","-","General Purpose","Surface Mount, MLCC","0402 (1005 Metric)","0.039"" L x 0.020"" W (1.00mm x 0.50mm)","-","0.022"" (0.55mm)","-","-","-","https://www.digikey.be/en/products/detail/kyocera-avx/KGM05AR71C102JH/1597797"
"https://yageogroup.com/content/datasheet/asset/file/KEM_C1002_X7R_SMD","//mm.digikey.com/Volume0/opasdata/d220001/medias/images/5352/0603-%281608-Metric%29-Ceramic-Capacitor.jpg","399-C0603C102J5RAC7411TR-ND,399-C0603C102J5RAC7411CT-ND,399-C0603C102J5RAC7411DKR-ND","C0603C102J5RAC7411","KEMET","KEMET","CAP CER 1000PF 50V X7R 0603","15.581","0.00903","20000","1","Tape & Reel (TR),Cut Tape (CT),Digi-Reel®","SMD Comm X7R","Active","1000 pF","±5%","50V","X7R","-55°C ~ 125°C","-","-","Bypass, Decoupling","Surface Mount, MLCC","0603 (1608 Metric)","0.063"" L x 0.031"" W (1.60mm x 0.80mm)","-","0.034"" (0.87mm)","-","-","-","https://www.digikey.be/en/products/detail/kemet/C0603C102J5RAC7411/12701218"
"https://yageogroup.com/content/datasheet/asset/file/UPY-GPHC_X7R_6_3V-TO-250V","//mm.digikey.com/Volume0/opasdata/d220001/medias/images/2488/0603%289mmthickness%29.jpg","311-3361-2-ND,311-3361-1-ND,311-3361-6-ND","CC0603JRX7R9BB102","YAGEO","YAGEO","CAP CER 1000PF 50V X7R 0603","13.649","0.00913","20000","1","Tape & Reel (TR),Cut Tape (CT),Digi-Reel®","CC","Active","1000 pF","±5%","50V","X7R","-55°C ~ 125°C","-","-","General Purpose","Surface Mount, MLCC","0603 (1608 Metric)","0.063"" L x 0.031"" W (1.60mm x 0.80mm)","-","0.035"" (0.90mm)","-","-","-","https://www.digikey.be/en/products/detail/yageo/CC0603JRX7R9BB102/5883673"
"https://calchip.com/wp-content/uploads/2026/04/GMC-Series-1.pdf","//mm.digikey.com/Volume0/opasdata/d220001/medias/images/5781/MFG_Cal-Chip-All-Capacitors.jpg","4713-GMC02CG102G25NTTR-ND,4713-GMC02CG102G25NTCT-ND,4713-GMC02CG102G25NTDKR-ND","GMC02CG102G25NT","Cal-Chip Electronics, Inc.","Cal-Chip Electronics, Inc.","CAP0201 COG 1000PF 2% 25V","23.322","0.00916","20000","1","Tape & Reel (TR),Cut Tape (CT),Digi-Reel®","GMC","Active","1000 pF","±2%","25V","C0G, NP0","-55°C ~ 125°C","-","-","General Purpose","Surface Mount, MLCC","0201 (0603 Metric)","0.024"" L x 0.012"" W (0.60mm x 0.30mm)","-","0.013"" (0.33mm)","-","-","-","https://www.digikey.be/en/products/detail/cal-chip-electronics-inc/GMC02CG102G25NT/22493385"
"https://datasheets.kyocera-avx.com/KGM_X7R.pdf","//mm.digikey.com/Volume0/opasdata/d220001/medias/images/7228/MFG_478_X7R_0603-%281608-Metric%29.jpg","478-KGM15AR71A102KTTR-ND,478-KGM15AR71A102KTCT-ND,478-KGM15AR71A102KTDKR-ND","KGM15AR71A102KT","KYOCERA AVX","KYOCERA AVX","CAP CER 1000PF 10V X7R 0603","63.207","0.00919","20000","1","Tape & Reel (TR),Cut Tape (CT),Digi-Reel®","KGM - X7R","Active","1000 pF","±10%","10V","X7R","-55°C ~ 125°C","-","-","General Purpose","Surface Mount, MLCC","0603 (1608 Metric)","0.063"" L x 0.032"" W (1.60mm x 0.81mm)","-","0.035"" (0.90mm)","-","-","-","https://www.digikey.be/en/products/detail/kyocera-avx/KGM15AR71A102KT/1600682"
"https://yageogroup.com/content/datasheet/asset/file/UPY-AC_NP0X7RX7S_6_3V-TO-2KV","//mm.digikey.com/Volume0/opasdata/d220001/medias/images/4471/AC-Series-Capacitor.jpg","311-3065-2-ND,311-3065-1-ND,311-3065-6-ND","AC0402KRX7R8BB102","YAGEO","YAGEO","CAP CER 1000PF 25V X7R 0402","12.941","0.00931","20000","1","Tape & Reel (TR),Cut Tape (CT),Digi-Reel®","AC","Active","1000 pF","±10%","25V","X7R","-55°C ~ 125°C","-","AEC-Q200","Automotive","Surface Mount, MLCC","0402 (1005 Metric)","0.039"" L x 0.020"" W (1.00mm x 0.50mm)","-","0.022"" (0.55mm)","-","-","-","https://www.digikey.be/en/products/detail/yageo/AC0402KRX7R8BB102/6643051"
"https://weblib.samsungsem.com/mlcc/mlcc-ec-data-sheet.do?partNumber=CL10C102JB8NFN","//mm.digikey.com/Volume0/opasdata/d220001/medias/images/2537/Ceramic-Capacitor-CL-Series.jpg","1276-2170-2-ND,1276-2170-1-ND,1276-2170-6-ND","CL10C102JB8NFNC","Samsung Electro-Mechanics","Samsung Electro-Mechanics","CAP CER 1000PF 50V C0G/NP0 0603","277.176","0.00936","20000","1","Tape & Reel (TR),Cut Tape (CT),Digi-Reel®","CL","Active","1000 pF","±5%","50V","C0G, NP0","-55°C ~ 125°C","-","-","General Purpose","Surface Mount, MLCC","0603 (1608 Metric)","0.063"" L x 0.031"" W (1.60mm x 0.80mm)","-","0.035"" (0.90mm)","-","-","-","https://www.digikey.be/en/products/detail/samsung-electro-mechanics/CL10C102JB8NFNC/3887828"
"https://product.tdk.com/system/files/dam/doc/product/capacitor/ceramic/mlcc/catalog/mlcc_automotive_general_en.pdf","//mm.digikey.com/Volume0/opasdata/d220001/medias/images/2532/CGA-Series-0402-%281005-Metric%29.jpg","445-12272-2-ND,445-12272-1-ND,445-12272-6-ND","CGA2B2X7R1H102M050BA","TDK","TDK","CAP CER 1000PF 50V X7R 0402","7.009","0.00936","20000","1","Tape & Reel (TR),Cut Tape (CT),Digi-Reel®","CGA","Active","1000 pF","±20%","50V","X7R","-55°C ~ 125°C","-","AEC-Q200","Automotive","Surface Mount, MLCC","0402 (1005 Metric)","0.039"" L x 0.020"" W (1.00mm x 0.50mm)","-","0.022"" (0.55mm)","-","-","-","https://www.digikey.be/en/products/detail/tdk/CGA2B2X7R1H102M050BA/3949508"
"https://product.tdk.com/system/files/dam/doc/product/capacitor/ceramic/mlcc/catalog/mlcc_automotive_general_en.pdf","//mm.digikey.com/Volume0/opasdata/d220001/medias/images/2097/CGA-Series-0603-%281608-Metric%29.jpg","445-12564-2-ND,445-12564-1-ND,445-12564-6-ND","CGA3E2X7R1H102M080AA","TDK","TDK","CAP CER 1000PF 50V X7R 0603","2.831","0.00936","20000","1","Tape & Reel (TR),Cut Tape (CT),Digi-Reel®","CGA","Active","1000 pF","±20%","50V","X7R","-55°C ~ 125°C","-","AEC-Q200","Automotive","Surface Mount, MLCC","0603 (1608 Metric)","0.063"" L x 0.031"" W (1.60mm x 0.80mm)","-","0.035"" (0.90mm)","-","-","-","https://www.digikey.be/en/products/detail/tdk/CGA3E2X7R1H102M080AA/3949800"
"https://www.passivecomponent.com/wp-content/uploads/datasheet/WTC_MLCC_General_Purpose.pdf","//mm.digikey.com/Volume0/opasdata/d220001/medias/images/942/0603-%281608-Metric%29-0%2C90mm.jpg","1292-1477-2-ND,1292-1477-1-ND,1292-1477-6-ND","0603N102J500CT","Walsin Technology Corporation","Walsin Technology Corporation","CAP CER 1000PF 50V C0G/NP0 0603","2.168.230","0.00937","20000","1","Tape & Reel (TR),Cut Tape (CT),Digi-Reel®","-","Active","1000 pF","±5%","50V","C0G, NP0","-55°C ~ 125°C","-","-","General Purpose","Surface Mount, MLCC","0603 (1608 Metric)","0.063"" L x 0.031"" W (1.60mm x 0.80mm)","-","0.034"" (0.87mm)","-","-","-","https://www.digikey.be/en/products/detail/walsin-technology-corporation/0603N102J500CT/9354974"
"https://yageogroup.com/content/datasheet/asset/file/UPY-AC_NP0X7RX7S_6_3V-TO-2KV","//mm.digikey.com/Volume0/opasdata/d220001/medias/images/4471/AC-Series-Capacitor.jpg","13-AC0402JRX7R9BB102TR-ND,13-AC0402JRX7R9BB102CT-ND,13-AC0402JRX7R9BB102DKR-ND","AC0402JRX7R9BB102","YAGEO","YAGEO","CAP CER 1000PF 50V X7R 0402","27.967","0.00941","20000","1","Tape & Reel (TR),Cut Tape (CT),Digi-Reel®","AC","Active","1000 pF","±5%","50V","X7R","-55°C ~ 125°C","-","AEC-Q200","Automotive","Surface Mount, MLCC","0402 (1005 Metric)","0.039"" L x 0.020"" W (1.00mm x 0.50mm)","-","0.022"" (0.55mm)","-","-","-","https://www.digikey.be/en/products/detail/yageo/AC0402JRX7R9BB102/11489556"
"https://yageogroup.com/content/datasheet/asset/file/UPY-GPHC_X7R_6_3V-TO-250V","//mm.digikey.com/Volume0/opasdata/d220001/medias/images/2488/0603%289mmthickness%29.jpg","13-CC0603JPX7R9BB102TR-ND,13-CC0603JPX7R9BB102CT-ND,13-CC0603JPX7R9BB102DKR-ND","CC0603JPX7R9BB102","YAGEO","YAGEO","CAP CER 1000PF 50V X7R 0603","51.857","0.00945","20000","1","Tape & Reel (TR),Cut Tape (CT),Digi-Reel®","CC","Active","1000 pF","±5%","50V","X7R","-55°C ~ 125°C","-","-","General Purpose","Surface Mount, MLCC","0603 (1608 Metric)","0.063"" L x 0.031"" W (1.60mm x 0.80mm)","-","0.035"" (0.90mm)","-","-","-","https://www.digikey.be/en/products/detail/yageo/CC0603JPX7R9BB102/11490764"
"https://yageogroup.com/content/datasheet/asset/file/UPY-AC_NP0X7RX7S_6_3V-TO-2KV","//mm.digikey.com/Volume0/opasdata/d220001/medias/images/4471/AC-Series-Capacitor.jpg","13-AC0402JRNPO9BN102TR-ND,13-AC0402JRNPO9BN102CT-ND,13-AC0402JRNPO9BN102DKR-ND","AC0402JRNPO9BN102","YAGEO","YAGEO","CAP CER 1000PF 50V C0G/NP0 0402","3.730","0.00958","20000","1","Tape & Reel (TR),Cut Tape (CT),Digi-Reel®","AC","Active","1000 pF","±5%","50V","C0G, NP0","-55°C ~ 125°C","-","AEC-Q200","Automotive","Surface Mount, MLCC","0402 (1005 Metric)","0.039"" L x 0.020"" W (1.00mm x 0.50mm)","-","0.022"" (0.55mm)","-","-","-","https://www.digikey.be/en/products/detail/yageo/AC0402JRNPO9BN102/16797689"
"http://www.holystonecaps.com/PDF/201612051329340.2017%20NCC%20Series.pdf","//mm.digikey.com/Volume0/opasdata/d220001/medias/images/3722/Ceramic-Cap.jpg","4587-C0603X102K050TXTR-ND,4587-C0603X102K050TXCT-ND,4587-C0603X102K050TXDKR-ND","C0603X102K050TX","Holy Stone Enterprise Co., Ltd.","Holy Stone Enterprise Co., Ltd.","CAP CER 1000PF 50V X7R 0603","2.500","0.00964","20000","1","Tape & Reel (TR),Cut Tape (CT),Digi-Reel®","NCC","Active","1000 pF","±10%","50V","X7R","-55°C ~ 125°C","-","-","General Purpose","Surface Mount, MLCC","0603 (1608 Metric)","0.063"" L x 0.031"" W (1.60mm x 0.80mm)","-","0.037"" (0.95mm)","-","-","-","https://www.digikey.be/en/products/detail/holy-stone-enterprise-co-ltd/C0603X102K050TX/16894963"
"https://www.vishay.com/docs/28548/vjw1bcbascomseries.pdf","//mm.digikey.com/Volume0/opasdata/d220001/medias/images/6770/VJ_W1BC_Series_0603-1608.jpg","720-1529-2-ND,720-1529-1-ND,720-1529-6-ND","VJ0603Y102KXACW1BC","Vishay Vitramon","Vishay Vitramon","CAP CER 1000PF 50V X7R 0603","18.843","0.00968","20000","1","Tape & Reel (TR),Cut Tape (CT),Digi-Reel®","VJ W1BC","Active","1000 pF","±10%","50V","X7R","-55°C ~ 125°C","-","-","General Purpose","Surface Mount, MLCC","0603 (1608 Metric)","0.063"" L x 0.031"" W (1.60mm x 0.80mm)","-","0.035"" (0.90mm)","-","-","-","https://www.digikey.be/en/products/detail/vishay-vitramon/VJ0603Y102KXACW1BC/420862"
"https://calchip.com/wp-content/uploads/2026/04/GMC-Series-1.pdf","//mm.digikey.com/Volume0/opasdata/d220001/medias/images/5781/MFG_Cal-Chip-All-Capacitors.jpg","4713-GMC10X7R102K10NTTR-ND,4713-GMC10X7R102K10NTCT-ND,4713-GMC10X7R102K10NTDKR-ND","GMC10X7R102K10NT","Cal-Chip Electronics, Inc.","Cal-Chip Electronics, Inc.","CAP0603 X7R 1000PF 10% 10V","3.950","0.0097","20000","1","Tape & Reel (TR),Cut Tape (CT),Digi-Reel®","GMC","Active","1000 pF","±10%","10V","X7R","-55°C ~ 125°C","-","-","General Purpose","Surface Mount, MLCC","0603 (1608 Metric)","0.063"" L x 0.031"" W (1.60mm x 0.80mm)","-","0.035"" (0.90mm)","-","-","-","https://www.digikey.be/en/products/detail/cal-chip-electronics-inc/GMC10X7R102K10NT/25323885"
"https://product.tdk.com/system/files/dam/doc/product/capacitor/ceramic/mlcc/catalog/mlcc_commercial_general_en.pdf","//mm.digikey.com/Volume0/opasdata/d220001/medias/images/2482/0402%20C%20Series%20Thick%20.50.jpg","445-1256-2-ND,445-1256-1-ND,445-1256-6-ND","C1005X7R1H102K050BA","TDK","TDK","CAP CER 1000PF 50V X7R 0402","65.747","0.00972","20000","1","Tape & Reel (TR),Cut Tape (CT),Digi-Reel®","C","Active","1000 pF","±10%","50V","X7R","-55°C ~ 125°C","Low ESL","-","General Purpose","Surface Mount, MLCC","0402 (1005 Metric)","0.039"" L x 0.020"" W (1.00mm x 0.50mm)","-","0.022"" (0.55mm)","-","-","-","https://www.digikey.be/en/products/detail/tdk/C1005X7R1H102K050BA/513719"
"https://datasheets.kyocera-avx.com/KGM_X7R.pdf","//mm.digikey.com/Volume0/opasdata/d220001/medias/images/7228/MFG_478_X7R_0603-%281608-Metric%29.jpg","478-KGM15AR71H102MTTR-ND,478-KGM15AR71H102MTCT-ND,478-KGM15AR71H102MTDKR-ND","KGM15AR71H102MT","KYOCERA AVX","KYOCERA AVX","CAP CER 1000PF 50V X7R 0603","195.565","0.00973","20000","1","Tape & Reel (TR),Cut Tape (CT),Digi-Reel®","KGM - X7R","Active","1000 pF","±20%","50V","X7R","-55°C ~ 125°C","-","-","General Purpose","Surface Mount, MLCC","0603 (1608 Metric)","0.063"" L x 0.032"" W (1.60mm x 0.81mm)","-","0.035"" (0.90mm)","-","-","-","https://www.digikey.be/en/products/detail/kyocera-avx/KGM15AR71H102MT/1600023"
"//mm.digikey.com/Volume0/opasdata/d220001/medias/docus/327/EMF105B7102KVHF_SS.pdf","//mm.digikey.com/Volume0/opasdata/d220001/medias/images/331/Taiyo-Yuden-0402-%281005-Metric%29.jpg","587-6567-2-ND,587-6567-1-ND,587-6567-6-ND","EMF105B7102KVHF","Taiyo Yuden","Taiyo Yuden","CAP CER 1000PF 16V X7R 0402","12.142","0.00982","20000","1","Tape & Reel (TR),Cut Tape (CT),Digi-Reel®","M","Active","1000 pF","±10%","16V","X7R","-55°C ~ 125°C","-","AEC-Q200","Automotive, SMPS Filtering","Surface Mount, MLCC","0402 (1005 Metric)","0.039"" L x 0.020"" W (1.00mm x 0.50mm)","-","0.022"" (0.55mm)","-","-","-","https://www.digikey.be/en/products/detail/taiyo-yuden/EMF105B7102KVHF/10379133"
"//mm.digikey.com/Volume0/opasdata/d220001/medias/docus/327/LMF105B7102KVHF_SS.pdf","//mm.digikey.com/Volume0/opasdata/d220001/medias/images/331/Taiyo-Yuden-0402-%281005-Metric%29.jpg","587-6565-2-ND,587-6565-1-ND,587-6565-6-ND","LMF105B7102KVHF","Taiyo Yuden","Taiyo Yuden","CAP CER 1000PF 10V X7R 0402","17.183","0.00982","20000","1","Tape & Reel (TR),Cut Tape (CT),Digi-Reel®","M","Active","1000 pF","±10%","10V","X7R","-55°C ~ 125°C","-","AEC-Q200","Automotive, SMPS Filtering","Surface Mount, MLCC","0402 (1005 Metric)","0.039"" L x 0.020"" W (1.00mm x 0.50mm)","-","0.022"" (0.55mm)","-","-","-","https://www.digikey.be/en/products/detail/taiyo-yuden/LMF105B7102KVHF/10379131"
"//mm.digikey.com/Volume0/opasdata/d220001/medias/docus/327/UMF105B7102KVHF_SS.pdf","//mm.digikey.com/Volume0/opasdata/d220001/medias/images/331/Taiyo-Yuden-0402-%281005-Metric%29.jpg","587-6575-2-ND,587-6575-1-ND,587-6575-6-ND","UMF105B7102KVHF","Taiyo Yuden","Taiyo Yuden","CAP CER 1000PF 50V X7R 0402","12.247","0.00982","20000","1","Tape & Reel (TR),Cut Tape (CT),Digi-Reel®","M","Active","1000 pF","±10%","50V","X7R","-55°C ~ 125°C","-","AEC-Q200","Automotive, SMPS Filtering","Surface Mount, MLCC","0402 (1005 Metric)","0.039"" L x 0.020"" W (1.00mm x 0.50mm)","-","0.022"" (0.55mm)","-","-","-","https://www.digikey.be/en/products/detail/taiyo-yuden/UMF105B7102KVHF/10379141"
"//mm.digikey.com/Volume0/opasdata/d220001/medias/docus/5731/MAA01_e.pdf","//mm.digikey.com/Volume0/opasdata/d220001/medias/images/331/Taiyo-Yuden-0402-%281005-Metric%29.jpg","587-MAASU105SB7102MFNA01TR-ND,587-MAASU105SB7102MFNA01CT-ND,587-MAASU105SB7102MFNA01DKR-ND","MAASU105SB7102MFNA01","Taiyo Yuden","Taiyo Yuden","CAP CER 1000PF 50V X7R 0402","10.000","0.00982","20000","1","Tape & Reel (TR),Cut Tape (CT),Digi-Reel®","MAAS","Active","1000 pF","±20%","50V","X7R","-55°C ~ 125°C","-","AEC-Q200","Automotive","Surface Mount, MLCC","0402 (1005 Metric)","0.039"" L x 0.020"" W (1.00mm x 0.50mm)","-","0.022"" (0.55mm)","-","-","-","https://www.digikey.be/en/products/detail/taiyo-yuden/MAASU105SB7102MFNA01/16662803"
"//mm.digikey.com/Volume0/opasdata/d220001/medias/docus/327/TMF105B7102KVHF_SS.pdf","//mm.digikey.com/Volume0/opasdata/d220001/medias/images/331/Taiyo-Yuden-0402-%281005-Metric%29.jpg","587-6571-2-ND,587-6571-1-ND,587-6571-6-ND","TMF105B7102KVHF","Taiyo Yuden","Taiyo Yuden","CAP CER 1000PF 25V X7R 0402","8.901","0.00982","20000","1","Tape & Reel (TR),Cut Tape (CT),Digi-Reel®","M","Active","1000 pF","±10%","25V","X7R","-55°C ~ 125°C","-","AEC-Q200","Automotive, SMPS Filtering","Surface Mount, MLCC","0402 (1005 Metric)","0.039"" L x 0.020"" W (1.00mm x 0.50mm)","-","0.022"" (0.55mm)","-","-","-","https://www.digikey.be/en/products/detail/taiyo-yuden/TMF105B7102KVHF/10379137"
"//mm.digikey.com/Volume0/opasdata/d220001/medias/docus/5731/MAA01_e.pdf","//mm.digikey.com/Volume0/opasdata/d220001/medias/images/331/Taiyo-Yuden-0402-%281005-Metric%29.jpg","587-MAAST105SB7102KFNA01TR-ND,587-MAAST105SB7102KFNA01CT-ND,587-MAAST105SB7102KFNA01DKR-ND","MAAST105SB7102KFNA01","Taiyo Yuden","Taiyo Yuden","CAP CER 1000PF 25V X7R 0402","8.736","0.00982","20000","1","Tape & Reel (TR),Cut Tape (CT),Digi-Reel®","MAAS","Active","1000 pF","±10%","25V","X7R","-55°C ~ 125°C","-","AEC-Q200","Automotive","Surface Mount, MLCC","0402 (1005 Metric)","0.039"" L x 0.020"" W (1.00mm x 0.50mm)","-","0.022"" (0.55mm)","-","-","-","https://www.digikey.be/en/products/detail/taiyo-yuden/MAAST105SB7102KFNA01/16664797"
"//mm.digikey.com/Volume0/opasdata/d220001/medias/docus/5731/MAA01_e.pdf","//mm.digikey.com/Volume0/opasdata/d220001/medias/images/331/Taiyo-Yuden-0402-%281005-Metric%29.jpg","587-MAASL105SB7102KFNA01TR-ND,587-MAASL105SB7102KFNA01CT-ND,587-MAASL105SB7102KFNA01DKR-ND","MAASL105SB7102KFNA01","Taiyo Yuden","Taiyo Yuden","CAP CER 1000PF 10V X7R 0402","6.900","0.00982","20000","1","Tape & Reel (TR),Cut Tape (CT),Digi-Reel®","MAAS","Active","1000 pF","±10%","10V","X7R","-55°C ~ 125°C","-","AEC-Q200","Automotive","Surface Mount, MLCC","0402 (1005 Metric)","0.039"" L x 0.020"" W (1.00mm x 0.50mm)","-","0.022"" (0.55mm)","-","-","-","https://www.digikey.be/en/products/detail/taiyo-yuden/MAASL105SB7102KFNA01/16667020"
"//mm.digikey.com/Volume0/opasdata/d220001/medias/docus/324/UMF105B7102MVHF_SS.pdf","//mm.digikey.com/Volume0/opasdata/d220001/medias/images/331/Taiyo-Yuden-0402-%281005-Metric%29.jpg","587-UMF105B7102MVHFTR-ND,587-UMF105B7102MVHFCT-ND,587-UMF105B7102MVHFDKR-ND","UMF105B7102MVHF","Taiyo Yuden","Taiyo Yuden","CAP CER 1000PF 50V X7R 0402","24.827","0.00982","20000","1","Tape & Reel (TR),Cut Tape (CT),Digi-Reel®","M","Active","1000 pF","±20%","50V","X7R","-55°C ~ 125°C","-","AEC-Q200","Automotive, SMPS Filtering","Surface Mount, MLCC","0402 (1005 Metric)","0.039"" L x 0.020"" W (1.00mm x 0.50mm)","-","0.022"" (0.55mm)","-","-","-","https://www.digikey.be/en/products/detail/taiyo-yuden/UMF105B7102MVHF/10324821"
"//mm.digikey.com/Volume0/opasdata/d220001/medias/docus/324/LMF105B7102MVHF_SS.pdf","//mm.digikey.com/Volume0/opasdata/d220001/medias/images/331/Taiyo-Yuden-0402-%281005-Metric%29.jpg","587-LMF105B7102MVHFTR-ND,587-LMF105B7102MVHFCT-ND,587-LMF105B7102MVHFDKR-ND","LMF105B7102MVHF","Taiyo Yuden","Taiyo Yuden","CAP CER 1000PF 10V X7R 0402","2.830","0.00982","20000","1","Tape & Reel (TR),Cut Tape (CT),Digi-Reel®","M","Active","1000 pF","±20%","10V","X7R","-55°C ~ 125°C","-","AEC-Q200","Automotive, SMPS Filtering","Surface Mount, MLCC","0402 (1005 Metric)","0.039"" L x 0.020"" W (1.00mm x 0.50mm)","-","0.022"" (0.55mm)","-","-","-","https://www.digikey.be/en/products/detail/taiyo-yuden/LMF105B7102MVHF/10324811"
"//mm.digikey.com/Volume0/opasdata/d220001/medias/docus/5731/MAA01_e.pdf","//mm.digikey.com/Volume0/opasdata/d220001/medias/images/331/Taiyo-Yuden-0402-%281005-Metric%29.jpg","587-MAASE105SB7102KFNA01TR-ND,587-MAASE105SB7102KFNA01CT-ND,587-MAASE105SB7102KFNA01DKR-ND","MAASE105SB7102KFNA01","Taiyo Yuden","Taiyo Yuden","CAP CER 1000PF 16V X7R 0402","400","0.00982","20000","1","Tape & Reel (TR),Cut Tape (CT),Digi-Reel®","MAAS","Active","1000 pF","±10%","16V","X7R","-55°C ~ 125°C","-","AEC-Q200","Automotive","Surface Mount, MLCC","0402 (1005 Metric)","0.039"" L x 0.020"" W (1.00mm x 0.50mm)","-","0.022"" (0.55mm)","-","-","-","https://www.digikey.be/en/products/detail/taiyo-yuden/MAASE105SB7102KFNA01/16668130"
"https://product.tdk.com/system/files/dam/doc/product/capacitor/ceramic/mlcc/catalog/mlcc_commercial_general_en.pdf","//mm.digikey.com/Volume0/opasdata/d220001/medias/images/763/0201-%280603-Metric%29-0%2C33mm-C-Series.jpg","445-1790-2-ND,445-1790-1-ND,445-1790-6-ND","C0603X5R1E102K030BA","TDK","TDK","CAP CER 1000PF 25V X5R 0201","13.497","0.00987","20000","1","Tape & Reel (TR),Cut Tape (CT),Digi-Reel®","C","Active","1000 pF","±10%","25V","X5R","-55°C ~ 85°C","Low ESL","-","General Purpose","Surface Mount, MLCC","0201 (0603 Metric)","0.024"" L x 0.012"" W (0.60mm x 0.30mm)","-","0.013"" (0.33mm)","-","-","-","https://www.digikey.be/en/products/detail/tdk/C0603X5R1E102K030BA/701116"
"https://product.tdk.com/system/files/dam/doc/product/capacitor/ceramic/mlcc/catalog/mlcc_commercial_general_en.pdf","//mm.digikey.com/Volume0/opasdata/d220001/medias/images/3153/MFG_C1608X5R1H102K080AA.jpg","445-C1608X5R1H102K080AATR-ND,445-C1608X5R1H102K080AACT-ND,445-C1608X5R1H102K080AADKR-ND","C1608X5R1H102K080AA","TDK","TDK","CAP CER 1000PF 50V X5R 0603","2.080","0.00989","20000","1","Tape & Reel (TR),Cut Tape (CT),Digi-Reel®","C","Active","1000 pF","±10%","50V","X5R","-55°C ~ 85°C","Soft Termination","-","Boardflex Sensitive","Surface Mount, MLCC","0603 (1608 Metric)","0.063"" L x 0.031"" W (1.60mm x 0.80mm)","-","0.037"" (0.95mm)","-","-","-","https://www.digikey.be/en/products/detail/tdk/C1608X5R1H102K080AA/14288105"
"//mm.digikey.com/Volume0/opasdata/d220001/medias/docus/2090/TMK063CG102JT-F_SS.pdf","//mm.digikey.com/Volume0/opasdata/d220001/medias/images/4849/587_0201-%280603-Metric%29-0%2C33mm.jpg","587-5297-2-ND,587-5297-1-ND,587-5297-6-ND","TMK063CG102JT-F","Taiyo Yuden","Taiyo Yuden","CAP CER 1000PF 25V C0G/NP0 0201","82.448","0.00998","20000","1","Tape & Reel (TR),Cut Tape (CT),Digi-Reel®","M","Active","1000 pF","±5%","25V","C0G, NP0","-55°C ~ 125°C","-","-","General Purpose","Surface Mount, MLCC","0201 (0603 Metric)","0.024"" L x 0.012"" W (0.60mm x 0.30mm)","-","0.013"" (0.33mm)","-","-","-","https://www.digikey.be/en/products/detail/taiyo-yuden/TMK063CG102JT-F/7066032"
"//mm.digikey.com/Volume0/opasdata/d220001/medias/docus/5731/MSR01_e.pdf","//mm.digikey.com/Volume0/opasdata/d220001/medias/images/4003/MFG_MSAST063SCG102JFNA01.jpg","587-MSAST063SCG102JFNA01TR-ND,587-MSAST063SCG102JFNA01CT-ND,587-MSAST063SCG102JFNA01DKR-ND","MSAST063SCG102JFNA01","Taiyo Yuden","Taiyo Yuden","CAP CER 1000PF 25V C0G/NP0 0201","41.529","0.00998","20000","1","Tape & Reel (TR),Cut Tape (CT),Digi-Reel®","MSAS","Active","1000 pF","±5%","25V","C0G, NP0","-55°C ~ 125°C","-","-","General Purpose","Surface Mount, MLCC","0201 (0603 Metric)","0.024"" L x 0.012"" W (0.60mm x 0.30mm)","-","0.013"" (0.33mm)","-","-","-","https://www.digikey.be/en/products/detail/taiyo-yuden/MSAST063SCG102JFNA01/16665241"
"https://datasheets.kyocera-avx.com/AutoMLCC.pdf","//mm.digikey.com/Volume0/opasdata/d220001/medias/images/4845/478_0603-%281608-Metric%29-0%2C90mm.jpg","478-KAM15AR71H102KMTR-ND,478-KAM15AR71H102KMCT-ND,478-KAM15AR71H102KMDKR-ND","06035C102K4T4A","KYOCERA AVX","KYOCERA AVX","CAP CER 1000PF 50V X7R 0603","185.222","0.01007","20000","1","Tape & Reel (TR),Cut Tape (CT),Digi-Reel®","-","Active","1000 pF","±10%","50V","X7R","-55°C ~ 125°C","-","AEC-Q200","Automotive","Surface Mount, MLCC","0603 (1608 Metric)","0.063"" L x 0.032"" W (1.60mm x 0.81mm)","-","0.035"" (0.90mm)","-","-","-","https://www.digikey.be/en/products/detail/kyocera-avx/06035C102K4T4A/1600020"
"https://yageogroup.com/content/datasheet/asset/file/KEM_C1002_X7R_SMD","//mm.digikey.com/Volume0/opasdata/d220001/medias/images/5352/0603-%281608-Metric%29-Ceramic-Capacitor.jpg","399-C0603C102K5RACTUTR-ND,399-C0603C102K5RACTUCT-ND,399-C0603C102K5RACTUDKR-ND","C0603C102K5RACTU","KEMET","KEMET","CAP CER 1000PF 50V X7R 0603","2.090.527","0.01018","20000","1","Tape & Reel (TR),Cut Tape (CT),Digi-Reel®","SMD Comm X7R","Active","1000 pF","±10%","50V","X7R","-55°C ~ 125°C","-","-","Bypass, Decoupling","Surface Mount, MLCC","0603 (1608 Metric)","0.063"" L x 0.031"" W (1.60mm x 0.80mm)","-","0.034"" (0.87mm)","-","-","-","https://www.digikey.be/en/products/detail/kemet/C0603C102K5RACTU/411081"
"https://calchip.com/wp-content/uploads/2024/12/GMT-Series.pdf","//mm.digikey.com/Volume0/opasdata/d220001/medias/images/5781/MFG_Cal-Chip-All-Capacitors.jpg","4713-GMT04CG102J50NT10TR-ND,4713-GMT04CG102J50NT10CT-ND,4713-GMT04CG102J50NT10DKR-ND","GMT04CG102J50NT10","Cal-Chip Electronics, Inc.","Cal-Chip Electronics, Inc.","CAP0402 COG 1000PF 5% 50V AEC","9.500","0.01025","20000","1","Tape & Reel (TR),Cut Tape (CT),Digi-Reel®","GMT","Active","1000 pF","±5%","50V","C0G, NP0","-55°C ~ 125°C","-","AEC-Q200","Automotive","Surface Mount, MLCC","0402 (1005 Metric)","0.039"" L x 0.020"" W (1.00mm x 0.50mm)","-","0.022"" (0.55mm)","-","-","-","https://www.digikey.be/en/products/detail/cal-chip-electronics-inc/GMT04CG102J50NT10/26771002"
"https://search.murata.co.jp/Ceramy/image/img/A01X/G101/ENG/GCM1555C1HR50BA16-01A.pdf","//mm.digikey.com/Volume0/opasdata/d220001/medias/images/5447/490-Ceramic-Capacitor-Tan-Field.jpg","490-GCM1555C1H102JA16JTR-ND,490-GCM1555C1H102JA16JCT-ND,490-GCM1555C1H102JA16JDKR-ND","GCM1555C1H102JA16J","Murata Electronics","Murata Electronics","CAP CER 1000PF 50V C0G/NP0 0402","64.282","0.01028","20000","1","Tape & Reel (TR),Cut Tape (CT),Digi-Reel®","GCM","Active","1000 pF","±5%","50V","C0G, NP0","-55°C ~ 125°C","-","AEC-Q200","Automotive","Surface Mount, MLCC","0402 (1005 Metric)","0.039"" L x 0.020"" W (1.00mm x 0.50mm)","-","0.022"" (0.55mm)","-","-","-","https://www.digikey.be/en/products/detail/murata-electronics/GCM1555C1H102JA16J/7430538"
"https://www.passivecomponent.com/wp-content/uploads/datasheet/WTC_MLCC_General_Purpose.pdf","//mm.digikey.com/Volume0/opasdata/d220001/medias/images/313/MLCC-0805%3B%3B2x1%2C25x0%2C70.JPG","1292-1591-2-ND,1292-1591-1-ND,1292-1591-6-ND","0805N102J500CT","Walsin Technology Corporation","Walsin Technology Corporation","CAP CER 1000PF 50V C0G/NP0 0805","73.221","0.01037","20000","1","Tape & Reel (TR),Cut Tape (CT),Digi-Reel®","-","Active","1000 pF","±5%","50V","C0G, NP0","-55°C ~ 125°C","-","-","General Purpose","Surface Mount, MLCC","0805 (2012 Metric)","0.079"" L x 0.049"" W (2.00mm x 1.25mm)","-","0.035"" (0.90mm)","-","-","-","https://www.digikey.be/en/products/detail/walsin-technology-corporation/0805N102J500CT/9355088"
"https://calchip.com/wp-content/uploads/2026/04/GMC-Series-1.pdf","//mm.digikey.com/Volume0/opasdata/d220001/medias/images/5781/MFG_Cal-Chip-All-Capacitors.jpg","4713-GMC21X7R102M50NTTR-ND,4713-GMC21X7R102M50NTCT-ND,4713-GMC21X7R102M50NTDKR-ND","GMC21X7R102M50NT","Cal-Chip Electronics, Inc.","Cal-Chip Electronics, Inc.","CAP0805 X7R 1000PF 20% 50V","3.900","0.01039","20000","1","Tape & Reel (TR),Cut Tape (CT),Digi-Reel®","GMC","Active","1000 pF","±20%","50V","X7R","-55°C ~ 125°C","-","-","General Purpose","Surface Mount, MLCC","0805 (2012 Metric)","0.079"" L x 0.049"" W (2.00mm x 1.25mm)","-","0.037"" (0.95mm)","-","-","-","https://www.digikey.be/en/products/detail/cal-chip-electronics-inc/GMC21X7R102M50NT/25672152"
"https://calchip.com/wp-content/uploads/2026/04/GMC-Series-1.pdf","//mm.digikey.com/Volume0/opasdata/d220001/medias/images/5781/MFG_Cal-Chip-All-Capacitors.jpg","4713-GMC21X7R102K25NTTR-ND,4713-GMC21X7R102K25NTCT-ND,4713-GMC21X7R102K25NTDKR-ND","GMC21X7R102K25NT","Cal-Chip Electronics, Inc.","Cal-Chip Electronics, Inc.","CAP0805 X7R 1000PF 10% 25V","3.630","0.01039","20000","1","Tape & Reel (TR),Cut Tape (CT),Digi-Reel®","GMC","Active","1000 pF","±10%","25V","X7R","-55°C ~ 125°C","-","-","General Purpose","Surface Mount, MLCC","0805 (2012 Metric)","0.079"" L x 0.049"" W (2.00mm x 1.25mm)","-","0.037"" (0.95mm)","-","-","-","https://www.digikey.be/en/products/detail/cal-chip-electronics-inc/GMC21X7R102K25NT/25672225"
"https://product.tdk.com/system/files/dam/doc/product/capacitor/ceramic/mlcc/catalog/mlcc_automotive_general_en.pdf","//mm.digikey.com/Volume0/opasdata/d220001/medias/images/2192/CGA-Series-0201-%280603-Metric%29.jpg","445-12061-2-ND,445-12061-1-ND,445-12061-6-ND","CGA1A2X7R1C102K030BA","TDK","TDK","CAP CER 1000PF 16V X7R 0201","2.147.601","0.01042","20000","1","Tape & Reel (TR),Cut Tape (CT),Digi-Reel®","CGA","Active","1000 pF","±10%","16V","X7R","-55°C ~ 125°C","-","AEC-Q200","Automotive","Surface Mount, MLCC","0201 (0603 Metric)","0.024"" L x 0.012"" W (0.60mm x 0.30mm)","-","0.013"" (0.33mm)","-","-","-","https://www.digikey.be/en/products/detail/tdk/CGA1A2X7R1C102K030BA/3949297"
"https://yageogroup.com/content/datasheet/asset/file/KEM_C1002_X7R_SMD","//mm.digikey.com/Volume0/opasdata/d220001/medias/images/5352/0603-%281608-Metric%29-Ceramic-Capacitor.jpg","399-17567-2-ND,399-17567-1-ND,399-17567-6-ND","C0603C102K5RAC7411","KEMET","KEMET","CAP CER 1000PF 50V X7R 0603","60.600","0.01054","20000","1","Tape & Reel (TR),Cut Tape (CT),Digi-Reel®","SMD Comm X7R","Active","1000 pF","±10%","50V","X7R","-55°C ~ 125°C","-","-","Bypass, Decoupling","Surface Mount, MLCC","0603 (1608 Metric)","0.063"" L x 0.031"" W (1.60mm x 0.80mm)","-","0.034"" (0.87mm)","-","-","-","https://www.digikey.be/en/products/detail/kemet/C0603C102K5RAC7411/8572402"
"https://product.tdk.com/system/files/dam/doc/product/capacitor/ceramic/mlcc/catalog/mlcc_automotive_general_en.pdf","//mm.digikey.com/Volume0/opasdata/d220001/medias/images/2097/CGA-Series-0603-%281608-Metric%29.jpg","445-5659-2-ND,445-5659-1-ND,445-5659-6-ND","CGA3E2X7R1H102K080AA","TDK","TDK","CAP CER 1000PF 50V X7R 0603","458.160","0.01059","20000","1","Tape & Reel (TR),Cut Tape (CT),Digi-Reel®","CGA","Active","1000 pF","±10%","50V","X7R","-55°C ~ 125°C","-","AEC-Q200","Automotive","Surface Mount, MLCC","0603 (1608 Metric)","0.063"" L x 0.031"" W (1.60mm x 0.80mm)","-","0.035"" (0.90mm)","-","-","-","https://www.digikey.be/en/products/detail/tdk/CGA3E2X7R1H102K080AA/2443137"
"https://www.niccomp.com/quickbuilder/qbpn.php?pNumber=NMC0402X7R102K50TRPF","//mm.digikey.com/Volume0/opasdata/d220001/medias/images/5378/MFG_NMC.jpg","4988-NMC0402X7R102K50TRPFTR-ND,4988-NMC0402X7R102K50TRPFCT-ND,4988-NMC0402X7R102K50TRPFDKR-ND","NMC0402X7R102K50TRPF","NIC Components Corp","NIC Components Corp","CAP SMT04020.001F50VDC","30.711","0.01063","20000","1","Tape & Reel (TR),Cut Tape (CT),Digi-Reel®","NMC","Active","1000 pF","±10%","50V","X7R","-55°C ~ 125°C","Low ESL, Low ESR","-","General Purpose","Surface Mount, MLCC","0402 (1005 Metric)","0.039"" L x 0.020"" W (1.00mm x 0.50mm)","-","0.024"" (0.60mm)","-","-","-","https://www.digikey.be/en/products/detail/nic-components-corp/NMC0402X7R102K50TRPF/18896075"
"https://calchip.com/wp-content/uploads/2026/04/GMC-Series-1.pdf","//mm.digikey.com/Volume0/opasdata/d220001/medias/images/5781/MFG_Cal-Chip-All-Capacitors.jpg","4713-GMC10CG102K50NTTR-ND,4713-GMC10CG102K50NTCT-ND,4713-GMC10CG102K50NTDKR-ND","GMC10CG102K50NT","Cal-Chip Electronics, Inc.","Cal-Chip Electronics, Inc.","CAP0603 COG 1000PF 10% 50V","3.911","0.01073","20000","1","Tape & Reel (TR),Cut Tape (CT),Digi-Reel®","GMC","Active","1000 pF","±10%","50V","C0G, NP0","-55°C ~ 125°C","-","-","General Purpose","Surface Mount, MLCC","0603 (1608 Metric)","0.063"" L x 0.031"" W (1.60mm x 0.80mm)","-","0.035"" (0.90mm)","-","-","-","https://www.digikey.be/en/products/detail/cal-chip-electronics-inc/GMC10CG102K50NT/22639363"
"https://search.murata.co.jp/Ceramy/image/img/A01X/G101/ENG/GCD188R71H102KA01-01.pdf","//mm.digikey.com/Volume0/opasdata/d220001/medias/images/5447/490-Ceramic-Capacitor-Tan-Field.jpg","490-17737-2-ND,490-17737-1-ND,490-17737-6-ND","GCD188R71H102KA01D","Murata Electronics","Murata Electronics","CAP CER 1000PF 50V X7R 0603","92.019","0.01077","20000","1","Tape & Reel (TR),Cut Tape (CT),Digi-Reel®","GCD","Active","1000 pF","±10%","50V","X7R","-55°C ~ 125°C","Open Mode","AEC-Q200","Automotive","Surface Mount, MLCC","0603 (1608 Metric)","0.063"" L x 0.031"" W (1.60mm x 0.80mm)","-","0.031"" (0.80mm)","-","-","-","https://www.digikey.be/en/products/detail/murata-electronics/GCD188R71H102KA01D/4421515"
"https://search.murata.co.jp/Ceramy/image/img/A01X/G101/ENG/GCD188R71H102MA01-01.pdf","//mm.digikey.com/Volume0/opasdata/d220001/medias/images/5447/490-Ceramic-Capacitor-Tan-Field.jpg","490-GCD188R71H102MA01DTR-ND,490-GCD188R71H102MA01DCT-ND,490-GCD188R71H102MA01DDKR-ND","GCD188R71H102MA01D","Murata Electronics","Murata Electronics","CAP CER 1000PF 50V X7R 0603","3.426","0.01077","20000","1","Tape & Reel (TR),Cut Tape (CT),Digi-Reel®","GCD","Active","1000 pF","±20%","50V","X7R","-55°C ~ 125°C","-","AEC-Q200","Automotive","Surface Mount, MLCC","0603 (1608 Metric)","0.063"" L x 0.031"" W (1.60mm x 0.80mm)","-","0.035"" (0.90mm)","-","-","-","https://www.digikey.be/en/products/detail/murata-electronics/GCD188R71H102MA01D/10705251"
"https://calchip.com/wp-content/uploads/2026/04/GMC-Series-1.pdf","//mm.digikey.com/Volume0/opasdata/d220001/medias/images/5781/MFG_Cal-Chip-All-Capacitors.jpg","4713-GMC21X7R102K50NTTR-ND,4713-GMC21X7R102K50NTCT-ND,4713-GMC21X7R102K50NTDKR-ND","GMC21X7R102K50NT","Cal-Chip Electronics, Inc.","Cal-Chip Electronics, Inc.","CAP0805 X7R 1000PF 10% 50V","4.000","0.0108","20000","1","Tape & Reel (TR),Cut Tape (CT),Digi-Reel®","GMC","Active","1000 pF","±10%","50V","X7R","-55°C ~ 125°C","-","-","General Purpose","Surface Mount, MLCC","0805 (2012 Metric)","0.079"" L x 0.049"" W (2.00mm x 1.25mm)","-","0.037"" (0.95mm)","-","-","-","https://www.digikey.be/en/products/detail/cal-chip-electronics-inc/GMC21X7R102K50NT/25672185"
"https://www.yageo.com/en/Chart/Download/pdf/CC0805KRX7R9BB102","//mm.digikey.com/Volume0/opasdata/d220001/medias/images/2485/0805%288%5E5mm%20thickness%29.jpg","311-1127-2-ND,311-1127-1-ND,311-1127-6-ND","CC0805KRX7R9BB102","YAGEO","YAGEO","CAP CER 1000PF 50V X7R 0805","244.371","0.0109","20000","1","Tape & Reel (TR),Cut Tape (CT),Digi-Reel®","CC","Active","1000 pF","±10%","50V","X7R","-55°C ~ 125°C","-","-","General Purpose","Surface Mount, MLCC","0805 (2012 Metric)","0.079"" L x 0.049"" W (2.00mm x 1.25mm)","-","0.024"" (0.60mm)","-","-","-","https://www.digikey.be/en/products/detail/yageo/CC0805KRX7R9BB102/302861"
"https://www.yageo.com/en/Chart/Download/pdf/CC0603JRNPO9BN102","//mm.digikey.com/Volume0/opasdata/d220001/medias/images/2488/0603%289mmthickness%29.jpg","311-1423-2-ND,311-1423-1-ND,311-1423-6-ND","CC0603JRNPO9BN102","YAGEO","YAGEO","CAP CER 1000PF 50V C0G/NPO 0603","71.418","0.0109","20000","1","Tape & Reel (TR),Cut Tape (CT),Digi-Reel®","CC","Active","1000 pF","±5%","50V","C0G, NP0","-55°C ~ 125°C","-","-","General Purpose","Surface Mount, MLCC","0603 (1608 Metric)","0.063"" L x 0.031"" W (1.60mm x 0.80mm)","-","0.035"" (0.90mm)","-","-","-","https://www.digikey.be/en/products/detail/yageo/CC0603JRNPO9BN102/2833588"
"https://yageogroup.com/content/datasheet/asset/file/UPY-GPHC_X7R_6_3V-TO-250V","//mm.digikey.com/Volume0/opasdata/d220001/medias/images/2485/0805%288%5E5mm%20thickness%29.jpg","13-CC0805KPX7R9BB102TR-ND,13-CC0805KPX7R9BB102CT-ND,13-CC0805KPX7R9BB102DKR-ND","CC0805KPX7R9BB102","YAGEO","YAGEO","CAP CER 1000PF 50V X7R 0805","13.775","0.0109","20000","1","Tape & Reel (TR),Cut Tape (CT),Digi-Reel®","CC","Active","1000 pF","±10%","50V","X7R","-55°C ~ 125°C","-","-","General Purpose","Surface Mount, MLCC","0805 (2012 Metric)","0.079"" L x 0.049"" W (2.00mm x 1.25mm)","-","0.028"" (0.70mm)","-","-","-","https://www.digikey.be/en/products/detail/yageo/CC0805KPX7R9BB102/11490681"
"https://calchip.com/wp-content/uploads/2026/04/GMC-Series-1.pdf","//mm.digikey.com/Volume0/opasdata/d220001/medias/images/5781/MFG_Cal-Chip-All-Capacitors.jpg","4713-GMC10CG102J25NTTR-ND,4713-GMC10CG102J25NTCT-ND,4713-GMC10CG102J25NTDKR-ND","GMC10CG102J25NT","Cal-Chip Electronics, Inc.","Cal-Chip Electronics, Inc.","CAP0603 COG 1000PF 5% 25V","3.325","0.01097","20000","1","Tape & Reel (TR),Cut Tape (CT),Digi-Reel®","GMC","Active","1000 pF","±5%","25V","C0G, NP0","-55°C ~ 125°C","-","-","General Purpose","Surface Mount, MLCC","0603 (1608 Metric)","0.063"" L x 0.031"" W (1.60mm x 0.80mm)","-","0.035"" (0.90mm)","-","-","-","https://www.digikey.be/en/products/detail/cal-chip-electronics-inc/GMC10CG102J25NT/24398970"
"https://product.tdk.com/system/files/dam/doc/product/capacitor/ceramic/mlcc/catalog/mlcc_automotive_general_en.pdf","//mm.digikey.com/Volume0/opasdata/d220001/medias/images/5741/MFG_C1005X5R1E105K050EC.jpg","445-CGA2B2X7R1H102K050EATR-ND,445-CGA2B2X7R1H102K050EACT-ND,445-CGA2B2X7R1H102K050EADKR-ND","CGA2B2X7R1H102K050EA","TDK","TDK","AUTOMOTIVE GRADE,0402,X7R,50V,1N","89.363","0.011","20000","1","Tape & Reel (TR),Cut Tape (CT),Digi-Reel®","CGA","Active","1000 pF","±10%","50V","X7R","-55°C ~ 125°C","Low ESL","AEC-Q200","Automotive","Surface Mount, MLCC","0402 (1005 Metric)","0.039"" L x 0.020"" W (1.00mm x 0.50mm)","-","0.022"" (0.55mm)","-","-","-","https://www.digikey.be/en/products/detail/tdk/CGA2B2X7R1H102K050EA/22106118"
"https://yageogroup.com/content/datasheet/asset/file/UPY-AC_NP0X7RX7S_6_3V-TO-2KV","//mm.digikey.com/Volume0/opasdata/d220001/medias/images/4471/AC-Series-Capacitor.jpg","13-AC0402KPX7R9BB102TR-ND,13-AC0402KPX7R9BB102CT-ND,13-AC0402KPX7R9BB102DKR-ND","AC0402KPX7R9BB102","YAGEO","YAGEO","CAP CER 1000PF 50V X7R 0402","70.082","0.01117","20000","1","Tape & Reel (TR),Cut Tape (CT),Digi-Reel®","AC","Active","1000 pF","±10%","50V","X7R","-55°C ~ 125°C","-","AEC-Q200","Automotive","Surface Mount, MLCC","0402 (1005 Metric)","0.039"" L x 0.020"" W (1.00mm x 0.50mm)","-","0.022"" (0.55mm)","-","-","-","https://www.digikey.be/en/products/detail/yageo/AC0402KPX7R9BB102/16797631"
"https://www.yageo.com/en/Chart/Download/pdf/CC0603JPNPO9BN102","//mm.digikey.com/Volume0/opasdata/d220001/medias/images/2488/0603%289mmthickness%29.jpg","13-CC0603JPNPO9BN102TR-ND,13-CC0603JPNPO9BN102CT-ND,13-CC0603JPNPO9BN102DKR-ND","CC0603JPNPO9BN102","YAGEO","YAGEO","CAP CER 1000PF 50V C0G/NPO 0603","82.312","0.01126","20000","1","Tape & Reel (TR),Cut Tape (CT),Digi-Reel®","CC","Active","1000 pF","±5%","50V","C0G, NP0","-55°C ~ 125°C","-","-","General Purpose","Surface Mount, MLCC","0603 (1608 Metric)","0.063"" L x 0.031"" W (1.60mm x 0.80mm)","-","0.035"" (0.90mm)","-","-","-","https://www.digikey.be/en/products/detail/yageo/CC0603JPNPO9BN102/11490877"
"https://www.yageo.com/en/Chart/Download/pdf/CC0603JRNPO8BN102","//mm.digikey.com/Volume0/opasdata/d220001/medias/images/2488/0603%289mmthickness%29.jpg","311-1342-2-ND,311-1342-1-ND,311-1342-6-ND","CC0603JRNPO8BN102","YAGEO","YAGEO","CAP CER 1000PF 25V C0G/NPO 0603","78.371","0.01126","20000","1","Tape & Reel (TR),Cut Tape (CT),Digi-Reel®","CC","Active","1000 pF","±5%","25V","C0G, NP0","-55°C ~ 125°C","-","-","General Purpose","Surface Mount, MLCC","0603 (1608 Metric)","0.063"" L x 0.031"" W (1.60mm x 0.80mm)","-","0.035"" (0.90mm)","-","-","-","https://www.digikey.be/en/products/detail/yageo/CC0603JRNPO8BN102/2103080"
"https://calchip.com/wp-content/uploads/2026/04/GMC-Series-1.pdf","//mm.digikey.com/Volume0/opasdata/d220001/medias/images/5781/MFG_Cal-Chip-All-Capacitors.jpg","4713-GMC04CG102F50NTTR-ND,4713-GMC04CG102F50NTCT-ND,4713-GMC04CG102F50NTDKR-ND","GMC04CG102F50NT","Cal-Chip Electronics, Inc.","Cal-Chip Electronics, Inc.","CAP0402 COG 1000PF 1% 50V","7.949","0.01132","20000","1","Tape & Reel (TR),Cut Tape (CT),Digi-Reel®","GMC","Active","1000 pF","±1%","50V","C0G, NP0","-55°C ~ 125°C","-","-","General Purpose","Surface Mount, MLCC","0402 (1005 Metric)","0.039"" L x 0.020"" W (1.00mm x 0.50mm)","-","0.022"" (0.55mm)","-","-","-","https://www.digikey.be/en/products/detail/cal-chip-electronics-inc/GMC04CG102F50NT/22521471"
"https://datasheets.kyocera-avx.com/AutoMLCC.pdf","//mm.digikey.com/Volume0/opasdata/d220001/medias/images/4848/478_CERCAP.jpg","478-KAM05AR71E102KHTR-ND,478-KAM05AR71E102KHCT-ND,478-KAM05AR71E102KHDKR-ND","04023C102K4T2A","KYOCERA AVX","KYOCERA AVX","CAP CER 1000PF 25V X7R 0402","75.785","0.01133","20000","1","Tape & Reel (TR),Cut Tape (CT),Digi-Reel®","-","Active","1000 pF","±10%","25V","X7R","-55°C ~ 125°C","-","AEC-Q200","Automotive","Surface Mount, MLCC","0402 (1005 Metric)","0.040"" L x 0.020"" W (1.00mm x 0.50mm)","-","0.022"" (0.56mm)","-","-","-","https://www.digikey.be/en/products/detail/kyocera-avx/04023C102K4T2A/11230238"
"https://yageogroup.com/content/datasheet/asset/file/UPY-GPHC_X7R_6_3V-TO-250V","//mm.digikey.com/Volume0/opasdata/d220001/medias/images/2488/0603%289mmthickness%29.jpg","13-CC0603JRX7R7BB102TR-ND,13-CC0603JRX7R7BB102CT-ND,13-CC0603JRX7R7BB102DKR-ND","CC0603JRX7R7BB102","YAGEO","YAGEO","CAP CER 1000PF 16V X7R 0603","23.078","0.01134","20000","1","Tape & Reel (TR),Cut Tape (CT),Digi-Reel®","CC","Active","1000 pF","±5%","16V","X7R","-55°C ~ 125°C","-","-","General Purpose","Surface Mount, MLCC","0603 (1608 Metric)","0.063"" L x 0.031"" W (1.60mm x 0.80mm)","-","0.035"" (0.90mm)","-","-","-","https://www.digikey.be/en/products/detail/yageo/CC0603JRX7R7BB102/11491054"
"https://product.tdk.com/system/files/dam/doc/product/capacitor/ceramic/mlcc/catalog/mlcc_commercial_general_en.pdf","//mm.digikey.com/Volume0/opasdata/d220001/medias/images/5741/MFG_C1005X5R1E105K050EC.jpg","445-C1005X7R1H102K050EATR-ND,445-C1005X7R1H102K050EACT-ND,445-C1005X7R1H102K050EADKR-ND","C1005X7R1H102K050EA","TDK","TDK","COMMERCIAL GRADE,0402,X7R,50V,1N","81.804","0.0114","20000","1","Tape & Reel (TR),Cut Tape (CT),Digi-Reel®","C","Active","1000 pF","±10%","50V","X7R","-55°C ~ 125°C","-","-","General Purpose","Surface Mount, MLCC","0402 (1005 Metric)","0.039"" L x 0.020"" W (1.00mm x 0.50mm)","-","0.022"" (0.55mm)","-","-","-","https://www.digikey.be/en/products/detail/tdk/C1005X7R1H102K050EA/22106157"
"https://yageogroup.com/content/datasheet/asset/file/KEM_C1023_X7R_AUTO_SMD","//mm.digikey.com/Volume0/opasdata/d220001/medias/images/5357/0402-%281005-Metric%29-Ceramic-Capacitor.jpg","399-12980-2-ND,399-12980-1-ND,399-12980-6-ND","C0402C102K5RACAUTO","KEMET","KEMET","CAP CER 1000PF 50V X7R 0402","188.462","0.01141","20000","1","Tape & Reel (TR),Cut Tape (CT),Digi-Reel®","SMD Auto X7R","Active","1000 pF","±10%","50V","X7R","-55°C ~ 125°C","-","AEC-Q200","Automotive, Bypass, Decoupling","Surface Mount, MLCC","0402 (1005 Metric)","0.039"" L x 0.020"" W (1.00mm x 0.50mm)","-","0.022"" (0.55mm)","-","-","-","https://www.digikey.be/en/products/detail/kemet/C0402C102K5RACAUTO/5762236"
"https://yageogroup.com/content/datasheet/asset/file/KEM_C1002_X7R_SMD","//mm.digikey.com/Volume0/opasdata/d220001/medias/images/5352/0603-%281608-Metric%29-Ceramic-Capacitor.jpg","399-14480-2-ND,399-14480-1-ND,399-14480-6-ND","C0603C102K9RACTU","KEMET","KEMET","CAP CER 1000PF 6.3V X7R 0603","103.416","0.01144","20000","1","Tape & Reel (TR),Cut Tape (CT),Digi-Reel®","SMD Comm X7R","Active","1000 pF","±10%","6.3V","X7R","-55°C ~ 125°C","-","-","Bypass, Decoupling","Surface Mount, MLCC","0603 (1608 Metric)","0.063"" L x 0.031"" W (1.60mm x 0.80mm)","-","0.034"" (0.87mm)","-","-","-","https://www.digikey.be/en/products/detail/kemet/C0603C102K9RACTU/2199727"
"https://yageogroup.com/content/datasheet/asset/file/KEM_C1002_X7R_SMD","//mm.digikey.com/Volume0/opasdata/d220001/medias/images/5352/0603-%281608-Metric%29-Ceramic-Capacitor.jpg","399-C0603C102K4RACTUTR-ND,399-C0603C102K4RACTUCT-ND,399-C0603C102K4RACTUDKR-ND","C0603C102K4RACTU","KEMET","KEMET","CAP CER 1000PF 16V X7R 0603","1.772.624","0.01162","20000","1","Tape & Reel (TR),Cut Tape (CT),Digi-Reel®","SMD Comm X7R","Active","1000 pF","±10%","16V","X7R","-55°C ~ 125°C","-","-","Bypass, Decoupling","Surface Mount, MLCC","0603 (1608 Metric)","0.063"" L x 0.031"" W (1.60mm x 0.80mm)","-","0.034"" (0.87mm)","-","-","-","https://www.digikey.be/en/products/detail/kemet/C0603C102K4RACTU/2199721"
"https://yageogroup.com/content/datasheet/asset/file/KEM_C1002_X7R_SMD","//mm.digikey.com/Volume0/opasdata/d220001/medias/images/5352/0603-%281608-Metric%29-Ceramic-Capacitor.jpg","399-C0603C102K8RACTUTR-ND,399-C0603C102K8RACTUCT-ND,399-C0603C102K8RACTUDKR-ND","C0603C102K8RACTU","KEMET","KEMET","CAP CER 1000PF 10V X7R 0603","76.637","0.01162","20000","1","Tape & Reel (TR),Cut Tape (CT),Digi-Reel®","SMD Comm X7R","Active","1000 pF","±10%","10V","X7R","-55°C ~ 125°C","-","-","Bypass, Decoupling","Surface Mount, MLCC","0603 (1608 Metric)","0.063"" L x 0.031"" W (1.60mm x 0.80mm)","-","0.034"" (0.87mm)","-","-","-","https://www.digikey.be/en/products/detail/kemet/C0603C102K8RACTU/2199726"
"https://yageogroup.com/content/datasheet/asset/file/KEM_C1002_X7R_SMD","//mm.digikey.com/Volume0/opasdata/d220001/medias/images/5352/0603-%281608-Metric%29-Ceramic-Capacitor.jpg","399-C0603C102K3RACTUTR-ND,399-C0603C102K3RACTUCT-ND,399-C0603C102K3RACTUDKR-ND","C0603C102K3RACTU","KEMET","KEMET","CAP CER 1000PF 25V X7R 0603","74.922","0.01162","20000","1","Tape & Reel (TR),Cut Tape (CT),Digi-Reel®","SMD Comm X7R","Active","1000 pF","±10%","25V","X7R","-55°C ~ 125°C","-","-","Bypass, Decoupling","Surface Mount, MLCC","0603 (1608 Metric)","0.063"" L x 0.031"" W (1.60mm x 0.80mm)","-","0.034"" (0.87mm)","-","-","-","https://www.digikey.be/en/products/detail/kemet/C0603C102K3RACTU/2199718"
"https://www.we-online.com/components/products/datasheet/885012006014.pdf","//mm.digikey.com/Volume0/opasdata/d220001/medias/images/735/0603-%281608-Metric%29-0%2C95mm_BN.jpg","732-7758-2-ND,732-7758-1-ND,732-7758-6-ND","885012006014","Würth Elektronik","Würth Elektronik","CAP CER 1000PF 10V C0G/NP0 0603","4.251","0.01176","20000","1","Tape & Reel (TR),Cut Tape (CT),Digi-Reel®","WCAP-CSGP","Active","1000 pF","±5%","10V","C0G, NP0","-55°C ~ 125°C","-","-","General Purpose","Surface Mount, MLCC","0603 (1608 Metric)","0.063"" L x 0.031"" W (1.60mm x 0.80mm)","-","0.034"" (0.87mm)","-","-","-","https://www.digikey.be/en/products/detail/würth-elektronik/885012006014/5453613"
"https://search.murata.co.jp/Ceramy/image/img/A01X/G101/ENG/GRM0335C1E102GA01-01A.pdf","//mm.digikey.com/Volume0/opasdata/d220001/medias/images/5447/490-Ceramic-Capacitor-Tan-Field.jpg","490-GRM0335C1E102GA01DTR-ND,490-GRM0335C1E102GA01DCT-ND,490-GRM0335C1E102GA01DDKR-ND","GRM0335C1E102GA01D","Murata Electronics","Murata Electronics","CAP CER 1000PF 25V C0G/NP0 0201","270.194","0.01184","20000","1","Tape & Reel (TR),Cut Tape (CT),Digi-Reel®","GRM","Active","1000 pF","±2%","25V","C0G, NP0","-55°C ~ 125°C","-","-","General Purpose","Surface Mount, MLCC","0201 (0603 Metric)","0.024"" L x 0.012"" W (0.60mm x 0.30mm)","-","0.013"" (0.33mm)","-","-","-","https://www.digikey.be/en/products/detail/murata-electronics/GRM0335C1E102GA01D/9887670"
"https://search.murata.co.jp/Ceramy/image/img/A01X/G101/ENG/GRM0335C1H102GE01-01A.pdf","//mm.digikey.com/Volume0/opasdata/d220001/medias/images/5447/490-Ceramic-Capacitor-Tan-Field.jpg","490-GRM0335C1H102GE01DTR-ND,490-GRM0335C1H102GE01DCT-ND,490-GRM0335C1H102GE01DDKR-ND","GRM0335C1H102GE01D","Murata Electronics","Murata Electronics","CAP CER 1000PF 50V C0G/NP0 0201","24.102","0.01184","20000","1","Tape & Reel (TR),Cut Tape (CT),Digi-Reel®","GRM","Active","1000 pF","±2%","50V","C0G, NP0","-55°C ~ 125°C","-","-","General Purpose","Surface Mount, MLCC","0201 (0603 Metric)","0.024"" L x 0.012"" W (0.60mm x 0.30mm)","-","0.013"" (0.33mm)","-","-","-","https://www.digikey.be/en/products/detail/murata-electronics/GRM0335C1H102GE01D/16033509"
"https://www.yageo.com/en/Chart/Download/pdf/CC0402GRNPO9BN102","//mm.digikey.com/Volume0/opasdata/d220001/medias/images/2392/0402%280%5E50%20thickness%29.jpg","13-CC0402GRNPO9BN102TR-ND,13-CC0402GRNPO9BN102CT-ND,13-CC0402GRNPO9BN102DKR-ND","CC0402GRNPO9BN102","YAGEO","YAGEO","CAP CER 1000PF 50V C0G/NP0 0402","18.850","0.01185","20000","1","Tape & Reel (TR),Cut Tape (CT),Digi-Reel®","CC","Active","1000 pF","±2%","50V","C0G, NP0","-55°C ~ 125°C","-","-","General Purpose","Surface Mount, MLCC","0402 (1005 Metric)","0.039"" L x 0.020"" W (1.00mm x 0.50mm)","-","0.022"" (0.55mm)","-","-","-","https://www.digikey.be/en/products/detail/yageo/CC0402GRNPO9BN102/16797988"
"https://www.we-online.com/components/products/datasheet/885012006029.pdf","//mm.digikey.com/Volume0/opasdata/d220001/medias/images/735/0603-%281608-Metric%29-0%2C95mm_BN.jpg","732-7771-2-ND,732-7771-1-ND,732-7771-6-ND","885012006029","Würth Elektronik","Würth Elektronik","CAP CER 1000PF 16V C0G/NP0 0603","12.351","0.01187","20000","1","Tape & Reel (TR),Cut Tape (CT),Digi-Reel®","WCAP-CSGP","Active","1000 pF","±5%","16V","C0G, NP0","-55°C ~ 125°C","-","-","General Purpose","Surface Mount, MLCC","0603 (1608 Metric)","0.063"" L x 0.031"" W (1.60mm x 0.80mm)","-","0.034"" (0.87mm)","-","-","-","https://www.digikey.be/en/products/detail/würth-elektronik/885012006029/5453626"
"https://www.we-online.com/components/products/datasheet/885012006063.pdf","//mm.digikey.com/Volume0/opasdata/d220001/medias/images/735/0603-%281608-Metric%29-0%2C95mm_BN.jpg","732-7805-2-ND,732-7805-1-ND,732-7805-6-ND","885012006063","Würth Elektronik","Würth Elektronik","CAP CER 1000PF 50V C0G/NP0 0603","21.038","0.01189","20000","1","Tape & Reel (TR),Cut Tape (CT),Digi-Reel®","WCAP-CSGP","Active","1000 pF","±5%","50V","C0G, NP0","-55°C ~ 125°C","-","-","General Purpose","Surface Mount, MLCC","0603 (1608 Metric)","0.063"" L x 0.031"" W (1.60mm x 0.80mm)","-","0.034"" (0.87mm)","-","-","-","https://www.digikey.be/en/products/detail/würth-elektronik/885012006063/5453660"
"https://www.we-online.com/components/products/datasheet/885012005067.pdf","//mm.digikey.com/Volume0/opasdata/d220001/medias/images/789/0402-%281005-Metric%29-0%2C55mm-BN.jpg","732-885012005067TR-ND,732-885012005067CT-ND,732-885012005067DKR-ND","885012005067","Würth Elektronik","Würth Elektronik","CAP CER 1000PF 50V C0G/NP0 0402","17.898","0.01194","20000","1","Tape & Reel (TR),Cut Tape (CT),Digi-Reel®","WCAP-CSGP","Active","1000 pF","±5%","50V","C0G, NP0","-55°C ~ 125°C","-","-","General Purpose","Surface Mount, MLCC","0402 (1005 Metric)","0.039"" L x 0.020"" W (1.00mm x 0.50mm)","-","0.022"" (0.55mm)","-","-","-","https://www.digikey.be/en/products/detail/würth-elektronik/885012005067/17829833"
"https://yageogroup.com/content/datasheet/asset/file/KEM_C1023_X7R_AUTO_SMD","//mm.digikey.com/Volume0/opasdata/d220001/medias/images/5357/0402-%281005-Metric%29-Ceramic-Capacitor.jpg","399-6824-2-ND,399-6824-1-ND,399-6824-6-ND","C0402C102K3RACAUTO","KEMET","KEMET","CAP CER 1000PF 25V X7R 0402","104.653","0.01198","20000","1","Tape & Reel (TR),Cut Tape (CT),Digi-Reel®","SMD Auto X7R","Active","1000 pF","±10%","25V","X7R","-55°C ~ 125°C","-","AEC-Q200","Automotive, Bypass, Decoupling","Surface Mount, MLCC","0402 (1005 Metric)","0.039"" L x 0.020"" W (1.00mm x 0.50mm)","-","0.022"" (0.55mm)","-","-","-","https://www.digikey.be/en/products/detail/kemet/C0402C102K3RACAUTO/3314823"
"https://search.murata.co.jp/Ceramy/image/img/A01X/G101/ENG/GRM1555C1H102GA01-01.pdf","//mm.digikey.com/Volume0/opasdata/d220001/medias/images/5447/490-Ceramic-Capacitor-Tan-Field.jpg","490-8181-2-ND,490-8181-1-ND,490-8181-6-ND","GRM1555C1H102GA01D","Murata Electronics","Murata Electronics","CAP CER 1000PF 50V C0G/NP0 0402","74.187","0.01198","20000","1","Tape & Reel (TR),Cut Tape (CT),Digi-Reel®","GRM","Active","1000 pF","±2%","50V","C0G, NP0","-55°C ~ 125°C","-","-","General Purpose","Surface Mount, MLCC","0402 (1005 Metric)","0.039"" L x 0.020"" W (1.00mm x 0.50mm)","-","0.022"" (0.55mm)","-","-","-","https://www.digikey.be/en/products/detail/murata-electronics/GRM1555C1H102GA01D/2543862"
"https://www.vishay.com/docs/28548/vjw1bcbascomseries.pdf","//mm.digikey.com/Volume0/opasdata/d220001/medias/images/6878/VJ-W1BC-series_0402-1005-Metric.jpg","720-VJ0402Y102JXACW1BCTR-ND,720-VJ0402Y102JXACW1BCCT-ND,720-VJ0402Y102JXACW1BCDKR-ND","VJ0402Y102JXACW1BC","Vishay Vitramon","Vishay Vitramon","CAP CER 1000PF 50V X7R 0402","5.255","0.01198","20000","1","Tape & Reel (TR),Cut Tape (CT),Digi-Reel®","VJ W1BC","Active","1000 pF","±5%","50V","X7R","-55°C ~ 125°C","-","-","General Purpose","Surface Mount, MLCC","0402 (1005 Metric)","0.039"" L x 0.020"" W (1.00mm x 0.50mm)","-","0.022"" (0.55mm)","-","-","-","https://www.digikey.be/en/products/detail/vishay-vitramon/VJ0402Y102JXACW1BC/8301923"
"https://www.we-online.com/components/products/datasheet/885012006044.pdf","//mm.digikey.com/Volume0/opasdata/d220001/medias/images/735/0603-%281608-Metric%29-0%2C95mm_BN.jpg","732-7786-2-ND,732-7786-1-ND,732-7786-6-ND","885012006044","Würth Elektronik","Würth Elektronik","CAP CER 1000PF 25V C0G/NP0 0603","34.189","0.01201","20000","1","Tape & Reel (TR),Cut Tape (CT),Digi-Reel®","WCAP-CSGP","Active","1000 pF","±5%","25V","C0G, NP0","-55°C ~ 125°C","-","-","General Purpose","Surface Mount, MLCC","0603 (1608 Metric)","0.063"" L x 0.031"" W (1.60mm x 0.80mm)","-","0.034"" (0.87mm)","-","-","-","https://www.digikey.be/en/products/detail/würth-elektronik/885012006044/5453641"
"https://yageogroup.com/content/datasheet/asset/file/KEM_C1002_X7R_SMD","//mm.digikey.com/Volume0/opasdata/d220001/medias/images/5352/0603-%281608-Metric%29-Ceramic-Capacitor.jpg","399-C0603C102K4RAC7411TR-ND,399-C0603C102K4RAC7411CT-ND,399-C0603C102K4RAC7411DKR-ND","C0603C102K4RAC7411","KEMET","KEMET","CAP CER 1000PF 16V X7R 0603","11.536","0.01201","20000","1","Tape & Reel (TR),Cut Tape (CT),Digi-Reel®","SMD Comm X7R","Active","1000 pF","±10%","16V","X7R","-55°C ~ 125°C","-","-","Bypass, Decoupling","Surface Mount, MLCC","0603 (1608 Metric)","0.063"" L x 0.031"" W (1.60mm x 0.80mm)","-","0.034"" (0.87mm)","-","-","-","https://www.digikey.be/en/products/detail/kemet/C0603C102K4RAC7411/12700909"
"https://www.yageo.com/en/Chart/Download/pdf/CC0603KRNPO9BN102","//mm.digikey.com/Volume0/opasdata/d220001/medias/images/2488/0603%289mmthickness%29.jpg","311-4026-2-ND,311-4026-1-ND,311-4026-6-ND","CC0603KRNPO9BN102","YAGEO","YAGEO","CAP CER 1000PF 50V C0G/NPO 0603","49.482","0.01205","20000","1","Tape & Reel (TR),Cut Tape (CT),Digi-Reel®","CC","Active","1000 pF","±10%","50V","C0G, NP0","-55°C ~ 125°C","-","-","General Purpose","Surface Mount, MLCC","0603 (1608 Metric)","0.063"" L x 0.031"" W (1.60mm x 0.80mm)","-","0.035"" (0.90mm)","-","-","-","https://www.digikey.be/en/products/detail/yageo/CC0603KRNPO9BN102/5883703"
"https://datasheets.kyocera-avx.com/cx5r-KGM.pdf","//mm.digikey.com/Volume0/opasdata/d220001/medias/images/4846/478_0201-%280603-Metric%29-0%2C33mm.jpg","478-KGM03AR51E102KHTR-ND,478-KGM03AR51E102KHCT-ND,478-KGM03AR51E102KHDKR-ND","KGM03AR51E102KH","KYOCERA AVX","KYOCERA AVX","CAP CER 1000PF 25V X5R 0201","14.585","0.01226","20000","1","Tape & Reel (TR),Cut Tape (CT),Digi-Reel®","KGM - X5R","Active","1000 pF","±10%","25V","X5R","-55°C ~ 85°C","-","-","General Purpose","Surface Mount, MLCC","0201 (0603 Metric)","0.024"" L x 0.012"" W (0.60mm x 0.30mm)","-","0.013"" (0.33mm)","-","-","-","https://www.digikey.be/en/products/detail/kyocera-avx/KGM03AR51E102KH/1596899"
"https://www.vishay.com/docs/28548/vjw1bcbascomseries.pdf","//mm.digikey.com/Volume0/opasdata/d220001/medias/images/6878/VJ-W1BC-series_0402-1005-Metric.jpg","720-VJ0402Y102KXXCW1BCTR-ND,720-VJ0402Y102KXXCW1BCCT-ND,720-VJ0402Y102KXXCW1BCDKR-ND","VJ0402Y102KXXCW1BC","Vishay Vitramon","Vishay Vitramon","CAP CER 1000PF 25V X7R 0402","27.037","0.01233","20000","1","Tape & Reel (TR),Cut Tape (CT),Digi-Reel®","VJ W1BC","Active","1000 pF","±10%","25V","X7R","-55°C ~ 125°C","-","-","General Purpose","Surface Mount, MLCC","0402 (1005 Metric)","0.039"" L x 0.020"" W (1.00mm x 0.50mm)","-","0.022"" (0.55mm)","-","-","-","https://www.digikey.be/en/products/detail/vishay-vitramon/VJ0402Y102KXXCW1BC/8301945"
"https://www.vishay.com/docs/28548/vjw1bcbascomseries.pdf","//mm.digikey.com/Volume0/opasdata/d220001/medias/images/6878/VJ-W1BC-series_0402-1005-Metric.jpg","720-VJ0402Y102KXQCW1BCTR-ND,720-VJ0402Y102KXQCW1BCCT-ND,720-VJ0402Y102KXQCW1BCDKR-ND","VJ0402Y102KXQCW1BC","Vishay Vitramon","Vishay Vitramon","CAP CER 1000PF 10V X7R 0402","14.465","0.01233","20000","1","Tape & Reel (TR),Cut Tape (CT),Digi-Reel®","VJ W1BC","Active","1000 pF","±10%","10V","X7R","-55°C ~ 125°C","-","-","General Purpose","Surface Mount, MLCC","0402 (1005 Metric)","0.039"" L x 0.020"" W (1.00mm x 0.50mm)","-","0.022"" (0.55mm)","-","-","-","https://www.digikey.be/en/products/detail/vishay-vitramon/VJ0402Y102KXQCW1BC/8301941"
"https://product.tdk.com/system/files/dam/doc/product/capacitor/ceramic/mlcc/catalog/mlcc_automotive_general_en.pdf","//mm.digikey.com/Volume0/opasdata/d220001/medias/images/2192/CGA-Series-0201-%280603-Metric%29.jpg","445-12085-2-ND,445-12085-1-ND,445-12085-6-ND","CGA1A2X7R1E102K030BA","TDK","TDK","CAP CER 1000PF 25V X7R 0201","241.471","0.01237","20000","1","Tape & Reel (TR),Cut Tape (CT),Digi-Reel®","CGA","Active","1000 pF","±10%","25V","X7R","-55°C ~ 125°C","-","AEC-Q200","Automotive","Surface Mount, MLCC","0201 (0603 Metric)","0.024"" L x 0.012"" W (0.60mm x 0.30mm)","-","0.013"" (0.33mm)","-","-","-","https://www.digikey.be/en/products/detail/tdk/CGA1A2X7R1E102K030BA/3949321"
"https://datasheets.kyocera-avx.com/KGM_X7R.pdf","//mm.digikey.com/Volume0/opasdata/d220001/medias/images/4848/478_0402-%281005-Metric%29-0%2C56mm.jpg","478-KGM05AR71E102KNTR-ND,478-KGM05AR71E102KNCT-ND,478-KGM05AR71E102KNDKR-ND","KGM05AR71E102KN","KYOCERA AVX","KYOCERA AVX","CAP CER 1000PF 25V X7R 0402","46.175","0.01247","20000","1","Tape & Reel (TR),Cut Tape (CT),Digi-Reel®","KGM - X7R","Active","1000 pF","±10%","25V","X7R","-55°C ~ 125°C","-","-","General Purpose","Surface Mount, MLCC","0402 (1005 Metric)","0.039"" L x 0.020"" W (1.00mm x 0.50mm)","-","0.022"" (0.55mm)","-","-","-","https://www.digikey.be/en/products/detail/kyocera-avx/KGM05AR71E102KN/1597266"
"https://search.murata.co.jp/Ceramy/image/img/A01X/G101/ENG/GRT1555C1H102FA02-01.pdf","//mm.digikey.com/Volume0/opasdata/d220001/medias/images/5447/490-Ceramic-Capacitor-Tan-Field.jpg","490-GRT1555C1H102FA02DTR-ND,490-GRT1555C1H102FA02DCT-ND,490-GRT1555C1H102FA02DDKR-ND","GRT1555C1H102FA02D","Murata Electronics","Murata Electronics","CAP CER 1000PF 50V C0G/NP0 0402","66.615","0.01267","20000","1","Tape & Reel (TR),Cut Tape (CT),Digi-Reel®","GRT","Active","1000 pF","±1%","50V","C0G, NP0","-55°C ~ 125°C","-","AEC-Q200","Automotive","Surface Mount, MLCC","0402 (1005 Metric)","0.039"" L x 0.020"" W (1.00mm x 0.50mm)","-","0.022"" (0.55mm)","-","-","-","https://www.digikey.be/en/products/detail/murata-electronics/GRT1555C1H102FA02D/16033495"
"https://datasheets.kyocera-avx.com/KGM_X7R.pdf","//mm.digikey.com/Volume0/opasdata/d220001/medias/images/7228/MFG_478_X7R_0603-%281608-Metric%29.jpg","478-KGM15AR71H102MMTR-ND,478-KGM15AR71H102MMCT-ND,478-KGM15AR71H102MMDKR-ND","KGM15AR71H102MM","KYOCERA AVX","KYOCERA AVX","CAP CER 1000PF 50V X7R 0603","64.502","0.01308","20000","1","Tape & Reel (TR),Cut Tape (CT),Digi-Reel®","KGM - X7R","Active","1000 pF","±20%","50V","X7R","-55°C ~ 125°C","-","-","General Purpose","Surface Mount, MLCC","0603 (1608 Metric)","0.063"" L x 0.032"" W (1.60mm x 0.81mm)","-","0.035"" (0.90mm)","-","-","-","https://www.digikey.be/en/products/detail/kyocera-avx/KGM15AR71H102MM/1600024"
"https://calchip.com/wp-content/uploads/2026/04/GMC-Series-1.pdf","//mm.digikey.com/Volume0/opasdata/d220001/medias/images/5781/MFG_Cal-Chip-All-Capacitors.jpg","4713-GMC10X5R102K50NTTR-ND,4713-GMC10X5R102K50NTCT-ND,4713-GMC10X5R102K50NTDKR-ND","GMC10X5R102K50NT","Cal-Chip Electronics, Inc.","Cal-Chip Electronics, Inc.","CAP0603 X5R 1000PF 10% 50V","8.000","0.01308","20000","1","Tape & Reel (TR),Cut Tape (CT),Digi-Reel®","GMC","Active","1000 pF","±10%","50V","X5R","-55°C ~ 85°C","-","-","General Purpose","Surface Mount, MLCC","0603 (1608 Metric)","0.063"" L x 0.031"" W (1.60mm x 0.80mm)","-","0.035"" (0.90mm)","-","-","-","https://www.digikey.be/en/products/detail/cal-chip-electronics-inc/GMC10X5R102K50NT/26251933"
"https://datasheets.kyocera-avx.com/AutoMLCC.pdf","//mm.digikey.com/Volume0/opasdata/d220001/medias/images/4845/478_0603-%281608-Metric%29-0%2C90mm.jpg","478-KAM15AR71H102KTTR-ND,478-KAM15AR71H102KTCT-ND,478-KAM15AR71H102KTDKR-ND","06035C102K4T2A","KYOCERA AVX","KYOCERA AVX","CAP CER 1000PF 50V X7R 0603","54.696","0.01326","20000","1","Tape & Reel (TR),Cut Tape (CT),Digi-Reel®","-","Active","1000 pF","±10%","50V","X7R","-55°C ~ 125°C","-","AEC-Q200","Automotive","Surface Mount, MLCC","0603 (1608 Metric)","0.063"" L x 0.032"" W (1.60mm x 0.81mm)","-","0.035"" (0.90mm)","-","-","-","https://www.digikey.be/en/products/detail/kyocera-avx/06035C102K4T2A/1600019"
"https://datasheets.kyocera-avx.com/KGM_X7R.pdf","//mm.digikey.com/Volume0/opasdata/d220001/medias/images/7228/MFG_478_X7R_0805-%282012-Metric%29.jpg","478-KGM21NR71H102KTTR-ND,478-KGM21NR71H102KTCT-ND,478-KGM21NR71H102KTDKR-ND","KGM21NR71H102KT","KYOCERA AVX","KYOCERA AVX","CAP CER 1000PF 50V X7R 0805","7.713","0.01326","20000","1","Tape & Reel (TR),Cut Tape (CT),Digi-Reel®","KGM - X7R","Active","1000 pF","±10%","50V","X7R","-55°C ~ 125°C","-","-","General Purpose","Surface Mount, MLCC","0805 (2012 Metric)","0.079"" L x 0.049"" W (2.01mm x 1.25mm)","-","0.039"" (1.00mm)","-","-","-","https://www.digikey.be/en/products/detail/kyocera-avx/KGM21NR71H102KT/563481"
"https://www.we-online.com/components/products/datasheet/885012207086.pdf","//mm.digikey.com/Volume0/opasdata/d220001/medias/images/757/0805-%282012-Metric%29-1%2C35mm_BN.jpg","732-8068-2-ND,732-8068-1-ND,732-8068-6-ND","885012207086","Würth Elektronik","Würth Elektronik","CAP CER 1000PF 50V X7R 0805","14.038","0.01327","20000","1","Tape & Reel (TR),Cut Tape (CT),Digi-Reel®","WCAP-CSGP","Active","1000 pF","±10%","50V","X7R","-55°C ~ 125°C","-","-","General Purpose","Surface Mount, MLCC","0805 (2012 Metric)","0.079"" L x 0.049"" W (2.00mm x 1.25mm)","-","0.035"" (0.90mm)","-","-","-","https://www.digikey.be/en/products/detail/würth-elektronik/885012207086/5453923"
"https://www.vishay.com/docs/28548/vjw1bcbascomseries.pdf","//mm.digikey.com/Volume0/opasdata/d220001/medias/images/6770/VJ_W1BC_Series_0603-1608.jpg","720-VJ0603Y102KXAPW1BCTR-ND,720-VJ0603Y102KXAPW1BCCT-ND,720-VJ0603Y102KXAPW1BCDKR-ND","VJ0603Y102KXAPW1BC","Vishay Vitramon","Vishay Vitramon","CAP CER 1000PF 50V X7R 0603","12.973","0.01328","20000","1","Tape & Reel (TR),Cut Tape (CT),Digi-Reel®","VJ W1BC","Active","1000 pF","±10%","50V","X7R","-55°C ~ 125°C","-","-","General Purpose","Surface Mount, MLCC","0603 (1608 Metric)","0.063"" L x 0.031"" W (1.60mm x 0.80mm)","-","0.034"" (0.87mm)","-","-","-","https://www.digikey.be/en/products/detail/vishay-vitramon/VJ0603Y102KXAPW1BC/8305219"
"https://yageogroup.com/content/datasheet/asset/file/KEM_C1023_X7R_AUTO_SMD","//mm.digikey.com/Volume0/opasdata/d220001/medias/images/5357/0402-%281005-Metric%29-Ceramic-Capacitor.jpg","399-19360-2-ND,399-19360-1-ND,399-19360-6-ND","C0402C102J5RACAUTO","KEMET","KEMET","CAP CER 1000PF 50V X7R 0402","29.898","0.01339","20000","1","Tape & Reel (TR),Cut Tape (CT),Digi-Reel®","SMD Auto X7R","Active","1000 pF","±5%","50V","X7R","-55°C ~ 125°C","-","AEC-Q200","Automotive, Bypass, Decoupling","Surface Mount, MLCC","0402 (1005 Metric)","0.039"" L x 0.020"" W (1.00mm x 0.50mm)","-","0.022"" (0.55mm)","-","-","-","https://www.digikey.be/en/products/detail/kemet/C0402C102J5RACAUTO/9694222"
"https://calchip.com/wp-content/uploads/2024/12/GMT-Series.pdf","//mm.digikey.com/Volume0/opasdata/d220001/medias/images/5781/MFG_Cal-Chip-All-Capacitors.jpg","4713-GMT10CG102J50NT4TR-ND,4713-GMT10CG102J50NT4CT-ND,4713-GMT10CG102J50NT4DKR-ND","GMT10CG102J50NT4","Cal-Chip Electronics, Inc.","Cal-Chip Electronics, Inc.","CAP0603 COG 1000PF 5% 50V AEC","4.000","0.01348","20000","1","Tape & Reel (TR),Cut Tape (CT),Digi-Reel®","GMT","Active","1000 pF","±5%","50V","C0G, NP0","-55°C ~ 125°C","-","AEC-Q200","Automotive","Surface Mount, MLCC","0603 (1608 Metric)","0.063"" L x 0.031"" W (1.60mm x 0.80mm)","-","0.034"" (0.87mm)","-","-","-","https://www.digikey.be/en/products/detail/cal-chip-electronics-inc/GMT10CG102J50NT4/26771106"
"https://calchip.com/wp-content/uploads/2026/04/GMC-Series-1.pdf","//mm.digikey.com/Volume0/opasdata/d220001/medias/images/5781/MFG_Cal-Chip-All-Capacitors.jpg","4713-GMC10X7R102J25NTTR-ND,4713-GMC10X7R102J25NTCT-ND,4713-GMC10X7R102J25NTDKR-ND","GMC10X7R102J25NT","Cal-Chip Electronics, Inc.","Cal-Chip Electronics, Inc.","CAP0603 X7R 1000PF 5% 25V","3.680","0.01362","20000","1","Tape & Reel (TR),Cut Tape (CT),Digi-Reel®","GMC","Active","1000 pF","±5%","25V","X7R","-55°C ~ 125°C","-","-","General Purpose","Surface Mount, MLCC","0603 (1608 Metric)","0.063"" L x 0.031"" W (1.60mm x 0.80mm)","-","0.035"" (0.90mm)","-","-","-","https://www.digikey.be/en/products/detail/cal-chip-electronics-inc/GMC10X7R102J25NT/25323850"
"https://datasheets.kyocera-avx.com/KGM_X7R.pdf","//mm.digikey.com/Volume0/opasdata/d220001/medias/images/7228/MFG_478_X7R_0603-%281608-Metric%29.jpg","478-KGM15AR71H102JTTR-ND,478-KGM15AR71H102JTCT-ND,478-KGM15AR71H102JTDKR-ND","KGM15AR71H102JT","KYOCERA AVX","KYOCERA AVX","CAP CER 1000PF 50V X7R 0603","15.129","0.01368","20000","1","Tape & Reel (TR),Cut Tape (CT),Digi-Reel®","KGM - X7R","Active","1000 pF","±5%","50V","X7R","-55°C ~ 125°C","-","-","General Purpose","Surface Mount, MLCC","0603 (1608 Metric)","0.063"" L x 0.032"" W (1.60mm x 0.81mm)","-","0.035"" (0.90mm)","-","-","-","https://www.digikey.be/en/products/detail/kyocera-avx/KGM15AR71H102JT/1600017"
"https://datasheets.kyocera-avx.com/KGM_X7R.pdf","//mm.digikey.com/Volume0/opasdata/d220001/medias/images/7228/MFG_478_X7R_0805-%282012-Metric%29.jpg","478-KGM21NR71H102KMTR-ND,478-KGM21NR71H102KMCT-ND,478-KGM21NR71H102KMDKR-ND","KGM21NR71H102KM","KYOCERA AVX","KYOCERA AVX","CAP CER 1000PF 50V X7R 0805","61.751","0.01369","20000","1","Tape & Reel (TR),Cut Tape (CT),Digi-Reel®","KGM - X7R","Active","1000 pF","±10%","50V","X7R","-55°C ~ 125°C","-","-","General Purpose","Surface Mount, MLCC","0805 (2012 Metric)","0.079"" L x 0.049"" W (2.01mm x 1.25mm)","-","0.039"" (1.00mm)","-","-","-","https://www.digikey.be/en/products/detail/kyocera-avx/KGM21NR71H102KM/1635067"
"https://yageogroup.com/content/datasheet/asset/file/KEM_C1003_C0G_SMD","//mm.digikey.com/Volume0/opasdata/d220001/medias/images/5352/0603-%281608-Metric%29-Ceramic-Capacitor.jpg","399-C0603C102J5GACTUTR-ND,399-C0603C102J5GACTUCT-ND,399-C0603C102J5GACTUDKR-ND","C0603C102J5GACTU","KEMET","KEMET","CAP CER 1000PF 50V C0G/NP0 0603","278.256","0.01374","20000","1","Tape & Reel (TR),Cut Tape (CT),Digi-Reel®","SMD Comm C0G","Active","1000 pF","±5%","50V","C0G, NP0","-55°C ~ 125°C","Low ESL","-","General Purpose","Surface Mount, MLCC","0603 (1608 Metric)","0.063"" L x 0.031"" W (1.60mm x 0.80mm)","-","0.034"" (0.87mm)","-","-","-","https://www.digikey.be/en/products/detail/kemet/C0603C102J5GACTU/608471"
"//mm.digikey.com/Volume0/opasdata/d220001/medias/docus/2589/Multilayer%20Ceramic%20Capacitors.pdf","//mm.digikey.com/Volume0/opasdata/d220001/medias/images/4845/587_0402-%281005-metric%29.jpg","587-5484-2-ND,587-5484-1-ND,587-5484-6-ND","UMK105CG102JV-F","Taiyo Yuden","Taiyo Yuden","CAP CER 1000PF 50V C0G/NP0 0402","256.435","0.01374","20000","1","Tape & Reel (TR),Cut Tape (CT),Digi-Reel®","M","Active","1000 pF","±5%","50V","C0G, NP0","-55°C ~ 125°C","-","-","General Purpose","Surface Mount, MLCC","0402 (1005 Metric)","0.039"" L x 0.020"" W (1.00mm x 0.50mm)","-","0.022"" (0.55mm)","-","-","-","https://www.digikey.be/en/products/detail/taiyo-yuden/UMK105CG102JV-F/7067069"
"https://yageogroup.com/content/datasheet/asset/file/KEM_C1007_X8R_ULTRA_150C_SMD","//mm.digikey.com/Volume0/opasdata/d220001/medias/images/423/0805-%282012-Metric%29-2%2C00x1%2C20x1%2C00mm.jpg","399-C0805C102K4HACTUTR-ND,399-C0805C102K4HACTUCT-ND,399-C0805C102K4HACTUDKR-ND","C0805C102K4HACTU","KEMET","KEMET","CAP CER 1000PF 16V X8R 0805","1.969","0.01374","20000","1","Tape & Reel (TR),Cut Tape (CT),Digi-Reel®","SMD Comm X8R HT150C","Active","1000 pF","±10%","16V","X8R","-55°C ~ 150°C","Low ESL, High Temperature","-","General Purpose","Surface Mount, MLCC","0805 (2012 Metric)","0.079"" L x 0.049"" W (2.00mm x 1.25mm)","-","0.035"" (0.88mm)","-","-","-","https://www.digikey.be/en/products/detail/kemet/C0805C102K4HACTU/7948729"
"https://yageogroup.com/content/datasheet/asset/file/KEM_C1007_X8R_ULTRA_150C_SMD","//mm.digikey.com/Volume0/opasdata/d220001/medias/images/423/0805-%282012-Metric%29-2%2C00x1%2C20x1%2C00mm.jpg","399-C0805C102M3HACTUTR-ND,399-C0805C102M3HACTUCT-ND,399-C0805C102M3HACTUDKR-ND","C0805C102M3HACTU","KEMET","KEMET","CAP CER 1000PF 25V X8R 0805","3.940","0.01374","20000","1","Tape & Reel (TR),Cut Tape (CT),Digi-Reel®","SMD Comm X8R HT150C","Active","1000 pF","±20%","25V","X8R","-55°C ~ 150°C","Low ESL, High Temperature","-","General Purpose","Surface Mount, MLCC","0805 (2012 Metric)","0.079"" L x 0.049"" W (2.00mm x 1.25mm)","-","0.035"" (0.88mm)","-","-","-","https://www.digikey.be/en/products/detail/kemet/C0805C102M3HACTU/7949107"
"https://yageogroup.com/content/datasheet/asset/file/UPY-GPHC_X7R_6_3V-TO-250V","//mm.digikey.com/Volume0/opasdata/d220001/medias/images/2485/0805%288%5E5mm%20thickness%29.jpg","311-4314-2-ND,311-4314-1-ND,311-4314-6-ND","CC0805KRX7R8BB102","YAGEO","YAGEO","CAP CER 1000PF 25V X7R 0805","16.119","0.01375","20000","1","Tape & Reel (TR),Cut Tape (CT),Digi-Reel®","CC","Active","1000 pF","±10%","25V","X7R","-55°C ~ 125°C","High Voltage","-","General Purpose","Surface Mount, MLCC","0805 (2012 Metric)","0.079"" L x 0.049"" W (2.00mm x 1.25mm)","-","0.028"" (0.70mm)","-","-","-","https://www.digikey.be/en/products/detail/yageo/CC0805KRX7R8BB102/5884211"
"https://yageogroup.com/content/datasheet/asset/file/UPY-ST_NPOX7R_16V-TO-3KV","//mm.digikey.com/Volume0/opasdata/d220001/medias/images/5790/CC0XXXXXXXXXXXXXX.jpg","13-CS0402KRX7R9BB102TR-ND,13-CS0402KRX7R9BB102CT-ND,13-CS0402KRX7R9BB102DKR-ND","CS0402KRX7R9BB102","YAGEO","YAGEO","CAP CER 1000PF 50V X7R 0402","28.630","0.01375","20000","1","Tape & Reel (TR),Cut Tape (CT),Digi-Reel®","CS","Active","1000 pF","±10%","50V","X7R","-55°C ~ 125°C","Soft Termination","-","Boardflex Sensitive","Surface Mount, MLCC","0402 (1005 Metric)","0.039"" L x 0.020"" W (1.00mm x 0.50mm)","-","0.026"" (0.65mm)","-","-","-","https://www.digikey.be/en/products/detail/yageo/CS0402KRX7R9BB102/11497223"
"https://yageogroup.com/content/datasheet/asset/file/UPY-GPHC_X7R_6_3V-TO-250V","//mm.digikey.com/Volume0/opasdata/d220001/medias/images/2485/0805%288%5E5mm%20thickness%29.jpg","311-4349-2-ND,311-4349-1-ND,311-4349-6-ND","CC0805MRX7R9BB102","YAGEO","YAGEO","CAP CER 1000PF 50V X7R 0805","4.963","0.01375","20000","1","Tape & Reel (TR),Cut Tape (CT),Digi-Reel®","CC","Active","1000 pF","±20%","50V","X7R","-55°C ~ 125°C","-","-","General Purpose","Surface Mount, MLCC","0805 (2012 Metric)","0.079"" L x 0.049"" W (2.00mm x 1.25mm)","-","0.028"" (0.70mm)","-","-","-","https://www.digikey.be/en/products/detail/yageo/CC0805MRX7R9BB102/5884279"
"https://yageogroup.com/content/datasheet/asset/file/UPY-AC_NP0X7RX7S_6_3V-TO-2KV","//mm.digikey.com/Volume0/opasdata/d220001/medias/images/6808/AC_Series_0603_1608.jpg","311-3104-2-ND,311-3104-1-ND,311-3104-6-ND","AC0603KRX7R7BB102","YAGEO","YAGEO","CAP CER 1000PF 16V X7R 0603","31.291","0.01398","20000","1","Tape & Reel (TR),Cut Tape (CT),Digi-Reel®","AC","Active","1000 pF","±10%","16V","X7R","-55°C ~ 125°C","-","AEC-Q200","Automotive","Surface Mount, MLCC","0603 (1608 Metric)","0.063"" L x 0.031"" W (1.60mm x 0.80mm)","-","0.035"" (0.90mm)","-","-","-","https://www.digikey.be/en/products/detail/yageo/AC0603KRX7R7BB102/6643090"
"https://datasheets.kyocera-avx.com/cx5r-KGM.pdf","//mm.digikey.com/Volume0/opasdata/d220001/medias/images/4848/478_0402-%281005-Metric%29-0%2C56mm.jpg","478-KGM05AR51H102KHTR-ND,478-KGM05AR51H102KHCT-ND,478-KGM05AR51H102KHDKR-ND","KGM05AR51H102KH","KYOCERA AVX","KYOCERA AVX","CAP CER 1000PF 50V X5R 0402","114.210","0.01407","20000","1","Tape & Reel (TR),Cut Tape (CT),Digi-Reel®","KGM - X5R","Active","1000 pF","±10%","50V","X5R","-55°C ~ 85°C","-","-","General Purpose","Surface Mount, MLCC","0402 (1005 Metric)","0.039"" L x 0.020"" W (1.00mm x 0.50mm)","-","0.022"" (0.55mm)","-","-","-","https://www.digikey.be/en/products/detail/kyocera-avx/KGM05AR51H102KH/3079923"
"//mm.digikey.com/Volume0/opasdata/d220001/medias/docus/2589/Multilayer%20Ceramic%20Capacitors.pdf","//mm.digikey.com/Volume0/opasdata/d220001/medias/images/4845/587_0402-%281005-metric%29.jpg","587-5067-2-ND,587-5067-1-ND,587-5067-6-ND","UMK105CH102JVHF","Taiyo Yuden","Taiyo Yuden","CAP CER 1000PF 50V CH 0402","31.718","0.01409","20000","1","Tape & Reel (TR),Cut Tape (CT),Digi-Reel®","M","Active","1000 pF","±5%","50V","CH","-","-","AEC-Q200","Automotive","Surface Mount, MLCC","0402 (1005 Metric)","0.039"" L x 0.020"" W (1.00mm x 0.50mm)","-","-","-","-","-","https://www.digikey.be/en/products/detail/taiyo-yuden/UMK105CH102JVHF/6563660"
"https://www.we-online.com/components/products/datasheet/885012207033.pdf","//mm.digikey.com/Volume0/opasdata/d220001/medias/images/757/0805-%282012-Metric%29-1%2C35mm_BN.jpg","732-8033-2-ND,732-8033-1-ND,732-8033-6-ND","885012207033","Würth Elektronik","Würth Elektronik","CAP CER 1000PF 16V X7R 0805","4.261","0.01417","20000","1","Tape & Reel (TR),Cut Tape (CT),Digi-Reel®","WCAP-CSGP","Active","1000 pF","±10%","16V","X7R","-55°C ~ 125°C","-","-","General Purpose","Surface Mount, MLCC","0805 (2012 Metric)","0.079"" L x 0.049"" W (2.00mm x 1.25mm)","-","0.035"" (0.90mm)","-","-","-","https://www.digikey.be/en/products/detail/würth-elektronik/885012207033/5453888"
"https://yageogroup.com/content/datasheet/asset/file/KEM_C1003_C0G_SMD","//mm.digikey.com/Volume0/opasdata/d220001/medias/images/5352/0603-%281608-Metric%29-Ceramic-Capacitor.jpg","399-C0603C102J5GAC7411TR-ND,399-C0603C102J5GAC7411CT-ND,399-C0603C102J5GAC7411DKR-ND","C0603C102J5GAC7411","KEMET","KEMET","CAP CER 1000PF 50V C0G/NP0 0603","110.173","0.01418","20000","1","Tape & Reel (TR),Cut Tape (CT),Digi-Reel®","SMD Comm C0G","Active","1000 pF","±5%","50V","C0G, NP0","-55°C ~ 125°C","Low ESL","-","General Purpose","Surface Mount, MLCC","0603 (1608 Metric)","0.063"" L x 0.031"" W (1.60mm x 0.80mm)","-","0.034"" (0.87mm)","-","-","-","https://www.digikey.be/en/products/detail/kemet/C0603C102J5GAC7411/11676291"
"https://www.we-online.com/components/products/datasheet/885012207007.pdf","//mm.digikey.com/Volume0/opasdata/d220001/medias/images/757/0805-%282012-Metric%29-1%2C35mm_BN.jpg","732-8017-2-ND,732-8017-1-ND,732-8017-6-ND","885012207007","Würth Elektronik","Würth Elektronik","CAP CER 1000PF 10V X7R 0805","3.686","0.01424","20000","1","Tape & Reel (TR),Cut Tape (CT),Digi-Reel®","WCAP-CSGP","Active","1000 pF","±10%","10V","X7R","-55°C ~ 125°C","-","-","General Purpose","Surface Mount, MLCC","0805 (2012 Metric)","0.079"" L x 0.049"" W (2.00mm x 1.25mm)","-","0.035"" (0.90mm)","-","-","-","https://www.digikey.be/en/products/detail/würth-elektronik/885012207007/5453872"
"https://search.murata.co.jp/Ceramy/image/img/A01X/G101/ENG/GRM0335C1E102FA01-01.pdf","//mm.digikey.com/Volume0/opasdata/d220001/medias/images/5447/490-Ceramic-Capacitor-Tan-Field.jpg","490-GRM0335C1E102FA01DTR-ND,490-GRM0335C1E102FA01DCT-ND,490-GRM0335C1E102FA01DDKR-ND","GRM0335C1E102FA01D","Murata Electronics","Murata Electronics","CAP CER 1000PF 25V C0G/NP0 0201","0","0.01429","20000","1","Tape & Reel (TR),Cut Tape (CT),Digi-Reel®","GRM","Active","1000 pF","±1%","25V","C0G, NP0","-55°C ~ 125°C","-","-","General Purpose","Surface Mount, MLCC","0201 (0603 Metric)","0.024"" L x 0.012"" W (0.60mm x 0.30mm)","-","0.013"" (0.33mm)","-","-","-","https://www.digikey.be/en/products/detail/murata-electronics/GRM0335C1E102FA01D/11618583"
"https://www.we-online.com/components/products/datasheet/885012207060.pdf","//mm.digikey.com/Volume0/opasdata/d220001/medias/images/757/0805-%282012-Metric%29-1%2C35mm_BN.jpg","732-8050-2-ND,732-8050-1-ND,732-8050-6-ND","885012207060","Würth Elektronik","Würth Elektronik","CAP CER 1000PF 25V X7R 0805","1.517","0.0143","20000","1","Tape & Reel (TR),Cut Tape (CT),Digi-Reel®","WCAP-CSGP","Active","1000 pF","±10%","25V","X7R","-55°C ~ 125°C","-","-","General Purpose","Surface Mount, MLCC","0805 (2012 Metric)","0.079"" L x 0.049"" W (2.00mm x 1.25mm)","-","0.035"" (0.90mm)","-","-","-","https://www.digikey.be/en/products/detail/würth-elektronik/885012207060/5453905"
"//mm.digikey.com/Volume0/opasdata/d220001/medias/docus/658/CL05C102JB5NNNC_Spec.pdf","//mm.digikey.com/Volume0/opasdata/d220001/medias/images/6846/CL-0402%281005Metric%29.jpg","1276-1635-2-ND,1276-1635-1-ND,1276-1635-6-ND","CL05C102JB5NNNC","Samsung Electro-Mechanics","Samsung Electro-Mechanics","CAP CER 1000PF 50V C0G/NP0 0402","231.996","0.01434","20000","1","Tape & Reel (TR),Cut Tape (CT),Digi-Reel®","CL","Active","1000 pF","±5%","50V","C0G, NP0","-55°C ~ 125°C","-","-","General Purpose","Surface Mount, MLCC","0402 (1005 Metric)","0.039"" L x 0.020"" W (1.00mm x 0.50mm)","-","0.022"" (0.55mm)","-","-","-","https://www.digikey.be/en/products/detail/samsung-electro-mechanics/CL05C102JB5NNNC/3887293"
"https://calchip.com/wp-content/uploads/2026/04/GMC-Series-1.pdf","//mm.digikey.com/Volume0/opasdata/d220001/medias/images/5781/MFG_Cal-Chip-All-Capacitors.jpg","4713-GMC21CG102J25NTTR-ND,4713-GMC21CG102J25NTCT-ND,4713-GMC21CG102J25NTDKR-ND","GMC21CG102J25NT","Cal-Chip Electronics, Inc.","Cal-Chip Electronics, Inc.","CAP0805 COG 1000PF 5% 25V","3.990","0.01441","20000","1","Tape & Reel (TR),Cut Tape (CT),Digi-Reel®","GMC","Active","1000 pF","±5%","25V","C0G, NP0","-55°C ~ 125°C","-","-","General Purpose","Surface Mount, MLCC","0805 (2012 Metric)","0.079"" L x 0.049"" W (2.00mm x 1.25mm)","-","0.037"" (0.95mm)","-","-","-","https://www.digikey.be/en/products/detail/cal-chip-electronics-inc/GMC21CG102J25NT/25576619"
"https://calchip.com/wp-content/uploads/2026/04/GMC-Series-1.pdf","//mm.digikey.com/Volume0/opasdata/d220001/medias/images/5781/MFG_Cal-Chip-All-Capacitors.jpg","4713-GMC21CG102K50NTTR-ND,4713-GMC21CG102K50NTCT-ND,4713-GMC21CG102K50NTDKR-ND","GMC21CG102K50NT","Cal-Chip Electronics, Inc.","Cal-Chip Electronics, Inc.","CAP0805 COG 1000PF 10% 50V","3.000","0.01441","20000","1","Tape & Reel (TR),Cut Tape (CT),Digi-Reel®","GMC","Active","1000 pF","±10%","50V","C0G, NP0","-55°C ~ 125°C","-","-","General Purpose","Surface Mount, MLCC","0805 (2012 Metric)","0.079"" L x 0.049"" W (2.00mm x 1.25mm)","-","0.037"" (0.95mm)","-","-","-","https://www.digikey.be/en/products/detail/cal-chip-electronics-inc/GMC21CG102K50NT/25576575"
"https://yageogroup.com/content/datasheet/asset/file/UPY-ST_NPOX7R_16V-TO-3KV","//mm.digikey.com/Volume0/opasdata/d220001/medias/images/2488/0603%289mmthickness%29.jpg","311-3594-2-ND,311-3594-1-ND,311-3594-6-ND","CS0603KRX7R9BB102","YAGEO","YAGEO","CAP CER 1000PF 50V X7R 0603","6.951","0.01446","20000","1","Tape & Reel (TR),Cut Tape (CT),Digi-Reel®","CS","Active","1000 pF","±10%","50V","X7R","-55°C ~ 125°C","Soft Termination","-","Boardflex Sensitive","Surface Mount, MLCC","0603 (1608 Metric)","0.063"" L x 0.031"" W (1.60mm x 0.80mm)","-","0.037"" (0.95mm)","-","-","-","https://www.digikey.be/en/products/detail/yageo/CS0603KRX7R9BB102/5884893"
"https://datasheets.kyocera-avx.com/KGM_X7R.pdf","//mm.digikey.com/Volume0/opasdata/d220001/medias/images/7228/MFG_478_X7R_0603-%281608-Metric%29.jpg","478-KGM15AR71H102JMTR-ND,478-KGM15AR71H102JMCT-ND,478-KGM15AR71H102JMDKR-ND","KGM15AR71H102JM","KYOCERA AVX","KYOCERA AVX","CAP CER 1000PF 50V X7R 0603","33.569","0.01457","20000","1","Tape & Reel (TR),Cut Tape (CT),Digi-Reel®","KGM - X7R","Active","1000 pF","±5%","50V","X7R","-55°C ~ 125°C","-","-","General Purpose","Surface Mount, MLCC","0603 (1608 Metric)","0.063"" L x 0.032"" W (1.60mm x 0.81mm)","-","0.035"" (0.90mm)","-","-","-","https://www.digikey.be/en/products/detail/kyocera-avx/KGM15AR71H102JM/1600018"
"http://www.samsungsem.com/kr/support/product-search/mlcc/CL10C102JB81PNC.jsp","//mm.digikey.com/Volume0/opasdata/d220001/medias/images/2537/Ceramic-Capacitor-CL-Series.jpg","1276-2169-2-ND,1276-2169-1-ND,1276-2169-6-ND","CL10C102JB81PNC","Samsung Electro-Mechanics","Samsung Electro-Mechanics","CAP CER 1000PF 50V C0G/NP0 0603","71.729","0.01459","20000","1","Tape & Reel (TR),Cut Tape (CT),Digi-Reel®","CL","Active","1000 pF","±5%","50V","C0G, NP0","-55°C ~ 125°C","-","AEC-Q200","Automotive","Surface Mount, MLCC","0603 (1608 Metric)","0.063"" L x 0.031"" W (1.60mm x 0.80mm)","-","0.035"" (0.90mm)","-","-","-","https://www.digikey.be/en/products/detail/samsung-electro-mechanics/CL10C102JB81PNC/3887827"
"https://yageogroup.com/content/datasheet/asset/file/KEM_C1007_X8R_ULTRA_150C_SMD","//mm.digikey.com/Volume0/opasdata/d220001/medias/images/423/0805-%282012-Metric%29-2%2C00x1%2C20x1%2C00mm.jpg","399-C0805C102J5HACTUTR-ND,399-C0805C102J5HACTUCT-ND,399-C0805C102J5HACTUDKR-ND","C0805C102J5HACTU","KEMET","KEMET","CAP CER 1000PF 50V X8R 0805","25.548","0.01461","20000","1","Tape & Reel (TR),Cut Tape (CT),Digi-Reel®","SMD Comm X8R HT150C","Active","1000 pF","±5%","50V","X8R","-55°C ~ 150°C","Low ESL, High Temperature","-","General Purpose","Surface Mount, MLCC","0805 (2012 Metric)","0.079"" L x 0.049"" W (2.00mm x 1.25mm)","-","0.035"" (0.88mm)","-","-","-","https://www.digikey.be/en/products/detail/kemet/C0805C102J5HACTU/7948516"
"https://yageogroup.com/content/datasheet/asset/file/KEM_C1007_X8R_ULTRA_150C_SMD","//mm.digikey.com/Volume0/opasdata/d220001/medias/images/423/0805-%282012-Metric%29-2%2C00x1%2C20x1%2C00mm.jpg","399-C0805C102J3HACTUTR-ND,399-C0805C102J3HACTUCT-ND,399-C0805C102J3HACTUDKR-ND","C0805C102J3HACTU","KEMET","KEMET","CAP CER 1000PF 25V X8R 0805","31.808","0.01461","20000","1","Tape & Reel (TR),Cut Tape (CT),Digi-Reel®","SMD Comm X8R HT150C","Active","1000 pF","±5%","25V","X8R","-55°C ~ 150°C","Low ESL, High Temperature","-","General Purpose","Surface Mount, MLCC","0805 (2012 Metric)","0.079"" L x 0.049"" W (2.00mm x 1.25mm)","-","0.035"" (0.88mm)","-","-","-","https://www.digikey.be/en/products/detail/kemet/C0805C102J3HACTU/7948461"
"https://calchip.com/wp-content/uploads/2026/04/GMC-Series-1.pdf","//mm.digikey.com/Volume0/opasdata/d220001/medias/images/5781/MFG_Cal-Chip-All-Capacitors.jpg","4713-GMC21CG102J50NTTR-ND,4713-GMC21CG102J50NTCT-ND,4713-GMC21CG102J50NTDKR-ND","GMC21CG102J50NT","Cal-Chip Electronics, Inc.","Cal-Chip Electronics, Inc.","CAP0805 COG 1000PF 5% 50V","2.858","0.01461","20000","1","Tape & Reel (TR),Cut Tape (CT),Digi-Reel®","GMC","Active","1000 pF","±5%","50V","C0G, NP0","-55°C ~ 125°C","-","-","General Purpose","Surface Mount, MLCC","0805 (2012 Metric)","0.079"" L x 0.049"" W (2.00mm x 1.25mm)","-","0.037"" (0.95mm)","-","-","-","https://www.digikey.be/en/products/detail/cal-chip-electronics-inc/GMC21CG102J50NT/25576625"
"https://www.vishay.com/docs/28548/vjw1bcbascomseries.pdf","//mm.digikey.com/Volume0/opasdata/d220001/medias/images/6878/VJ-W1BC-series_0402-1005-Metric.jpg","720-VJ0402Y102KXXPW1BCTR-ND,720-VJ0402Y102KXXPW1BCCT-ND,720-VJ0402Y102KXXPW1BCDKR-ND","VJ0402Y102KXXPW1BC","Vishay Vitramon","Vishay Vitramon","CAP CER 1000PF 25V X7R 0402","49.068","0.01463","20000","1","Tape & Reel (TR),Cut Tape (CT),Digi-Reel®","VJ W1BC","Active","1000 pF","±10%","25V","X7R","-55°C ~ 125°C","-","-","General Purpose","Surface Mount, MLCC","0402 (1005 Metric)","0.039"" L x 0.020"" W (1.00mm x 0.50mm)","-","0.022"" (0.55mm)","-","-","-","https://www.digikey.be/en/products/detail/vishay-vitramon/VJ0402Y102KXXPW1BC/8301946"
"https://www.vishay.com/docs/28548/vjw1bcbascomseries.pdf","//mm.digikey.com/Volume0/opasdata/d220001/medias/images/6878/VJ-W1BC-series_0402-1005-Metric.jpg","720-VJ0402Y102KXJPW1BCTR-ND,720-VJ0402Y102KXJPW1BCCT-ND,720-VJ0402Y102KXJPW1BCDKR-ND","VJ0402Y102KXJPW1BC","Vishay Vitramon","Vishay Vitramon","CAP CER 1000PF 16V X7R 0402","47.526","0.01463","20000","1","Tape & Reel (TR),Cut Tape (CT),Digi-Reel®","VJ W1BC","Active","1000 pF","±10%","16V","X7R","-55°C ~ 125°C","-","-","General Purpose","Surface Mount, MLCC","0402 (1005 Metric)","0.039"" L x 0.020"" W (1.00mm x 0.50mm)","-","0.022"" (0.55mm)","-","-","-","https://www.digikey.be/en/products/detail/vishay-vitramon/VJ0402Y102KXJPW1BC/8301940"
"https://www.vishay.com/docs/28548/vjw1bcbascomseries.pdf","//mm.digikey.com/Volume0/opasdata/d220001/medias/images/6878/VJ-W1BC-series_0402-1005-Metric.jpg","720-VJ0402Y102KXAPW1BCTR-ND,720-VJ0402Y102KXAPW1BCCT-ND,720-VJ0402Y102KXAPW1BCDKR-ND","VJ0402Y102KXAPW1BC","Vishay Vitramon","Vishay Vitramon","CAP CER 1000PF 50V X7R 0402","50.000","0.01463","20000","1","Tape & Reel (TR),Cut Tape (CT),Digi-Reel®","VJ W1BC","Active","1000 pF","±10%","50V","X7R","-55°C ~ 125°C","-","-","General Purpose","Surface Mount, MLCC","0402 (1005 Metric)","0.039"" L x 0.020"" W (1.00mm x 0.50mm)","-","0.022"" (0.55mm)","-","-","-","https://www.digikey.be/en/products/detail/vishay-vitramon/VJ0402Y102KXAPW1BC/8301936"
"https://www.murata.com/en-sg/api/pdfdownloadapi?cate=luCeramicCapacitorsSMD&partno=GCJ188R71E102KA01%23","//mm.digikey.com/Volume0/opasdata/d220001/medias/images/5447/490-Ceramic-Capacitor-Tan-Field.jpg","490-16478-2-ND,490-16478-1-ND,490-16478-6-ND","GCJ188R71E102KA01D","Murata Electronics","Murata Electronics","CAP CER 1000PF 25V X7R 0603","90.795","0.0147","20000","1","Tape & Reel (TR),Cut Tape (CT),Digi-Reel®","GCJ","Active","1000 pF","±10%","25V","X7R","-55°C ~ 125°C","Soft Termination","AEC-Q200","Automotive, Boardflex Sensitive","Surface Mount, MLCC","0603 (1608 Metric)","0.063"" L x 0.031"" W (1.60mm x 0.80mm)","-","0.035"" (0.90mm)","-","-","-","https://www.digikey.be/en/products/detail/murata-electronics/GCJ188R71E102KA01D/7363222"
"https://www.murata.com/en-sg/api/pdfdownloadapi?cate=luCeramicCapacitorsSMD&partno=GCJ188R71H102MA01%23","//mm.digikey.com/Volume0/opasdata/d220001/medias/images/5447/490-Ceramic-Capacitor-Tan-Field.jpg","490-GCJ188R71H102MA01DTR-ND,490-GCJ188R71H102MA01DCT-ND,490-GCJ188R71H102MA01DDKR-ND","GCJ188R71H102MA01D","Murata Electronics","Murata Electronics","CAP CER","3.548","0.0147","20000","1","Tape & Reel (TR),Cut Tape (CT),Digi-Reel®","GCJ","Active","1000 pF","±20%","50V","X7R","-55°C ~ 125°C","Soft Termination","AEC-Q200","Automotive, Boardflex Sensitive","Surface Mount, MLCC","0603 (1608 Metric)","0.063"" L x 0.031"" W (1.60mm x 0.80mm)","-","0.035"" (0.90mm)","-","-","-","https://www.digikey.be/en/products/detail/murata-electronics/GCJ188R71H102MA01D/10691608"
"https://www.yageo.com/en/Chart/Download/pdf/CC0402JRNPO9BN102","//mm.digikey.com/Volume0/opasdata/d220001/medias/images/2392/0402%280%5E50%20thickness%29.jpg","311-1661-2-ND,311-1661-1-ND,311-1661-6-ND","CC0402JRNPO9BN102","YAGEO","YAGEO","CAP CER 1000PF 50V C0G/NPO 0402","75.090","0.01495","20000","1","Tape & Reel (TR),Cut Tape (CT),Digi-Reel®","CC","Active","1000 pF","±5%","50V","C0G, NP0","-55°C ~ 125°C","-","-","General Purpose","Surface Mount, MLCC","0402 (1005 Metric)","0.039"" L x 0.020"" W (1.00mm x 0.50mm)","-","0.022"" (0.55mm)","-","-","-","https://www.digikey.be/en/products/detail/yageo/CC0402JRNPO9BN102/5195070"
"https://yageogroup.com/content/datasheet/asset/file/KEM_C1023_X7R_AUTO_SMD","//mm.digikey.com/Volume0/opasdata/d220001/medias/images/5352/0603-%281608-Metric%29-Ceramic-Capacitor.jpg","399-12989-2-ND,399-12989-1-ND,399-12989-6-ND","C0603C102J5RACAUTO","KEMET","KEMET","CAP CER 1000PF 50V X7R 0603","68.106","0.01496","20000","1","Tape & Reel (TR),Cut Tape (CT),Digi-Reel®","SMD Auto X7R","Active","1000 pF","±5%","50V","X7R","-55°C ~ 125°C","-","AEC-Q200","Automotive, Bypass, Decoupling","Surface Mount, MLCC","0603 (1608 Metric)","0.063"" L x 0.031"" W (1.60mm x 0.80mm)","-","0.034"" (0.87mm)","-","-","-","https://www.digikey.be/en/products/detail/kemet/C0603C102J5RACAUTO/5762245"
"https://calchip.com/wp-content/uploads/2026/04/GMC-Series-1.pdf","//mm.digikey.com/Volume0/opasdata/d220001/medias/images/5781/MFG_Cal-Chip-All-Capacitors.jpg","4713-GMC10X7R102K6R3NTTR-ND,4713-GMC10X7R102K6R3NTCT-ND,4713-GMC10X7R102K6R3NTDKR-ND","GMC10X7R102K6R3NT","Cal-Chip Electronics, Inc.","Cal-Chip Electronics, Inc.","CAP0603 X7R 1000PF 10% 6.3V","4.000","0.01506","20000","1","Tape & Reel (TR),Cut Tape (CT),Digi-Reel®","GMC","Active","1000 pF","±10%","6.3V","X7R","-55°C ~ 125°C","-","-","General Purpose","Surface Mount, MLCC","0603 (1608 Metric)","0.063"" L x 0.031"" W (1.60mm x 0.80mm)","-","0.035"" (0.90mm)","-","-","-","https://www.digikey.be/en/products/detail/cal-chip-electronics-inc/GMC10X7R102K6R3NT/25323895"
"https://yageogroup.com/content/datasheet/asset/file/KEM_C1007_X8R_ULTRA_150C_SMD","//mm.digikey.com/Volume0/opasdata/d220001/medias/images/5352/0603-%281608-Metric%29-Ceramic-Capacitor.jpg","399-C0603C102J8HACTUTR-ND,399-C0603C102J8HACTUCT-ND,399-C0603C102J8HACTUDKR-ND","C0603C102J8HACTU","KEMET","KEMET","CAP CER 1000PF 10V X8R 0603","14.287","0.01513","20000","1","Tape & Reel (TR),Cut Tape (CT),Digi-Reel®","SMD Comm X8R HT150C","Active","1000 pF","±5%","10V","X8R","-55°C ~ 150°C","Low ESL, High Temperature","-","General Purpose","Surface Mount, MLCC","0603 (1608 Metric)","0.063"" L x 0.031"" W (1.60mm x 0.80mm)","-","0.034"" (0.87mm)","-","-","-","https://www.digikey.be/en/products/detail/kemet/C0603C102J8HACTU/7946682"
"//mm.digikey.com/Volume0/opasdata/d220001/medias/docus/5731/MSR01_e.pdf","//mm.digikey.com/Volume0/opasdata/d220001/medias/images/3950/MFG_MSASU105SCG102JFNA01.jpg","587-MSASU105SCG102JFNA01TR-ND,587-MSASU105SCG102JFNA01CT-ND,587-MSASU105SCG102JFNA01DKR-ND","MSASU105SCG102JFNA01","Taiyo Yuden","Taiyo Yuden","CAP CER 1000PF 50V C0G/NP0 0402","9.769","0.01513","20000","1","Tape & Reel (TR),Cut Tape (CT),Digi-Reel®","MSAS","Active","1000 pF","±5%","50V","C0G, NP0","-55°C ~ 125°C","-","-","General Purpose","Surface Mount, MLCC","0402 (1005 Metric)","0.039"" L x 0.020"" W (1.00mm x 0.50mm)","-","0.022"" (0.55mm)","-","-","-","https://www.digikey.be/en/products/detail/taiyo-yuden/MSASU105SCG102JFNA01/16668569"
"http://www.samsungsem.com/kr/support/product-search/mlcc/CL21C102JBCNFNC.jsp","//mm.digikey.com/Volume0/opasdata/d220001/medias/images/2537/Ceramic-Capacitor-CL-Series.jpg","1276-2576-2-ND,1276-2576-1-ND,1276-2576-6-ND","CL21C102JBCNFNC","Samsung Electro-Mechanics","Samsung Electro-Mechanics","CAP CER 1000PF 50V C0G/NP0 0805","75.646","0.01515","20000","1","Tape & Reel (TR),Cut Tape (CT),Digi-Reel®","CL","Active","1000 pF","±5%","50V","C0G, NP0","-55°C ~ 125°C","-","-","General Purpose","Surface Mount, MLCC","0805 (2012 Metric)","0.079"" L x 0.049"" W (2.00mm x 1.25mm)","-","0.037"" (0.95mm)","-","-","-","https://www.digikey.be/en/products/detail/samsung-electro-mechanics/CL21C102JBCNFNC/3888234"
"https://www.yageo.com/en/Chart/Download/pdf/CC0603JRNPO7BN102","//mm.digikey.com/Volume0/opasdata/d220001/medias/images/2488/0603%289mmthickness%29.jpg","311-3947-2-ND,311-3947-1-ND,311-3947-6-ND","CC0603JRNPO7BN102","YAGEO","YAGEO","CAP CER 1000PF 16V C0G/NPO 0603","5.838","0.01516","20000","1","Tape & Reel (TR),Cut Tape (CT),Digi-Reel®","CC","Active","1000 pF","±5%","16V","C0G, NP0","-55°C ~ 125°C","-","-","General Purpose","Surface Mount, MLCC","0603 (1608 Metric)","0.063"" L x 0.031"" W (1.60mm x 0.80mm)","-","0.035"" (0.90mm)","-","-","-","https://www.digikey.be/en/products/detail/yageo/CC0603JRNPO7BN102/5883578"
"https://www.we-online.com/components/products/datasheet/885012005018.pdf","//mm.digikey.com/Volume0/opasdata/d220001/medias/images/789/0402-%281005-Metric%29-0%2C55mm-BN.jpg","732-7434-2-ND,732-7434-1-ND,732-7434-6-ND","885012005018","Würth Elektronik","Würth Elektronik","CAP CER 1000PF 10V C0G/NP0 0402","22.476","0.01528","20000","1","Tape & Reel (TR),Cut Tape (CT),Digi-Reel®","WCAP-CSGP","Active","1000 pF","±5%","10V","C0G, NP0","-55°C ~ 125°C","-","-","General Purpose","Surface Mount, MLCC","0402 (1005 Metric)","0.039"" L x 0.020"" W (1.00mm x 0.50mm)","-","0.022"" (0.55mm)","-","-","-","https://www.digikey.be/en/products/detail/würth-elektronik/885012005018/5453289"
"https://weblib.samsungsem.com/mlcc/mlcc-ec-data-sheet.do?partNumber=CL05Y105KP6VPN","//mm.digikey.com/Volume0/opasdata/d220001/medias/images/2537/Ceramic-Capacitor-CL-Series.jpg","1276-CL10B102KB8WPJCTR-ND,1276-CL10B102KB8WPJCCT-ND,1276-CL10B102KB8WPJCDKR-ND","CL10B102KB8WPJC","Samsung Electro-Mechanics","Samsung Electro-Mechanics","CAP CER 1000PF 50V X7R 0603","0","0.01536","20000","1","Tape & Reel (TR),Cut Tape (CT),Digi-Reel®","CL","Active","1000 pF","±10%","50V","X7R","-55°C ~ 125°C","Soft Termination","AEC-Q200","Automotive, Boardflex Sensitive","Surface Mount, MLCC, Epoxy","0603 (1608 Metric)","0.063"" L x 0.031"" W (1.60mm x 0.80mm)","-","0.035"" (0.90mm)","-","-","-","https://www.digikey.be/en/products/detail/samsung-electro-mechanics/CL10B102KB8WPJC/11487805"
"https://search.murata.co.jp/Ceramy/image/img/A01X/G101/ENG/GCM1555C1HR50BA16-01A.pdf","//mm.digikey.com/Volume0/opasdata/d220001/medias/images/5447/490-Ceramic-Capacitor-Tan-Field.jpg","490-16461-2-ND,490-16461-1-ND,490-16461-6-ND","GCM1555C1H102FA16D","Murata Electronics","Murata Electronics","CAP CER 1000PF 50V C0G/NP0 0402","607.120","0.01537","20000","1","Tape & Reel (TR),Cut Tape (CT),Digi-Reel®","GCM","Active","1000 pF","±1%","50V","C0G, NP0","-55°C ~ 125°C","-","AEC-Q200","Automotive","Surface Mount, MLCC","0402 (1005 Metric)","0.039"" L x 0.020"" W (1.00mm x 0.50mm)","-","0.022"" (0.55mm)","-","-","-","https://www.digikey.be/en/products/detail/murata-electronics/GCM1555C1H102FA16D/7363205"
"https://search.murata.co.jp/Ceramy/image/img/A01X/G101/ENG/GCM1555G1H102FA16-01.pdf","//mm.digikey.com/Volume0/opasdata/d220001/medias/images/5447/490-Ceramic-Capacitor-Tan-Field.jpg","490-GCM1555G1H102FA16DTR-ND,490-GCM1555G1H102FA16DCT-ND,490-GCM1555G1H102FA16DDKR-ND","GCM1555G1H102FA16D","Murata Electronics","Murata Electronics","CAP CER 1000PF 50V X8G 0402","68.723","0.01537","20000","1","Tape & Reel (TR),Cut Tape (CT),Digi-Reel®","GCM","Active","1000 pF","±1%","50V","X8G","-55°C ~ 150°C","-","AEC-Q200","Automotive","Surface Mount, MLCC","0402 (1005 Metric)","0.039"" L x 0.020"" W (1.00mm x 0.50mm)","-","0.022"" (0.55mm)","-","-","-","https://www.digikey.be/en/products/detail/murata-electronics/GCM1555G1H102FA16D/16033420"
"https://yageogroup.com/content/datasheet/asset/file/KEM_C1090_X7R_ESD","//mm.digikey.com/Volume0/opasdata/d220001/medias/images/5357/0402-%281005-Metric%29-Ceramic-Capacitor.jpg","399-C0402C102K5RECTUTR-ND,399-C0402C102K5RECTUCT-ND,399-C0402C102K5RECTUDKR-ND","C0402C102K5RECTU","KEMET","KEMET","CAP CER 0402 1NF 50V X7R 10%","85.858","0.01547","20000","1","Tape & Reel (TR),Cut Tape (CT),Digi-Reel®","ESD SMD Comm X7R","Active","1000 pF","±10%","50V","X7R","-55°C ~ 125°C","-","-","ESD Protection","Surface Mount, MLCC","0402 (1005 Metric)","0.039"" L x 0.020"" W (1.00mm x 0.50mm)","-","0.022"" (0.55mm)","-","-","-","https://www.digikey.be/en/products/detail/kemet/C0402C102K5RECTU/8643595"
"//mm.digikey.com/Volume0/opasdata/d220001/medias/docus/1168/UMK063B7102KP-F_SS.pdf","//mm.digikey.com/Volume0/opasdata/d220001/medias/images/4849/587_0201-%280603-Metric%29-0%2C33mm.jpg","587-6363-2-ND,587-6363-1-ND,587-6363-6-ND","UMK063B7102KP-F","Taiyo Yuden","Taiyo Yuden","CAP CER 1000PF 50V X7R 0201","68.768","0.0156","20000","1","Tape & Reel (TR),Cut Tape (CT),Digi-Reel®","M","Active","1000 pF","±10%","50V","X7R","-55°C ~ 125°C","-","-","SMPS Filtering","Surface Mount, MLCC","0201 (0603 Metric)","0.024"" L x 0.012"" W (0.60mm x 0.30mm)","-","0.013"" (0.33mm)","-","-","-","https://www.digikey.be/en/products/detail/taiyo-yuden/UMK063B7102KP-F/4970951"
"//mm.digikey.com/Volume0/opasdata/d220001/medias/docus/5731/MSR01_e.pdf","//mm.digikey.com/Volume0/opasdata/d220001/medias/images/4693/MFG_MSASU063SB7102KFNA01.jpg","587-MSASU063SB7102KFNA01TR-ND,587-MSASU063SB7102KFNA01CT-ND,587-MSASU063SB7102KFNA01DKR-ND","MSASU063SB7102KFNA01","Taiyo Yuden","Taiyo Yuden","CAP CER 1000PF 50V X7R 0201","11.390","0.0156","20000","1","Tape & Reel (TR),Cut Tape (CT),Digi-Reel®","MSAS","Active","1000 pF","±10%","50V","X7R","-55°C ~ 125°C","-","-","General Purpose","Surface Mount, MLCC","0201 (0603 Metric)","0.024"" L x 0.012"" W (0.60mm x 0.30mm)","-","0.013"" (0.33mm)","-","-","-","https://www.digikey.be/en/products/detail/taiyo-yuden/MSASU063SB7102KFNA01/16661554"
"//mm.digikey.com/Volume0/opasdata/d220001/medias/docus/5731/MLR01_e.pdf","//mm.digikey.com/Volume0/opasdata/d220001/medias/images/4731/MFG_MLASU063SB7102KFNA01.jpg","587-MLASU063SB7102KFNA01TR-ND,587-MLASU063SB7102KFNA01CT-ND,587-MLASU063SB7102KFNA01DKR-ND","MLASU063SB7102KFNA01","Taiyo Yuden","Taiyo Yuden","CAP CER 1000PF 50V X7R 0201","14.780","0.0156","20000","1","Tape & Reel (TR),Cut Tape (CT),Digi-Reel®","MLAS","Active","1000 pF","±10%","50V","X7R","-55°C ~ 125°C","-","-","Medical, Non-Critical","Surface Mount, MLCC","0201 (0603 Metric)","0.024"" L x 0.012"" W (0.60mm x 0.30mm)","-","0.013"" (0.33mm)","-","-","-","https://www.digikey.be/en/products/detail/taiyo-yuden/MLASU063SB7102KFNA01/16660995"
"https://www.yageo.com/en/Chart/Download/pdf/CC0402JRNPO8BN102","//mm.digikey.com/Volume0/opasdata/d220001/medias/images/2392/0402%280%5E50%20thickness%29.jpg","311-1659-2-ND,311-1659-1-ND,311-1659-6-ND","CC0402JRNPO8BN102","YAGEO","YAGEO","CAP CER 1000PF 25V C0G/NPO 0402","5.782","0.01564","20000","1","Tape & Reel (TR),Cut Tape (CT),Digi-Reel®","CC","Active","1000 pF","±5%","25V","C0G, NP0","-55°C ~ 125°C","-","-","General Purpose","Surface Mount, MLCC","0402 (1005 Metric)","0.039"" L x 0.020"" W (1.00mm x 0.50mm)","-","0.022"" (0.55mm)","-","-","-","https://www.digikey.be/en/products/detail/yageo/CC0402JRNPO8BN102/5195068"
"https://www.yageo.com/en/Chart/Download/pdf/CC0402JRNPO7BN102","//mm.digikey.com/Volume0/opasdata/d220001/medias/images/2392/0402%280%5E50%20thickness%29.jpg","13-CC0402JRNPO7BN102TR-ND,13-CC0402JRNPO7BN102CT-ND,13-CC0402JRNPO7BN102DKR-ND","CC0402JRNPO7BN102","YAGEO","YAGEO","CAP CER 1000PF 16V C0G/NPO 0402","3.902","0.01564","20000","1","Tape & Reel (TR),Cut Tape (CT),Digi-Reel®","CC","Active","1000 pF","±5%","16V","C0G, NP0","-55°C ~ 125°C","-","-","General Purpose","Surface Mount, MLCC","0402 (1005 Metric)","0.039"" L x 0.020"" W (1.00mm x 0.50mm)","-","0.022"" (0.55mm)","-","-","-","https://www.digikey.be/en/products/detail/yageo/CC0402JRNPO7BN102/11490459"
"https://datasheets.kyocera-avx.com/AutoMLCCKAM.pdf","//mm.digikey.com/Volume0/opasdata/d220001/medias/images/4848/478_0402-%281005-Metric%29-0%2C56mm.jpg","478-KAM05AR71H102KHTR-ND,478-KAM05AR71H102KHCT-ND,478-KAM05AR71H102KHDKR-ND","KAM05AR71H102KH","KYOCERA AVX","KYOCERA AVX","CAP CER 1000PF 50V X7R 0402","28.566","0.01567","20000","1","Tape & Reel (TR),Cut Tape (CT),Digi-Reel®","-","Active","1000 pF","±10%","50V","X7R","-55°C ~ 125°C","-","AEC-Q200","Automotive","Surface Mount, MLCC","0402 (1005 Metric)","0.039"" L x 0.020"" W (1.00mm x 0.50mm)","-","0.022"" (0.56mm)","-","-","-","https://www.digikey.be/en/products/detail/kyocera-avx/KAM05AR71H102KH/8019246"
"https://datasheets.kyocera-avx.com/AutoMLCC.pdf","//mm.digikey.com/Volume0/opasdata/d220001/medias/images/4848/478_0402-%281005-Metric%29-0%2C55mm.jpg","478-KAM05AR71C102KHTR-ND,478-KAM05AR71C102KHCT-ND,478-KAM05AR71C102KHDKR-ND","0402YC102K4T2A","KYOCERA AVX","KYOCERA AVX","CAP CER 1000PF 16V X7R 0402","15.780","0.01567","20000","1","Tape & Reel (TR),Cut Tape (CT),Digi-Reel®","-","Active","1000 pF","±10%","16V","X7R","-55°C ~ 125°C","-","AEC-Q200","Automotive","Surface Mount, MLCC","0402 (1005 Metric)","0.040"" L x 0.020"" W (1.00mm x 0.50mm)","-","0.022"" (0.56mm)","-","-","-","https://www.digikey.be/en/products/detail/kyocera-avx/0402YC102K4T2A/11214906"
"https://calchip.com/wp-content/uploads/2026/04/GMC-Series-1.pdf","//mm.digikey.com/Volume0/opasdata/d220001/medias/images/5781/MFG_Cal-Chip-All-Capacitors.jpg","4713-GMC21X7R102J50NTTR-ND,4713-GMC21X7R102J50NTCT-ND,4713-GMC21X7R102J50NTDKR-ND","GMC21X7R102J50NT","Cal-Chip Electronics, Inc.","Cal-Chip Electronics, Inc.","CAP0805 X7R 1000PF 5% 50V","3.350","0.01572","20000","1","Tape & Reel (TR),Cut Tape (CT),Digi-Reel®","GMC","Active","1000 pF","±5%","50V","X7R","-55°C ~ 125°C","-","-","General Purpose","Surface Mount, MLCC","0805 (2012 Metric)","0.079"" L x 0.049"" W (2.00mm x 1.25mm)","-","0.037"" (0.95mm)","-","-","-","https://www.digikey.be/en/products/detail/cal-chip-electronics-inc/GMC21X7R102J50NT/25672222"
"https://www.seielect.com/catalog/SEI-CML.PDF","//mm.digikey.com/Volume0/opasdata/d220001/medias/images/187/Stackpole-Electronics-Inc--0805-%282012-Metric%29.jpg","738-CML0805X7R102KT50VTR-ND,738-CML0805X7R102KT50VCT-ND,738-CML0805X7R102KT50VDKR-ND","CML0805X7R102KT50V","Stackpole Electronics Inc","Stackpole Electronics Inc","CAP CER 1000PF 50V X7R 0805","4.363","0.01582","20000","1","Tape & Reel (TR),Cut Tape (CT),Digi-Reel®","CML_X7R","Active","1000 pF","±10%","50V","X7R","-55°C ~ 125°C","-","-","General Purpose","Surface Mount, MLCC","0805 (2012 Metric)","0.079"" L x 0.049"" W (2.00mm x 1.25mm)","-","0.035"" (0.90mm)","-","-","-","https://www.digikey.be/en/products/detail/stackpole-electronics-inc/CML0805X7R102KT50V/10659990"
"https://yageogroup.com/content/datasheet/asset/file/KEM_C1002_X7R_SMD","//mm.digikey.com/Volume0/opasdata/d220001/medias/images/423/0805-%282012-Metric%29-2%2C00x1%2C20x1%2C00mm.jpg","399-C0805C102K5RACTUTR-ND,399-C0805C102K5RACTUCT-ND,399-C0805C102K5RACTUDKR-ND","C0805C102K5RACTU","KEMET","KEMET","CAP CER 1000PF 50V X7R 0805","607.213","0.01588","20000","1","Tape & Reel (TR),Cut Tape (CT),Digi-Reel®","SMD Comm X7R","Active","1000 pF","±10%","50V","X7R","-55°C ~ 125°C","-","-","Bypass, Decoupling","Surface Mount, MLCC","0805 (2012 Metric)","0.079"" L x 0.049"" W (2.00mm x 1.25mm)","-","0.035"" (0.88mm)","-","-","-","https://www.digikey.be/en/products/detail/kemet/C0805C102K5RACTU/411146"
"https://yageogroup.com/content/datasheet/asset/file/KEM_C1002_X7R_SMD","//mm.digikey.com/Volume0/opasdata/d220001/medias/images/5352/0603-%281608-Metric%29-Ceramic-Capacitor.jpg","399-C0603C102K5RAC7040TR-ND,399-C0603C102K5RAC7040CT-ND,399-C0603C102K5RAC7040DKR-ND","C0603C102K5RAC7040","KEMET","KEMET","CAP CER 1000PF 50V X7R 0603","14.396","0.01595","20000","1","Tape & Reel (TR),Cut Tape (CT),Digi-Reel®","SMD Comm X7R","Active","1000 pF","±10%","50V","X7R","-55°C ~ 125°C","-","-","Bypass, Decoupling","Surface Mount, MLCC","0603 (1608 Metric)","0.063"" L x 0.031"" W (1.60mm x 0.80mm)","-","-","-","-","-","https://www.digikey.be/en/products/detail/kemet/C0603C102K5RAC7040/18121532"
"https://yageogroup.com/content/datasheet/asset/file/KEM_C1090_X7R_ESD","//mm.digikey.com/Volume0/opasdata/d220001/medias/images/5357/0402-%281005-Metric%29-Ceramic-Capacitor.jpg","399-C0402C102M4RECTUTR-ND,399-C0402C102M4RECTUCT-ND,399-C0402C102M4RECTUDKR-ND","C0402C102M4RECTU","KEMET","KEMET","CAP CER 0402 1NF 16V X7R 20%","14.489","0.01599","20000","1","Tape & Reel (TR),Cut Tape (CT),Digi-Reel®","ESD SMD Comm X7R","Active","1000 pF","±20%","16V","X7R","-55°C ~ 125°C","-","-","ESD Protection","Surface Mount, MLCC","0402 (1005 Metric)","0.039"" L x 0.020"" W (1.00mm x 0.50mm)","-","0.022"" (0.55mm)","-","-","-","https://www.digikey.be/en/products/detail/kemet/C0402C102M4RECTU/8643604"
"https://www.we-online.com/components/products/datasheet/885012007063.pdf","//mm.digikey.com/Volume0/opasdata/d220001/medias/images/757/0805-%282012-Metric%29-1%2C35mm_BN.jpg","732-7858-2-ND,732-7858-1-ND,732-7858-6-ND","885012007063","Würth Elektronik","Würth Elektronik","CAP CER 1000PF 50V C0G/NP0 0805","4.216","0.01618","20000","1","Tape & Reel (TR),Cut Tape (CT),Digi-Reel®","WCAP-CSGP","Active","1000 pF","±5%","50V","C0G, NP0","-55°C ~ 125°C","-","-","General Purpose","Surface Mount, MLCC","0805 (2012 Metric)","0.079"" L x 0.049"" W (2.00mm x 1.25mm)","-","0.035"" (0.90mm)","-","-","-","https://www.digikey.be/en/products/detail/würth-elektronik/885012007063/5453713"
"https://yageogroup.com/content/datasheet/asset/file/KEM_C1023_X7R_AUTO_SMD","//mm.digikey.com/Volume0/opasdata/d220001/medias/images/5352/0603-%281608-Metric%29-Ceramic-Capacitor.jpg","399-6849-2-ND,399-6849-1-ND,399-6849-6-ND","C0603C102K5RACAUTO","KEMET","KEMET","CAP CER 1000PF 50V X7R 0603","73.052","0.01633","20000","1","Tape & Reel (TR),Cut Tape (CT),Digi-Reel®","SMD Auto X7R","Active","1000 pF","±10%","50V","X7R","-55°C ~ 125°C","-","AEC-Q200","Automotive, Bypass, Decoupling","Surface Mount, MLCC","0603 (1608 Metric)","0.063"" L x 0.031"" W (1.60mm x 0.80mm)","-","0.034"" (0.87mm)","-","-","-","https://www.digikey.be/en/products/detail/kemet/C0603C102K5RACAUTO/3314846"
"https://content.kemet.com/datasheets/KEM_C1002_X7R_SMD.pdf","//mm.digikey.com/Volume0/opasdata/d220001/medias/images/5352/0603-%281608-Metric%29-Ceramic-Capacitor.jpg","399-C0603C102K5RAC3121TR-ND,399-C0603C102K5RAC3121CT-ND,399-C0603C102K5RAC3121DKR-ND","C0603C102K5RAC3121","KEMET","KEMET","CAP CER 1000PF 50V X7R 0603","15.830","0.01633","20000","1","Tape & Reel (TR),Cut Tape (CT),Digi-Reel®","SMD Comm X7R","Active","1000 pF","±10%","50V","X7R","-55°C ~ 125°C","-","AEC-Q200","Bypass, Decoupling","Surface Mount, MLCC","0603 (1608 Metric)","0.063"" L x 0.031"" W (1.60mm x 0.80mm)","-","-","-","-","-","https://www.digikey.be/en/products/detail/kemet/C0603C102K5RAC3121/22056643"
"https://www.we-online.com/components/products/datasheet/885012007008.pdf","//mm.digikey.com/Volume0/opasdata/d220001/medias/images/757/0805-%282012-Metric%29-1%2C35mm_BN.jpg","732-7813-2-ND,732-7813-1-ND,732-7813-6-ND","885012007008","Würth Elektronik","Würth Elektronik","CAP CER 1000PF 10V C0G/NP0 0805","298","0.0164","20000","1","Tape & Reel (TR),Cut Tape (CT),Digi-Reel®","WCAP-CSGP","Active","1000 pF","±5%","10V","C0G, NP0","-55°C ~ 125°C","-","-","General Purpose","Surface Mount, MLCC","0805 (2012 Metric)","0.079"" L x 0.049"" W (2.00mm x 1.25mm)","-","0.035"" (0.90mm)","-","-","-","https://www.digikey.be/en/products/detail/würth-elektronik/885012007008/5453668"
"https://www.we-online.com/components/products/datasheet/885012007021.pdf","//mm.digikey.com/Volume0/opasdata/d220001/medias/images/757/0805-%282012-Metric%29-1%2C35mm_BN.jpg","732-12252-2-ND,732-12252-1-ND,732-12252-6-ND","885012007021","Würth Elektronik","Würth Elektronik","CAP CER 1000PF 16V C0G/NP0 0805","3.313","0.01649","20000","1","Tape & Reel (TR),Cut Tape (CT),Digi-Reel®","WCAP-CSGP","Active","1000 pF","±5%","16V","C0G, NP0","-55°C ~ 125°C","-","-","General Purpose","Surface Mount, MLCC","0805 (2012 Metric)","0.079"" L x 0.049"" W (2.00mm x 1.25mm)","-","0.035"" (0.90mm)","-","-","-","https://www.digikey.be/en/products/detail/würth-elektronik/885012007021/5455586"
"https://www.yageo.com/en/Chart/Download/pdf/CC0805JRNPO9BN102","//mm.digikey.com/Volume0/opasdata/d220001/medias/images/2485/0805%288%5E5mm%20thickness%29.jpg","311-1122-2-ND,311-1122-1-ND,311-1122-6-ND","CC0805JRNPO9BN102","YAGEO","YAGEO","CAP CER 1000PF 50V C0G/NPO 0805","85.293","0.01651","20000","1","Tape & Reel (TR),Cut Tape (CT),Digi-Reel®","CC","Active","1000 pF","±5%","50V","C0G, NP0","-55°C ~ 125°C","-","-","General Purpose","Surface Mount, MLCC","0805 (2012 Metric)","0.079"" L x 0.049"" W (2.00mm x 1.25mm)","-","0.024"" (0.60mm)","-","-","-","https://www.digikey.be/en/products/detail/yageo/CC0805JRNPO9BN102/302856"
"https://www.yageo.com/en/Chart/Download/pdf/CC0805JPNPO9BN102","//mm.digikey.com/Volume0/opasdata/d220001/medias/images/2485/0805%288%5E5mm%20thickness%29.jpg","13-CC0805JPNPO9BN102TR-ND,13-CC0805JPNPO9BN102CT-ND,13-CC0805JPNPO9BN102DKR-ND","CC0805JPNPO9BN102","YAGEO","YAGEO","CAP CER 1000PF 50V C0G/NPO 0805","26.472","0.01651","20000","1","Tape & Reel (TR),Cut Tape (CT),Digi-Reel®","CC","Active","1000 pF","±5%","50V","C0G, NP0","-55°C ~ 125°C","-","-","General Purpose","Surface Mount, MLCC","0805 (2012 Metric)","0.079"" L x 0.049"" W (2.00mm x 1.25mm)","-","0.028"" (0.70mm)","-","-","-","https://www.digikey.be/en/products/detail/yageo/CC0805JPNPO9BN102/11491515"
"//mm.digikey.com/Volume0/opasdata/d220001/medias/docus/6679/MLCC_Datasheet.pdf","//mm.digikey.com/Volume0/opasdata/d220001/medias/images/7228/MFG_478_Flexiterm_series.jpg","478-KAF15AR71H102KTTR-ND,478-KAF15AR71H102KTCT-ND,478-KAF15AR71H102KTDKR-ND","06035C102K4Z2A","KYOCERA AVX","KYOCERA AVX","CAP CER 1000PF 50V X7R 0603","20.885","0.01652","20000","1","Tape & Reel (TR),Cut Tape (CT),Digi-Reel®","FLEXITERM®","Active","1000 pF","±10%","50V","X7R","-55°C ~ 125°C","Soft Termination","AEC-Q200","Automotive, Boardflex Sensitive","Surface Mount, MLCC","0603 (1608 Metric)","0.063"" L x 0.032"" W (1.60mm x 0.81mm)","-","0.037"" (0.94mm)","-","-","-","https://www.digikey.be/en/products/detail/kyocera-avx/06035C102K4Z2A/2512075"
"https://search.murata.co.jp/Ceramy/image/img/A01X/G101/ENG/GCM188R71H102KA37-01.pdf","//mm.digikey.com/Volume0/opasdata/d220001/medias/images/5447/490-Ceramic-Capacitor-Tan-Field.jpg","490-4777-2-ND,490-4777-1-ND,490-4777-6-ND","GCM188R71H102KA37D","Murata Electronics","Murata Electronics","CAP CER 1000PF 50V X7R 0603","5.843.639","0.01653","20000","1","Tape & Reel (TR),Cut Tape (CT),Digi-Reel®","GCM","Active","1000 pF","±10%","50V","X7R","-55°C ~ 125°C","-","AEC-Q200","Automotive","Surface Mount, MLCC","0603 (1608 Metric)","0.063"" L x 0.031"" W (1.60mm x 0.80mm)","-","0.035"" (0.90mm)","-","-","-","https://www.digikey.be/en/products/detail/murata-electronics/GCM188R71H102KA37D/1641651"
"https://search.murata.co.jp/Ceramy/image/img/A01X/G101/ENG/GCM188R71H102KA37-01.pdf","//mm.digikey.com/Volume0/opasdata/d220001/medias/images/5447/490-Ceramic-Capacitor-Tan-Field.jpg","490-8019-2-ND,490-8019-1-ND,490-8019-6-ND","GCM188R71H102KA37J","Murata Electronics","Murata Electronics","CAP CER 1000PF 50V X7R 0603","397.851","0.01653","20000","1","Tape & Reel (TR),Cut Tape (CT),Digi-Reel®","GCM","Active","1000 pF","±10%","50V","X7R","-55°C ~ 125°C","-","AEC-Q200","Automotive","Surface Mount, MLCC","0603 (1608 Metric)","0.063"" L x 0.031"" W (1.60mm x 0.80mm)","-","0.035"" (0.90mm)","-","-","-","https://www.digikey.be/en/products/detail/murata-electronics/GCM188R71H102KA37J/2591940"
"//mm.digikey.com/Volume0/opasdata/d220001/medias/docus/3611/CL03B102KO3NNNC_Spec.pdf","//mm.digikey.com/Volume0/opasdata/d220001/medias/images/2537/Ceramic-Capacitor-CL-Series.jpg","1276-1342-2-ND,1276-1342-1-ND,1276-1342-6-ND","CL03B102KO3NNNC","Samsung Electro-Mechanics","Samsung Electro-Mechanics","CAP CER 1000PF 16V X7R 0201","2.871.532","0.01668","20000","1","Tape & Reel (TR),Cut Tape (CT),Digi-Reel®","CL","Active","1000 pF","±10%","16V","X7R","-55°C ~ 125°C","-","-","General Purpose","Surface Mount, MLCC","0201 (0603 Metric)","0.024"" L x 0.012"" W (0.60mm x 0.30mm)","-","0.013"" (0.33mm)","-","-","-","https://www.digikey.be/en/products/detail/samsung-electro-mechanics/CL03B102KO3NNNC/3887000"
"https://www.we-online.com/components/products/datasheet/885012007040.pdf","//mm.digikey.com/Volume0/opasdata/d220001/medias/images/757/0805-%282012-Metric%29-1%2C35mm_BN.jpg","732-7839-2-ND,732-7839-1-ND,732-7839-6-ND","885012007040","Würth Elektronik","Würth Elektronik","CAP CER 1000PF 25V C0G/NP0 0805","32.096","0.01668","20000","1","Tape & Reel (TR),Cut Tape (CT),Digi-Reel®","WCAP-CSGP","Active","1000 pF","±5%","25V","C0G, NP0","-55°C ~ 125°C","-","-","General Purpose","Surface Mount, MLCC","0805 (2012 Metric)","0.079"" L x 0.049"" W (2.00mm x 1.25mm)","-","0.035"" (0.90mm)","-","-","-","https://www.digikey.be/en/products/detail/würth-elektronik/885012007040/5453694"
"https://datasheets.kyocera-avx.com/C0GNP0-KGM.pdf","//mm.digikey.com/Volume0/opasdata/d220001/medias/images/4845/478_0603-%281608-Metric%29-0%2C90mm.jpg","478-KGM15ACG1H102JTTR-ND,478-KGM15ACG1H102JTCT-ND,478-KGM15ACG1H102JTDKR-ND","KGM15ACG1H102JT","KYOCERA AVX","KYOCERA AVX","CAP CER 1000PF 50V C0G/NP0 0603","168.874","0.01669","20000","1","Tape & Reel (TR),Cut Tape (CT),Digi-Reel®","KGM - C0G","Active","1000 pF","±5%","50V","C0G, NP0","-55°C ~ 125°C","-","-","General Purpose","Surface Mount, MLCC","0603 (1608 Metric)","0.063"" L x 0.032"" W (1.60mm x 0.81mm)","-","0.035"" (0.90mm)","-","-","-","https://www.digikey.be/en/products/detail/kyocera-avx/KGM15ACG1H102JT/563297"
"//mm.digikey.com/Volume0/opasdata/d220001/medias/docus/3545/CL03B102KA3NNNC_Spec.pdf","//mm.digikey.com/Volume0/opasdata/d220001/medias/images/2537/Ceramic-Capacitor-CL-Series.jpg","1276-1341-2-ND,1276-1341-1-ND,1276-1341-6-ND","CL03B102KA3NNNC","Samsung Electro-Mechanics","Samsung Electro-Mechanics","CAP CER 1000PF 25V X7R 0201","200.127","0.01682","20000","1","Tape & Reel (TR),Cut Tape (CT),Digi-Reel®","CL","Active","1000 pF","±10%","25V","X7R","-55°C ~ 125°C","-","-","General Purpose","Surface Mount, MLCC","0201 (0603 Metric)","0.024"" L x 0.012"" W (0.60mm x 0.30mm)","-","0.013"" (0.33mm)","-","-","-","https://www.digikey.be/en/products/detail/samsung-electro-mechanics/CL03B102KA3NNNC/3886999"
"https://yageogroup.com/content/datasheet/asset/file/KEM_C1023_X7R_AUTO_SMD","//mm.digikey.com/Volume0/opasdata/d220001/medias/images/5352/0603-%281608-Metric%29-Ceramic-Capacitor.jpg","399-C0603C102K5RACAUTO7411TR-ND,399-C0603C102K5RACAUTO7411CT-ND,399-C0603C102K5RACAUTO7411DKR-ND","C0603C102K5RACAUTO7411","KEMET","KEMET","CAP CER 1000PF 50V X7R 0603","3.501","0.01683","20000","1","Tape & Reel (TR),Cut Tape (CT),Digi-Reel®","SMD Auto X7R","Active","1000 pF","±10%","50V","X7R","-55°C ~ 125°C","-","AEC-Q200","Automotive, Bypass, Decoupling","Surface Mount, MLCC","0603 (1608 Metric)","0.063"" L x 0.031"" W (1.60mm x 0.80mm)","-","0.034"" (0.87mm)","-","-","-","https://www.digikey.be/en/products/detail/kemet/C0603C102K5RACAUTO7411/11676491"
"//mm.digikey.com/Volume0/opasdata/d220001/medias/docus/5064/X7R_Dielectric_6.3-250_Auto.pdf","//mm.digikey.com/Volume0/opasdata/d220001/medias/images/5352/0603-%281608-Metric%29-Ceramic-Capacitor.jpg","399-C0603C102K5RAC3112TR-ND,399-C0603C102K5RAC3112CT-ND,399-C0603C102K5RAC3112DKR-ND","C0603C102K5RAC3112","KEMET","KEMET","CAP CER 1000PF 50V X7R 0603","11.000","0.01683","20000","1","Tape & Reel (TR),Cut Tape (CT),Digi-Reel®","SMD Comm X7R","Active","1000 pF","±10%","50V","X7R","-55°C ~ 125°C","-","AEC-Q200","Bypass, Decoupling","Surface Mount, MLCC","0603 (1608 Metric)","0.063"" L x 0.031"" W (1.60mm x 0.80mm)","-","-","-","-","-","https://www.digikey.be/en/products/detail/kemet/C0603C102K5RAC3112/18153788"
"https://yageogroup.com/content/datasheet/asset/file/KEM_C1007_X8R_ULTRA_150C_SMD","//mm.digikey.com/Volume0/opasdata/d220001/medias/images/5357/0402-%281005-Metric%29-Ceramic-Capacitor.jpg","399-C0402C102J8HACAUTOTR-ND,399-C0402C102J8HACAUTOCT-ND,399-C0402C102J8HACAUTODKR-ND","C0402C102J8HACAUTO","KEMET","KEMET","CAP CER 0402 1NF 10V ULTRA STABL","22.443","0.01685","20000","1","Tape & Reel (TR),Cut Tape (CT),Digi-Reel®","SMD Auto X8R HT150C","Active","1000 pF","±5%","10V","X8R","-55°C ~ 150°C","Low ESL, High Temperature","AEC-Q200","Automotive","Surface Mount, MLCC","0402 (1005 Metric)","0.039"" L x 0.020"" W (1.00mm x 0.50mm)","-","0.022"" (0.55mm)","-","-","-","https://www.digikey.be/en/products/detail/kemet/C0402C102J8HACAUTO/7955580"
"https://www.vishay.com/docs/28548/vjw1bcbascomseries.pdf","//mm.digikey.com/Volume0/opasdata/d220001/medias/images/6878/VJ-W1BC-series_0402-1005-Metric.jpg","720-VJ0402A102FXACW1BCTR-ND,720-VJ0402A102FXACW1BCCT-ND,720-VJ0402A102FXACW1BCDKR-ND","VJ0402A102FXACW1BC","Vishay Vitramon","Vishay Vitramon","CAP CER 1000PF 50V C0G/NP0 0402","1.366","0.01685","20000","1","Tape & Reel (TR),Cut Tape (CT),Digi-Reel®","VJ W1BC","Active","1000 pF","±1%","50V","C0G, NP0","-55°C ~ 125°C","-","-","General Purpose","Surface Mount, MLCC","0402 (1005 Metric)","0.039"" L x 0.020"" W (1.00mm x 0.50mm)","-","0.022"" (0.55mm)","-","-","-","https://www.digikey.be/en/products/detail/vishay-vitramon/VJ0402A102FXACW1BC/27786112"
"https://datasheets.kyocera-avx.com/FlexitermMLCC.pdf","//mm.digikey.com/Volume0/opasdata/d220001/medias/images/7228/MFG_478_Flexiterm_series.jpg","478-KAF15AR71H102KMTR-ND,478-KAF15AR71H102KMCT-ND,478-KAF15AR71H102KMDKR-ND","06035C102K4Z4A","KYOCERA AVX","KYOCERA AVX","CAP CER SMD","8.635","0.01702","20000","1","Tape & Reel (TR),Cut Tape (CT),Digi-Reel®","FLEXITERM®","Active","1000 pF","±10%","50V","X7R","-55°C ~ 125°C","Soft Termination","AEC-Q200","Automotive, Boardflex Sensitive","Surface Mount, MLCC","0603 (1608 Metric)","0.063"" L x 0.032"" W (1.60mm x 0.81mm)","-","0.035"" (0.90mm)","-","-","-","https://www.digikey.be/en/products/detail/kyocera-avx/06035C102K4Z4A/11244977"
"https://yageogroup.com/content/datasheet/asset/file/KEM_C1091_C0G_ESD","//mm.digikey.com/Volume0/opasdata/d220001/medias/images/5357/0402-%281005-Metric%29-Ceramic-Capacitor.jpg","399-C0402C102K5GECTUTR-ND,399-C0402C102K5GECTUCT-ND,399-C0402C102K5GECTUDKR-ND","C0402C102K5GECTU","KEMET","KEMET","CAP CER 0402 1NF 50V C0G 10%","37.825","0.01702","20000","1","Tape & Reel (TR),Cut Tape (CT),Digi-Reel®","ESD SMD Comm C0G","Active","1000 pF","±10%","50V","C0G, NP0","-55°C ~ 125°C","Low ESL, Low ESR","-","ESD Protection","Surface Mount, MLCC","0402 (1005 Metric)","0.039"" L x 0.020"" W (1.00mm x 0.50mm)","-","0.022"" (0.55mm)","-","-","-","https://www.digikey.be/en/products/detail/kemet/C0402C102K5GECTU/8644402"
"https://product.tdk.com/system/files/dam/doc/product/capacitor/ceramic/mlcc/catalog/mlcc_commercial_hightemp_en.pdf","//mm.digikey.com/Volume0/opasdata/d220001/medias/images/2360/C%20Series%200603%281608%20Metric%29%209.jpg","445-2501-2-ND,445-2501-1-ND,445-2501-6-ND","C1608X8R1H102K080AA","TDK","TDK","CAP CER 1000PF 50V X8R 0603","21.083","0.01703","20000","1","Tape & Reel (TR),Cut Tape (CT),Digi-Reel®","C","Active","1000 pF","±10%","50V","X8R","-55°C ~ 150°C","High Temperature","-","General Purpose","Surface Mount, MLCC","0603 (1608 Metric)","0.063"" L x 0.031"" W (1.60mm x 0.80mm)","-","0.035"" (0.90mm)","-","-","-","https://www.digikey.be/en/products/detail/tdk/C1608X8R1H102K080AA/927127"
"https://search.murata.co.jp/Ceramy/image/img/A01X/G101/ENG/GCM1555C1HR50BA16-01A.pdf","//mm.digikey.com/Volume0/opasdata/d220001/medias/images/5447/490-Ceramic-Capacitor-Tan-Field.jpg","490-GCM1555C1H102GA16DTR-ND,490-GCM1555C1H102GA16DCT-ND,490-GCM1555C1H102GA16DDKR-ND","GCM1555C1H102GA16D","Murata Electronics","Murata Electronics","CAP CER 1000PF 50V C0G/NP0 0402","13.205","0.01703","20000","1","Tape & Reel (TR),Cut Tape (CT),Digi-Reel®","GCM","Active","1000 pF","±2%","50V","C0G, NP0","-55°C ~ 125°C","-","AEC-Q200","Automotive","Surface Mount, MLCC","0402 (1005 Metric)","0.039"" L x 0.020"" W (1.00mm x 0.50mm)","-","0.022"" (0.55mm)","-","-","-","https://www.digikey.be/en/products/detail/murata-electronics/GCM1555C1H102GA16D/11618779"
"https://yageogroup.com/content/datasheet/asset/file/KEM_C1002_X7R_SMD","//mm.digikey.com/Volume0/opasdata/d220001/medias/images/423/0805-%282012-Metric%29-2%2C00x1%2C20x1%2C00mm.jpg","399-C0805C102K5RAC7210TR-ND,399-C0805C102K5RAC7210CT-ND,399-C0805C102K5RAC7210DKR-ND","C0805C102K5RAC7210","KEMET","KEMET","CAP CER 1000PF 50V X7R 0805","54.455","0.01718","20000","1","Tape & Reel (TR),Cut Tape (CT),Digi-Reel®","SMD Comm X7R","Active","1000 pF","±10%","50V","X7R","-55°C ~ 125°C","-","-","Bypass, Decoupling","Surface Mount, MLCC","0805 (2012 Metric)","0.079"" L x 0.049"" W (2.00mm x 1.25mm)","-","0.035"" (0.88mm)","-","-","-","https://www.digikey.be/en/products/detail/kemet/C0805C102K5RAC7210/12700950"
"https://datasheets.kyocera-avx.com/C0GNP0-KGM.pdf","//mm.digikey.com/Volume0/opasdata/d220001/medias/images/4845/478_0603-%281608-Metric%29-0%2C90mm.jpg","478-KGM15ACG1H102JMTR-ND,478-KGM15ACG1H102JMCT-ND,478-KGM15ACG1H102JMDKR-ND","KGM15ACG1H102JM","KYOCERA AVX","KYOCERA AVX","CAP CER 1000PF 50V C0G/NP0 0603","75.514","0.01719","20000","1","Tape & Reel (TR),Cut Tape (CT),Digi-Reel®","KGM - C0G","Active","1000 pF","±5%","50V","C0G, NP0","-55°C ~ 125°C","-","-","General Purpose","Surface Mount, MLCC","0603 (1608 Metric)","0.063"" L x 0.032"" W (1.60mm x 0.81mm)","-","0.035"" (0.90mm)","-","-","-","https://www.digikey.be/en/products/detail/kyocera-avx/KGM15ACG1H102JM/3661138"
"https://yageogroup.com/content/datasheet/asset/file/KEM_C1003_C0G_SMD","//mm.digikey.com/Volume0/opasdata/d220001/medias/images/5352/0603-%281608-Metric%29-Ceramic-Capacitor.jpg","399-C0603C102J3GACTUTR-ND,399-C0603C102J3GACTUCT-ND,399-C0603C102J3GACTUDKR-ND","C0603C102J3GACTU","KEMET","KEMET","CAP CER 1000PF 25V C0G/NP0 0603","211.291","0.01719","20000","1","Tape & Reel (TR),Cut Tape (CT),Digi-Reel®","SMD Comm C0G","Active","1000 pF","±5%","25V","C0G, NP0","-55°C ~ 125°C","Low ESL","-","General Purpose","Surface Mount, MLCC","0603 (1608 Metric)","0.063"" L x 0.031"" W (1.60mm x 0.80mm)","-","0.034"" (0.87mm)","-","-","-","https://www.digikey.be/en/products/detail/kemet/C0603C102J3GACTU/2199705"
"https://yageogroup.com/content/datasheet/asset/file/KEM_C1007_X8R_ULTRA_150C_SMD","//mm.digikey.com/Volume0/opasdata/d220001/medias/images/5357/0402-%281005-Metric%29-Ceramic-Capacitor.jpg","399-C0402C102J4HACAUTOTR-ND,399-C0402C102J4HACAUTOCT-ND,399-C0402C102J4HACAUTODKR-ND","C0402C102J4HACAUTO","KEMET","KEMET","CAP CER 0402 1NF 16V ULTRA STABL","6.498","0.01719","20000","1","Tape & Reel (TR),Cut Tape (CT),Digi-Reel®","SMD Auto X8R HT150C","Active","1000 pF","±5%","16V","X8R","-55°C ~ 150°C","Low ESL, High Temperature","AEC-Q200","Automotive","Surface Mount, MLCC","0402 (1005 Metric)","0.039"" L x 0.020"" W (1.00mm x 0.50mm)","-","0.022"" (0.55mm)","-","-","-","https://www.digikey.be/en/products/detail/kemet/C0402C102J4HACAUTO/7955617"
"https://yageogroup.com/content/datasheet/asset/file/UPY-GPHC_X7R_6_3V-TO-250V","//mm.digikey.com/Volume0/opasdata/d220001/medias/images/2485/0805%288%5E5mm%20thickness%29.jpg","311-4270-2-ND,311-4270-1-ND,311-4270-6-ND","CC0805JRX7R9BB102","YAGEO","YAGEO","CAP CER 1000PF 50V X7R 0805","904","0.01726","20000","1","Tape & Reel (TR),Cut Tape (CT),Digi-Reel®","CC","Active","1000 pF","±5%","50V","X7R","-55°C ~ 125°C","-","-","General Purpose","Surface Mount, MLCC","0805 (2012 Metric)","0.079"" L x 0.049"" W (2.00mm x 1.25mm)","-","0.028"" (0.70mm)","-","-","-","https://www.digikey.be/en/products/detail/yageo/CC0805JRX7R9BB102/5884113"
"https://www.yageo.com/en/Chart/Download/pdf/CC0805KRNPO9BN102","//mm.digikey.com/Volume0/opasdata/d220001/medias/images/2485/0805%288%5E5mm%20thickness%29.jpg","311-4296-2-ND,311-4296-1-ND,311-4296-6-ND","CC0805KRNPO9BN102","YAGEO","YAGEO","CAP CER 1000PF 50V C0G/NPO 0805","9.204","0.01727","20000","1","Tape & Reel (TR),Cut Tape (CT),Digi-Reel®","CC","Active","1000 pF","±10%","50V","C0G, NP0","-55°C ~ 125°C","-","-","General Purpose","Surface Mount, MLCC","0805 (2012 Metric)","0.079"" L x 0.049"" W (2.00mm x 1.25mm)","-","0.028"" (0.70mm)","-","-","-","https://www.digikey.be/en/products/detail/yageo/CC0805KRNPO9BN102/5884170"
"https://www.yageo.com/upload/media/product/productsearch/datasheet/mlcc/UPY-AS_X7R_16V-to-250V_3.pdf","//mm.digikey.com/Volume0/opasdata/d220001/medias/images/2488/0603%289mmthickness%29.jpg","13-AS0603KRX7R9BB102TR-ND,13-AS0603KRX7R9BB102CT-ND,13-AS0603KRX7R9BB102DKR-ND","AS0603KRX7R9BB102","YAGEO","YAGEO","CAP CER 1000PF 50V X7R 0603","4.000","0.01742","20000","1","Tape & Reel (TR),Cut Tape (CT),Digi-Reel®","AS","Active","1000 pF","±10%","50V","X7R","-55°C ~ 125°C","Soft Termination","AEC-Q200","Automotive, Boardflex Sensitive","Surface Mount, MLCC","0603 (1608 Metric)","0.063"" L x 0.031"" W (1.60mm x 0.80mm)","-","0.037"" (0.95mm)","-","-","-","https://www.digikey.be/en/products/detail/yageo/AS0603KRX7R9BB102/16797850"
"//mm.digikey.com/Volume0/opasdata/d220001/medias/docus/5048/MAASL063SB7102KFCA01_SS.pdf","//mm.digikey.com/Volume0/opasdata/d220001/medias/images/5050/MFG_MAASL063SB7103KFCA01.jpg","587-MAASL063SB7102KFCA01TR-ND,587-MAASL063SB7102KFCA01CT-ND,587-MAASL063SB7102KFCA01DKR-ND","MAASL063SB7102KFCA01","Taiyo Yuden","Taiyo Yuden","CAP CER 1000PF 10V X7R 0201","42.281","0.01753","20000","1","Tape & Reel (TR),Cut Tape (CT),Digi-Reel®","MAAS","Active","1000 pF","±10%","10V","X7R","-55°C ~ 125°C","-","AEC-Q200","Automotive","Surface Mount, MLCC","0201 (0603 Metric)","0.024"" L x 0.012"" W (0.60mm x 0.30mm)","0.013"" (0.33mm)","0.013"" (0.33mm)","-","-","-","https://www.digikey.be/en/products/detail/taiyo-yuden/MAASL063SB7102KFCA01/18109026"
"//mm.digikey.com/Volume0/opasdata/d220001/medias/docus/5054/MAASL063SB7102MFCA01_SS.pdf","//mm.digikey.com/Volume0/opasdata/d220001/medias/images/5050/MFG_MAASL063SB7103KFCA01.jpg","587-MAASL063SB7102MFCA01TR-ND,587-MAASL063SB7102MFCA01CT-ND,587-MAASL063SB7102MFCA01DKR-ND","MAASL063SB7102MFCA01","Taiyo Yuden","Taiyo Yuden","CAP CER 1000PF 10V X7R 0201","29.019","0.01753","20000","1","Tape & Reel (TR),Cut Tape (CT),Digi-Reel®","MAAS","Active","1000 pF","±20%","10V","X7R","-55°C ~ 125°C","-","AEC-Q200","Automotive","Surface Mount, MLCC","0201 (0603 Metric)","0.024"" L x 0.012"" W (0.60mm x 0.30mm)","0.013"" (0.33mm)","0.013"" (0.33mm)","-","-","-","https://www.digikey.be/en/products/detail/taiyo-yuden/MAASL063SB7102MFCA01/18109034"
"https://yageogroup.com/content/datasheet/asset/file/KEM_C1003_C0G_SMD","//mm.digikey.com/Volume0/opasdata/d220001/medias/images/423/0805-%282012-Metric%29-2%2C00x1%2C20x1%2C00mm.jpg","399-C0805C102K5GACTUTR-ND,399-C0805C102K5GACTUCT-ND,399-C0805C102K5GACTUDKR-ND","C0805C102K5GACTU","KEMET","KEMET","CAP CER 1000PF 50V C0G/NP0 0805","82.486","0.01766","20000","1","Tape & Reel (TR),Cut Tape (CT),Digi-Reel®","SMD Comm C0G","Active","1000 pF","±10%","50V","C0G, NP0","-55°C ~ 125°C","Low ESL","-","General Purpose","Surface Mount, MLCC","0805 (2012 Metric)","0.079"" L x 0.049"" W (2.00mm x 1.25mm)","-","0.035"" (0.88mm)","-","-","-","https://www.digikey.be/en/products/detail/kemet/C0805C102K5GACTU/2209704"
"https://www.niccomp.com/quickBUILDER/QBPN.php?pNumber=NMC0603NPO102J50TRPF","//mm.digikey.com/Volume0/opasdata/d220001/medias/images/5378/MFG_NMC.jpg","4988-NMC0603NPO102J50TRPFTR-ND,4988-NMC0603NPO102J50TRPFCT-ND,4988-NMC0603NPO102J50TRPFDKR-ND","NMC0603NPO102J50TRPF","NIC Components Corp","NIC Components Corp","CAP SMT06030.001F50VDC","40.874","0.01766","20000","1","Tape & Reel (TR),Cut Tape (CT),Digi-Reel®","NMC","Active","1000 pF","±5%","50V","NP0","-55°C ~ 125°C","-","-","General Purpose","Surface Mount, MLCC","0603 (1608 Metric)","-","-","-","-","-","-","https://www.digikey.be/en/products/detail/nic-components-corp/NMC0603NPO102J50TRPF/22320448"
"https://product.tdk.com/system/files/dam/doc/product/capacitor/ceramic/mlcc/catalog/mlcc_automotive_hightemp_en.pdf","//mm.digikey.com/Volume0/opasdata/d220001/medias/images/2097/CGA-Series-0603-%281608-Metric%29.jpg","445-5886-2-ND,445-5886-1-ND,445-5886-6-ND","CGA3E2X8R1H102K080AA","TDK","TDK","CAP CER 1000PF 50V X8R 0603","31.615","0.01769","20000","1","Tape & Reel (TR),Cut Tape (CT),Digi-Reel®","CGA","Active","1000 pF","±10%","50V","X8R","-55°C ~ 150°C","High Temperature","AEC-Q200","Automotive","Surface Mount, MLCC","0603 (1608 Metric)","0.063"" L x 0.031"" W (1.60mm x 0.80mm)","-","0.035"" (0.90mm)","-","-","-","https://www.digikey.be/en/products/detail/tdk/CGA3E2X8R1H102K080AA/2443364"
"https://product.tdk.com/system/files/dam/doc/product/capacitor/ceramic/mlcc/catalog/mlcc_automotive_hightemp_en.pdf","//mm.digikey.com/Volume0/opasdata/d220001/medias/images/2097/CGA-Series-0603-%281608-Metric%29.jpg","445-CGA3E2X8R1H102M080AATR-ND,445-CGA3E2X8R1H102M080AACT-ND,445-CGA3E2X8R1H102M080AADKR-ND","CGA3E2X8R1H102M080AA","TDK","TDK","CAP CER 1000PF 50V X8R 0603","6.046","0.01769","20000","1","Tape & Reel (TR),Cut Tape (CT),Digi-Reel®","CGA","Active","1000 pF","±20%","50V","X8R","-55°C ~ 150°C","High Temperature","AEC-Q200","Automotive","Surface Mount, MLCC","0603 (1608 Metric)","0.063"" L x 0.031"" W (1.60mm x 0.80mm)","-","0.035"" (0.90mm)","-","-","-","https://www.digikey.be/en/products/detail/tdk/CGA3E2X8R1H102M080AA/3949844"
"https://yageogroup.com/content/datasheet/asset/file/KEM_C1023_X7R_AUTO_SMD","//mm.digikey.com/Volume0/opasdata/d220001/medias/images/5352/0603-%281608-Metric%29-Ceramic-Capacitor.jpg","399-6847-2-ND,399-6847-1-ND,399-6847-6-ND","C0603C102K3RACAUTO","KEMET","KEMET","CAP CER 1000PF 25V X7R 0603","65.604","0.0177","20000","1","Tape & Reel (TR),Cut Tape (CT),Digi-Reel®","SMD Auto X7R","Active","1000 pF","±10%","25V","X7R","-55°C ~ 125°C","-","AEC-Q200","Automotive, Bypass, Decoupling","Surface Mount, MLCC","0603 (1608 Metric)","0.063"" L x 0.031"" W (1.60mm x 0.80mm)","-","0.034"" (0.87mm)","-","-","-","https://www.digikey.be/en/products/detail/kemet/C0603C102K3RACAUTO/3314844"
"https://yageogroup.com/content/datasheet/asset/file/KEM_C1023_X7R_AUTO_SMD","//mm.digikey.com/Volume0/opasdata/d220001/medias/images/5352/0603-%281608-Metric%29-Ceramic-Capacitor.jpg","399-C0603C102K8RACAUTOTR-ND,399-C0603C102K8RACAUTOCT-ND,399-C0603C102K8RACAUTODKR-ND","C0603C102K8RACAUTO","KEMET","KEMET","CAP CER 1000PF 10V X7R 0603","65.089","0.0177","20000","1","Tape & Reel (TR),Cut Tape (CT),Digi-Reel®","SMD Auto X7R","Active","1000 pF","±10%","10V","X7R","-55°C ~ 125°C","-","AEC-Q200","Automotive, Bypass, Decoupling","Surface Mount, MLCC","0603 (1608 Metric)","0.063"" L x 0.031"" W (1.60mm x 0.80mm)","-","0.034"" (0.87mm)","-","-","-","https://www.digikey.be/en/products/detail/kemet/C0603C102K8RACAUTO/16524817"
"https://yageogroup.com/content/datasheet/asset/file/KEM_C1023_X7R_AUTO_SMD","//mm.digikey.com/Volume0/opasdata/d220001/medias/images/5352/0603-%281608-Metric%29-Ceramic-Capacitor.jpg","399-17565-2-ND,399-17565-1-ND,399-17565-6-ND","C0603C102K4RACAUTO","KEMET","KEMET","CAP CER 1000PF 16V X7R 0603","21.252","0.0177","20000","1","Tape & Reel (TR),Cut Tape (CT),Digi-Reel®","SMD Auto X7R","Active","1000 pF","±10%","16V","X7R","-55°C ~ 125°C","-","AEC-Q200","Automotive, Bypass, Decoupling","Surface Mount, MLCC","0603 (1608 Metric)","0.063"" L x 0.031"" W (1.60mm x 0.80mm)","-","0.034"" (0.87mm)","-","-","-","https://www.digikey.be/en/products/detail/kemet/C0603C102K4RACAUTO/8572400"
"https://yageogroup.com/content/datasheet/asset/file/UPY-AC_NP0X7RX7S_6_3V-TO-2KV","//mm.digikey.com/Volume0/opasdata/d220001/medias/images/6808/AC_Series_0603_1608.jpg","13-AC0603JRX7R9BB102TR-ND,13-AC0603JRX7R9BB102CT-ND,13-AC0603JRX7R9BB102DKR-ND","AC0603JRX7R9BB102","YAGEO","YAGEO","CAP CER 1000PF 50V X7R 0603","7.965","0.01797","20000","1","Tape & Reel (TR),Cut Tape (CT),Digi-Reel®","AC","Active","1000 pF","±5%","50V","X7R","-55°C ~ 125°C","-","AEC-Q200","Automotive","Surface Mount, MLCC","0603 (1608 Metric)","0.063"" L x 0.031"" W (1.60mm x 0.80mm)","-","0.035"" (0.90mm)","-","-","-","https://www.digikey.be/en/products/detail/yageo/AC0603JRX7R9BB102/11489859"
"https://datasheets.kyocera-avx.com/C0GNP0-KGM.pdf","//mm.digikey.com/Volume0/opasdata/d220001/medias/images/2490/CERAMIC%20NULL%20SERIES%200805.jpg","478-KGM21BCG1H102JTTR-ND,478-KGM21BCG1H102JTCT-ND,478-KGM21BCG1H102JTDKR-ND","KGM21BCG1H102JT","KYOCERA AVX","KYOCERA AVX","CAP CER 1000PF 50V C0G/NP0 0805","81.106","0.0182","20000","1","Tape & Reel (TR),Cut Tape (CT),Digi-Reel®","KGM - C0G","Active","1000 pF","±5%","50V","C0G, NP0","-55°C ~ 125°C","-","-","General Purpose","Surface Mount, MLCC","0805 (2012 Metric)","0.079"" L x 0.049"" W (2.01mm x 1.25mm)","-","0.037"" (0.94mm)","-","-","-","https://www.digikey.be/en/products/detail/kyocera-avx/KGM21BCG1H102JT/563438"
"https://datasheets.kyocera-avx.com/C0GNP0-KGM.pdf","//mm.digikey.com/Volume0/opasdata/d220001/medias/images/4848/478_0402-%281005-Metric%29-0%2C56mm.jpg","478-KGM05ACG1E102JHTR-ND,478-KGM05ACG1E102JHCT-ND,478-KGM05ACG1E102JHDKR-ND","KGM05ACG1E102JH","KYOCERA AVX","KYOCERA AVX","CAP CER 1000PF 25V C0G/NP0 0402","50.494","0.0182","20000","1","Tape & Reel (TR),Cut Tape (CT),Digi-Reel®","KGM - C0G","Active","1000 pF","±5%","25V","C0G, NP0","-55°C ~ 125°C","-","-","General Purpose","Surface Mount, MLCC","0402 (1005 Metric)","0.039"" L x 0.020"" W (1.00mm x 0.50mm)","-","0.022"" (0.55mm)","-","-","-","https://www.digikey.be/en/products/detail/kyocera-avx/KGM05ACG1E102JH/13557265"
"https://www.vishay.com/docs/28548/vjw1bcbascomseries.pdf","//mm.digikey.com/Volume0/opasdata/d220001/medias/images/6770/VJ_W1BC_Series_0603-1608.jpg","720-VJ0603Y102JXACW1BCTR-ND,720-VJ0603Y102JXACW1BCCT-ND,720-VJ0603Y102JXACW1BCDKR-ND","VJ0603Y102JXACW1BC","Vishay Vitramon","Vishay Vitramon","CAP CER 1000PF 50V X7R 0603","120.287","0.01821","20000","1","Tape & Reel (TR),Cut Tape (CT),Digi-Reel®","VJ W1BC","Active","1000 pF","±5%","50V","X7R","-55°C ~ 125°C","-","-","General Purpose","Surface Mount, MLCC","0603 (1608 Metric)","0.063"" L x 0.031"" W (1.60mm x 0.80mm)","-","0.034"" (0.87mm)","-","-","-","https://www.digikey.be/en/products/detail/vishay-vitramon/VJ0603Y102JXACW1BC/8305191"
"https://yageogroup.com/content/datasheet/asset/file/KEM_C1002_X7R_SMD","//mm.digikey.com/Volume0/opasdata/d220001/medias/images/423/0805-%282012-Metric%29-2%2C00x1%2C20x1%2C00mm.jpg","399-C0805C102J5RACTUTR-ND,399-C0805C102J5RACTUCT-ND,399-C0805C102J5RACTUDKR-ND","C0805C102J5RACTU","KEMET","KEMET","CAP CER 1000PF 50V X7R 0805","62.861","0.01821","20000","1","Tape & Reel (TR),Cut Tape (CT),Digi-Reel®","SMD Comm X7R","Active","1000 pF","±5%","50V","X7R","-55°C ~ 125°C","-","-","Bypass, Decoupling","Surface Mount, MLCC","0805 (2012 Metric)","0.079"" L x 0.049"" W (2.00mm x 1.25mm)","-","0.035"" (0.88mm)","-","-","-","https://www.digikey.be/en/products/detail/kemet/C0805C102J5RACTU/411148"
"https://yageogroup.com/content/datasheet/asset/file/KEM_C1002_X7R_SMD","//mm.digikey.com/Volume0/opasdata/d220001/medias/images/423/0805-%282012-Metric%29-2%2C00x1%2C20x1%2C00mm.jpg","399-C0805C102K4RACTUTR-ND,399-C0805C102K4RACTUCT-ND,399-C0805C102K4RACTUDKR-ND","C0805C102K4RACTU","KEMET","KEMET","CAP CER 1000PF 16V X7R 0805","96.859","0.01838","20000","1","Tape & Reel (TR),Cut Tape (CT),Digi-Reel®","SMD Comm X7R","Active","1000 pF","±10%","16V","X7R","-55°C ~ 125°C","-","-","Bypass, Decoupling","Surface Mount, MLCC","0805 (2012 Metric)","0.079"" L x 0.049"" W (2.00mm x 1.25mm)","-","0.035"" (0.88mm)","-","-","-","https://www.digikey.be/en/products/detail/kemet/C0805C102K4RACTU/2211681"
"https://yageogroup.com/content/datasheet/asset/file/KEM_C1002_X7R_SMD","//mm.digikey.com/Volume0/opasdata/d220001/medias/images/423/0805-%282012-Metric%29-2%2C00x1%2C20x1%2C00mm.jpg","399-C0805C102K8RACTUTR-ND,399-C0805C102K8RACTUCT-ND,399-C0805C102K8RACTUDKR-ND","C0805C102K8RACTU","KEMET","KEMET","CAP CER 1000PF 10V X7R 0805","16.434","0.01838","20000","1","Tape & Reel (TR),Cut Tape (CT),Digi-Reel®","SMD Comm X7R","Active","1000 pF","±10%","10V","X7R","-55°C ~ 125°C","-","-","Bypass, Decoupling","Surface Mount, MLCC","0805 (2012 Metric)","0.079"" L x 0.049"" W (2.00mm x 1.25mm)","-","0.035"" (0.88mm)","-","-","-","https://www.digikey.be/en/products/detail/kemet/C0805C102K8RACTU/2211685"
"https://datasheets.kyocera-avx.com/AutoMLCC.pdf","//mm.digikey.com/Volume0/opasdata/d220001/medias/images/4848/478_0402-%281005-Metric%29-0%2C55mm.jpg","478-KAM05AR71H102KNTR-ND,478-KAM05AR71H102KNCT-ND,478-KAM05AR71H102KNDKR-ND","04025C102K4T4A","KYOCERA AVX","KYOCERA AVX","CAP CER 1000PF 50V X7R 0402","37.891","0.01841","20000","1","Tape & Reel (TR),Cut Tape (CT),Digi-Reel®","-","Active","1000 pF","±10%","50V","X7R","-55°C ~ 125°C","-","AEC-Q200","Automotive","Surface Mount, MLCC","0402 (1005 Metric)","0.040"" L x 0.020"" W (1.00mm x 0.50mm)","-","0.022"" (0.56mm)","-","-","-","https://www.digikey.be/en/products/detail/kyocera-avx/04025C102K4T4A/11258264"
"https://datasheets.kyocera-avx.com/AutoMLCC.pdf","//mm.digikey.com/Volume0/opasdata/d220001/medias/images/4848/478_0402-%281005-Metric%29-0%2C55mm.jpg","478-KAM05AR71C102KNTR-ND,478-KAM05AR71C102KNCT-ND,478-KAM05AR71C102KNDKR-ND","0402YC102K4T4A","KYOCERA AVX","KYOCERA AVX","CAP CER 1000PF 16V X7R 0402","13.997","0.01841","20000","1","Tape & Reel (TR),Cut Tape (CT),Digi-Reel®","-","Active","1000 pF","±10%","16V","X7R","-55°C ~ 125°C","-","AEC-Q200","Automotive","Surface Mount, MLCC","0402 (1005 Metric)","0.040"" L x 0.020"" W (1.00mm x 0.50mm)","-","0.022"" (0.56mm)","-","-","-","https://www.digikey.be/en/products/detail/kyocera-avx/0402YC102K4T4A/11247912"
"https://www.yageo.com/en/Chart/Download/pdf/CC0402JPNPO9BN102","//mm.digikey.com/Volume0/opasdata/d220001/medias/images/2392/0402%280%5E50%20thickness%29.jpg","13-CC0402JPNPO9BN102TR-ND,13-CC0402JPNPO9BN102CT-ND,13-CC0402JPNPO9BN102DKR-ND","CC0402JPNPO9BN102","YAGEO","YAGEO","CAP CER 1000PF 50V C0G/NPO 0402","72.150","0.01845","20000","1","Tape & Reel (TR),Cut Tape (CT),Digi-Reel®","CC","Active","1000 pF","±5%","50V","C0G, NP0","-55°C ~ 125°C","-","-","General Purpose","Surface Mount, MLCC","0402 (1005 Metric)","0.039"" L x 0.020"" W (1.00mm x 0.50mm)","-","0.022"" (0.55mm)","-","-","-","https://www.digikey.be/en/products/detail/yageo/CC0402JPNPO9BN102/11491186"
"https://search.murata.co.jp/Ceramy/image/img/A01X/G101/ENG/GRM1555C1H102FA01-01.pdf","//mm.digikey.com/Volume0/opasdata/d220001/medias/images/5447/490-Ceramic-Capacitor-Tan-Field.jpg","490-6189-2-ND,490-6189-1-ND,490-6189-6-ND","GRM1555C1H102FA01D","Murata Electronics","Murata Electronics","CAP CER 1000PF 50V C0G/NP0 0402","492.148","0.01851","20000","1","Tape & Reel (TR),Cut Tape (CT),Digi-Reel®","GRM","Active","1000 pF","±1%","50V","C0G, NP0","-55°C ~ 125°C","-","-","General Purpose","Surface Mount, MLCC","0402 (1005 Metric)","0.039"" L x 0.020"" W (1.00mm x 0.50mm)","-","0.022"" (0.55mm)","-","-","-","https://www.digikey.be/en/products/detail/murata-electronics/GRM1555C1H102FA01D/2543860"
"-","//mm.digikey.com/Volume0/opasdata/d220001/medias/images/5447/490-Ceramic-Capacitor-Tan-Field.jpg","490-GCE188R71H102KA01DTR-ND,490-GCE188R71H102KA01DCT-ND,490-GCE188R71H102KA01DDKR-ND","GCE188R71H102KA01D","Murata Electronics","Murata Electronics","CAP CER 1000PF 50V X7R 0603","2.745","0.01851","20000","1","Tape & Reel (TR),Cut Tape (CT),Digi-Reel®","GCE","Active","1000 pF","±10%","50V","X7R","-55°C ~ 125°C","Open Mode, Soft Termination","AEC-Q200","Automotive, Boardflex Sensitive","Surface Mount, MLCC","0603 (1608 Metric)","0.063"" L x 0.031"" W (1.60mm x 0.80mm)","-","0.035"" (0.90mm)","-","-","-","https://www.digikey.be/en/products/detail/murata-electronics/GCE188R71H102KA01D/4421532"
"https://search.murata.co.jp/Ceramy/image/img/A01X/G101/ENG/GCE188R71H102MA01-01.pdf","//mm.digikey.com/Volume0/opasdata/d220001/medias/images/5447/490-Ceramic-Capacitor-Tan-Field.jpg","490-GCE188R71H102MA01DTR-ND,490-GCE188R71H102MA01DCT-ND,490-GCE188R71H102MA01DDKR-ND","GCE188R71H102MA01D","Murata Electronics","Murata Electronics","CAP CER","4.000","0.01851","20000","1","Tape & Reel (TR),Cut Tape (CT),Digi-Reel®","GCE","Active","1000 pF","±20%","50V","X7R","-55°C ~ 125°C","Open Mode, Soft Termination","AEC-Q200","Automotive, Boardflex Sensitive","Surface Mount, MLCC","0603 (1608 Metric)","0.063"" L x 0.031"" W (1.60mm x 0.80mm)","-","0.035"" (0.90mm)","-","-","-","https://www.digikey.be/en/products/detail/murata-electronics/GCE188R71H102MA01D/10699912"
"https://yageogroup.com/content/datasheet/asset/file/KEM_C1003_C0G_SMD","//mm.digikey.com/Volume0/opasdata/d220001/medias/images/423/0805-%282012-Metric%29-2%2C00x1%2C20x1%2C00mm.jpg","399-C0805C102J5GACTUTR-ND,399-C0805C102J5GACTUCT-ND,399-C0805C102J5GACTUDKR-ND","C0805C102J5GACTU","KEMET","KEMET","CAP CER 1000PF 50V C0G/NP0 0805","341.522","0.01854","20000","1","Tape & Reel (TR),Cut Tape (CT),Digi-Reel®","SMD Comm C0G","Active","1000 pF","±5%","50V","C0G, NP0","-55°C ~ 125°C","Low ESL","-","General Purpose","Surface Mount, MLCC","0805 (2012 Metric)","0.079"" L x 0.049"" W (2.00mm x 1.25mm)","-","0.035"" (0.88mm)","-","-","-","https://www.digikey.be/en/products/detail/kemet/C0805C102J5GACTU/411135"
"https://product.tdk.com/system/files/dam/doc/product/capacitor/ceramic/mlcc/catalog/mlcc_commercial_general_en.pdf","//mm.digikey.com/Volume0/opasdata/d220001/medias/images/773/0402-%281005-Metric%29-0.70mm-C-Series.jpg","445-6846-2-ND,445-6846-1-ND,445-6846-6-ND","C1005C0G1H102J050BA","TDK","TDK","CAP CER 1000PF 50V C0G 0402","1.404.801","0.01867","20000","1","Tape & Reel (TR),Cut Tape (CT),Digi-Reel®","C","Active","1000 pF","±5%","50V","C0G, NP0","-55°C ~ 125°C","Low ESL","-","General Purpose","Surface Mount, MLCC","0402 (1005 Metric)","0.039"" L x 0.020"" W (1.00mm x 0.50mm)","-","0.022"" (0.55mm)","-","-","-","https://www.digikey.be/en/products/detail/tdk/C1005C0G1H102J050BA/2619187"
"https://www.murata.com/en-sg/api/pdfdownloadapi?cate=luCeramicCapacitorsSMD&partno=GCJ188R71H102KA01%23","//mm.digikey.com/Volume0/opasdata/d220001/medias/images/5447/490-Ceramic-Capacitor-Tan-Field.jpg","490-5768-2-ND,490-5768-1-ND,490-5768-6-ND","GCJ188R71H102KA01D","Murata Electronics","Murata Electronics","CAP CER 1000PF 50V X7R 0603","225.490","0.01867","20000","1","Tape & Reel (TR),Cut Tape (CT),Digi-Reel®","GCJ","Active","1000 pF","±10%","50V","X7R","-55°C ~ 125°C","Soft Termination","AEC-Q200","Automotive, Boardflex Sensitive","Surface Mount, MLCC","0603 (1608 Metric)","0.063"" L x 0.031"" W (1.60mm x 0.80mm)","-","0.031"" (0.80mm)","-","-","-","https://www.digikey.be/en/products/detail/murata-electronics/GCJ188R71H102KA01D/2782205"
"https://product.tdk.com/system/files/dam/doc/product/capacitor/ceramic/mlcc/catalog/mlcc_commercial_soft_en.pdf","//mm.digikey.com/Volume0/opasdata/d220001/medias/images/773/0402-%281005-Metric%29-0.70mm-C-Series.jpg","445-173622-2-ND,445-173622-1-ND,445-173622-6-ND","C1005X7R1H102K050BE","TDK","TDK","CAP CER 1000PF 50V X7R 0402","30.098","0.01867","20000","1","Tape & Reel (TR),Cut Tape (CT),Digi-Reel®","C","Active","1000 pF","±10%","50V","X7R","-55°C ~ 125°C","Soft Termination","-","Boardflex Sensitive","Surface Mount, MLCC","0402 (1005 Metric)","0.039"" L x 0.020"" W (1.00mm x 0.50mm)","-","0.024"" (0.60mm)","-","-","-","https://www.digikey.be/en/products/detail/tdk/C1005X7R1H102K050BE/5809187"
"https://www.vishay.com/docs/28548/vjw1bcbascomseries.pdf","//mm.digikey.com/Volume0/opasdata/d220001/medias/images/6770/VJ_W1BC_Series_0603-1608.jpg","720-VJ0603Y102JXAPW1BCTR-ND,720-VJ0603Y102JXAPW1BCCT-ND,720-VJ0603Y102JXAPW1BCDKR-ND","VJ0603Y102JXAPW1BC","Vishay Vitramon","Vishay Vitramon","CAP CER 1000PF 50V X7R 0603","14.980","0.01875","20000","1","Tape & Reel (TR),Cut Tape (CT),Digi-Reel®","VJ W1BC","Active","1000 pF","±5%","50V","X7R","-55°C ~ 125°C","-","-","General Purpose","Surface Mount, MLCC","0603 (1608 Metric)","0.063"" L x 0.031"" W (1.60mm x 0.80mm)","-","0.034"" (0.87mm)","-","-","-","https://www.digikey.be/en/products/detail/vishay-vitramon/VJ0603Y102JXAPW1BC/8305192"
"https://yageogroup.com/content/datasheet/asset/file/KEM_C1090_X7R_ESD","//mm.digikey.com/Volume0/opasdata/d220001/medias/images/5357/0402-%281005-Metric%29-Ceramic-Capacitor.jpg","399-C0402C102M4REC7411TR-ND,399-C0402C102M4REC7411CT-ND,399-C0402C102M4REC7411DKR-ND","C0402C102M4REC7411","KEMET","KEMET","CAP CER 0402 1NF 16V X7R 20%","46.211","0.01878","20000","1","Tape & Reel (TR),Cut Tape (CT),Digi-Reel®","ESD SMD Comm X7R","Active","1000 pF","±20%","16V","X7R","-55°C ~ 125°C","-","-","ESD Protection","Surface Mount, MLCC","0402 (1005 Metric)","0.039"" L x 0.020"" W (1.00mm x 0.50mm)","-","0.022"" (0.55mm)","-","-","-","https://www.digikey.be/en/products/detail/kemet/C0402C102M4REC7411/8645044"
"https://search.murata.co.jp/Ceramy/image/img/A01X/G101/ENG/GCM188R91H102KA37-01.pdf","//mm.digikey.com/Volume0/opasdata/d220001/medias/images/5447/490-Ceramic-Capacitor-Tan-Field.jpg","490-14360-2-ND,490-14360-1-ND,490-14360-6-ND","GCM188R91H102KA37D","Murata Electronics","Murata Electronics","CAP CER 1000PF 50V X8R 0603","82.703","0.01883","20000","1","Tape & Reel (TR),Cut Tape (CT),Digi-Reel®","GCM","Active","1000 pF","±10%","50V","X8R","-55°C ~ 150°C","-","AEC-Q200","Automotive","Surface Mount, MLCC","0603 (1608 Metric)","0.063"" L x 0.031"" W (1.60mm x 0.80mm)","-","0.035"" (0.90mm)","-","-","-","https://www.digikey.be/en/products/detail/murata-electronics/GCM188R91H102KA37D/6605989"
"https://yageogroup.com/content/datasheet/asset/file/KEM_C1002_X7R_SMD","//mm.digikey.com/Volume0/opasdata/d220001/medias/images/423/0805-%282012-Metric%29-2%2C00x1%2C20x1%2C00mm.jpg","399-C0805C102M5RACTUTR-ND,399-C0805C102M5RACTUCT-ND,399-C0805C102M5RACTUDKR-ND","C0805C102M5RACTU","KEMET","KEMET","CAP CER 1000PF 50V X7R 0805","23.257","0.01888","20000","1","Tape & Reel (TR),Cut Tape (CT),Digi-Reel®","SMD Comm X7R","Active","1000 pF","±20%","50V","X7R","-55°C ~ 125°C","-","-","Bypass, Decoupling","Surface Mount, MLCC","0805 (2012 Metric)","0.079"" L x 0.049"" W (2.00mm x 1.25mm)","-","0.035"" (0.88mm)","-","-","-","https://www.digikey.be/en/products/detail/kemet/C0805C102M5RACTU/411145"
"https://yageogroup.com/content/datasheet/asset/file/KEM_C1003_C0G_SMD","//mm.digikey.com/Volume0/opasdata/d220001/medias/images/423/0805-%282012-Metric%29-2%2C00x1%2C20x1%2C00mm.jpg","399-C0805C102J5GAC7210TR-ND,399-C0805C102J5GAC7210CT-ND,399-C0805C102J5GAC7210DKR-ND","C0805C102J5GAC7210","KEMET","KEMET","CAP CER 1000PF 50V C0G/NP0 0805","3.748","0.01909","20000","1","Tape & Reel (TR),Cut Tape (CT),Digi-Reel®","SMD Comm C0G","Active","1000 pF","±5%","50V","C0G, NP0","-55°C ~ 125°C","Low ESL","-","General Purpose","Surface Mount, MLCC","0805 (2012 Metric)","0.079"" L x 0.049"" W (2.00mm x 1.25mm)","-","0.035"" (0.88mm)","-","-","-","https://www.digikey.be/en/products/detail/kemet/C0805C102J5GAC7210/12701234"
"https://yageogroup.com/content/datasheet/asset/file/KEM_C1003_C0G_SMD","//mm.digikey.com/Volume0/opasdata/d220001/medias/images/423/0805-%282012-Metric%29-2%2C00x1%2C20x1%2C00mm.jpg","399-C0805C102K5GAC7210TR-ND,399-C0805C102K5GAC7210CT-ND,399-C0805C102K5GAC7210DKR-ND","C0805C102K5GAC7210","KEMET","KEMET","CAP CER 1000PF 50V C0G/NP0 0805","17.928","0.01909","20000","1","Tape & Reel (TR),Cut Tape (CT),Digi-Reel®","SMD Comm C0G","Active","1000 pF","±10%","50V","C0G, NP0","-55°C ~ 125°C","Low ESL","-","General Purpose","Surface Mount, MLCC","0805 (2012 Metric)","0.079"" L x 0.049"" W (2.00mm x 1.25mm)","-","0.035"" (0.88mm)","-","-","-","https://www.digikey.be/en/products/detail/kemet/C0805C102K5GAC7210/12701165"
"https://yageogroup.com/content/datasheet/asset/file/UPY-AC_NP0X7RX7S_6_3V-TO-2KV","//mm.digikey.com/Volume0/opasdata/d220001/medias/images/6808/AC_Series_0603_1608.jpg","13-AC0603JRNPO9BN102TR-ND,13-AC0603JRNPO9BN102CT-ND,13-AC0603JRNPO9BN102DKR-ND","AC0603JRNPO9BN102","YAGEO","YAGEO","CAP CER 1000PF 50V C0G/NPO 0603","17.250","0.01958","20000","1","Tape & Reel (TR),Cut Tape (CT),Digi-Reel®","AC","Active","1000 pF","±5%","50V","C0G, NP0","-55°C ~ 125°C","-","AEC-Q200","Automotive","Surface Mount, MLCC","0603 (1608 Metric)","0.063"" L x 0.031"" W (1.60mm x 0.80mm)","-","0.035"" (0.90mm)","-","-","-","https://www.digikey.be/en/products/detail/yageo/AC0603JRNPO9BN102/7707928"
"https://yageogroup.com/content/datasheet/asset/file/KEM_C1022_C0G_AUTO_SMD","//mm.digikey.com/Volume0/opasdata/d220001/medias/images/5352/0603-%281608-Metric%29-Ceramic-Capacitor.jpg","399-6844-2-ND,399-6844-1-ND,399-6844-6-ND","C0603C102J5GACAUTO","KEMET","KEMET","CAP CER 1000PF 50V C0G/NP0 0603","66.724","0.01972","20000","1","Tape & Reel (TR),Cut Tape (CT),Digi-Reel®","SMD Auto C0G","Active","1000 pF","±5%","50V","C0G, NP0","-55°C ~ 125°C","Low ESL","AEC-Q200","Automotive","Surface Mount, MLCC","0603 (1608 Metric)","0.063"" L x 0.031"" W (1.60mm x 0.80mm)","-","0.034"" (0.87mm)","-","-","-","https://www.digikey.be/en/products/detail/kemet/C0603C102J5GACAUTO/3315056"
"https://yageogroup.com/content/datasheet/asset/file/KEM_C1003_C0G_SMD","//mm.digikey.com/Volume0/opasdata/d220001/medias/images/5352/0603-%281608-Metric%29-Ceramic-Capacitor.jpg","399-C0603C102J5GAC3121TR-ND,399-C0603C102J5GAC3121CT-ND,399-C0603C102J5GAC3121DKR-ND","C0603C102J5GAC3121","KEMET","KEMET","CAP CER 1000PF 50V C0G/NP0 0603","12.000","0.01972","20000","1","Tape & Reel (TR),Cut Tape (CT),Digi-Reel®","SMD Comm C0G","Active","1000 pF","±5%","50V","C0G, NP0","-55°C ~ 125°C","Low ESL","-","General Purpose","Surface Mount, MLCC","0603 (1608 Metric)","0.063"" L x 0.031"" W (1.60mm x 0.80mm)","-","-","-","-","-","https://www.digikey.be/en/products/detail/kemet/C0603C102J5GAC3121/22057283"
"https://datasheets.kyocera-avx.com/AutoMLCC.pdf","//mm.digikey.com/Volume0/opasdata/d220001/medias/images/4848/478_0402-%281005-Metric%29-0%2C55mm.jpg","478-KAM05AR71C102MHTR-ND,478-KAM05AR71C102MHCT-ND,478-KAM05AR71C102MHDKR-ND","0402YC102M4T2A","KYOCERA AVX","KYOCERA AVX","CAP CER 1000PF 16V X7R 0402","9.600","0.01987","20000","1","Tape & Reel (TR),Cut Tape (CT),Digi-Reel®","-","Active","1000 pF","±20%","16V","X7R","-55°C ~ 125°C","-","AEC-Q200","Automotive","Surface Mount, MLCC","0402 (1005 Metric)","0.040"" L x 0.020"" W (1.00mm x 0.50mm)","-","0.022"" (0.56mm)","-","-","-","https://www.digikey.be/en/products/detail/kyocera-avx/0402YC102M4T2A/11229278"
"https://datasheets.kyocera-avx.com/AutoMLCC.pdf","//mm.digikey.com/Volume0/opasdata/d220001/medias/images/4848/478_0402-%281005-Metric%29-0%2C55mm.jpg","478-KAM05AR71H102MHTR-ND,478-KAM05AR71H102MHCT-ND,478-KAM05AR71H102MHDKR-ND","04025C102M4T2A","KYOCERA AVX","KYOCERA AVX","CAP CER 1000PF 50V X7R 0402","9.600","0.01987","20000","1","Tape & Reel (TR),Cut Tape (CT),Digi-Reel®","-","Active","1000 pF","±20%","50V","X7R","-55°C ~ 125°C","-","AEC-Q200","Automotive","Surface Mount, MLCC","0402 (1005 Metric)","0.040"" L x 0.020"" W (1.00mm x 0.50mm)","-","0.022"" (0.56mm)","-","-","-","https://www.digikey.be/en/products/detail/kyocera-avx/04025C102M4T2A/11231028"
"https://yageogroup.com/content/datasheet/asset/file/KEM_C1091_C0G_ESD","//mm.digikey.com/Volume0/opasdata/d220001/medias/images/5357/0402-%281005-Metric%29-Ceramic-Capacitor.jpg","399-C0402C102K5GEC7411TR-ND,399-C0402C102K5GEC7411CT-ND,399-C0402C102K5GEC7411DKR-ND","C0402C102K5GEC7411","KEMET","KEMET","CAP CER 0402 1NF 50V C0G 10%","52.861","0.01994","20000","1","Tape & Reel (TR),Cut Tape (CT),Digi-Reel®","ESD SMD Comm C0G","Active","1000 pF","±10%","50V","C0G, NP0","-55°C ~ 125°C","Low ESL, Low ESR","-","ESD Protection","Surface Mount, MLCC","0402 (1005 Metric)","0.039"" L x 0.020"" W (1.00mm x 0.50mm)","-","0.022"" (0.55mm)","-","-","-","https://www.digikey.be/en/products/detail/kemet/C0402C102K5GEC7411/8645842"
"//mm.digikey.com/Volume0/opasdata/d220001/medias/docus/2589/Multilayer%20Ceramic%20Capacitors.pdf","//mm.digikey.com/Volume0/opasdata/d220001/medias/images/4845/587_0402-%281005-metric%29.jpg","587-3737-2-ND,587-3737-1-ND,587-3737-6-ND","UMK105CG102JVHF","Taiyo Yuden","Taiyo Yuden","CAP CER 1000PF 50V C0G/NP0 0402","11.138","0.02006","20000","1","Tape & Reel (TR),Cut Tape (CT),Digi-Reel®","M","Active","1000 pF","±5%","50V","C0G, NP0","-55°C ~ 125°C","-","AEC-Q200","Automotive","Surface Mount, MLCC","0402 (1005 Metric)","0.039"" L x 0.020"" W (1.00mm x 0.50mm)","-","0.022"" (0.55mm)","-","-","-","https://www.digikey.be/en/products/detail/taiyo-yuden/UMK105CG102JVHF/4811103"
"//mm.digikey.com/Volume0/opasdata/d220001/medias/docus/5485/MCASU105SCG102JFNA01_SS.pdf","//mm.digikey.com/Volume0/opasdata/d220001/medias/images/6823/MCAS_series_0201_0603.jpg","587-MCASU105SCG102JFNA01TR-ND,587-MCASU105SCG102JFNA01CT-ND,587-MCASU105SCG102JFNA01DKR-ND","MCASU105SCG102JFNA01","Taiyo Yuden","Taiyo Yuden","CAP CER 1000PF 50V C0G/NP0 0402","6.290","0.02006","20000","1","Tape & Reel (TR),Cut Tape (CT),Digi-Reel®","MCAS","Active","1000 pF","±5%","50V","C0G, NP0","-55°C ~ 125°C","-","AEC-Q200","Automotive","Surface Mount, MLCC","0402 (1005 Metric)","0.039"" L x 0.020"" W (1.00mm x 0.50mm)","-","0.022"" (0.55mm)","-","-","-","https://www.digikey.be/en/products/detail/taiyo-yuden/MCASU105SCG102JFNA01/16662380"
"https://yageogroup.com/content/datasheet/asset/file/UPY-AC_NP0X7RX7S_6_3V-TO-2KV","//mm.digikey.com/Volume0/opasdata/d220001/medias/images/6808/AC_Series_0603_1608.jpg","13-AC0603JPNPO9BN102TR-ND,13-AC0603JPNPO9BN102CT-ND,13-AC0603JPNPO9BN102DKR-ND","AC0603JPNPO9BN102","YAGEO","YAGEO","CAP CER 1000PF 50V C0G/NP0 0603","11.744","0.02015","20000","1","Tape & Reel (TR),Cut Tape (CT),Digi-Reel®","AC","Active","1000 pF","±5%","50V","C0G, NP0","-55°C ~ 125°C","-","AEC-Q200","Automotive","Surface Mount, MLCC","0603 (1608 Metric)","0.063"" L x 0.031"" W (1.60mm x 0.80mm)","-","0.035"" (0.90mm)","-","-","-","https://www.digikey.be/en/products/detail/yageo/AC0603JPNPO9BN102/16797673"
"https://datasheets.kyocera-avx.com/C0GNP0-KGM.pdf","//mm.digikey.com/Volume0/opasdata/d220001/medias/images/924/0805-%282012-Metric%29-0%2C94mm.jpg","478-KGM21BCG1H102JMTR-ND,478-KGM21BCG1H102JMCT-ND,478-KGM21BCG1H102JMDKR-ND","KGM21BCG1H102JM","KYOCERA AVX","KYOCERA AVX","CAP CER 1000PF 50V C0G/NP0 0805","16.056","0.02027","20000","1","Tape & Reel (TR),Cut Tape (CT),Digi-Reel®","KGM - C0G","Active","1000 pF","±5%","50V","C0G, NP0","-55°C ~ 125°C","-","-","General Purpose","Surface Mount, MLCC","0805 (2012 Metric)","0.079"" L x 0.049"" W (2.01mm x 1.25mm)","-","0.037"" (0.94mm)","-","-","-","https://www.digikey.be/en/products/detail/kyocera-avx/KGM21BCG1H102JM/7536054"
"https://product.tdk.com/system/files/dam/doc/product/capacitor/ceramic/mlcc/catalog/mlcc_automotive_general_en.pdf","//mm.digikey.com/Volume0/opasdata/d220001/medias/images/2532/CGA-Series-0402-%281005-Metric%29.jpg","445-6885-2-ND,445-6885-1-ND,445-6885-6-ND","CGA2B2C0G1H102J050BA","TDK","TDK","CAP CER 1000PF 50V C0G 0402","213.983","0.0203","20000","1","Tape & Reel (TR),Cut Tape (CT),Digi-Reel®","CGA","Active","1000 pF","±5%","50V","C0G, NP0","-55°C ~ 125°C","-","AEC-Q200","Automotive","Surface Mount, MLCC","0402 (1005 Metric)","0.039"" L x 0.020"" W (1.00mm x 0.50mm)","-","0.022"" (0.55mm)","-","-","-","https://www.digikey.be/en/products/detail/tdk/CGA2B2C0G1H102J050BA/2672778"
"https://product.tdk.com/system/files/dam/doc/product/capacitor/ceramic/mlcc/catalog/mlcc_automotive_hightemp_en.pdf","//mm.digikey.com/Volume0/opasdata/d220001/medias/images/2532/CGA-Series-0402-%281005-Metric%29.jpg","445-5879-2-ND,445-5879-1-ND,445-5879-6-ND","CGA2B2X8R1H102K050BA","TDK","TDK","CAP CER 1000PF 50V X8R 0402","35.168","0.0203","20000","1","Tape & Reel (TR),Cut Tape (CT),Digi-Reel®","CGA","Active","1000 pF","±10%","50V","X8R","-55°C ~ 150°C","High Temperature","AEC-Q200","Automotive","Surface Mount, MLCC","0402 (1005 Metric)","0.039"" L x 0.020"" W (1.00mm x 0.50mm)","-","0.022"" (0.55mm)","-","-","-","https://www.digikey.be/en/products/detail/tdk/CGA2B2X8R1H102K050BA/2443357"
"https://product.tdk.com/system/files/dam/doc/product/capacitor/ceramic/mlcc/catalog/mlcc_automotive_hightemp_en.pdf","//mm.digikey.com/Volume0/opasdata/d220001/medias/images/2532/CGA-Series-0402-%281005-Metric%29.jpg","445-12305-2-ND,445-12305-1-ND,445-12305-6-ND","CGA2B2X8R1H102M050BA","TDK","TDK","CAP CER 1000PF 50V X8R 0402","14.844","0.0203","20000","1","Tape & Reel (TR),Cut Tape (CT),Digi-Reel®","CGA","Active","1000 pF","±20%","50V","X8R","-55°C ~ 150°C","High Temperature","AEC-Q200","Automotive","Surface Mount, MLCC","0402 (1005 Metric)","0.039"" L x 0.020"" W (1.00mm x 0.50mm)","-","0.022"" (0.55mm)","-","-","-","https://www.digikey.be/en/products/detail/tdk/CGA2B2X8R1H102M050BA/3949541"
"//mm.digikey.com/Volume0/opasdata/d220001/medias/docus/5017/C0G_Dielectric_10-250_Auto.pdf","//mm.digikey.com/Volume0/opasdata/d220001/medias/images/5352/0603-%281608-Metric%29-Ceramic-Capacitor.jpg","399-C0603C102J5GAC3112TR-ND,399-C0603C102J5GAC3112CT-ND,399-C0603C102J5GAC3112DKR-ND","C0603C102J5GAC3112","KEMET","KEMET","CAP CER 1000PF 50V C0G/NP0 0603","30.000","0.0203","20000","1","Tape & Reel (TR),Cut Tape (CT),Digi-Reel®","SMD Comm C0G","Active","1000 pF","±5%","50V","C0G, NP0","-55°C ~ 125°C","Low ESL","-","General Purpose","Surface Mount, MLCC","0603 (1608 Metric)","0.063"" L x 0.031"" W (1.60mm x 0.80mm)","-","-","-","-","-","https://www.digikey.be/en/products/detail/kemet/C0603C102J5GAC3112/18153782"
"https://www.vishay.com/docs/28548/vjw1bcbascomseries.pdf","//mm.digikey.com/Volume0/opasdata/d220001/medias/images/6878/VJ-W1BC-series_0402-1005-Metric.jpg","720-VJ0402Y102JXQPW1BCTR-ND,720-VJ0402Y102JXQPW1BCCT-ND,720-VJ0402Y102JXQPW1BCDKR-ND","VJ0402Y102JXQPW1BC","Vishay Vitramon","Vishay Vitramon","CAP CER 1000PF 10V X7R 0402","46.500","0.02032","20000","1","Tape & Reel (TR),Cut Tape (CT),Digi-Reel®","VJ W1BC","Active","1000 pF","±5%","10V","X7R","-55°C ~ 125°C","-","-","General Purpose","Surface Mount, MLCC","0402 (1005 Metric)","0.039"" L x 0.020"" W (1.00mm x 0.50mm)","-","0.022"" (0.55mm)","-","-","-","https://www.digikey.be/en/products/detail/vishay-vitramon/VJ0402Y102JXQPW1BC/8301929"
"https://www.vishay.com/docs/28548/vjw1bcbascomseries.pdf","//mm.digikey.com/Volume0/opasdata/d220001/medias/images/6770/VJ_W1BC_Series_0603-1608.jpg","720-VJ0603Y102KXXCW1BCTR-ND,720-VJ0603Y102KXXCW1BCCT-ND,720-VJ0603Y102KXXCW1BCDKR-ND","VJ0603Y102KXXCW1BC","Vishay Vitramon","Vishay Vitramon","CAP CER 1000PF 25V X7R 0603","6.733","0.02039","20000","1","Tape & Reel (TR),Cut Tape (CT),Digi-Reel®","VJ W1BC","Active","1000 pF","±10%","25V","X7R","-55°C ~ 125°C","-","-","General Purpose","Surface Mount, MLCC","0603 (1608 Metric)","0.063"" L x 0.031"" W (1.60mm x 0.80mm)","-","0.034"" (0.87mm)","-","-","-","https://www.digikey.be/en/products/detail/vishay-vitramon/VJ0603Y102KXXCW1BC/8305232"
"https://www.vishay.com/docs/28548/vjw1bcbascomseries.pdf","//mm.digikey.com/Volume0/opasdata/d220001/medias/images/6770/VJ_W1BC_Series_0603-1608.jpg","720-1679-2-ND,720-1679-1-ND,720-1679-6-ND","VJ0603Y102KXQCW1BC","Vishay Vitramon","Vishay Vitramon","CAP CER 1000PF 10V X7R 0603","5.237","0.02039","20000","1","Tape & Reel (TR),Cut Tape (CT),Digi-Reel®","VJ W1BC","Active","1000 pF","±10%","10V","X7R","-55°C ~ 125°C","-","-","General Purpose","Surface Mount, MLCC","0603 (1608 Metric)","0.063"" L x 0.031"" W (1.60mm x 0.80mm)","-","0.034"" (0.87mm)","-","-","-","https://www.digikey.be/en/products/detail/vishay-vitramon/VJ0603Y102KXQCW1BC/8305229"
"https://www.vishay.com/docs/28548/vjw1bcbascomseries.pdf","//mm.digikey.com/Volume0/opasdata/d220001/medias/images/6770/VJ_W1BC_Series_0603-1608.jpg","720-VJ0603Y102MXQCW1BCTR-ND,720-VJ0603Y102MXQCW1BCCT-ND,720-VJ0603Y102MXQCW1BCDKR-ND","VJ0603Y102MXQCW1BC","Vishay Vitramon","Vishay Vitramon","CAP CER 1000PF 10V X7R 0603","2.998","0.02039","20000","1","Tape & Reel (TR),Cut Tape (CT),Digi-Reel®","VJ W1BC","Active","1000 pF","±20%","10V","X7R","-55°C ~ 125°C","-","-","General Purpose","Surface Mount, MLCC","0603 (1608 Metric)","0.063"" L x 0.031"" W (1.60mm x 0.80mm)","-","0.034"" (0.87mm)","-","-","-","https://www.digikey.be/en/products/detail/vishay-vitramon/VJ0603Y102MXQCW1BC/8305249"
"https://search.murata.co.jp/Ceramy/image/img/A01X/G101/ENG/GCM1555C1HR50BA16-01A.pdf","//mm.digikey.com/Volume0/opasdata/d220001/medias/images/5447/490-Ceramic-Capacitor-Tan-Field.jpg","490-GCM1555C1H102GA16JTR-ND,490-GCM1555C1H102GA16JCT-ND,490-GCM1555C1H102GA16JDKR-ND","GCM1555C1H102GA16J","Murata Electronics","Murata Electronics","CAP CER 1000PF 50V C0G/NP0 0402","224.164","0.02051","20000","1","Tape & Reel (TR),Cut Tape (CT),Digi-Reel®","GCM","Active","1000 pF","±2%","50V","C0G, NP0","-55°C ~ 125°C","-","AEC-Q200","Automotive","Surface Mount, MLCC","0402 (1005 Metric)","0.039"" L x 0.020"" W (1.00mm x 0.50mm)","-","0.022"" (0.55mm)","-","-","-","https://www.digikey.be/en/products/detail/murata-electronics/GCM1555C1H102GA16J/11618581"
"https://yageogroup.com/content/datasheet/asset/file/KEM_C1090_X7R_ESD","//mm.digikey.com/Volume0/opasdata/d220001/medias/images/5352/0603-%281608-Metric%29-Ceramic-Capacitor.jpg","399-17878-2-ND,399-17878-1-ND,399-17878-6-ND","C0603C102K4RECAUTO","KEMET","KEMET","CAP CER 0603 1NF 16V X7R 10%","14.988","0.02056","20000","1","Tape & Reel (TR),Cut Tape (CT),Digi-Reel®","ESD SMD Auto X7R","Active","1000 pF","±10%","16V","X7R","-55°C ~ 125°C","-","AEC-Q200","Automotive, ESD Protection","Surface Mount, MLCC","0603 (1608 Metric)","0.063"" L x 0.031"" W (1.60mm x 0.80mm)","-","0.034"" (0.87mm)","-","-","-","https://www.digikey.be/en/products/detail/kemet/C0603C102K4RECAUTO/8640472"
"https://ds.yuden.co.jp/TYCOMPAS/ut/download?pn=MAASE063SB7102KFCA01&fileType=Datasheet","//mm.digikey.com/Volume0/opasdata/d220001/medias/images/4849/587_0201-%280603-Metric%29-0%2C33mm.jpg","587-MAASE063SB7102KFCA01TR-ND,587-MAASE063SB7102KFCA01CT-ND,587-MAASE063SB7102KFCA01DKR-ND","MAASE063SB7102KFCA01","Taiyo Yuden","Taiyo Yuden","CAP CER 1000PF 16V X7R 0201","25.321","0.02064","20000","1","Tape & Reel (TR),Cut Tape (CT),Digi-Reel®","MAAS","Active","1000 pF","±10%","16V","X7R","-55°C ~ 125°C","-","AEC-Q200","Automotive","Surface Mount, MLCC","0201 (0603 Metric)","0.024"" L x 0.012"" W (0.60mm x 0.30mm)","-","0.024"" (0.60mm)","-","-","-","https://www.digikey.be/en/products/detail/taiyo-yuden/MAASE063SB7102KFCA01/16902341"
"https://datasheets.kyocera-avx.com/AutoMLCC.pdf","//mm.digikey.com/Volume0/opasdata/d220001/medias/images/4848/478_0402-%281005-Metric%29-0%2C55mm.jpg","478-KAM05AR71H102JHTR-ND,478-KAM05AR71H102JHCT-ND,478-KAM05AR71H102JHDKR-ND","04025C102J4T2A","KYOCERA AVX","KYOCERA AVX","CAP CER 1000PF 50V X7R 0402","371","0.0207","20000","1","Tape & Reel (TR),Cut Tape (CT),Digi-Reel®","-","Active","1000 pF","±5%","50V","X7R","-55°C ~ 125°C","-","AEC-Q200","Automotive","Surface Mount, MLCC","0402 (1005 Metric)","0.040"" L x 0.020"" W (1.00mm x 0.50mm)","-","0.022"" (0.56mm)","-","-","-","https://www.digikey.be/en/products/detail/kyocera-avx/04025C102J4T2A/11258866"
"https://datasheets.kyocera-avx.com/C0GNP0-KGM.pdf","//mm.digikey.com/Volume0/opasdata/d220001/medias/images/4845/478_0603-%281608-Metric%29-0%2C90mm.jpg","478-KGM15ACG1H102KTTR-ND,478-KGM15ACG1H102KTCT-ND,478-KGM15ACG1H102KTDKR-ND","KGM15ACG1H102KT","KYOCERA AVX","KYOCERA AVX","CAP CER 1000PF 50V C0G/NP0 0603","12.649","0.02083","20000","1","Tape & Reel (TR),Cut Tape (CT),Digi-Reel®","KGM - C0G","Active","1000 pF","±10%","50V","C0G, NP0","-55°C ~ 125°C","-","-","General Purpose","Surface Mount, MLCC","0603 (1608 Metric)","0.063"" L x 0.032"" W (1.60mm x 0.81mm)","-","0.035"" (0.90mm)","-","-","-","https://www.digikey.be/en/products/detail/kyocera-avx/KGM15ACG1H102KT/1116244"
"https://yageogroup.com/content/datasheet/asset/file/KEM_C1007_X8R_ULTRA_150C_SMD","//mm.digikey.com/Volume0/opasdata/d220001/medias/images/5352/0603-%281608-Metric%29-Ceramic-Capacitor.jpg","399-C0603C102J8HACAUTOTR-ND,399-C0603C102J8HACAUTOCT-ND,399-C0603C102J8HACAUTODKR-ND","C0603C102J8HACAUTO","KEMET","KEMET","CAP CER 0603 1NF 10V ULTRA STABL","29.048","0.02106","20000","1","Tape & Reel (TR),Cut Tape (CT),Digi-Reel®","SMD Auto X8R HT150C","Active","1000 pF","±5%","10V","X8R","-55°C ~ 150°C","Low ESL, High Temperature","AEC-Q200","Automotive","Surface Mount, MLCC","0603 (1608 Metric)","0.063"" L x 0.031"" W (1.60mm x 0.80mm)","-","0.034"" (0.87mm)","-","-","-","https://www.digikey.be/en/products/detail/kemet/C0603C102J8HACAUTO/7957085"
"https://calchip.com/wp-content/uploads/2026/04/GMC-Series-1.pdf","//mm.digikey.com/Volume0/opasdata/d220001/medias/images/5781/MFG_Cal-Chip-All-Capacitors.jpg","4713-GMC04CG102J16NTTR-ND,4713-GMC04CG102J16NTCT-ND,4713-GMC04CG102J16NTDKR-ND","GMC04CG102J16NT","Cal-Chip Electronics, Inc.","Cal-Chip Electronics, Inc.","CAP0402 COG 1000PF 5% 16V","8.909","0.02123","20000","1","Tape & Reel (TR),Cut Tape (CT),Digi-Reel®","GMC","Active","1000 pF","±5%","16V","C0G, NP0","-55°C ~ 125°C","-","-","General Purpose","Surface Mount, MLCC","0402 (1005 Metric)","0.039"" L x 0.020"" W (1.00mm x 0.50mm)","-","0.022"" (0.55mm)","-","-","-","https://www.digikey.be/en/products/detail/cal-chip-electronics-inc/GMC04CG102J16NT/22577147"
"https://product.tdk.com/system/files/dam/doc/product/capacitor/ceramic/mlcc/catalog/mlcc_commercial_general_en.pdf","//mm.digikey.com/Volume0/opasdata/d220001/medias/images/5741/MFG_C1005X5R1E105K050EC.jpg","445-C1005C0G1H102J050EATR-ND,445-C1005C0G1H102J050EACT-ND,445-C1005C0G1H102J050EADKR-ND","C1005C0G1H102J050EA","TDK","TDK","COMMERCIAL GRADE,0402,C0G,50V,1N","96.896","0.02135","20000","1","Tape & Reel (TR),Cut Tape (CT),Digi-Reel®","C","Active","1000 pF","±5%","50V","C0G, NP0","-55°C ~ 125°C","Low ESL","-","General Purpose","Surface Mount, MLCC","0402 (1005 Metric)","0.039"" L x 0.020"" W (1.00mm x 0.50mm)","-","0.022"" (0.55mm)","-","-","-","https://www.digikey.be/en/products/detail/tdk/C1005C0G1H102J050EA/22106150"
"https://yageogroup.com/content/datasheet/asset/file/KEM_C1090_X7R_ESD","//mm.digikey.com/Volume0/opasdata/d220001/medias/images/5357/0402-%281005-Metric%29-Ceramic-Capacitor.jpg","399-C0402C102K5RECAUTOTR-ND,399-C0402C102K5RECAUTOCT-ND,399-C0402C102K5RECAUTODKR-ND","C0402C102K5RECAUTO","KEMET","KEMET","CAP CER 0402 1NF 50V X7R 10%","98.924","0.0214","20000","1","Tape & Reel (TR),Cut Tape (CT),Digi-Reel®","ESD SMD Auto X7R","Active","1000 pF","±10%","50V","X7R","-55°C ~ 125°C","-","AEC-Q200","Automotive, ESD Protection","Surface Mount, MLCC","0402 (1005 Metric)","0.039"" L x 0.020"" W (1.00mm x 0.50mm)","-","0.022"" (0.55mm)","-","-","-","https://www.digikey.be/en/products/detail/kemet/C0402C102K5RECAUTO/8646471"
"https://product.tdk.com/system/files/dam/doc/product/capacitor/ceramic/mlcc/catalog/mlcc_commercial_general_en.pdf","//mm.digikey.com/Volume0/opasdata/d220001/medias/images/4850/445_0603-%281608-Metric%29-0%2C95mm-C-Series.jpg","445-1293-2-ND,445-1293-1-ND,445-1293-6-ND","C1608C0G1H102J080AA","TDK","TDK","CAP CER 1000PF 50V C0G 0603","38","0.02159","20000","1","Tape & Reel (TR),Cut Tape (CT),Digi-Reel®","C","Active","1000 pF","±5%","50V","C0G, NP0","-55°C ~ 125°C","Low ESL","-","General Purpose","Surface Mount, MLCC","0603 (1608 Metric)","0.063"" L x 0.031"" W (1.60mm x 0.80mm)","-","0.035"" (0.90mm)","-","-","-","https://www.digikey.be/en/products/detail/tdk/C1608C0G1H102J080AA/513735"
"https://yageogroup.com/content/datasheet/asset/file/KEM_C1002_X7R_SMD","//mm.digikey.com/Volume0/opasdata/d220001/medias/images/423/0805-%282012-Metric%29-2%2C00x1%2C20x1%2C00mm.jpg","399-C0805C102K5RAC7025TR-ND,399-C0805C102K5RAC7025CT-ND,399-C0805C102K5RAC7025DKR-ND","C0805C102K5RACTM","KEMET","KEMET","CAP CER 1000PF 50V X7R 0805","10.765","0.02173","20000","1","Tape & Reel (TR),Cut Tape (CT),Digi-Reel®","SMD Comm X7R","Active","1000 pF","±10%","50V","X7R","-55°C ~ 125°C","-","-","Bypass, Decoupling","Surface Mount, MLCC","0805 (2012 Metric)","0.079"" L x 0.049"" W (2.00mm x 1.25mm)","-","0.035"" (0.88mm)","-","-","-","https://www.digikey.be/en/products/detail/kemet/C0805C102K5RACTM/12700484"
"https://yageogroup.com/content/datasheet/asset/file/KEM_C1091_C0G_ESD","//mm.digikey.com/Volume0/opasdata/d220001/medias/images/5357/0402-%281005-Metric%29-Ceramic-Capacitor.jpg","399-C0402C102J5GECTUTR-ND,399-C0402C102J5GECTUCT-ND,399-C0402C102J5GECTUDKR-ND","C0402C102J5GECTU","KEMET","KEMET","CAP CER 0402 1NF 50V C0G 5%","28.834","0.02189","20000","1","Tape & Reel (TR),Cut Tape (CT),Digi-Reel®","ESD SMD Comm C0G","Active","1000 pF","±5%","50V","C0G, NP0","-55°C ~ 125°C","Low ESL, Low ESR","-","ESD Protection","Surface Mount, MLCC","0402 (1005 Metric)","0.039"" L x 0.020"" W (1.00mm x 0.50mm)","-","0.022"" (0.55mm)","-","-","-","https://www.digikey.be/en/products/detail/kemet/C0402C102J5GECTU/8644395"
"https://product.tdk.com/en/system/files/dam/doc/product/capacitor/ceramic/mlcc/catalog/mlcc_automotive_soft_en.pdf","//mm.digikey.com/Volume0/opasdata/d220001/medias/images/2532/CGA-Series-0402-%281005-Metric%29.jpg","445-173670-2-ND,445-173670-1-ND,445-173670-6-ND","CGA2B2X7R1H102K050BE","TDK","TDK","CAP CER 1000PF 50V X7R 0402","177.494","0.02191","20000","1","Tape & Reel (TR),Cut Tape (CT),Digi-Reel®","CGA","Active","1000 pF","±10%","50V","X7R","-55°C ~ 125°C","Soft Termination","AEC-Q200","Automotive, Boardflex Sensitive","Surface Mount, MLCC","0402 (1005 Metric)","0.039"" L x 0.020"" W (1.00mm x 0.50mm)","-","0.024"" (0.60mm)","-","-","-","https://www.digikey.be/en/products/detail/tdk/CGA2B2X7R1H102K050BE/5809235"
"https://product.tdk.com/en/system/files/dam/doc/product/capacitor/ceramic/mlcc/catalog/mlcc_automotive_soft_en.pdf","//mm.digikey.com/Volume0/opasdata/d220001/medias/images/2532/CGA-Series-0402-%281005-Metric%29.jpg","445-173850-2-ND,445-173850-1-ND,445-173850-6-ND","CGA2B2X7R1H102M050BE","TDK","TDK","CAP CER 1000PF 50V X7R 0402","9.250","0.02191","20000","1","Tape & Reel (TR),Cut Tape (CT),Digi-Reel®","CGA","Active","1000 pF","±20%","50V","X7R","-55°C ~ 125°C","Soft Termination","AEC-Q200","Automotive, Boardflex Sensitive","Surface Mount, MLCC","0402 (1005 Metric)","0.039"" L x 0.020"" W (1.00mm x 0.50mm)","-","0.024"" (0.60mm)","-","-","-","https://www.digikey.be/en/products/detail/tdk/CGA2B2X7R1H102M050BE/5809415"
"https://product.tdk.com/system/files/dam/doc/product/capacitor/ceramic/mlcc/catalog/mlcc_commercial_hightemp_en.pdf","//mm.digikey.com/Volume0/opasdata/d220001/medias/images/773/0402-%281005-Metric%29-0.70mm-C-Series.jpg","445-13785-2-ND,445-13785-1-ND,445-13785-6-ND","C1005NP01H102J050BA","TDK","TDK","CAP CER 1000PF 50V NP0 0402","285","0.02191","20000","1","Tape & Reel (TR),Cut Tape (CT),Digi-Reel®","C","Active","1000 pF","±5%","50V","C0G, NP0","-55°C ~ 150°C","High Temperature","-","General Purpose","Surface Mount, MLCC","0402 (1005 Metric)","0.039"" L x 0.020"" W (1.00mm x 0.50mm)","-","0.022"" (0.55mm)","-","-","-","https://www.digikey.be/en/products/detail/tdk/C1005NP01H102J050BA/3951021"
"https://ds.yuden.co.jp/TYCOMPAS/ut/download?pn=MAASE063SB7102MFCA01&fileType=Datasheet","//mm.digikey.com/Volume0/opasdata/d220001/medias/images/4849/587_0201-%280603-Metric%29-0%2C33mm.jpg","587-MAASE063SB7102MFCA01TR-ND,587-MAASE063SB7102MFCA01CT-ND,587-MAASE063SB7102MFCA01DKR-ND","MAASE063SB7102MFCA01","Taiyo Yuden","Taiyo Yuden","CAP CER 1000PF 16V X7R 0201","15.000","0.02201","20000","1","Tape & Reel (TR),Cut Tape (CT),Digi-Reel®","MAAS","Active","1000 pF","±20%","16V","X7R","-55°C ~ 125°C","-","AEC-Q200","Automotive","Surface Mount, MLCC","0201 (0603 Metric)","0.024"" L x 0.012"" W (0.60mm x 0.30mm)","-","0.024"" (0.60mm)","-","-","-","https://www.digikey.be/en/products/detail/taiyo-yuden/MAASE063SB7102MFCA01/16902387"
"//mm.digikey.com/Volume0/opasdata/d220001/medias/docus/5016/MAAST063SB7102KFCA01_SS.pdf","//mm.digikey.com/Volume0/opasdata/d220001/medias/images/5050/MFG_MAASL063SB7103KFCA01.jpg","587-MAAST063SB7102KFCA01TR-ND,587-MAAST063SB7102KFCA01CT-ND,587-MAAST063SB7102KFCA01DKR-ND","MAAST063SB7102KFCA01","Taiyo Yuden","Taiyo Yuden","CAP CER 1000PF 25V X7R 0201","13.776","0.02201","20000","1","Tape & Reel (TR),Cut Tape (CT),Digi-Reel®","MAAS","Active","1000 pF","±10%","25V","X7R","-55°C ~ 125°C","-","AEC-Q200","Automotive","Surface Mount, MLCC","0201 (0603 Metric)","0.024"" L x 0.012"" W (0.60mm x 0.30mm)","0.013"" (0.33mm)","0.013"" (0.33mm)","-","-","-","https://www.digikey.be/en/products/detail/taiyo-yuden/MAAST063SB7102KFCA01/18109022"
"//mm.digikey.com/Volume0/opasdata/d220001/medias/docus/5038/MAAST063SB7102MFCA01_SS.pdf","//mm.digikey.com/Volume0/opasdata/d220001/medias/images/5050/MFG_MAASL063SB7103KFCA01.jpg","587-MAAST063SB7102MFCA01TR-ND,587-MAAST063SB7102MFCA01CT-ND,587-MAAST063SB7102MFCA01DKR-ND","MAAST063SB7102MFCA01","Taiyo Yuden","Taiyo Yuden","CAP CER 1000PF 25V X7R 0201","0","0.02201","20000","1","Tape & Reel (TR),Cut Tape (CT),Digi-Reel®","MAAS","Active","1000 pF","±20%","25V","X7R","-55°C ~ 125°C","-","AEC-Q200","Automotive","Surface Mount, MLCC","0201 (0603 Metric)","0.024"" L x 0.012"" W (0.60mm x 0.30mm)","0.013"" (0.33mm)","0.013"" (0.33mm)","-","-","-","https://www.digikey.be/en/products/detail/taiyo-yuden/MAAST063SB7102MFCA01/18109020"
"https://www.vishay.com/docs/28548/vjw1bcbascomseries.pdf","//mm.digikey.com/Volume0/opasdata/d220001/medias/images/6770/VJ_W1BC_Series_0603-1608.jpg","720-VJ0603A102JXXCW1BCTR-ND,720-VJ0603A102JXXCW1BCCT-ND,720-VJ0603A102JXXCW1BCDKR-ND","VJ0603A102JXXCW1BC","Vishay Vitramon","Vishay Vitramon","CAP CER 1000PF 25V C0G/NP0 0603","1.489","0.02206","20000","1","Tape & Reel (TR),Cut Tape (CT),Digi-Reel®","VJ W1BC","Active","1000 pF","±5%","25V","C0G, NP0","-55°C ~ 125°C","-","-","General Purpose","Surface Mount, MLCC","0603 (1608 Metric)","0.063"" L x 0.031"" W (1.60mm x 0.80mm)","-","0.034"" (0.87mm)","-","-","-","https://www.digikey.be/en/products/detail/vishay-vitramon/VJ0603A102JXXCW1BC/8302919"
"https://search.murata.co.jp/Ceramy/image/img/A01X/G101/ENG/GRM1555C1H102FA01-01A.pdf","//mm.digikey.com/Volume0/opasdata/d220001/medias/images/5447/490-Ceramic-Capacitor-Tan-Field.jpg","490-GRM1555C1H102FA01JTR-ND,490-GRM1555C1H102FA01JCT-ND,490-GRM1555C1H102FA01JDKR-ND","GRM1555C1H102FA01J","Murata Electronics","Murata Electronics","CAP CER 1000PF 50V C0G/NP0 0402","97.831","0.02223","20000","1","Tape & Reel (TR),Cut Tape (CT),Digi-Reel®","GRM","Active","1000 pF","±1%","50V","C0G, NP0","-55°C ~ 125°C","-","-","General Purpose","Surface Mount, MLCC","0402 (1005 Metric)","0.039"" L x 0.020"" W (1.00mm x 0.50mm)","-","0.022"" (0.55mm)","-","-","-","https://www.digikey.be/en/products/detail/murata-electronics/GRM1555C1H102FA01J/2543861"
"-","//mm.digikey.com/Volume0/opasdata/d220001/medias/images/331/Taiyo-Yuden-0603-%281608-Metric%29.jpg","587-6371-2-ND,587-6371-1-ND,587-6371-6-ND","UMK107B7102KAHT","Taiyo Yuden","Taiyo Yuden","CAP CER 1000PF 50V X7R 0603","24.379","0.02223","20000","1","Tape & Reel (TR),Cut Tape (CT),Digi-Reel®","M","Active","1000 pF","±10%","50V","X7R","-55°C ~ 125°C","-","AEC-Q200","Automotive","Surface Mount, MLCC","0603 (1608 Metric)","0.063"" L x 0.031"" W (1.60mm x 0.80mm)","-","0.035"" (0.90mm)","-","-","-","https://www.digikey.be/en/products/detail/taiyo-yuden/UMK107B7102KAHT/4971055"
"https://yageogroup.com/content/datasheet/asset/file/KEM_C1007_X8R_ULTRA_150C_SMD","//mm.digikey.com/Volume0/opasdata/d220001/medias/images/423/0805-%282012-Metric%29-2%2C00x1%2C20x1%2C00mm.jpg","399-C0805C102K5HACAUTOTR-ND,399-C0805C102K5HACAUTOCT-ND,399-C0805C102K5HACAUTODKR-ND","C0805C102K5HACAUTO","KEMET","KEMET","CAP CER 0805 1NF 50V ULTRA STABL","4.069","0.02223","20000","1","Tape & Reel (TR),Cut Tape (CT),Digi-Reel®","SMD Auto X8R HT150C","Active","1000 pF","±10%","50V","X8R","-55°C ~ 150°C","Low ESL, High Temperature","AEC-Q200","Automotive","Surface Mount, MLCC","0805 (2012 Metric)","0.079"" L x 0.049"" W (2.00mm x 1.25mm)","-","0.035"" (0.88mm)","-","-","-","https://www.digikey.be/en/products/detail/kemet/C0805C102K5HACAUTO/7959235"
"//mm.digikey.com/Volume0/opasdata/d220001/medias/docus/4891/MC_mlcc_DS.pdf","//mm.digikey.com/Volume0/opasdata/d220001/medias/images/3245/MFG_MCASU168SB7102KTNA01.jpg","587-MCASU168SB7102KTNA01TR-ND,587-MCASU168SB7102KTNA01CT-ND,587-MCASU168SB7102KTNA01DKR-ND","MCASU168SB7102KTNA01","Taiyo Yuden","Taiyo Yuden","CAP CER 1000PF 50V X7R 0603","272","0.02223","20000","1","Tape & Reel (TR),Cut Tape (CT),Digi-Reel®","MCAS","Active","1000 pF","±10%","50V","X7R","-55°C ~ 125°C","-","AEC-Q200","Automotive","Surface Mount, MLCC","0603 (1608 Metric)","0.063"" L x 0.031"" W (1.60mm x 0.80mm)","-","0.035"" (0.90mm)","-","-","-","https://www.digikey.be/en/products/detail/taiyo-yuden/MCASU168SB7102KTNA01/16660228"
"https://datasheets.kyocera-avx.com/C0GNP0-KGM.pdf","//mm.digikey.com/Volume0/opasdata/d220001/medias/images/4845/478_0603-%281608-Metric%29-0%2C90mm.jpg","478-KGM15ACG1E102JTTR-ND,478-KGM15ACG1E102JTCT-ND,478-KGM15ACG1E102JTDKR-ND","KGM15ACG1E102JT","KYOCERA AVX","KYOCERA AVX","CAP CER 1000PF 25V C0G/NP0 0603","37.106","0.02234","20000","1","Tape & Reel (TR),Cut Tape (CT),Digi-Reel®","KGM - C0G","Active","1000 pF","±5%","25V","C0G, NP0","-55°C ~ 125°C","-","-","General Purpose","Surface Mount, MLCC","0603 (1608 Metric)","0.063"" L x 0.032"" W (1.60mm x 0.81mm)","-","0.035"" (0.90mm)","-","-","-","https://www.digikey.be/en/products/detail/kyocera-avx/KGM15ACG1E102JT/1599079"
"https://datasheets.kyocera-avx.com/KGM_X7R.pdf","//mm.digikey.com/Volume0/opasdata/d220001/medias/images/7228/MFG_478_X7R_0805-%282012-Metric%29.jpg","478-KGM21NR71H102MTTR-ND,478-KGM21NR71H102MTCT-ND,478-KGM21NR71H102MTDKR-ND","KGM21NR71H102MT","KYOCERA AVX","KYOCERA AVX","CAP CER 1000PF 50V X7R 0805","9.581","0.02234","20000","1","Tape & Reel (TR),Cut Tape (CT),Digi-Reel®","KGM - X7R","Active","1000 pF","±20%","50V","X7R","-55°C ~ 125°C","-","-","General Purpose","Surface Mount, MLCC","0805 (2012 Metric)","0.079"" L x 0.049"" W (2.01mm x 1.25mm)","-","0.039"" (1.00mm)","-","-","-","https://www.digikey.be/en/products/detail/kyocera-avx/KGM21NR71H102MT/1602823"
"https://datasheets.kyocera-avx.com/KGM_X7R.pdf","//mm.digikey.com/Volume0/opasdata/d220001/medias/images/7228/MFG_478_X7R_0805-%282012-Metric%29.jpg","478-KGM21NR71C102KTTR-ND,478-KGM21NR71C102KTCT-ND,478-KGM21NR71C102KTDKR-ND","KGM21NR71C102KT","KYOCERA AVX","KYOCERA AVX","CAP CER 1000PF 16V X7R 0805","3.567","0.02234","20000","1","Tape & Reel (TR),Cut Tape (CT),Digi-Reel®","KGM - X7R","Active","1000 pF","±10%","16V","X7R","-55°C ~ 125°C","-","-","General Purpose","Surface Mount, MLCC","0805 (2012 Metric)","0.079"" L x 0.049"" W (2.01mm x 1.25mm)","-","0.039"" (1.00mm)","-","-","-","https://www.digikey.be/en/products/detail/kyocera-avx/KGM21NR71C102KT/1603240"
"https://yageogroup.com/content/datasheet/asset/file/KEM_C1002_X7R_SMD","//mm.digikey.com/Volume0/opasdata/d220001/medias/images/423/0805-%282012-Metric%29-2%2C00x1%2C20x1%2C00mm.jpg","399-C0805C102K5RAC7215TR-ND,399-C0805C102K5RAC7215CT-ND,399-C0805C102K5RAC7215DKR-ND","C0805C102K5RAC7215","KEMET","KEMET","CAP CER 1000PF 50V X7R 0805","12.365","0.02235","20000","1","Tape & Reel (TR),Cut Tape (CT),Digi-Reel®","SMD Comm X7R","Active","1000 pF","±10%","50V","X7R","-55°C ~ 125°C","-","-","Bypass, Decoupling","Surface Mount, MLCC","0805 (2012 Metric)","0.079"" L x 0.049"" W (2.00mm x 1.25mm)","-","0.035"" (0.88mm)","-","-","-","https://www.digikey.be/en/products/detail/kemet/C0805C102K5RAC7215/12700594"
"https://yageogroup.com/content/datasheet/asset/file/KEM_C1007_X8R_ULTRA_150C_SMD","//mm.digikey.com/Volume0/opasdata/d220001/medias/images/5352/0603-%281608-Metric%29-Ceramic-Capacitor.jpg","399-C0603C102F4HACTUTR-ND,399-C0603C102F4HACTUCT-ND,399-C0603C102F4HACTUDKR-ND","C0603C102F4HACTU","KEMET","KEMET","CAP CER 1000PF 16V X8R 0603","7.415","0.02272","20000","1","Tape & Reel (TR),Cut Tape (CT),Digi-Reel®","SMD Comm X8R HT150C","Active","1000 pF","±1%","16V","X8R","-55°C ~ 150°C","Low ESL, High Temperature","-","General Purpose","Surface Mount, MLCC","0603 (1608 Metric)","0.063"" L x 0.031"" W (1.60mm x 0.80mm)","-","0.034"" (0.87mm)","-","-","-","https://www.digikey.be/en/products/detail/kemet/C0603C102F4HACTU/7946190"
"https://yageogroup.com/content/datasheet/asset/file/UPY-ST_NPOX7R_16V-TO-3KV","//mm.digikey.com/Volume0/opasdata/d220001/medias/images/2488/0603%289mmthickness%29.jpg","13-CS0603JRX7R9BB102TR-ND,13-CS0603JRX7R9BB102CT-ND,13-CS0603JRX7R9BB102DKR-ND","CS0603JRX7R9BB102","YAGEO","YAGEO","CAP CER 1000PF 50V X7R 0603","7.628","0.02276","20000","1","Tape & Reel (TR),Cut Tape (CT),Digi-Reel®","CS","Active","1000 pF","±5%","50V","X7R","-55°C ~ 125°C","Soft Termination","-","Boardflex Sensitive","Surface Mount, MLCC","0603 (1608 Metric)","0.063"" L x 0.031"" W (1.60mm x 0.80mm)","-","0.037"" (0.95mm)","-","-","-","https://www.digikey.be/en/products/detail/yageo/CS0603JRX7R9BB102/16797948"
"https://datasheets.kyocera-avx.com/C0GNP0-KGM.pdf","//mm.digikey.com/Volume0/opasdata/d220001/medias/images/4845/478_0603-%281608-Metric%29-0%2C90mm.jpg","478-KGM15ACG1E102JMTR-ND,478-KGM15ACG1E102JMCT-ND,478-KGM15ACG1E102JMDKR-ND","KGM15ACG1E102JM","KYOCERA AVX","KYOCERA AVX","CAP CER 1000PF 25V C0G/NP0 0603","14.890","0.02297","20000","1","Tape & Reel (TR),Cut Tape (CT),Digi-Reel®","KGM - C0G","Active","1000 pF","±5%","25V","C0G, NP0","-55°C ~ 125°C","-","-","General Purpose","Surface Mount, MLCC","0603 (1608 Metric)","0.063"" L x 0.032"" W (1.60mm x 0.81mm)","-","0.035"" (0.90mm)","-","-","-","https://www.digikey.be/en/products/detail/kyocera-avx/KGM15ACG1E102JM/1599080"
"https://datasheets.kyocera-avx.com/KGM_X7R.pdf","//mm.digikey.com/Volume0/opasdata/d220001/medias/images/7228/MFG_478_X7R_0805-%282012-Metric%29.jpg","478-KGM21NR71H102MMTR-ND,478-KGM21NR71H102MMCT-ND,478-KGM21NR71H102MMDKR-ND","KGM21NR71H102MM","KYOCERA AVX","KYOCERA AVX","CAP CER 1000PF 50V X7R 0805","5.976","0.02297","20000","1","Tape & Reel (TR),Cut Tape (CT),Digi-Reel®","KGM - X7R","Active","1000 pF","±20%","50V","X7R","-55°C ~ 125°C","-","-","General Purpose","Surface Mount, MLCC","0805 (2012 Metric)","0.079"" L x 0.049"" W (2.01mm x 1.25mm)","-","0.039"" (1.00mm)","-","-","-","https://www.digikey.be/en/products/detail/kyocera-avx/KGM21NR71H102MM/1602824"
"https://datasheets.kyocera-avx.com/KGM_X7R.pdf","//mm.digikey.com/Volume0/opasdata/d220001/medias/images/7228/MFG_478_X7R_0805-%282012-Metric%29.jpg","478-KGM21NR71H102JTTR-ND,478-KGM21NR71H102JTCT-ND,478-KGM21NR71H102JTDKR-ND","KGM21NR71H102JT","KYOCERA AVX","KYOCERA AVX","CAP CER 1000PF 50V X7R 0805","2.056","0.023","20000","1","Tape & Reel (TR),Cut Tape (CT),Digi-Reel®","KGM - X7R","Active","1000 pF","±5%","50V","X7R","-55°C ~ 125°C","-","-","General Purpose","Surface Mount, MLCC","0805 (2012 Metric)","0.079"" L x 0.049"" W (2.01mm x 1.25mm)","-","0.039"" (1.00mm)","-","-","-","https://www.digikey.be/en/products/detail/kyocera-avx/KGM21NR71H102JT/1602813"
"https://yageogroup.com/content/datasheet/asset/file/KEM_C1022_C0G_AUTO_SMD","//mm.digikey.com/Volume0/opasdata/d220001/medias/images/5352/0603-%281608-Metric%29-Ceramic-Capacitor.jpg","399-C0603C102J3GACAUTOTR-ND,399-C0603C102J3GACAUTOCT-ND,399-C0603C102J3GACAUTODKR-ND","C0603C102J3GACAUTO","KEMET","KEMET","CAP CER 1000PF 25V C0G/NP0 0603","53.267","0.02305","20000","1","Tape & Reel (TR),Cut Tape (CT),Digi-Reel®","SMD Auto C0G","Active","1000 pF","±5%","25V","C0G, NP0","-55°C ~ 125°C","Low ESL","AEC-Q200","Automotive","Surface Mount, MLCC","0603 (1608 Metric)","0.063"" L x 0.031"" W (1.60mm x 0.80mm)","-","0.034"" (0.87mm)","-","-","-","https://www.digikey.be/en/products/detail/kemet/C0603C102J3GACAUTO/10642460"
"https://yageogroup.com/content/datasheet/asset/file/KEM_C1007_X8R_ULTRA_150C_SMD","//mm.digikey.com/Volume0/opasdata/d220001/medias/images/423/0805-%282012-Metric%29-2%2C00x1%2C20x1%2C00mm.jpg","399-16591-2-ND,399-16591-1-ND,399-16591-6-ND","C0805C102J5HACAUTO","KEMET","KEMET","CAP CER 0805 1NF 50V ULTRA STABL","39.837","0.02305","20000","1","Tape & Reel (TR),Cut Tape (CT),Digi-Reel®","SMD Auto X8R HT150C","Active","1000 pF","±5%","50V","X8R","-55°C ~ 150°C","Low ESL, High Temperature","AEC-Q200","Automotive","Surface Mount, MLCC","0805 (2012 Metric)","0.079"" L x 0.049"" W (2.00mm x 1.25mm)","-","0.035"" (0.88mm)","-","-","-","https://www.digikey.be/en/products/detail/kemet/C0805C102J5HACAUTO/7943632"
"https://datasheets.kyocera-avx.com/FlexitermMLCC.pdf","//mm.digikey.com/Volume0/opasdata/d220001/medias/images/7228/MFG_478_Flexiterm_series.jpg","478-KAF05AR71H102KHTR-ND,478-KAF05AR71H102KHCT-ND,478-KAF05AR71H102KHDKR-ND","04025C102K4Z2A","KYOCERA AVX","KYOCERA AVX","CAP CER SMD","8.436","0.02316","20000","1","Tape & Reel (TR),Cut Tape (CT),Digi-Reel®","FLEXITERM®","Active","1000 pF","±10%","50V","X7R","-55°C ~ 125°C","Soft Termination","AEC-Q200","Automotive, Boardflex Sensitive","Surface Mount, MLCC","0402 (1005 Metric)","0.040"" L x 0.020"" W (1.00mm x 0.50mm)","-","0.022"" (0.56mm)","-","-","-","https://www.digikey.be/en/products/detail/kyocera-avx/04025C102K4Z2A/11248520"
"https://www.vishay.com/docs/28548/vjw1bcbascomseries.pdf","//mm.digikey.com/Volume0/opasdata/d220001/medias/images/6770/VJ_W1BC_Series_0603-1608.jpg","720-1652-2-ND,720-1652-1-ND,720-1652-6-ND","VJ0603A102JXACW1BC","Vishay Vitramon","Vishay Vitramon","CAP CER 1000PF 50V C0G/NP0 0603","4.186","0.02322","20000","1","Tape & Reel (TR),Cut Tape (CT),Digi-Reel®","VJ W1BC","Active","1000 pF","±5%","50V","C0G, NP0","-55°C ~ 125°C","-","-","General Purpose","Surface Mount, MLCC","0603 (1608 Metric)","0.063"" L x 0.031"" W (1.60mm x 0.80mm)","-","0.034"" (0.87mm)","-","-","-","https://www.digikey.be/en/products/detail/vishay-vitramon/VJ0603A102JXACW1BC/8302913"
"https://calchip.com/wp-content/uploads/2026/04/GMC-Series-1.pdf","//mm.digikey.com/Volume0/opasdata/d220001/medias/images/5781/MFG_Cal-Chip-All-Capacitors.jpg","4713-GMC02CG102F25NTTR-ND,4713-GMC02CG102F25NTCT-ND,4713-GMC02CG102F25NTDKR-ND","GMC02CG102F25NT","Cal-Chip Electronics, Inc.","Cal-Chip Electronics, Inc.","CAP0201 COG 1000PF 1% 25V","33.132","0.02324","20000","1","Tape & Reel (TR),Cut Tape (CT),Digi-Reel®","GMC","Active","1000 pF","±1%","25V","C0G, NP0","-55°C ~ 125°C","-","-","General Purpose","Surface Mount, MLCC","0201 (0603 Metric)","0.024"" L x 0.012"" W (0.60mm x 0.30mm)","-","0.013"" (0.33mm)","-","-","-","https://www.digikey.be/en/products/detail/cal-chip-electronics-inc/GMC02CG102F25NT/22493419"
"https://product.tdk.com/system/files/dam/doc/product/capacitor/ceramic/mlcc/catalog/mlcc_commercial_general_en.pdf","//mm.digikey.com/Volume0/opasdata/d220001/medias/images/5741/MFG_C1608X7R1C105K080DC.jpg","445-C1608C0G1H102J080DATR-ND,445-C1608C0G1H102J080DACT-ND,445-C1608C0G1H102J080DADKR-ND","C1608C0G1H102J080DA","TDK","TDK","COMMERCIAL GRADE,0603,C0G,50V,1N","18.364","0.02332","20000","1","Tape & Reel (TR),Cut Tape (CT),Digi-Reel®","C","Active","1000 pF","±5%","50V","C0G, NP0","-55°C ~ 125°C","Low ESL","-","General Purpose","Surface Mount, MLCC","0603 (1608 Metric)","0.063"" L x 0.031"" W (1.60mm x 0.80mm)","-","0.035"" (0.90mm)","-","-","-","https://www.digikey.be/en/products/detail/tdk/C1608C0G1H102J080DA/22106153"
"https://yageogroup.com/content/datasheet/asset/file/KEM_C1002_X7R_SMD","//mm.digikey.com/Volume0/opasdata/d220001/medias/images/423/0805-%282012-Metric%29-2%2C00x1%2C20x1%2C00mm.jpg","399-15433-2-ND,399-15433-1-ND,399-15433-6-ND","C0805C102K3RACTU","KEMET","KEMET","CAP CER 1000PF 25V X7R 0805","42.120","0.02338","20000","1","Tape & Reel (TR),Cut Tape (CT),Digi-Reel®","SMD Comm X7R","Active","1000 pF","±10%","25V","X7R","-55°C ~ 125°C","-","-","Bypass, Decoupling","Surface Mount, MLCC","0805 (2012 Metric)","0.079"" L x 0.049"" W (2.00mm x 1.25mm)","-","0.035"" (0.88mm)","-","-","-","https://www.digikey.be/en/products/detail/kemet/C0805C102K3RACTU/2211680"
"https://product.tdk.com/system/files/dam/doc/product/capacitor/ceramic/mlcc/catalog/mlcc_commercial_soft_en.pdf","//mm.digikey.com/Volume0/opasdata/d220001/medias/images/4850/445_0603-%281608-Metric%29-0%2C95mm-C-Series.jpg","445-15923-2-ND,445-15923-1-ND,445-15923-6-ND","C1608X7R1H102K080AE","TDK","TDK","CAP CER 1000PF 50V X7R 0603","493.025","0.02352","20000","1","Tape & Reel (TR),Cut Tape (CT),Digi-Reel®","C","Active","1000 pF","±10%","50V","X7R","-55°C ~ 125°C","Soft Termination","-","Boardflex Sensitive","Surface Mount, MLCC","0603 (1608 Metric)","0.063"" L x 0.031"" W (1.60mm x 0.80mm)","-","0.037"" (0.95mm)","-","-","-","https://www.digikey.be/en/products/detail/tdk/C1608X7R1H102K080AE/4490560"
"https://product.tdk.com/system/files/dam/doc/product/capacitor/ceramic/mlcc/catalog/mlcc_automotive_soft_en.pdf","//mm.digikey.com/Volume0/opasdata/d220001/medias/images/2532/CGA-Series-0402-%281005-Metric%29.jpg","445-CGA2B2C0G1H102J050BETR-ND,445-CGA2B2C0G1H102J050BECT-ND,445-CGA2B2C0G1H102J050BEDKR-ND","CGA2B2C0G1H102J050BE","TDK","TDK","CAP CER 1000PF 50V C0G 0402","60.291","0.02352","20000","1","Tape & Reel (TR),Cut Tape (CT),Digi-Reel®","CGA","Active","1000 pF","±5%","50V","C0G, NP0","-55°C ~ 125°C","Soft Termination","AEC-Q200","Automotive, Boardflex Sensitive","Surface Mount, MLCC","0402 (1005 Metric)","0.039"" L x 0.020"" W (1.00mm x 0.50mm)","-","0.024"" (0.60mm)","-","-","-","https://www.digikey.be/en/products/detail/tdk/CGA2B2C0G1H102J050BE/11697953"
"https://datasheets.kyocera-avx.com/KGM_X7R.pdf","//mm.digikey.com/Volume0/opasdata/d220001/medias/images/7228/MFG_478_X7R_0805-%282012-Metric%29.jpg","478-KGM21NR71H102JMTR-ND,478-KGM21NR71H102JMCT-ND,478-KGM21NR71H102JMDKR-ND","KGM21NR71H102JM","KYOCERA AVX","KYOCERA AVX","CAP CER 1000PF 50V X7R 0805","0","0.02364","20000","1","Tape & Reel (TR),Cut Tape (CT),Digi-Reel®","KGM - X7R","Active","1000 pF","±5%","50V","X7R","-55°C ~ 125°C","-","-","General Purpose","Surface Mount, MLCC","0805 (2012 Metric)","0.079"" L x 0.049"" W (2.01mm x 1.25mm)","-","0.039"" (1.00mm)","-","-","-","https://www.digikey.be/en/products/detail/kyocera-avx/KGM21NR71H102JM/1602816"
"https://product.tdk.com/system/files/dam/doc/product/capacitor/ceramic/mlcc/catalog/mlcc_automotive_hightemp_en.pdf","//mm.digikey.com/Volume0/opasdata/d220001/medias/images/2532/CGA-Series-0402-%281005-Metric%29.jpg","445-12118-2-ND,445-12118-1-ND,445-12118-6-ND","CGA2B2NP01H102J050BA","TDK","TDK","CAP CER 1000PF 50V NP0 0402","51.057","0.02384","20000","1","Tape & Reel (TR),Cut Tape (CT),Digi-Reel®","CGA","Active","1000 pF","±5%","50V","C0G, NP0","-55°C ~ 150°C","High Temperature","AEC-Q200","Automotive","Surface Mount, MLCC","0402 (1005 Metric)","0.039"" L x 0.020"" W (1.00mm x 0.50mm)","-","0.022"" (0.55mm)","-","-","-","https://www.digikey.be/en/products/detail/tdk/CGA2B2NP01H102J050BA/3949354"
"https://search.murata.co.jp/Ceramy/image/img/A01X/G101/ENG/GCM188L81H102KA03-01A.pdf","//mm.digikey.com/Volume0/opasdata/d220001/medias/images/5447/490-Ceramic-Capacitor-Tan-Field.jpg","490-GCM188L81H102KA03DTR-ND,490-GCM188L81H102KA03DCT-ND,490-GCM188L81H102KA03DDKR-ND","GCM188L81H102KA03D","Murata Electronics","Murata Electronics","CAP CER 1000PF 50V X8L 0603","3.900","0.02431","20000","1","Tape & Reel (TR),Cut Tape (CT),Digi-Reel®","GCM","Active","1000 pF","±10%","50V","X8L","-55°C ~ 150°C","-","AEC-Q200","Automotive","Surface Mount, MLCC","0603 (1608 Metric)","0.063"" L x 0.031"" W (1.60mm x 0.80mm)","-","0.035"" (0.90mm)","-","-","-","https://www.digikey.be/en/products/detail/murata-electronics/GCM188L81H102KA03D/17847677"
"https://www.vishay.com/docs/28548/vjw1bcbascomseries.pdf","//mm.digikey.com/Volume0/opasdata/d220001/medias/images/2575/Vishay%20-%20VJ0805.jpg","720-1634-2-ND,720-1634-1-ND,720-1634-6-ND","VJ0805A102JXACW1BC","Vishay Vitramon","Vishay Vitramon","CAP CER 1000PF 50V C0G/NP0 0805","9.251","0.02437","20000","1","Tape & Reel (TR),Cut Tape (CT),Digi-Reel®","VJ W1BC","Active","1000 pF","±5%","50V","C0G, NP0","-55°C ~ 125°C","-","-","General Purpose","Surface Mount, MLCC","0805 (2012 Metric)","0.079"" L x 0.049"" W (2.00mm x 1.25mm)","-","0.037"" (0.95mm)","-","-","-","https://www.digikey.be/en/products/detail/vishay-vitramon/VJ0805A102JXACW1BC/420894"
"https://yageogroup.com/content/datasheet/asset/file/KEM_C1090_X7R_ESD","//mm.digikey.com/Volume0/opasdata/d220001/medias/images/5352/0603-%281608-Metric%29-Ceramic-Capacitor.jpg","399-C0603C102M3RECAUTOTR-ND,399-C0603C102M3RECAUTOCT-ND,399-C0603C102M3RECAUTODKR-ND","C0603C102M3RECAUTO","KEMET","KEMET","CAP CER 1000PF 25V X7R 0603","11.432","0.02454","20000","1","Tape & Reel (TR),Cut Tape (CT),Digi-Reel®","ESD SMD Auto X7R","Active","1000 pF","±20%","25V","X7R","-55°C ~ 125°C","-","AEC-Q200","Automotive, ESD Protection","Surface Mount, MLCC","0603 (1608 Metric)","0.063"" L x 0.031"" W (1.60mm x 0.80mm)","-","0.034"" (0.87mm)","-","-","-","https://www.digikey.be/en/products/detail/kemet/C0603C102M3RECAUTO/6826026"
"https://yageogroup.com/content/datasheet/asset/file/KEM_C1023_X7R_AUTO_SMD","//mm.digikey.com/Volume0/opasdata/d220001/medias/images/423/0805-%282012-Metric%29-2%2C00x1%2C20x1%2C00mm.jpg","399-6921-2-ND,399-6921-1-ND,399-6921-6-ND","C0805C102K5RACAUTO","KEMET","KEMET","CAP CER 1000PF 50V X7R 0805","6.550","0.02503","20000","1","Tape & Reel (TR),Cut Tape (CT),Digi-Reel®","SMD Auto X7R","Active","1000 pF","±10%","50V","X7R","-55°C ~ 125°C","-","AEC-Q200","Automotive, Bypass, Decoupling","Surface Mount, MLCC","0805 (2012 Metric)","0.079"" L x 0.049"" W (2.00mm x 1.25mm)","-","0.035"" (0.88mm)","-","-","-","https://www.digikey.be/en/products/detail/kemet/C0805C102K5RACAUTO/3314915"
"https://www.yageo.com/en/Chart/Download/pdf/CC0603GRNPO9BN102","//mm.digikey.com/Volume0/opasdata/d220001/medias/images/2488/0603%289mmthickness%29.jpg","311-3916-2-ND,311-3916-1-ND,311-3916-6-ND","CC0603GRNPO9BN102","YAGEO","YAGEO","CAP CER 1000PF 50V C0G/NPO 0603","11.485","0.02524","20000","1","Tape & Reel (TR),Cut Tape (CT),Digi-Reel®","CC","Active","1000 pF","±2%","50V","C0G, NP0","-55°C ~ 125°C","-","-","General Purpose","Surface Mount, MLCC","0603 (1608 Metric)","0.063"" L x 0.031"" W (1.60mm x 0.80mm)","-","0.035"" (0.90mm)","-","-","-","https://www.digikey.be/en/products/detail/yageo/CC0603GRNPO9BN102/5883539"
"https://www.yageo.com/en/Chart/Download/pdf/CC0603GRNPO8BN102","//mm.digikey.com/Volume0/opasdata/d220001/medias/images/2488/0603%289mmthickness%29.jpg","311-3914-2-ND,311-3914-1-ND,311-3914-6-ND","CC0603GRNPO8BN102","YAGEO","YAGEO","CAP CER 1000PF 25V C0G/NPO 0603","1.448","0.02524","20000","1","Tape & Reel (TR),Cut Tape (CT),Digi-Reel®","CC","Active","1000 pF","±2%","25V","C0G, NP0","-55°C ~ 125°C","-","-","General Purpose","Surface Mount, MLCC","0603 (1608 Metric)","0.063"" L x 0.031"" W (1.60mm x 0.80mm)","-","0.035"" (0.90mm)","-","-","-","https://www.digikey.be/en/products/detail/yageo/CC0603GRNPO8BN102/5883535"
"https://yageogroup.com/content/datasheet/asset/file/UPY-AC_NP0X7RX7S_6_3V-TO-2KV","//mm.digikey.com/Volume0/opasdata/d220001/medias/images/6808/AC_Series_0603_1608.jpg","311-3116-2-ND,311-3116-1-ND,311-3116-6-ND","AC0603KRX7R9BB102","YAGEO","YAGEO","CAP CER 1000PF 50V X7R 0603","40.188","0.02541","20000","1","Tape & Reel (TR),Cut Tape (CT),Digi-Reel®","AC","Active","1000 pF","±10%","50V","X7R","-55°C ~ 125°C","-","AEC-Q200","Automotive","Surface Mount, MLCC","0603 (1608 Metric)","0.063"" L x 0.031"" W (1.60mm x 0.80mm)","-","0.035"" (0.90mm)","-","-","-","https://www.digikey.be/en/products/detail/yageo/AC0603KRX7R9BB102/6643102"
"https://yageogroup.com/content/datasheet/asset/file/UPY-AC_NP0X7RX7S_6_3V-TO-2KV","//mm.digikey.com/Volume0/opasdata/d220001/medias/images/6808/AC_series_0805_2012.jpg","13-AC0805JPNPO9BN102TR-ND,13-AC0805JPNPO9BN102CT-ND,13-AC0805JPNPO9BN102DKR-ND","AC0805JPNPO9BN102","YAGEO","YAGEO","CAP CER 1000PF 50V C0G/NP0 0805","11.634","0.02567","20000","1","Tape & Reel (TR),Cut Tape (CT),Digi-Reel®","AC","Active","1000 pF","±5%","50V","C0G, NP0","-55°C ~ 125°C","-","AEC-Q200","Automotive","Surface Mount, MLCC","0805 (2012 Metric)","0.079"" L x 0.049"" W (2.00mm x 1.25mm)","-","0.028"" (0.70mm)","-","-","-","https://www.digikey.be/en/products/detail/yageo/AC0805JPNPO9BN102/16797610"
"https://yageogroup.com/content/datasheet/asset/file/UPY-AC_NP0X7RX7S_6_3V-TO-2KV","//mm.digikey.com/Volume0/opasdata/d220001/medias/images/6808/AC_series_0805_2012.jpg","311-3135-2-ND,311-3135-1-ND,311-3135-6-ND","AC0805JRNPO9BN102","YAGEO","YAGEO","CAP CER 1000PF 50V C0G/NPO 0805","369","0.02567","20000","1","Tape & Reel (TR),Cut Tape (CT),Digi-Reel®","AC","Active","1000 pF","±5%","50V","C0G, NP0","-55°C ~ 125°C","-","AEC-Q200","Automotive","Surface Mount, MLCC","0805 (2012 Metric)","0.079"" L x 0.049"" W (2.00mm x 1.25mm)","-","0.028"" (0.70mm)","-","-","-","https://www.digikey.be/en/products/detail/yageo/AC0805JRNPO9BN102/6643121"
"https://yageogroup.com/content/datasheet/asset/file/KEM_C1090_X7R_ESD","//mm.digikey.com/Volume0/opasdata/d220001/medias/images/5357/0402-%281005-Metric%29-Ceramic-Capacitor.jpg","399-C0402C102J3RECAUTOTR-ND,399-C0402C102J3RECAUTOCT-ND,399-C0402C102J3RECAUTODKR-ND","C0402C102J3RECAUTO","KEMET","KEMET","CAP CER 0402 1NF 25V X7R 5%","13.343","0.02568","20000","1","Tape & Reel (TR),Cut Tape (CT),Digi-Reel®","ESD SMD Auto X7R","Active","1000 pF","±5%","25V","X7R","-55°C ~ 125°C","-","AEC-Q200","Automotive, ESD Protection","Surface Mount, MLCC","0402 (1005 Metric)","0.039"" L x 0.020"" W (1.00mm x 0.50mm)","-","0.022"" (0.55mm)","-","-","-","https://www.digikey.be/en/products/detail/kemet/C0402C102J3RECAUTO/8646431"
"https://yageogroup.com/content/datasheet/asset/file/UPY-AC_NP0X7RX7S_6_3V-TO-2KV","//mm.digikey.com/Volume0/opasdata/d220001/medias/images/6808/AC_Series_0603_1608.jpg","13-AC0603KPX7R9BB102TR-ND,13-AC0603KPX7R9BB102CT-ND,13-AC0603KPX7R9BB102DKR-ND","AC0603KPX7R9BB102","YAGEO","YAGEO","CAP CER 1000PF 50V X7R 0603","16.724","0.02609","20000","1","Tape & Reel (TR),Cut Tape (CT),Digi-Reel®","AC","Active","1000 pF","±10%","50V","X7R","-55°C ~ 125°C","-","AEC-Q200","Automotive","Surface Mount, MLCC","0603 (1608 Metric)","0.063"" L x 0.031"" W (1.60mm x 0.80mm)","-","0.035"" (0.90mm)","-","-","-","https://www.digikey.be/en/products/detail/yageo/AC0603KPX7R9BB102/11490223"
"https://datasheets.kyocera-avx.com/FlexitermMLCC.pdf","//mm.digikey.com/Volume0/opasdata/d220001/medias/images/7228/MFG_478_Flexiterm_series.jpg","478-KAF21BR81H102KTTR-ND,478-KAF21BR81H102KTCT-ND,478-KAF21BR81H102KTDKR-ND","08055F102K4Z2A","KYOCERA AVX","KYOCERA AVX","CAP CER 1000PF 50V X8R 0805","7.189","0.02641","20000","1","Tape & Reel (TR),Cut Tape (CT),Digi-Reel®","FLEXITERM®","Active","1000 pF","±10%","50V","X8R","-55°C ~ 150°C","Soft Termination, High Temperature","AEC-Q200","Automotive, Boardflex Sensitive","Surface Mount, MLCC","0805 (2012 Metric)","0.079"" L x 0.049"" W (2.00mm x 1.25mm)","-","0.037"" (0.94mm)","-","-","-","https://www.digikey.be/en/products/detail/kyocera-avx/08055F102K4Z2A/6138458"
