Datasheet,Image,DK Part #,Mfr Part #,Mfr,Supplier,Description,Stock,Price,@ qty,Min Qty, Package,Series,Product Status,"Capacitance","Tolerance","Voltage - Rated","Temperature Coefficient","Operating Temperature","Features","Ratings","Applications","Failure Rate","Mounting Type","Package / Case","Size / Dimension","Height - Seated (Max)","Thickness (Max)","Lead Spacing","Lead Style","URL"
"https://www.passivecomponent.com/wp-content/uploads/datasheet/WTC_MLCC_General_Purpose.pdf","//mm.digikey.com/Volume0/opasdata/d220001/medias/images/942/0603-%281608-Metric%29-0%2C90mm.jpg","1292-1501-2-ND,1292-1501-1-ND,1292-1501-6-ND","0603N220G500CT","Walsin Technology Corporation","Walsin Technology Corporation","CAP CER 22PF 50V C0G/NP0 0603","38.705","0.08","0","1","Tape & Reel (TR),Cut Tape (CT),Digi-Reel®","-","Active","22 pF","±2%","50V","C0G, NP0","-55°C ~ 125°C","-","-","General Purpose","-","Surface Mount, MLCC","0603 (1608 Metric)","0.063"" L x 0.031"" W (1.60mm x 0.80mm)","-","0.034"" (0.87mm)","-","-","https://www.digikey.be/en/products/detail/walsin-technology-corporation/0603N220G500CT/9354998"
"https://calchip.com/wp-content/uploads/2026/04/GMC-Series-1.pdf","//mm.digikey.com/Volume0/opasdata/d220001/medias/images/5781/MFG_Cal-Chip-All-Capacitors.jpg","4713-GMC10CG220G50NTDTR-ND,4713-GMC10CG220G50NTDCT-ND,4713-GMC10CG220G50NTDDKR-ND","GMC10CG220G50NTD","Cal-Chip Electronics, Inc.","Cal-Chip Electronics, Inc.","CAP0603 COG 22PF 2% 50V","9.770","0.08","0","1","Tape & Reel (TR),Cut Tape (CT),Digi-Reel®","GMC","Active","22 pF","±2%","50V","C0G, NP0","-55°C ~ 125°C","-","-","General Purpose","-","Surface Mount, MLCC","0603 (1608 Metric)","0.063"" L x 0.031"" W (1.60mm x 0.80mm)","-","0.035"" (0.90mm)","-","-","https://www.digikey.be/en/products/detail/cal-chip-electronics-inc/GMC10CG220G50NTD/24634115"
"https://calchip.com/wp-content/uploads/2026/04/GMC-Series-1.pdf","//mm.digikey.com/Volume0/opasdata/d220001/medias/images/5781/MFG_Cal-Chip-All-Capacitors.jpg","4713-GMC10CG220G100NTTR-ND,4713-GMC10CG220G100NTCT-ND,4713-GMC10CG220G100NTDKR-ND","GMC10CG220G100NT","Cal-Chip Electronics, Inc.","Cal-Chip Electronics, Inc.","CAP0603 COG 22PF 2% 100V","3.990","0.08","0","1","Tape & Reel (TR),Cut Tape (CT),Digi-Reel®","GMC","Active","22 pF","±2%","100V","C0G, NP0","-55°C ~ 125°C","-","-","General Purpose","-","Surface Mount, MLCC","0603 (1608 Metric)","0.063"" L x 0.031"" W (1.60mm x 0.80mm)","-","0.035"" (0.90mm)","-","-","https://www.digikey.be/en/products/detail/cal-chip-electronics-inc/GMC10CG220G100NT/24634105"
"https://calchip.com/wp-content/uploads/2026/04/GMC-Series-1.pdf","//mm.digikey.com/Volume0/opasdata/d220001/medias/images/5781/MFG_Cal-Chip-All-Capacitors.jpg","4713-GMC10CG220F50NTTR-ND,4713-GMC10CG220F50NTCT-ND,4713-GMC10CG220F50NTDKR-ND","GMC10CG220F50NT","Cal-Chip Electronics, Inc.","Cal-Chip Electronics, Inc.","CAP0603 COG 22PF 1% 50V","2.942","0.08","0","1","Tape & Reel (TR),Cut Tape (CT),Digi-Reel®","GMC","Active","22 pF","±1%","50V","C0G, NP0","-55°C ~ 125°C","-","-","General Purpose","-","Surface Mount, MLCC","0603 (1608 Metric)","0.063"" L x 0.031"" W (1.60mm x 0.80mm)","-","0.035"" (0.90mm)","-","-","https://www.digikey.be/en/products/detail/cal-chip-electronics-inc/GMC10CG220F50NT/24634089"
"https://calchip.com/wp-content/uploads/2026/04/GMC-Series-1.pdf","//mm.digikey.com/Volume0/opasdata/d220001/medias/images/5781/MFG_Cal-Chip-All-Capacitors.jpg","4713-GMC10CG220F100NTTR-ND,4713-GMC10CG220F100NTCT-ND,4713-GMC10CG220F100NTDKR-ND","GMC10CG220F100NT","Cal-Chip Electronics, Inc.","Cal-Chip Electronics, Inc.","CAP0603 COG 22PF 1% 100V","2.030","0.08","0","1","Tape & Reel (TR),Cut Tape (CT),Digi-Reel®","GMC","Active","22 pF","±1%","100V","C0G, NP0","-55°C ~ 125°C","-","-","General Purpose","-","Surface Mount, MLCC","0603 (1608 Metric)","0.063"" L x 0.031"" W (1.60mm x 0.80mm)","-","0.035"" (0.90mm)","-","-","https://www.digikey.be/en/products/detail/cal-chip-electronics-inc/GMC10CG220F100NT/24634030"
"https://calchip.com/wp-content/uploads/2026/04/GMC-Series-1.pdf","//mm.digikey.com/Volume0/opasdata/d220001/medias/images/5781/MFG_Cal-Chip-All-Capacitors.jpg","4713-GMC10CG220G50NTTR-ND,4713-GMC10CG220G50NTCT-ND,4713-GMC10CG220G50NTDKR-ND","GMC10CG220G50NT","Cal-Chip Electronics, Inc.","Cal-Chip Electronics, Inc.","CAP0603 COG 22PF 2% 50V","4.000","0.08","0","1","Tape & Reel (TR),Cut Tape (CT),Digi-Reel®","GMC","Active","22 pF","±2%","50V","C0G, NP0","-55°C ~ 125°C","-","-","General Purpose","-","Surface Mount, MLCC","0603 (1608 Metric)","0.063"" L x 0.031"" W (1.60mm x 0.80mm)","-","0.035"" (0.90mm)","-","-","https://www.digikey.be/en/products/detail/cal-chip-electronics-inc/GMC10CG220G50NT/24634049"
"https://search.murata.co.jp/Ceramy/image/img/A01X/G101/ENG/GCM1885C2A300GA16-01A.pdf","//mm.digikey.com/Volume0/opasdata/d220001/medias/images/5447/490-Ceramic-Capacitor-Tan-Field.jpg","490-GCM1885C2A300GA16DTR-ND,490-GCM1885C2A300GA16DCT-ND,490-GCM1885C2A300GA16DDKR-ND","GCM1885C2A300GA16D","Murata Electronics","Murata Electronics","CAP CER 30PF 100V C0G/NP0 0603","11.663","0.09","0","1","Tape & Reel (TR),Cut Tape (CT),Digi-Reel®","GCM","Active","30 pF","±2%","100V","C0G, NP0","-55°C ~ 125°C","-","AEC-Q200","Automotive","-","Surface Mount, MLCC","0603 (1608 Metric)","0.063"" L x 0.031"" W (1.60mm x 0.80mm)","-","0.035"" (0.90mm)","-","-","https://www.digikey.be/en/products/detail/murata-electronics/GCM1885C2A300GA16D/17864322"
"https://www.yageo.com/en/Chart/Download/pdf/CC0603GRNPO9BN220","//mm.digikey.com/Volume0/opasdata/d220001/medias/images/2488/0603%289mmthickness%29.jpg","311-3925-2-ND,311-3925-1-ND,311-3925-6-ND","CC0603GRNPO9BN220","YAGEO","YAGEO","CAP CER 22PF 50V C0G/NPO 0603","42.649","0.1","0","1","Tape & Reel (TR),Cut Tape (CT),Digi-Reel®","CC","Active","22 pF","±2%","50V","C0G, NP0","-55°C ~ 125°C","-","-","General Purpose","-","Surface Mount, MLCC","0603 (1608 Metric)","0.063"" L x 0.031"" W (1.60mm x 0.80mm)","-","0.035"" (0.90mm)","-","-","https://www.digikey.be/en/products/detail/yageo/CC0603GRNPO9BN220/5883550"
"https://www.yageo.com/en/Chart/Download/pdf/CC0603GRNPO9BN270","//mm.digikey.com/Volume0/opasdata/d220001/medias/images/2488/0603%289mmthickness%29.jpg","311-3929-2-ND,311-3929-1-ND,311-3929-6-ND","CC0603GRNPO9BN270","YAGEO","YAGEO","CAP CER 27PF 50V C0G/NPO 0603","14.873","0.1","0","1","Tape & Reel (TR),Cut Tape (CT),Digi-Reel®","CC","Active","27 pF","±2%","50V","C0G, NP0","-55°C ~ 125°C","-","-","General Purpose","-","Surface Mount, MLCC","0603 (1608 Metric)","0.063"" L x 0.031"" W (1.60mm x 0.80mm)","-","0.035"" (0.90mm)","-","-","https://www.digikey.be/en/products/detail/yageo/CC0603GRNPO9BN270/5883554"
"https://yageogroup.com/content/Resource%20Library/Datasheet/UPY-NP0X7R_MV_100-TO-630V.pdf","//mm.digikey.com/Volume0/opasdata/d220001/medias/images/2488/0603%289mmthickness%29.jpg","311-3909-2-ND,311-3909-1-ND,311-3909-6-ND","CC0603GRNPO0BN220","YAGEO","YAGEO","CAP CER 22PF 100V C0G/NPO 0603","16.000","0.1","0","1","Tape & Reel (TR),Cut Tape (CT),Digi-Reel®","CC","Active","22 pF","±2%","100V","C0G, NP0","-55°C ~ 125°C","-","-","General Purpose","-","Surface Mount, MLCC","0603 (1608 Metric)","0.063"" L x 0.031"" W (1.60mm x 0.80mm)","-","0.035"" (0.90mm)","-","-","https://www.digikey.be/en/products/detail/yageo/CC0603GRNPO0BN220/5883525"
"https://yageogroup.com/content/Resource%20Library/Datasheet/UPY-NP0X7R_MV_100-TO-630V.pdf","//mm.digikey.com/Volume0/opasdata/d220001/medias/images/2488/0603%289mmthickness%29.jpg","311-3910-2-ND,311-3910-1-ND,311-3910-6-ND","CC0603GRNPO0BN270","YAGEO","YAGEO","CAP CER 27PF 100V C0G/NPO 0603","6.163","0.1","0","1","Tape & Reel (TR),Cut Tape (CT),Digi-Reel®","CC","Active","27 pF","±2%","100V","C0G, NP0","-55°C ~ 125°C","-","-","General Purpose","-","Surface Mount, MLCC","0603 (1608 Metric)","0.063"" L x 0.031"" W (1.60mm x 0.80mm)","-","0.035"" (0.90mm)","-","-","https://www.digikey.be/en/products/detail/yageo/CC0603GRNPO0BN270/5883527"
"https://www.yageo.com/en/Chart/Download/pdf/CC0603GPNPO9BN220","//mm.digikey.com/Volume0/opasdata/d220001/medias/images/2488/0603%289mmthickness%29.jpg","13-CC0603GPNPO9BN220TR-ND,13-CC0603GPNPO9BN220CT-ND,13-CC0603GPNPO9BN220DKR-ND","CC0603GPNPO9BN220","YAGEO","YAGEO","CAP CER 22PF 50V C0G/NPO 0603","26.800","0.1","0","1","Tape & Reel (TR),Cut Tape (CT),Digi-Reel®","CC","Active","22 pF","±2%","50V","C0G, NP0","-55°C ~ 125°C","-","-","General Purpose","-","Surface Mount, MLCC","0603 (1608 Metric)","0.063"" L x 0.031"" W (1.60mm x 0.80mm)","-","0.035"" (0.90mm)","-","-","https://www.digikey.be/en/products/detail/yageo/CC0603GPNPO9BN220/11490164"
"https://calchip.com/wp-content/uploads/2026/04/GMC-Series-1.pdf","//mm.digikey.com/Volume0/opasdata/d220001/medias/images/5781/MFG_Cal-Chip-All-Capacitors.jpg","4713-GMC10CG270F50NTTR-ND,4713-GMC10CG270F50NTCT-ND,4713-GMC10CG270F50NTDKR-ND","GMC10CG270F50NT","Cal-Chip Electronics, Inc.","Cal-Chip Electronics, Inc.","CAP0603 COG 27PF 1% 50V","3.390","0.1","0","1","Tape & Reel (TR),Cut Tape (CT),Digi-Reel®","GMC","Active","27 pF","±1%","50V","C0G, NP0","-55°C ~ 125°C","-","-","General Purpose","-","Surface Mount, MLCC","0603 (1608 Metric)","0.063"" L x 0.031"" W (1.60mm x 0.80mm)","-","0.035"" (0.90mm)","-","-","https://www.digikey.be/en/products/detail/cal-chip-electronics-inc/GMC10CG270F50NT/24634084"
"https://www.yageo.com/en/Chart/Download/pdf/CC0603GRNPO9BN240","//mm.digikey.com/Volume0/opasdata/d220001/medias/images/2488/0603%289mmthickness%29.jpg","311-3928-2-ND,311-3928-1-ND,311-3928-6-ND","CC0603GRNPO9BN240","YAGEO","YAGEO","CAP CER 24PF 50V C0G/NPO 0603","623","0.1","0","1","Tape & Reel (TR),Cut Tape (CT),Digi-Reel®","CC","Active","24 pF","±2%","50V","C0G, NP0","-55°C ~ 125°C","-","-","General Purpose","-","Surface Mount, MLCC","0603 (1608 Metric)","0.063"" L x 0.031"" W (1.60mm x 0.80mm)","-","0.035"" (0.90mm)","-","-","https://www.digikey.be/en/products/detail/yageo/CC0603GRNPO9BN240/5883553"
"https://datasheets.kyocera-avx.com/C0GNP0-KGM.pdf","//mm.digikey.com/Volume0/opasdata/d220001/medias/images/4845/478_0603-%281608-Metric%29-0%2C90mm.jpg","478-KGM15ACG1H220GTTR-ND,478-KGM15ACG1H220GTCT-ND,478-KGM15ACG1H220GTDKR-ND","KGM15ACG1H220GT","KYOCERA AVX","KYOCERA AVX","CAP CER 22PF 50V C0G/NP0 0603","214.844","0.11","0","1","Tape & Reel (TR),Cut Tape (CT),Digi-Reel®","KGM - C0G","Active","22 pF","±2%","50V","C0G, NP0","-55°C ~ 125°C","-","-","General Purpose","-","Surface Mount, MLCC","0603 (1608 Metric)","0.063"" L x 0.032"" W (1.60mm x 0.81mm)","-","0.035"" (0.90mm)","-","-","https://www.digikey.be/en/products/detail/kyocera-avx/KGM15ACG1H220GT/1599718"
"https://www.vishay.com/docs/28548/vjw1bcbascomseries.pdf","//mm.digikey.com/Volume0/opasdata/d220001/medias/images/6770/VJ_W1BC_Series_0603-1608.jpg","720-VJ0603A220GXQPW1BCTR-ND,720-VJ0603A220GXQPW1BCCT-ND,720-VJ0603A220GXQPW1BCDKR-ND","VJ0603A220GXQPW1BC","Vishay Vitramon","Vishay Vitramon","CAP CER 22PF 10V C0G/NP0 0603","44.038","0.11","0","1","Tape & Reel (TR),Cut Tape (CT),Digi-Reel®","VJ W1BC","Active","22 pF","±2%","10V","C0G, NP0","-55°C ~ 125°C","-","-","General Purpose","-","Surface Mount, MLCC","0603 (1608 Metric)","0.063"" L x 0.031"" W (1.60mm x 0.80mm)","-","0.034"" (0.87mm)","-","-","https://www.digikey.be/en/products/detail/vishay-vitramon/VJ0603A220GXQPW1BC/8303543"
"https://www.vishay.com/docs/28548/vjw1bcbascomseries.pdf","//mm.digikey.com/Volume0/opasdata/d220001/medias/images/6770/VJ_W1BC_Series_0603-1608.jpg","720-VJ0603A220GXACW1BCTR-ND,720-VJ0603A220GXACW1BCCT-ND,720-VJ0603A220GXACW1BCDKR-ND","VJ0603A220GXACW1BC","Vishay Vitramon","Vishay Vitramon","CAP CER 22PF 50V C0G/NP0 0603","7.652","0.11","0","1","Tape & Reel (TR),Cut Tape (CT),Digi-Reel®","VJ W1BC","Active","22 pF","±2%","50V","C0G, NP0","-55°C ~ 125°C","-","-","General Purpose","-","Surface Mount, MLCC","0603 (1608 Metric)","0.063"" L x 0.031"" W (1.60mm x 0.80mm)","-","0.034"" (0.87mm)","-","-","https://www.digikey.be/en/products/detail/vishay-vitramon/VJ0603A220GXACW1BC/8303532"
"https://www.vishay.com/docs/28548/vjw1bcbascomseries.pdf","//mm.digikey.com/Volume0/opasdata/d220001/medias/images/6770/VJ_W1BC_Series_0603-1608.jpg","720-VJ0603A220GXAPW1BCTR-ND,720-VJ0603A220GXAPW1BCCT-ND,720-VJ0603A220GXAPW1BCDKR-ND","VJ0603A220GXAPW1BC","Vishay Vitramon","Vishay Vitramon","CAP CER 22PF 50V C0G/NP0 0603","13.194","0.11","0","1","Tape & Reel (TR),Cut Tape (CT),Digi-Reel®","VJ W1BC","Active","22 pF","±2%","50V","C0G, NP0","-55°C ~ 125°C","-","-","General Purpose","-","Surface Mount, MLCC","0603 (1608 Metric)","0.063"" L x 0.031"" W (1.60mm x 0.80mm)","-","0.034"" (0.87mm)","-","-","https://www.digikey.be/en/products/detail/vishay-vitramon/VJ0603A220GXAPW1BC/8303533"
"https://www.vishay.com/docs/28548/vjw1bcbascomseries.pdf","//mm.digikey.com/Volume0/opasdata/d220001/medias/images/6770/VJ_W1BC_Series_0603-1608.jpg","720-VJ0603A220GXXPW1BCTR-ND,720-VJ0603A220GXXPW1BCCT-ND,720-VJ0603A220GXXPW1BCDKR-ND","VJ0603A220GXXPW1BC","Vishay Vitramon","Vishay Vitramon","CAP CER 22PF 25V C0G/NP0 0603","15.000","0.11","0","1","Tape & Reel (TR),Cut Tape (CT),Digi-Reel®","VJ W1BC","Active","22 pF","±2%","25V","C0G, NP0","-55°C ~ 125°C","-","-","General Purpose","-","Surface Mount, MLCC","0603 (1608 Metric)","0.063"" L x 0.031"" W (1.60mm x 0.80mm)","-","0.034"" (0.87mm)","-","-","https://www.digikey.be/en/products/detail/vishay-vitramon/VJ0603A220GXXPW1BC/8303545"
"https://calchip.com/wp-content/uploads/2026/04/GMC-Series-1.pdf","//mm.digikey.com/Volume0/opasdata/d220001/medias/images/5781/MFG_Cal-Chip-All-Capacitors.jpg","4713-GMC10CG270F100NTTR-ND,4713-GMC10CG270F100NTCT-ND,4713-GMC10CG270F100NTDKR-ND","GMC10CG270F100NT","Cal-Chip Electronics, Inc.","Cal-Chip Electronics, Inc.","CAP0603 COG 27PF 1% 100V","2.950","0.11","0","1","Tape & Reel (TR),Cut Tape (CT),Digi-Reel®","GMC","Active","27 pF","±1%","100V","C0G, NP0","-55°C ~ 125°C","-","-","General Purpose","-","Surface Mount, MLCC","0603 (1608 Metric)","0.063"" L x 0.031"" W (1.60mm x 0.80mm)","-","0.035"" (0.90mm)","-","-","https://www.digikey.be/en/products/detail/cal-chip-electronics-inc/GMC10CG270F100NT/24634067"
"https://search.murata.co.jp/Ceramy/image/img/A01X/G101/ENG/GCM1885C2A220FA16-01.pdf","//mm.digikey.com/Volume0/opasdata/d220001/medias/images/5447/490-Ceramic-Capacitor-Tan-Field.jpg","490-16413-2-ND,490-16413-1-ND,490-16413-6-ND","GCM1885C2A220FA16D","Murata Electronics","Murata Electronics","CAP CER 22PF 100V C0G/NP0 0603","75.155","0.12","0","1","Tape & Reel (TR),Cut Tape (CT),Digi-Reel®","GCM","Active","22 pF","±1%","100V","C0G, NP0","-55°C ~ 125°C","-","AEC-Q200","Automotive","-","Surface Mount, MLCC","0603 (1608 Metric)","0.063"" L x 0.031"" W (1.60mm x 0.80mm)","-","0.035"" (0.90mm)","-","-","https://www.digikey.be/en/products/detail/murata-electronics/GCM1885C2A220FA16D/7363157"
"https://search.murata.co.jp/Ceramy/image/img/A01X/G101/ENG/GCM1885C2A270FA16-01.pdf","//mm.digikey.com/Volume0/opasdata/d220001/medias/images/5447/490-Ceramic-Capacitor-Tan-Field.jpg","490-16411-2-ND,490-16411-1-ND,490-16411-6-ND","GCM1885C2A270FA16D","Murata Electronics","Murata Electronics","CAP CER 27PF 100V C0G/NP0 0603","36.587","0.12","0","1","Tape & Reel (TR),Cut Tape (CT),Digi-Reel®","GCM","Active","27 pF","±1%","100V","C0G, NP0","-55°C ~ 125°C","-","AEC-Q200","Automotive","-","Surface Mount, MLCC","0603 (1608 Metric)","0.063"" L x 0.031"" W (1.60mm x 0.80mm)","-","0.035"" (0.90mm)","-","-","https://www.digikey.be/en/products/detail/murata-electronics/GCM1885C2A270FA16D/7363155"
"https://search.murata.co.jp/Ceramy/image/img/A01X/G101/ENG/GCM1885C2A300FA16-01A.pdf","//mm.digikey.com/Volume0/opasdata/d220001/medias/images/5447/490-Ceramic-Capacitor-Tan-Field.jpg","490-GCM1885C2A300FA16DTR-ND,490-GCM1885C2A300FA16DCT-ND,490-GCM1885C2A300FA16DDKR-ND","GCM1885C2A300FA16D","Murata Electronics","Murata Electronics","CAP CER 30PF 100V C0G/NP0 0603","4.338","0.12","0","1","Tape & Reel (TR),Cut Tape (CT),Digi-Reel®","GCM","Active","30 pF","±1%","100V","C0G, NP0","-55°C ~ 125°C","-","AEC-Q200","Automotive","-","Surface Mount, MLCC","0603 (1608 Metric)","0.063"" L x 0.031"" W (1.60mm x 0.80mm)","-","0.035"" (0.90mm)","-","-","https://www.digikey.be/en/products/detail/murata-electronics/GCM1885C2A300FA16D/17845360"
"https://www.yageo.com/en/Chart/Download/pdf/CC0603GRNPO9BN300","//mm.digikey.com/Volume0/opasdata/d220001/medias/images/2488/0603%289mmthickness%29.jpg","311-3352-2-ND,311-3352-1-ND,311-3352-6-ND","CC0603GRNPO9BN300","YAGEO","YAGEO","CAP CER 30PF 50V C0G/NPO 0603","3.785","0.12","0","1","Tape & Reel (TR),Cut Tape (CT),Digi-Reel®","CC","Active","30 pF","±2%","50V","C0G, NP0","-55°C ~ 125°C","-","-","General Purpose","-","Surface Mount, MLCC","0603 (1608 Metric)","0.063"" L x 0.031"" W (1.60mm x 0.80mm)","-","0.035"" (0.90mm)","-","-","https://www.digikey.be/en/products/detail/yageo/CC0603GRNPO9BN300/5883556"
"https://calchip.com/wp-content/uploads/2026/04/GMC-Series-1.pdf","//mm.digikey.com/Volume0/opasdata/d220001/medias/images/5781/MFG_Cal-Chip-All-Capacitors.jpg","4713-GMC10CG270G100NTTR-ND,4713-GMC10CG270G100NTCT-ND,4713-GMC10CG270G100NTDKR-ND","GMC10CG270G100NT","Cal-Chip Electronics, Inc.","Cal-Chip Electronics, Inc.","CAP0603 COG 27PF 2% 100V","4.000","0.12","0","1","Tape & Reel (TR),Cut Tape (CT),Digi-Reel®","GMC","Active","27 pF","±2%","100V","C0G, NP0","-55°C ~ 125°C","-","-","General Purpose","-","Surface Mount, MLCC","0603 (1608 Metric)","0.063"" L x 0.031"" W (1.60mm x 0.80mm)","-","0.035"" (0.90mm)","-","-","https://www.digikey.be/en/products/detail/cal-chip-electronics-inc/GMC10CG270G100NT/24634077"
"https://calchip.com/wp-content/uploads/2026/04/GMC-Series-1.pdf","//mm.digikey.com/Volume0/opasdata/d220001/medias/images/5781/MFG_Cal-Chip-All-Capacitors.jpg","4713-GMC10CG300G50NTTR-ND,4713-GMC10CG300G50NTCT-ND,4713-GMC10CG300G50NTDKR-ND","GMC10CG300G50NT","Cal-Chip Electronics, Inc.","Cal-Chip Electronics, Inc.","CAP0603 COG 30PF 2% 50V","4.000","0.12","0","1","Tape & Reel (TR),Cut Tape (CT),Digi-Reel®","GMC","Active","30 pF","±2%","50V","C0G, NP0","-55°C ~ 125°C","-","-","General Purpose","-","Surface Mount, MLCC","0603 (1608 Metric)","0.063"" L x 0.031"" W (1.60mm x 0.80mm)","-","0.035"" (0.90mm)","-","-","https://www.digikey.be/en/products/detail/cal-chip-electronics-inc/GMC10CG300G50NT/24709920"
"https://www.vishay.com/docs/28548/vjw1bcbascomseries.pdf","//mm.digikey.com/Volume0/opasdata/d220001/medias/images/6770/VJ_W1BC_Series_0603-1608.jpg","720-VJ0603A220FXXCW1BCTR-ND,720-VJ0603A220FXXCW1BCCT-ND,720-VJ0603A220FXXCW1BCDKR-ND","VJ0603A220FXXCW1BC","Vishay Vitramon","Vishay Vitramon","CAP CER 22PF 25V C0G/NP0 0603","0","0.12","0","1","Tape & Reel (TR),Cut Tape (CT),Digi-Reel®","VJ W1BC","Active","22 pF","±1%","25V","C0G, NP0","-55°C ~ 125°C","-","-","General Purpose","-","Surface Mount, MLCC","0603 (1608 Metric)","0.063"" L x 0.031"" W (1.60mm x 0.80mm)","-","0.034"" (0.87mm)","-","-","https://www.digikey.be/en/products/detail/vishay-vitramon/VJ0603A220FXXCW1BC/8303528"
"https://www.vishay.com/docs/28548/vjw1bcbascomseries.pdf","//mm.digikey.com/Volume0/opasdata/d220001/medias/images/6770/VJ_W1BC_Series_0603-1608.jpg","720-VJ0603A220FXQCW1BCTR-ND,720-VJ0603A220FXQCW1BCCT-ND,720-VJ0603A220FXQCW1BCDKR-ND","VJ0603A220FXQCW1BC","Vishay Vitramon","Vishay Vitramon","CAP CER 22PF 10V C0G/NP0 0603","0","0.12","0","1","Tape & Reel (TR),Cut Tape (CT),Digi-Reel®","VJ W1BC","Active","22 pF","±1%","10V","C0G, NP0","-55°C ~ 125°C","-","-","General Purpose","-","Surface Mount, MLCC","0603 (1608 Metric)","0.063"" L x 0.031"" W (1.60mm x 0.80mm)","-","0.034"" (0.87mm)","-","-","https://www.digikey.be/en/products/detail/vishay-vitramon/VJ0603A220FXQCW1BC/8303526"
"https://www.vishay.com/docs/28548/vjw1bcbascomseries.pdf","//mm.digikey.com/Volume0/opasdata/d220001/medias/images/6770/VJ_W1BC_Series_0603-1608.jpg","720-VJ0603A220FXAPW1BCTR-ND,720-VJ0603A220FXAPW1BCCT-ND,720-VJ0603A220FXAPW1BCDKR-ND","VJ0603A220FXAPW1BC","Vishay Vitramon","Vishay Vitramon","CAP CER 22PF 50V C0G/NP0 0603","40.390","0.13","0","1","Tape & Reel (TR),Cut Tape (CT),Digi-Reel®","VJ W1BC","Active","22 pF","±1%","50V","C0G, NP0","-55°C ~ 125°C","-","-","General Purpose","-","Surface Mount, MLCC","0603 (1608 Metric)","0.063"" L x 0.031"" W (1.60mm x 0.80mm)","-","0.034"" (0.87mm)","-","-","https://www.digikey.be/en/products/detail/vishay-vitramon/VJ0603A220FXAPW1BC/8303519"
"https://www.yageo.com/en/Chart/Download/pdf/CC0603FRNPO9BN220","//mm.digikey.com/Volume0/opasdata/d220001/medias/images/2488/0603%289mmthickness%29.jpg","311-3350-2-ND,311-3350-1-ND,311-3350-6-ND","CC0603FRNPO9BN220","YAGEO","YAGEO","CAP CER 22PF 50V C0G/NPO 0603","27.212","0.13","0","1","Tape & Reel (TR),Cut Tape (CT),Digi-Reel®","CC","Active","22 pF","±1%","50V","C0G, NP0","-55°C ~ 125°C","-","-","General Purpose","-","Surface Mount, MLCC","0603 (1608 Metric)","0.063"" L x 0.031"" W (1.60mm x 0.80mm)","-","0.035"" (0.90mm)","-","-","https://www.digikey.be/en/products/detail/yageo/CC0603FRNPO9BN220/5883497"
"https://www.vishay.com/docs/28548/vjw1bcbascomseries.pdf","//mm.digikey.com/Volume0/opasdata/d220001/medias/images/6770/VJ_W1BC_Series_0603-1608.jpg","720-1835-2-ND,720-1835-1-ND,720-1835-6-ND","VJ0603A220FXACW1BC","Vishay Vitramon","Vishay Vitramon","CAP CER 22PF 50V C0G/NP0 0603","22.754","0.13","0","1","Tape & Reel (TR),Cut Tape (CT),Digi-Reel®","VJ W1BC","Active","22 pF","±1%","50V","C0G, NP0","-55°C ~ 125°C","-","-","General Purpose","-","Surface Mount, MLCC","0603 (1608 Metric)","0.063"" L x 0.031"" W (1.60mm x 0.80mm)","-","0.034"" (0.87mm)","-","-","https://www.digikey.be/en/products/detail/vishay-vitramon/VJ0603A220FXACW1BC/8303518"
"https://calchip.com/wp-content/uploads/2026/04/GMC-Series-1.pdf","//mm.digikey.com/Volume0/opasdata/d220001/medias/images/5781/MFG_Cal-Chip-All-Capacitors.jpg","4713-GMC10CG240G50NTTR-ND,4713-GMC10CG240G50NTCT-ND,4713-GMC10CG240G50NTDKR-ND","GMC10CG240G50NT","Cal-Chip Electronics, Inc.","Cal-Chip Electronics, Inc.","CAP0603 COG 24PF 2% 50V","3.991","0.13","0","1","Tape & Reel (TR),Cut Tape (CT),Digi-Reel®","GMC","Active","24 pF","±2%","50V","C0G, NP0","-55°C ~ 125°C","-","-","General Purpose","-","Surface Mount, MLCC","0603 (1608 Metric)","0.063"" L x 0.031"" W (1.60mm x 0.80mm)","-","0.035"" (0.90mm)","-","-","https://www.digikey.be/en/products/detail/cal-chip-electronics-inc/GMC10CG240G50NT/24634022"
"https://calchip.com/wp-content/uploads/2026/04/GMC-Series-1.pdf","//mm.digikey.com/Volume0/opasdata/d220001/medias/images/5781/MFG_Cal-Chip-All-Capacitors.jpg","4713-GMC10CG300F50NTTR-ND,4713-GMC10CG300F50NTCT-ND,4713-GMC10CG300F50NTDKR-ND","GMC10CG300F50NT","Cal-Chip Electronics, Inc.","Cal-Chip Electronics, Inc.","CAP0603 COG 30PF 1% 50V","3.640","0.13","0","1","Tape & Reel (TR),Cut Tape (CT),Digi-Reel®","GMC","Active","30 pF","±1%","50V","C0G, NP0","-55°C ~ 125°C","-","-","General Purpose","-","Surface Mount, MLCC","0603 (1608 Metric)","0.063"" L x 0.031"" W (1.60mm x 0.80mm)","-","0.035"" (0.90mm)","-","-","https://www.digikey.be/en/products/detail/cal-chip-electronics-inc/GMC10CG300F50NT/24709939"
"https://www.yageo.com/en/Chart/Download/pdf/CC0603FRNPO9BN270","//mm.digikey.com/Volume0/opasdata/d220001/medias/images/2488/0603%289mmthickness%29.jpg","311-3892-2-ND,311-3892-1-ND,311-3892-6-ND","CC0603FRNPO9BN270","YAGEO","YAGEO","CAP CER 27PF 50V C0G/NPO 0603","38.518","0.14","0","1","Tape & Reel (TR),Cut Tape (CT),Digi-Reel®","CC","Active","27 pF","±1%","50V","C0G, NP0","-55°C ~ 125°C","-","-","General Purpose","-","Surface Mount, MLCC","0603 (1608 Metric)","0.063"" L x 0.031"" W (1.60mm x 0.80mm)","-","0.035"" (0.90mm)","-","-","https://www.digikey.be/en/products/detail/yageo/CC0603FRNPO9BN270/5883500"
"https://www.yageo.com/en/Chart/Download/pdf/CC0603FPNPO9BN270","//mm.digikey.com/Volume0/opasdata/d220001/medias/images/2488/0603%289mmthickness%29.jpg","13-CC0603FPNPO9BN270TR-ND,13-CC0603FPNPO9BN270CT-ND,13-CC0603FPNPO9BN270DKR-ND","CC0603FPNPO9BN270","YAGEO","YAGEO","CAP CER 27PF 50V C0G/NPO 0603","19.956","0.14","0","1","Tape & Reel (TR),Cut Tape (CT),Digi-Reel®","CC","Active","27 pF","±1%","50V","C0G, NP0","-55°C ~ 125°C","-","-","General Purpose","-","Surface Mount, MLCC","0603 (1608 Metric)","0.063"" L x 0.031"" W (1.60mm x 0.80mm)","-","0.035"" (0.90mm)","-","-","https://www.digikey.be/en/products/detail/yageo/CC0603FPNPO9BN270/11490148"
"https://yageogroup.com/content/Resource%20Library/Datasheet/UPY-NP0X7R_MV_100-TO-630V.pdf","//mm.digikey.com/Volume0/opasdata/d220001/medias/images/2488/0603%289mmthickness%29.jpg","311-3880-2-ND,311-3880-1-ND,311-3880-6-ND","CC0603FRNPO0BN220","YAGEO","YAGEO","CAP CER 22PF 100V C0G/NPO 0603","1.458","0.14","0","1","Tape & Reel (TR),Cut Tape (CT),Digi-Reel®","CC","Active","22 pF","±1%","100V","C0G, NP0","-55°C ~ 125°C","-","-","General Purpose","-","Surface Mount, MLCC","0603 (1608 Metric)","0.063"" L x 0.031"" W (1.60mm x 0.80mm)","-","0.035"" (0.90mm)","-","-","https://www.digikey.be/en/products/detail/yageo/CC0603FRNPO0BN220/5883482"
"https://datasheets.kyocera-avx.com/C0GNP0-KGM.pdf","//mm.digikey.com/Volume0/opasdata/d220001/medias/images/4845/478_0603-%281608-Metric%29-0%2C90mm.jpg","478-KGM15ACG1H270GTTR-ND,478-KGM15ACG1H270GTCT-ND,478-KGM15ACG1H270GTDKR-ND","KGM15ACG1H270GT","KYOCERA AVX","KYOCERA AVX","CAP CER 27PF 50V C0G/NP0 0603","10.181","0.14","0","1","Tape & Reel (TR),Cut Tape (CT),Digi-Reel®","KGM - C0G","Active","27 pF","±2%","50V","C0G, NP0","-55°C ~ 125°C","-","-","General Purpose","-","Surface Mount, MLCC","0603 (1608 Metric)","0.063"" L x 0.032"" W (1.60mm x 0.81mm)","-","0.035"" (0.90mm)","-","-","https://www.digikey.be/en/products/detail/kyocera-avx/KGM15ACG1H270GT/1599743"
"https://yageogroup.com/content/Resource%20Library/Datasheet/UPY-NP0X7R_MV_100-TO-630V.pdf","//mm.digikey.com/Volume0/opasdata/d220001/medias/images/2488/0603%289mmthickness%29.jpg","13-CC0603FRNPO0BN270TR-ND,13-CC0603FRNPO0BN270CT-ND,13-CC0603FRNPO0BN270DKR-ND","CC0603FRNPO0BN270","YAGEO","YAGEO","CAP CER 27PF 100V C0G/NPO 0603","3.939","0.14","0","1","Tape & Reel (TR),Cut Tape (CT),Digi-Reel®","CC","Active","27 pF","±1%","100V","C0G, NP0","-55°C ~ 125°C","-","-","General Purpose","-","Surface Mount, MLCC","0603 (1608 Metric)","0.063"" L x 0.031"" W (1.60mm x 0.80mm)","-","0.035"" (0.90mm)","-","-","https://www.digikey.be/en/products/detail/yageo/CC0603FRNPO0BN270/11490149"
"https://calchip.com/wp-content/uploads/2026/04/GMC-Series-1.pdf","//mm.digikey.com/Volume0/opasdata/d220001/medias/images/5781/MFG_Cal-Chip-All-Capacitors.jpg","4713-GMC10CG220G100NTDTR-ND,4713-GMC10CG220G100NTDCT-ND,4713-GMC10CG220G100NTDDKR-ND","GMC10CG220G100NTD","Cal-Chip Electronics, Inc.","Cal-Chip Electronics, Inc.","CAP0603 COG 22PF 2% 100V","10.000","0.14","0","1","Tape & Reel (TR),Cut Tape (CT),Digi-Reel®","GMC","Active","22 pF","±2%","100V","C0G, NP0","-55°C ~ 125°C","-","-","General Purpose","-","Surface Mount, MLCC","0603 (1608 Metric)","0.063"" L x 0.031"" W (1.60mm x 0.80mm)","-","0.035"" (0.90mm)","-","-","https://www.digikey.be/en/products/detail/cal-chip-electronics-inc/GMC10CG220G100NTD/24634056"
"https://calchip.com/wp-content/uploads/2026/04/GMC-Series-1.pdf","//mm.digikey.com/Volume0/opasdata/d220001/medias/images/5781/MFG_Cal-Chip-All-Capacitors.jpg","4713-GMC10CG270G50NTTR-ND,4713-GMC10CG270G50NTCT-ND,4713-GMC10CG270G50NTDKR-ND","GMC10CG270G50NT","Cal-Chip Electronics, Inc.","Cal-Chip Electronics, Inc.","CAP0603 COG 27PF 2% 50V","4.000","0.15","0","1","Tape & Reel (TR),Cut Tape (CT),Digi-Reel®","GMC","Active","27 pF","±2%","50V","C0G, NP0","-55°C ~ 125°C","-","-","General Purpose","-","Surface Mount, MLCC","0603 (1608 Metric)","0.063"" L x 0.031"" W (1.60mm x 0.80mm)","-","0.035"" (0.90mm)","-","-","https://www.digikey.be/en/products/detail/cal-chip-electronics-inc/GMC10CG270G50NT/24709915"
"https://www.yageo.com/en/Chart/Download/pdf/CC0603FRNPO9BN240","//mm.digikey.com/Volume0/opasdata/d220001/medias/images/2488/0603%289mmthickness%29.jpg","13-CC0603FRNPO9BN240TR-ND,13-CC0603FRNPO9BN240CT-ND,13-CC0603FRNPO9BN240DKR-ND","CC0603FRNPO9BN240","YAGEO","YAGEO","CAP CER 24PF 50V C0G/NPO 0603","50.825","0.16","0","1","Tape & Reel (TR),Cut Tape (CT),Digi-Reel®","CC","Active","24 pF","±1%","50V","C0G, NP0","-55°C ~ 125°C","-","-","General Purpose","-","Surface Mount, MLCC","0603 (1608 Metric)","0.063"" L x 0.031"" W (1.60mm x 0.80mm)","-","0.035"" (0.90mm)","-","-","https://www.digikey.be/en/products/detail/yageo/CC0603FRNPO9BN240/5883499"
"https://www.yageo.com/en/Chart/Download/pdf/CC0603FRNPO9BN300","//mm.digikey.com/Volume0/opasdata/d220001/medias/images/2488/0603%289mmthickness%29.jpg","311-3894-2-ND,311-3894-1-ND,311-3894-6-ND","CC0603FRNPO9BN300","YAGEO","YAGEO","CAP CER 30PF 50V C0G/NPO 0603","802","0.16","0","1","Tape & Reel (TR),Cut Tape (CT),Digi-Reel®","CC","Active","30 pF","±1%","50V","C0G, NP0","-55°C ~ 125°C","-","-","General Purpose","-","Surface Mount, MLCC","0603 (1608 Metric)","0.063"" L x 0.031"" W (1.60mm x 0.80mm)","-","0.035"" (0.90mm)","-","-","https://www.digikey.be/en/products/detail/yageo/CC0603FRNPO9BN300/5883502"
"https://yageogroup.com/content/Resource%20Library/Datasheet/UPY-NP0X7R_MV_100-TO-630V.pdf","//mm.digikey.com/Volume0/opasdata/d220001/medias/images/2488/0603%289mmthickness%29.jpg","13-CC0603FRNPO0BN300TR-ND,13-CC0603FRNPO0BN300CT-ND,13-CC0603FRNPO0BN300DKR-ND","CC0603FRNPO0BN300","YAGEO","YAGEO","CAP CER 30PF 100V C0G/NPO 0603","5.402","0.17","0","1","Tape & Reel (TR),Cut Tape (CT),Digi-Reel®","CC","Active","30 pF","±1%","100V","C0G, NP0","-55°C ~ 125°C","-","-","General Purpose","-","Surface Mount, MLCC","0603 (1608 Metric)","0.063"" L x 0.031"" W (1.60mm x 0.80mm)","-","0.035"" (0.90mm)","-","-","https://www.digikey.be/en/products/detail/yageo/CC0603FRNPO0BN300/11490825"
"https://calchip.com/wp-content/uploads/2026/04/GMC-Series-1.pdf","//mm.digikey.com/Volume0/opasdata/d220001/medias/images/5781/MFG_Cal-Chip-All-Capacitors.jpg","4713-GMC10CG300F100NTTR-ND,4713-GMC10CG300F100NTCT-ND,4713-GMC10CG300F100NTDKR-ND","GMC10CG300F100NT","Cal-Chip Electronics, Inc.","Cal-Chip Electronics, Inc.","CAP0603 COG 30PF 1% 100V","3.990","0.18","0","1","Tape & Reel (TR),Cut Tape (CT),Digi-Reel®","GMC","Active","30 pF","±1%","100V","C0G, NP0","-55°C ~ 125°C","-","-","General Purpose","-","Surface Mount, MLCC","0603 (1608 Metric)","0.063"" L x 0.031"" W (1.60mm x 0.80mm)","-","0.035"" (0.90mm)","-","-","https://www.digikey.be/en/products/detail/cal-chip-electronics-inc/GMC10CG300F100NT/24709970"
"https://www.vishay.com/docs/28548/vjw1bcbascomseries.pdf","//mm.digikey.com/Volume0/opasdata/d220001/medias/images/6770/VJ_W1BC_Series_0603-1608.jpg","720-VJ0603A270FXACW1BCTR-ND,720-VJ0603A270FXACW1BCCT-ND,720-VJ0603A270FXACW1BCDKR-ND","VJ0603A270FXACW1BC","Vishay Vitramon","Vishay Vitramon","CAP CER 27PF 50V C0G/NP0 0603","3.700","0.19","0","1","Tape & Reel (TR),Cut Tape (CT),Digi-Reel®","VJ W1BC","Active","27 pF","±1%","50V","C0G, NP0","-55°C ~ 125°C","-","-","General Purpose","-","Surface Mount, MLCC","0603 (1608 Metric)","0.063"" L x 0.031"" W (1.60mm x 0.80mm)","-","0.034"" (0.87mm)","-","-","https://www.digikey.be/en/products/detail/vishay-vitramon/VJ0603A270FXACW1BC/8303657"
"https://datasheets.kyocera-avx.com/C0GNP0-KGM.pdf","//mm.digikey.com/Volume0/opasdata/d220001/medias/images/4845/478_0603-%281608-Metric%29-0%2C90mm.jpg","478-KGM15ACG1H270FTTR-ND,478-KGM15ACG1H270FTCT-ND,478-KGM15ACG1H270FTDKR-ND","KGM15ACG1H270FT","KYOCERA AVX","KYOCERA AVX","CAP CER 27PF 50V C0G/NP0 0603","7.862","0.2","0","1","Tape & Reel (TR),Cut Tape (CT),Digi-Reel®","KGM - C0G","Active","27 pF","±1%","50V","C0G, NP0","-55°C ~ 125°C","-","-","General Purpose","-","Surface Mount, MLCC","0603 (1608 Metric)","0.063"" L x 0.032"" W (1.60mm x 0.81mm)","-","0.035"" (0.90mm)","-","-","https://www.digikey.be/en/products/detail/kyocera-avx/KGM15ACG1H270FT/1599741"
"https://calchip.com/wp-content/uploads/2026/04/GMC-Series-1.pdf","//mm.digikey.com/Volume0/opasdata/d220001/medias/images/5781/MFG_Cal-Chip-All-Capacitors.jpg","4713-GMC10CG240F50NTTR-ND,4713-GMC10CG240F50NTCT-ND,4713-GMC10CG240F50NTDKR-ND","GMC10CG240F50NT","Cal-Chip Electronics, Inc.","Cal-Chip Electronics, Inc.","CAP0603 COG 24PF 1% 50V","13.750","0.2","0","1","Tape & Reel (TR),Cut Tape (CT),Digi-Reel®","GMC","Active","24 pF","±1%","50V","C0G, NP0","-55°C ~ 125°C","-","-","General Purpose","-","Surface Mount, MLCC","0603 (1608 Metric)","0.063"" L x 0.031"" W (1.60mm x 0.80mm)","-","0.035"" (0.90mm)","-","-","https://www.digikey.be/en/products/detail/cal-chip-electronics-inc/GMC10CG240F50NT/24634020"
"https://calchip.com/wp-content/uploads/2026/04/GMC-Series-1.pdf","//mm.digikey.com/Volume0/opasdata/d220001/medias/images/5781/MFG_Cal-Chip-All-Capacitors.jpg","4713-GMC10CG240G100NTTR-ND,4713-GMC10CG240G100NTCT-ND,4713-GMC10CG240G100NTDKR-ND","GMC10CG240G100NT","Cal-Chip Electronics, Inc.","Cal-Chip Electronics, Inc.","CAP0603 COG 24PF 2% 100V","4.000","0.25","0","1","Tape & Reel (TR),Cut Tape (CT),Digi-Reel®","GMC","Active","24 pF","±2%","100V","C0G, NP0","-55°C ~ 125°C","-","-","General Purpose","-","Surface Mount, MLCC","0603 (1608 Metric)","0.063"" L x 0.031"" W (1.60mm x 0.80mm)","-","0.035"" (0.90mm)","-","-","https://www.digikey.be/en/products/detail/cal-chip-electronics-inc/GMC10CG240G100NT/24634051"
"https://datasheets.kyocera-avx.com/KGQ-Series.pdf","//mm.digikey.com/Volume0/opasdata/d220001/medias/images/7228/MFG_478_KGQ_series.jpg","478-KGQ15ACG2A270GTTR-ND,478-KGQ15ACG2A270GTCT-ND,478-KGQ15ACG2A270GTDKR-ND","06031U270GAT2A","KYOCERA AVX","KYOCERA AVX","CAP CER 27PF 100V C0G/NP0 0603","5.789","0.26","0","1","Tape & Reel (TR),Cut Tape (CT),Digi-Reel®","KGQ","Active","27 pF","±2%","100V","C0G, NP0","-55°C ~ 125°C","Ultra Low ESR","-","RF, Microwave, High Frequency","-","Surface Mount, MLCC","0603 (1608 Metric)","0.060"" L x 0.030"" W (1.52mm x 0.76mm)","-","0.036"" (0.91mm)","-","-","https://www.digikey.be/en/products/detail/kyocera-avx/06031U270GAT2A/1598884"
"https://datasheets.kyocera-avx.com/KGQ-Series.pdf","//mm.digikey.com/Volume0/opasdata/d220001/medias/images/7228/MFG_478_KGQ_series.jpg","478-KGQ15ACG1H240GTTR-ND,478-KGQ15ACG1H240GTCT-ND,478-KGQ15ACG1H240GTDKR-ND","KGQ15ACG1H240GT","KYOCERA AVX","KYOCERA AVX","CAP CER 24PF 50V NP0 0603","5.488","0.26","0","1","Tape & Reel (TR),Cut Tape (CT),Digi-Reel®","KGQ","Active","24 pF","±2%","50V","C0G, NP0","-55°C ~ 125°C","Ultra Low ESR","-","RF, Microwave, High Frequency","-","Surface Mount, MLCC","0603 (1608 Metric)","0.060"" L x 0.030"" W (1.52mm x 0.76mm)","-","0.036"" (0.91mm)","-","-","https://www.digikey.be/en/products/detail/kyocera-avx/KGQ15ACG1H240GT/1600312"
"https://datasheets.kyocera-avx.com/KGQ-Series.pdf","//mm.digikey.com/Volume0/opasdata/d220001/medias/images/7228/MFG_478_KGQ_series.jpg","478-KGQ15ACG1H220GTTR-ND,478-KGQ15ACG1H220GTCT-ND,478-KGQ15ACG1H220GTDKR-ND","KGQ15ACG1H220GT","KYOCERA AVX","KYOCERA AVX","CAP CER 22PF 50V NP0 0603","1.970","0.26","0","1","Tape & Reel (TR),Cut Tape (CT),Digi-Reel®","KGQ","Active","22 pF","±2%","50V","C0G, NP0","-55°C ~ 125°C","Ultra Low ESR","-","RF, Microwave, High Frequency","-","Surface Mount, MLCC","0603 (1608 Metric)","0.060"" L x 0.030"" W (1.52mm x 0.76mm)","-","0.036"" (0.91mm)","-","-","https://www.digikey.be/en/products/detail/kyocera-avx/KGQ15ACG1H220GT/1600308"
"https://datasheets.kyocera-avx.com/KGQ-Series.pdf","//mm.digikey.com/Volume0/opasdata/d220001/medias/images/7228/MFG_478_KGQ_series.jpg","478-KGQ15ACG2A240GTTR-ND,478-KGQ15ACG2A240GTCT-ND,478-KGQ15ACG2A240GTDKR-ND","06031U240GAT2A","KYOCERA AVX","KYOCERA AVX","CAP CER 24PF 100V NP0 0603","2.155","0.26","0","1","Tape & Reel (TR),Cut Tape (CT),Digi-Reel®","KGQ","Active","24 pF","±2%","100V","C0G, NP0","-55°C ~ 125°C","Ultra Low ESR","-","RF, Microwave, High Frequency","-","Surface Mount, MLCC","0603 (1608 Metric)","0.060"" L x 0.030"" W (1.52mm x 0.76mm)","-","0.036"" (0.91mm)","-","-","https://www.digikey.be/en/products/detail/kyocera-avx/06031U240GAT2A/1598881"
"https://datasheets.kyocera-avx.com/KGQ-Series.pdf","//mm.digikey.com/Volume0/opasdata/d220001/medias/images/7228/MFG_478_KGQ_series.jpg","478-KGQ15ACG2A300GTTR-ND,478-KGQ15ACG2A300GTCT-ND,478-KGQ15ACG2A300GTDKR-ND","06031U300GAT2A","KYOCERA AVX","KYOCERA AVX","CAP CER 30PF 100V C0G/NP0 0603","166","0.26","0","1","Tape & Reel (TR),Cut Tape (CT),Digi-Reel®","KGQ","Active","30 pF","±2%","100V","C0G, NP0","-55°C ~ 125°C","Ultra Low ESR","-","RF, Microwave, High Frequency","-","Surface Mount, MLCC","0603 (1608 Metric)","0.060"" L x 0.030"" W (1.52mm x 0.76mm)","-","0.036"" (0.91mm)","-","-","https://www.digikey.be/en/products/detail/kyocera-avx/06031U300GAT2A/1598897"
"https://datasheets.kyocera-avx.com/KGQ-Series.pdf","//mm.digikey.com/Volume0/opasdata/d220001/medias/images/7228/MFG_478_KGQ_series.jpg","478-KGQ15ACG2A220FTTR-ND,478-KGQ15ACG2A220FTCT-ND,478-KGQ15ACG2A220FTDKR-ND","06031U220FAT2A","KYOCERA AVX","KYOCERA AVX","CAP CER 22PF 100V NP0 0603","9.252","0.27","0","1","Tape & Reel (TR),Cut Tape (CT),Digi-Reel®","KGQ","Active","22 pF","±1%","100V","C0G, NP0","-55°C ~ 125°C","Ultra Low ESR","-","RF, Microwave, High Frequency","-","Surface Mount, MLCC","0603 (1608 Metric)","0.060"" L x 0.030"" W (1.52mm x 0.76mm)","-","0.036"" (0.91mm)","-","-","https://www.digikey.be/en/products/detail/kyocera-avx/06031U220FAT2A/1598875"
"https://datasheets.kyocera-avx.com/KGQ-Series.pdf","//mm.digikey.com/Volume0/opasdata/d220001/medias/images/7228/MFG_478_KGQ_series.jpg","478-KGQ15ACG2A220GTTR-ND,478-KGQ15ACG2A220GTCT-ND,478-KGQ15ACG2A220GTDKR-ND","06031U220GAT2A","KYOCERA AVX","KYOCERA AVX","CAP CER 22PF 100V C0G/NP0 0603","2.946","0.27","0","1","Tape & Reel (TR),Cut Tape (CT),Digi-Reel®","KGQ","Active","22 pF","±2%","100V","C0G, NP0","-55°C ~ 125°C","Ultra Low ESR","-","RF, Microwave, High Frequency","-","Surface Mount, MLCC","0603 (1608 Metric)","0.060"" L x 0.030"" W (1.52mm x 0.76mm)","-","0.036"" (0.91mm)","-","-","https://www.digikey.be/en/products/detail/kyocera-avx/06031U220GAT2A/1598876"
"https://www.johansondielectrics.com/search/pdf/?s=%22QSCP251Q220G1GV001T%22","//mm.digikey.com/Volume0/opasdata/d220001/medias/images/2456/Capacitor%200603%281608%29.jpg","712-QSCP251Q220G1GV001TTR-ND,712-QSCP251Q220G1GV001TCT-ND,712-QSCP251Q220G1GV001TDKR-ND","QSCP251Q220G1GV001T","Johanson Technology Inc.","Johanson Technology Inc.","CAP CER 22PF 250V C0G/NP0 0603","19.673","0.28","0","1","Tape & Reel (TR),Cut Tape (CT),Digi-Reel®","S","Active","22 pF","±2%","250V","C0G, NP0","-55°C ~ 150°C","High Q, Low Loss, Ultra Low ESR","-","RF, Microwave, High Frequency","-","Surface Mount, MLCC","0603 (1608 Metric)","0.062"" L x 0.032"" W (1.57mm x 0.81mm)","-","0.035"" (0.89mm)","-","-","https://www.digikey.be/en/products/detail/johanson-technology-inc/QSCP251Q220G1GV001T/1561614"
"https://datasheets.kyocera-avx.com/KGQ-Series.pdf","//mm.digikey.com/Volume0/opasdata/d220001/medias/images/7228/MFG_478_KGQ_series.jpg","478-KGQ15ACG2A240FTTR-ND,478-KGQ15ACG2A240FTCT-ND,478-KGQ15ACG2A240FTDKR-ND","06031U240FAT2A","KYOCERA AVX","KYOCERA AVX","CAP CER 24PF 100V NP0 0603","15.164","0.3","0","1","Tape & Reel (TR),Cut Tape (CT),Digi-Reel®","KGQ","Active","24 pF","±1%","100V","C0G, NP0","-55°C ~ 125°C","Ultra Low ESR","-","RF, Microwave, High Frequency","-","Surface Mount, MLCC","0603 (1608 Metric)","0.060"" L x 0.030"" W (1.52mm x 0.76mm)","-","0.036"" (0.91mm)","-","-","https://www.digikey.be/en/products/detail/kyocera-avx/06031U240FAT2A/1598880"
"https://datasheets.kyocera-avx.com/KGQ-Series.pdf","//mm.digikey.com/Volume0/opasdata/d220001/medias/images/7228/MFG_478_KGQ_series.jpg","478-KGQ15ACG1H270FTTR-ND,478-KGQ15ACG1H270FTCT-ND,478-KGQ15ACG1H270FTDKR-ND","KGQ15ACG1H270FT","KYOCERA AVX","KYOCERA AVX","CAP CER 27PF 50V NP0 0603","3.783","0.3","0","1","Tape & Reel (TR),Cut Tape (CT),Digi-Reel®","KGQ","Active","27 pF","±1%","50V","C0G, NP0","-55°C ~ 125°C","Ultra Low ESR","-","RF, Microwave, High Frequency","-","Surface Mount, MLCC","0603 (1608 Metric)","0.060"" L x 0.030"" W (1.52mm x 0.76mm)","-","0.036"" (0.91mm)","-","-","https://www.digikey.be/en/products/detail/kyocera-avx/KGQ15ACG1H270FT/1600314"
"https://datasheets.kyocera-avx.com/C0GNP0-KGM.pdf","//mm.digikey.com/Volume0/opasdata/d220001/medias/images/4845/478_0603-%281608-Metric%29-0%2C90mm.jpg","478-KGM15ACG2A270GTTR-ND,478-KGM15ACG2A270GTCT-ND,478-KGM15ACG2A270GTDKR-ND","KGM15ACG2A270GT","KYOCERA AVX","KYOCERA AVX","CAP CER 27PF 100V C0G/NP0 0603","7.860","0.3","0","1","Tape & Reel (TR),Cut Tape (CT),Digi-Reel®","KGM - C0G","Active","27 pF","±2%","100V","C0G, NP0","-55°C ~ 125°C","-","-","General Purpose","-","Surface Mount, MLCC","0603 (1608 Metric)","0.063"" L x 0.032"" W (1.60mm x 0.81mm)","-","0.035"" (0.90mm)","-","-","https://www.digikey.be/en/products/detail/kyocera-avx/KGM15ACG2A270GT/1116208"
"https://datasheets.kyocera-avx.com/KGQ-Series.pdf","//mm.digikey.com/Volume0/opasdata/d220001/medias/images/7228/MFG_478_KGQ_series.jpg","478-KGQ15ACG1H240FTTR-ND,478-KGQ15ACG1H240FTCT-ND,478-KGQ15ACG1H240FTDKR-ND","KGQ15ACG1H240FT","KYOCERA AVX","KYOCERA AVX","CAP CER 24PF 50V NP0 0603","7.490","0.3","0","1","Tape & Reel (TR),Cut Tape (CT),Digi-Reel®","KGQ","Active","24 pF","±1%","50V","C0G, NP0","-55°C ~ 125°C","Ultra Low ESR","-","RF, Microwave, High Frequency","-","Surface Mount, MLCC","0603 (1608 Metric)","0.060"" L x 0.030"" W (1.52mm x 0.76mm)","-","0.036"" (0.91mm)","-","-","https://www.digikey.be/en/products/detail/kyocera-avx/KGQ15ACG1H240FT/1600311"
"https://datasheets.kyocera-avx.com/KGQ-Series.pdf","//mm.digikey.com/Volume0/opasdata/d220001/medias/images/7228/MFG_478_KGQ_series.jpg","478-KGQ15ACG1H300FTTR-ND,478-KGQ15ACG1H300FTCT-ND,478-KGQ15ACG1H300FTDKR-ND","KGQ15ACG1H300FT","KYOCERA AVX","KYOCERA AVX","CAP CER 30PF 50V NP0 0603","444","0.3","0","1","Tape & Reel (TR),Cut Tape (CT),Digi-Reel®","KGQ","Active","30 pF","±1%","50V","C0G, NP0","-55°C ~ 125°C","Ultra Low ESR","-","RF, Microwave, High Frequency","-","Surface Mount, MLCC","0603 (1608 Metric)","0.060"" L x 0.030"" W (1.52mm x 0.76mm)","-","0.036"" (0.91mm)","-","-","https://www.digikey.be/en/products/detail/kyocera-avx/KGQ15ACG1H300FT/1600327"
"https://datasheets.kyocera-avx.com/KGQ-Series.pdf","//mm.digikey.com/Volume0/opasdata/d220001/medias/images/7228/MFG_478_KGQ_series.jpg","478-KGQ15ACG1H220FTTR-ND,478-KGQ15ACG1H220FTCT-ND,478-KGQ15ACG1H220FTDKR-ND","KGQ15ACG1H220FT","KYOCERA AVX","KYOCERA AVX","CAP CER 22PF 50V NP0 0603","0","0.3","0","1","Tape & Reel (TR),Cut Tape (CT),Digi-Reel®","KGQ","Active","22 pF","±1%","50V","C0G, NP0","-55°C ~ 125°C","Ultra Low ESR","-","RF, Microwave, High Frequency","-","Surface Mount, MLCC","0603 (1608 Metric)","0.060"" L x 0.030"" W (1.52mm x 0.76mm)","-","0.036"" (0.91mm)","-","-","https://www.digikey.be/en/products/detail/kyocera-avx/KGQ15ACG1H220FT/1600307"
"https://datasheets.kyocera-avx.com/C0GNP0-Dielectric.pdf","//mm.digikey.com/Volume0/opasdata/d220001/medias/images/4845/478_0603-%281608-Metric%29-0%2C90mm.jpg","478-06035A250GAT2ATR-ND,478-06035A250GAT2ACT-ND,478-06035A250GAT2ADKR-ND","06035A250GAT2A","KYOCERA AVX","KYOCERA AVX","CAP CER 25PF 50V NP0 0603","7.765","0.31","0","1","Tape & Reel (TR),Cut Tape (CT),Digi-Reel®","-","Active","25 pF","±2%","50V","C0G, NP0","-55°C ~ 125°C","-","-","General Purpose","-","Surface Mount, MLCC","0603 (1608 Metric)","0.063"" L x 0.032"" W (1.60mm x 0.81mm)","-","0.035"" (0.90mm)","-","-","https://www.digikey.be/en/products/detail/kyocera-avx/06035A250GAT2A/1599738"
"https://datasheets.kyocera-avx.com/KGQ-Series.pdf","//mm.digikey.com/Volume0/opasdata/d220001/medias/images/7228/MFG_478_KGQ_series.jpg","478-KGQ15ACG2A270FTTR-ND,478-KGQ15ACG2A270FTCT-ND,478-KGQ15ACG2A270FTDKR-ND","06031U270FAT2A","KYOCERA AVX","KYOCERA AVX","CAP CER 27PF 100V NP0 0603","3.389","0.31","0","1","Tape & Reel (TR),Cut Tape (CT),Digi-Reel®","KGQ","Active","27 pF","±1%","100V","C0G, NP0","-55°C ~ 125°C","Ultra Low ESR","-","RF, Microwave, High Frequency","-","Surface Mount, MLCC","0603 (1608 Metric)","0.060"" L x 0.030"" W (1.52mm x 0.76mm)","-","0.036"" (0.91mm)","-","-","https://www.digikey.be/en/products/detail/kyocera-avx/06031U270FAT2A/1598883"
"https://yageogroup.com/content/datasheet/asset/file/UPY-AC_NP0X7RX7S_6_3V-TO-2KV","//mm.digikey.com/Volume0/opasdata/d220001/medias/images/6808/AC_Series_0603_1608.jpg","13-AC0603FRNPO9BN270TR-ND,13-AC0603FRNPO9BN270CT-ND,13-AC0603FRNPO9BN270DKR-ND","AC0603FRNPO9BN270","YAGEO","YAGEO","CAP CER 27PF 50V C0G/NPO 0603","6.264","0.31","0","1","Tape & Reel (TR),Cut Tape (CT),Digi-Reel®","AC","Active","27 pF","±1%","50V","C0G, NP0","-55°C ~ 125°C","-","AEC-Q200","Automotive","-","Surface Mount, MLCC","0603 (1608 Metric)","0.063"" L x 0.031"" W (1.60mm x 0.80mm)","-","0.035"" (0.90mm)","-","-","https://www.digikey.be/en/products/detail/yageo/AC0603FRNPO9BN270/7707912"
"https://datasheets.kyocera-avx.com/C0GNP0-KGM.pdf","//mm.digikey.com/Volume0/opasdata/d220001/medias/images/4845/478_0603-%281608-Metric%29-0%2C90mm.jpg","478-KGM15ACG2A220GTTR-ND,478-KGM15ACG2A220GTCT-ND,478-KGM15ACG2A220GTDKR-ND","KGM15ACG2A220GT","KYOCERA AVX","KYOCERA AVX","CAP CER 22PF 100V C0G/NP0 0603","3.427","0.31","0","1","Tape & Reel (TR),Cut Tape (CT),Digi-Reel®","KGM - C0G","Active","22 pF","±2%","100V","C0G, NP0","-55°C ~ 125°C","-","-","General Purpose","-","Surface Mount, MLCC","0603 (1608 Metric)","0.063"" L x 0.032"" W (1.60mm x 0.81mm)","-","0.035"" (0.90mm)","-","-","https://www.digikey.be/en/products/detail/kyocera-avx/KGM15ACG2A220GT/1598418"
"https://datasheets.kyocera-avx.com/C0GNP0-Dielectric.pdf","//mm.digikey.com/Volume0/opasdata/d220001/medias/images/4845/478_0603-%281608-Metric%29-0%2C90mm.jpg","478-06035A240GAT2ATR-ND,478-06035A240GAT2ACT-ND,478-06035A240GAT2ADKR-ND","06035A240GAT2A","KYOCERA AVX","KYOCERA AVX","CAP CER 24PF 50V NP0 0603","5.890","0.31","0","1","Tape & Reel (TR),Cut Tape (CT),Digi-Reel®","-","Active","24 pF","±2%","50V","C0G, NP0","-55°C ~ 125°C","-","-","General Purpose","-","Surface Mount, MLCC","0603 (1608 Metric)","0.063"" L x 0.032"" W (1.60mm x 0.81mm)","-","0.035"" (0.90mm)","-","-","https://www.digikey.be/en/products/detail/kyocera-avx/06035A240GAT2A/1599730"
"https://datasheets.kyocera-avx.com/C0GNP0-Dielectric.pdf","//mm.digikey.com/Volume0/opasdata/d220001/medias/images/4845/478_0603-%281608-Metric%29-0%2C90mm.jpg","478-06031A240GAT2ATR-ND,478-06031A240GAT2ACT-ND,478-06031A240GAT2ADKR-ND","06031A240GAT2A","KYOCERA AVX","KYOCERA AVX","CAP CER 24PF 100V NP0 0603","3.418","0.31","0","1","Tape & Reel (TR),Cut Tape (CT),Digi-Reel®","-","Active","24 pF","±2%","100V","C0G, NP0","-55°C ~ 125°C","-","-","General Purpose","-","Surface Mount, MLCC","0603 (1608 Metric)","0.063"" L x 0.032"" W (1.60mm x 0.81mm)","-","0.035"" (0.90mm)","-","-","https://www.digikey.be/en/products/detail/kyocera-avx/06031A240GAT2A/1598430"
"https://calchip.com/wp-content/uploads/2026/04/GMC-Series-1.pdf","//mm.digikey.com/Volume0/opasdata/d220001/medias/images/5781/MFG_Cal-Chip-All-Capacitors.jpg","4713-GMC10CG300G100NTTR-ND,4713-GMC10CG300G100NTCT-ND,4713-GMC10CG300G100NTDKR-ND","GMC10CG300G100NT","Cal-Chip Electronics, Inc.","Cal-Chip Electronics, Inc.","CAP0603 COG 30PF 2% 100V","4.000","0.31","0","1","Tape & Reel (TR),Cut Tape (CT),Digi-Reel®","GMC","Active","30 pF","±2%","100V","C0G, NP0","-55°C ~ 125°C","-","-","General Purpose","-","Surface Mount, MLCC","0603 (1608 Metric)","0.063"" L x 0.031"" W (1.60mm x 0.80mm)","-","0.035"" (0.90mm)","-","-","https://www.digikey.be/en/products/detail/cal-chip-electronics-inc/GMC10CG300G100NT/24709932"
"https://datasheets.kyocera-avx.com/C0GNP0-Dielectric.pdf","//mm.digikey.com/Volume0/opasdata/d220001/medias/images/4845/478_0603-%281608-Metric%29-0%2C90mm.jpg","478-06035A300GAT2ATR-ND,478-06035A300GAT2ACT-ND,478-06035A300GAT2ADKR-ND","06035A300GAT2A","KYOCERA AVX","KYOCERA AVX","CAP CER 30PF 50V NP0 0603","823","0.31","0","1","Tape & Reel (TR),Cut Tape (CT),Digi-Reel®","-","Active","30 pF","±2%","50V","C0G, NP0","-55°C ~ 125°C","-","-","General Purpose","-","Surface Mount, MLCC","0603 (1608 Metric)","0.063"" L x 0.032"" W (1.60mm x 0.81mm)","-","0.035"" (0.90mm)","-","-","https://www.digikey.be/en/products/detail/kyocera-avx/06035A300GAT2A/1599776"
"https://yageogroup.com/content/datasheet/asset/file/KEM_C1030_CBR_SMD","//mm.digikey.com/Volume0/opasdata/d220001/medias/images/4438/MFG_CBRSeries.jpg","399-CBR06C270G5GACTR-ND,399-CBR06C270G5GACCT-ND,399-CBR06C270G5GACDKR-ND","CBR06C270G5GAC","KEMET","KEMET","CAP CER 27PF 50V C0G/NP0 0603","7.420","0.32","0","1","Tape & Reel (TR),Cut Tape (CT),Digi-Reel®","CBR-SMD RF C0G","Active","27 pF","±2%","50V","C0G, NP0","-55°C ~ 125°C","High Q, Low Loss, Ultra Low ESR","-","RF, Microwave, High Frequency","-","Surface Mount, MLCC","0603 (1608 Metric)","0.063"" L x 0.031"" W (1.60mm x 0.80mm)","-","0.035"" (0.90mm)","-","-","https://www.digikey.be/en/products/detail/kemet/CBR06C270G5GAC/3473802"
"https://search.murata.co.jp/Ceramy/image/img/A01X/G101/ENG/GQM1875C2E240GB12-01.pdf","//mm.digikey.com/Volume0/opasdata/d220001/medias/images/5447/490-Ceramic-Capacitor-Tan-Field.jpg","490-GQM1875C2E240GB12DTR-ND,490-GQM1875C2E240GB12DCT-ND,490-GQM1875C2E240GB12DDKR-ND","GQM1875C2E240GB12D","Murata Electronics","Murata Electronics","CAP CER 24PF 250V NP0 0603","15.958","0.33","0","1","Tape & Reel (TR),Cut Tape (CT),Digi-Reel®","GQM","Active","24 pF","±2%","250V","C0G, NP0","-55°C ~ 125°C","High Q, Low Loss","-","RF, Microwave, High Frequency","-","Surface Mount, MLCC","0603 (1608 Metric)","0.063"" L x 0.031"" W (1.60mm x 0.80mm)","-","0.031"" (0.80mm)","-","-","https://www.digikey.be/en/products/detail/murata-electronics/GQM1875C2E240GB12D/2593409"
"https://datasheets.kyocera-avx.com/C0GNP0-KGM.pdf","//mm.digikey.com/Volume0/opasdata/d220001/medias/images/4845/478_0603-%281608-Metric%29-0%2C90mm.jpg","478-KGM15ACG2A270FTTR-ND,478-KGM15ACG2A270FTCT-ND,478-KGM15ACG2A270FTDKR-ND","KGM15ACG2A270FT","KYOCERA AVX","KYOCERA AVX","CAP CER 27PF 100V C0G/NP0 0603","12.144","0.33","0","1","Tape & Reel (TR),Cut Tape (CT),Digi-Reel®","KGM - C0G","Active","27 pF","±1%","100V","C0G, NP0","-55°C ~ 125°C","-","-","General Purpose","-","Surface Mount, MLCC","0603 (1608 Metric)","0.063"" L x 0.032"" W (1.60mm x 0.81mm)","-","0.035"" (0.90mm)","-","-","https://www.digikey.be/en/products/detail/kyocera-avx/KGM15ACG2A270FT/1116207"
"https://yageogroup.com/content/datasheet/asset/file/UPY-AC_NP0X7RX7S_6_3V-TO-2KV","//mm.digikey.com/Volume0/opasdata/d220001/medias/images/6808/AC_Series_0603_1608.jpg","13-AC0603FRNPO9BN220TR-ND,13-AC0603FRNPO9BN220CT-ND,13-AC0603FRNPO9BN220DKR-ND","AC0603FRNPO9BN220","YAGEO","YAGEO","CAP CER 22PF 50V C0G/NPO 0603","2.909","0.33","0","1","Tape & Reel (TR),Cut Tape (CT),Digi-Reel®","AC","Active","22 pF","±1%","50V","C0G, NP0","-55°C ~ 125°C","-","AEC-Q200","Automotive","-","Surface Mount, MLCC","0603 (1608 Metric)","0.063"" L x 0.031"" W (1.60mm x 0.80mm)","-","0.035"" (0.90mm)","-","-","https://www.digikey.be/en/products/detail/yageo/AC0603FRNPO9BN220/7707911"
"https://search.murata.co.jp/Ceramy/image/img/A01X/G101/ENG/GQM1875C2E300GB12-01.pdf","//mm.digikey.com/Volume0/opasdata/d220001/medias/images/5447/490-Ceramic-Capacitor-Tan-Field.jpg","490-GQM1875C2E300GB12DTR-ND,490-GQM1875C2E300GB12DCT-ND,490-GQM1875C2E300GB12DDKR-ND","GQM1875C2E300GB12D","Murata Electronics","Murata Electronics","CAP CER 30PF 250V NP0 0603","0","0.33","0","1","Tape & Reel (TR),Cut Tape (CT),Digi-Reel®","GQM","Active","30 pF","±2%","250V","C0G, NP0","-55°C ~ 125°C","High Q, Low Loss","-","RF, Microwave, High Frequency","-","Surface Mount, MLCC","0603 (1608 Metric)","0.063"" L x 0.031"" W (1.60mm x 0.80mm)","-","0.031"" (0.80mm)","-","-","https://www.digikey.be/en/products/detail/murata-electronics/GQM1875C2E300GB12D/2593421"
"https://search.murata.co.jp/Ceramy/image/img/A01X/G101/ENG/GQM1875C2E270GB12-01.pdf","//mm.digikey.com/Volume0/opasdata/d220001/medias/images/5447/490-Ceramic-Capacitor-Tan-Field.jpg","490-GQM1875C2E270GB12DTR-ND,490-GQM1875C2E270GB12DCT-ND,490-GQM1875C2E270GB12DDKR-ND","GQM1875C2E270GB12D","Murata Electronics","Murata Electronics","CAP CER 27PF 250V NP0 0603","4.047","0.34","0","1","Tape & Reel (TR),Cut Tape (CT),Digi-Reel®","GQM","Active","27 pF","±2%","250V","C0G, NP0","-55°C ~ 125°C","High Q, Low Loss","-","RF, Microwave, High Frequency","-","Surface Mount, MLCC","0603 (1608 Metric)","0.063"" L x 0.031"" W (1.60mm x 0.80mm)","-","0.031"" (0.80mm)","-","-","https://www.digikey.be/en/products/detail/murata-electronics/GQM1875C2E270GB12D/2593411"
"https://calchip.com/wp-content/uploads/2026/01/CHV-Series.pdf","//mm.digikey.com/Volume0/opasdata/d220001/medias/images/5781/MFG_Cal-Chip-All-Capacitors.jpg","4713-CHV0603N250240FCTTR-ND,4713-CHV0603N250240FCT-ND,4713-CHV0603N250240FCTDKR-ND","CHV0603N250240FCT","Cal-Chip Electronics, Inc.","Cal-Chip Electronics, Inc.","HVCAP0603 COG 24PF 1% 250V","3.540","0.35","0","1","Tape & Reel (TR),Cut Tape (CT),Digi-Reel®","CHV","Active","24 pF","±1%","250V","C0G, NP0","-55°C ~ 125°C","General Purpose","-","General Purpose","-","Surface Mount","0603 (1608 Metric)","0.063"" L x 0.031"" W (1.60mm x 0.80mm)","-","0.037"" (0.95mm)","-","-","https://www.digikey.be/en/products/detail/cal-chip-electronics-inc/CHV0603N250240FCT/22155355"
"https://datasheets.kyocera-avx.com/C0GNP0-Dielectric.pdf","//mm.digikey.com/Volume0/opasdata/d220001/medias/images/4845/478_0603-%281608-Metric%29-0%2C90mm.jpg","478-11793-2-ND,478-11793-1-ND,478-11793-6-ND","06031A300FAT2A","KYOCERA AVX","KYOCERA AVX","CAP CER 30PF 100V NP0 0603","116.098","0.36","0","1","Tape & Reel (TR),Cut Tape (CT),Digi-Reel®","-","Active","30 pF","±1%","100V","C0G, NP0","-55°C ~ 125°C","-","-","General Purpose","-","Surface Mount, MLCC","0603 (1608 Metric)","0.063"" L x 0.032"" W (1.60mm x 0.81mm)","-","0.035"" (0.90mm)","-","-","https://www.digikey.be/en/products/detail/kyocera-avx/06031A300FAT2A/1598461"
"https://datasheets.kyocera-avx.com/C0GNP0-KGM.pdf","//mm.digikey.com/Volume0/opasdata/d220001/medias/images/4845/478_0603-%281608-Metric%29-0%2C90mm.jpg","478-KGM15ACG1H220FTTR-ND,478-KGM15ACG1H220FTCT-ND,478-KGM15ACG1H220FTDKR-ND","KGM15ACG1H220FT","KYOCERA AVX","KYOCERA AVX","CAP CER 22PF 50V C0G/NP0 0603","13.875","0.36","0","1","Tape & Reel (TR),Cut Tape (CT),Digi-Reel®","KGM - C0G","Active","22 pF","±1%","50V","C0G, NP0","-55°C ~ 125°C","-","-","General Purpose","-","Surface Mount, MLCC","0603 (1608 Metric)","0.063"" L x 0.032"" W (1.60mm x 0.81mm)","-","0.035"" (0.90mm)","-","-","https://www.digikey.be/en/products/detail/kyocera-avx/KGM15ACG1H220FT/1599717"
"https://datasheets.kyocera-avx.com/C0GNP0-KGM.pdf","//mm.digikey.com/Volume0/opasdata/d220001/medias/images/4845/478_0603-%281608-Metric%29-0%2C90mm.jpg","478-KGM15ACG2A220FTTR-ND,478-KGM15ACG2A220FTCT-ND,478-KGM15ACG2A220FTDKR-ND","KGM15ACG2A220FT","KYOCERA AVX","KYOCERA AVX","CAP CER 22PF 100V C0G/NP0 0603","2.700","0.36","0","1","Tape & Reel (TR),Cut Tape (CT),Digi-Reel®","KGM - C0G","Active","22 pF","±1%","100V","C0G, NP0","-55°C ~ 125°C","-","-","General Purpose","-","Surface Mount, MLCC","0603 (1608 Metric)","0.063"" L x 0.032"" W (1.60mm x 0.81mm)","-","0.035"" (0.90mm)","-","-","https://www.digikey.be/en/products/detail/kyocera-avx/KGM15ACG2A220FT/1598417"
"https://datasheets.kyocera-avx.com/AutoMLCCKAM.pdf","//mm.digikey.com/Volume0/opasdata/d220001/medias/images/4845/478_0603-%281608-Metric%29-0%2C90mm.jpg","478-KAM15ACG1H220FTTR-ND,478-KAM15ACG1H220FTCT-ND,478-KAM15ACG1H220FTDKR-ND","KAM15ACG1H220FT","KYOCERA AVX","KYOCERA AVX","CAP CER 22PF 50V NP0 0603","14.682","0.36","0","1","Tape & Reel (TR),Cut Tape (CT),Digi-Reel®","-","Active","22 pF","±1%","50V","C0G, NP0","-55°C ~ 125°C","-","AEC-Q200","Automotive","-","Surface Mount, MLCC","0603 (1608 Metric)","0.063"" L x 0.032"" W (1.60mm x 0.81mm)","-","0.035"" (0.90mm)","-","-","https://www.digikey.be/en/products/detail/kyocera-avx/KAM15ACG1H220FT/3080517"
"https://datasheets.kyocera-avx.com/C0GNP0-Dielectric.pdf","//mm.digikey.com/Volume0/opasdata/d220001/medias/images/4845/478_0603-%281608-Metric%29-0%2C90mm.jpg","478-10196-2-ND,478-10196-1-ND,478-10196-6-ND","06031A240FAT2A","KYOCERA AVX","KYOCERA AVX","CAP CER 24PF 100V NP0 0603","39.855","0.36","0","1","Tape & Reel (TR),Cut Tape (CT),Digi-Reel®","-","Active","24 pF","±1%","100V","C0G, NP0","-55°C ~ 125°C","-","-","General Purpose","-","Surface Mount, MLCC","0603 (1608 Metric)","0.063"" L x 0.032"" W (1.60mm x 0.81mm)","-","0.035"" (0.90mm)","-","-","https://www.digikey.be/en/products/detail/kyocera-avx/06031A240FAT2A/1598428"
"https://datasheets.kyocera-avx.com/AutoMLCCKAM.pdf","//mm.digikey.com/Volume0/opasdata/d220001/medias/images/4845/478_0603-%281608-Metric%29-0%2C90mm.jpg","478-KAM15ACG1H270FTTR-ND,478-KAM15ACG1H270FTCT-ND,478-KAM15ACG1H270FTDKR-ND","KAM15ACG1H270FT","KYOCERA AVX","KYOCERA AVX","CAP CER 27PF 50V NP0 0603","1.365","0.36","0","1","Tape & Reel (TR),Cut Tape (CT),Digi-Reel®","-","Active","27 pF","±1%","50V","C0G, NP0","-55°C ~ 125°C","-","AEC-Q200","Automotive","-","Surface Mount, MLCC","0603 (1608 Metric)","0.063"" L x 0.032"" W (1.60mm x 0.81mm)","-","0.035"" (0.90mm)","-","-","https://www.digikey.be/en/products/detail/kyocera-avx/KAM15ACG1H270FT/3080526"
"https://calchip.com/wp-content/uploads/2026/04/GMC-Series-1.pdf","//mm.digikey.com/Volume0/opasdata/d220001/medias/images/5781/MFG_Cal-Chip-All-Capacitors.jpg","4713-GMC10CG240F100NTTR-ND,4713-GMC10CG240F100NTCT-ND,4713-GMC10CG240F100NTDKR-ND","GMC10CG240F100NT","Cal-Chip Electronics, Inc.","Cal-Chip Electronics, Inc.","CAP0603 COG 24PF 1% 100V","3.990","0.36","0","1","Tape & Reel (TR),Cut Tape (CT),Digi-Reel®","GMC","Active","24 pF","±1%","100V","C0G, NP0","-55°C ~ 125°C","-","-","General Purpose","-","Surface Mount, MLCC","0603 (1608 Metric)","0.063"" L x 0.031"" W (1.60mm x 0.80mm)","-","0.035"" (0.90mm)","-","-","https://www.digikey.be/en/products/detail/cal-chip-electronics-inc/GMC10CG240F100NT/24634116"
"https://calchip.com/wp-content/uploads/2026/01/CHV-Series.pdf","//mm.digikey.com/Volume0/opasdata/d220001/medias/images/5781/MFG_Cal-Chip-All-Capacitors.jpg","4713-CHV0603N250270GCTTR-ND,4713-CHV0603N250270GCT-ND,4713-CHV0603N250270GCTDKR-ND","CHV0603N250270GCT","Cal-Chip Electronics, Inc.","Cal-Chip Electronics, Inc.","HVCAP0603 COG 27PF 2% 250V","3.884","0.36","0","1","Tape & Reel (TR),Cut Tape (CT),Digi-Reel®","CHV","Active","27 pF","±2%","250V","C0G, NP0","-55°C ~ 125°C","General Purpose","-","General Purpose","-","Surface Mount","0603 (1608 Metric)","0.063"" L x 0.031"" W (1.60mm x 0.80mm)","-","0.037"" (0.95mm)","-","-","https://www.digikey.be/en/products/detail/cal-chip-electronics-inc/CHV0603N250270GCT/22155372"
"https://calchip.com/wp-content/uploads/2026/01/CHV-Series.pdf","//mm.digikey.com/Volume0/opasdata/d220001/medias/images/5781/MFG_Cal-Chip-All-Capacitors.jpg","4713-CHV0603N250300GCTTR-ND,4713-CHV0603N250300GCT-ND,4713-CHV0603N250300GCTDKR-ND","CHV0603N250300GCT","Cal-Chip Electronics, Inc.","Cal-Chip Electronics, Inc.","HVCAP0603 COG 30PF 2% 250V","3.038","0.36","0","1","Tape & Reel (TR),Cut Tape (CT),Digi-Reel®","CHV","Active","30 pF","±2%","250V","C0G, NP0","-55°C ~ 125°C","General Purpose","-","General Purpose","-","Surface Mount","0603 (1608 Metric)","0.063"" L x 0.031"" W (1.60mm x 0.80mm)","-","0.037"" (0.95mm)","-","-","https://www.digikey.be/en/products/detail/cal-chip-electronics-inc/CHV0603N250300GCT/22155276"
"https://calchip.com/wp-content/uploads/2026/01/CHV-Series.pdf","//mm.digikey.com/Volume0/opasdata/d220001/medias/images/5781/MFG_Cal-Chip-All-Capacitors.jpg","4713-CHV0603N250220GCTTR-ND,4713-CHV0603N250220GCT-ND,4713-CHV0603N250220GCTDKR-ND","CHV0603N250220GCT","Cal-Chip Electronics, Inc.","Cal-Chip Electronics, Inc.","HVCAP0603 COG 22PF 2% 250V","2.391","0.36","0","1","Tape & Reel (TR),Cut Tape (CT),Digi-Reel®","CHV","Active","22 pF","±2%","250V","C0G, NP0","-55°C ~ 125°C","General Purpose","-","General Purpose","-","Surface Mount","0603 (1608 Metric)","0.063"" L x 0.031"" W (1.60mm x 0.80mm)","-","0.037"" (0.95mm)","-","-","https://www.digikey.be/en/products/detail/cal-chip-electronics-inc/CHV0603N250220GCT/22155292"
"https://datasheets.kyocera-avx.com/C0GNP0-KGM.pdf","//mm.digikey.com/Volume0/opasdata/d220001/medias/images/4845/478_0603-%281608-Metric%29-0%2C90mm.jpg","478-KGM15ACG1E220FTTR-ND,478-KGM15ACG1E220FTCT-ND,478-KGM15ACG1E220FTDKR-ND","KGM15ACG1E220FT","KYOCERA AVX","KYOCERA AVX","CAP CER 22PF 25V C0G/NP0 0603","773","0.36","0","1","Tape & Reel (TR),Cut Tape (CT),Digi-Reel®","KGM - C0G","Active","22 pF","±1%","25V","C0G, NP0","-55°C ~ 125°C","-","-","General Purpose","-","Surface Mount, MLCC","0603 (1608 Metric)","0.063"" L x 0.032"" W (1.60mm x 0.81mm)","-","0.035"" (0.90mm)","-","-","https://www.digikey.be/en/products/detail/kyocera-avx/KGM15ACG1E220FT/1599151"
"https://datasheets.kyocera-avx.com/C0GNP0-Dielectric.pdf","//mm.digikey.com/Volume0/opasdata/d220001/medias/images/4845/478_0603-%281608-Metric%29-0%2C90mm.jpg","478-06035A300FAT2ATR-ND,478-06035A300FAT2ACT-ND,478-06035A300FAT2ADKR-ND","06035A300FAT2A","KYOCERA AVX","KYOCERA AVX","CAP CER 30PF 50V NP0 0603","4.244","0.37","0","1","Tape & Reel (TR),Cut Tape (CT),Digi-Reel®","-","Active","30 pF","±1%","50V","C0G, NP0","-55°C ~ 125°C","-","-","General Purpose","-","Surface Mount, MLCC","0603 (1608 Metric)","0.063"" L x 0.032"" W (1.60mm x 0.81mm)","-","0.035"" (0.90mm)","-","-","https://www.digikey.be/en/products/detail/kyocera-avx/06035A300FAT2A/1599775"
"https://calchip.com/wp-content/uploads/2026/01/CHV-Series.pdf","//mm.digikey.com/Volume0/opasdata/d220001/medias/images/5781/MFG_Cal-Chip-All-Capacitors.jpg","4713-CHV0603N250220FCTTR-ND,4713-CHV0603N250220FCT-ND,4713-CHV0603N250220FCTDKR-ND","CHV0603N250220FCT","Cal-Chip Electronics, Inc.","Cal-Chip Electronics, Inc.","HVCAP0603 COG 22PF 1% 250V","6.555","0.39","0","1","Tape & Reel (TR),Cut Tape (CT),Digi-Reel®","CHV","Active","22 pF","±1%","250V","C0G, NP0","-55°C ~ 125°C","General Purpose","-","General Purpose","-","Surface Mount","0603 (1608 Metric)","0.063"" L x 0.031"" W (1.60mm x 0.80mm)","-","0.037"" (0.95mm)","-","-","https://www.digikey.be/en/products/detail/cal-chip-electronics-inc/CHV0603N250220FCT/22155265"
"https://yageogroup.com/content/datasheet/asset/file/KEM_C1003_C0G_SMD","//mm.digikey.com/Volume0/opasdata/d220001/medias/images/5352/0603-%281608-Metric%29-Ceramic-Capacitor.jpg","399-C0603C240C5GACTUTR-ND,399-C0603C240C5GACTUCT-ND,399-C0603C240C5GACTUDKR-ND","C0603C240C5GACTU","KEMET","KEMET","CAP CER 24PF 50V C0G/NP0 0603","3.019","0.4","0","1","Tape & Reel (TR),Cut Tape (CT),Digi-Reel®","SMD Comm C0G","Active","24 pF","±0.25pF","50V","C0G, NP0","-55°C ~ 125°C","Low ESL","-","General Purpose","-","Surface Mount, MLCC","0603 (1608 Metric)","0.063"" L x 0.031"" W (1.60mm x 0.80mm)","-","0.034"" (0.87mm)","-","-","https://www.digikey.be/en/products/detail/kemet/C0603C240C5GACTU/12700770"
"https://search.murata.co.jp/Ceramy/image/img/A01X/G101/ENG/GQM1875C2E220FB12-01.pdf","//mm.digikey.com/Volume0/opasdata/d220001/medias/images/5447/490-Ceramic-Capacitor-Tan-Field.jpg","490-GQM1875C2E220FB12DTR-ND,490-GQM1875C2E220FB12DCT-ND,490-GQM1875C2E220FB12DDKR-ND","GQM1875C2E220FB12D","Murata Electronics","Murata Electronics","CAP CER 22PF 250V NP0 0603","4.000","0.42","0","1","Tape & Reel (TR),Cut Tape (CT),Digi-Reel®","GQM","Active","22 pF","±1%","250V","C0G, NP0","-55°C ~ 125°C","High Q, Low Loss","-","RF, Microwave, High Frequency","-","Surface Mount, MLCC","0603 (1608 Metric)","0.063"" L x 0.031"" W (1.60mm x 0.80mm)","-","0.031"" (0.80mm)","-","-","https://www.digikey.be/en/products/detail/murata-electronics/GQM1875C2E220FB12D/4419977"
"https://search.murata.co.jp/Ceramy/image/img/A01X/G101/ENG/GQM1875C2E300FB12-01A.pdf","//mm.digikey.com/Volume0/opasdata/d220001/medias/images/5447/490-Ceramic-Capacitor-Tan-Field.jpg","490-GQM1875C2E300FB12DTR-ND,490-GQM1875C2E300FB12DCT-ND,490-GQM1875C2E300FB12DDKR-ND","GQM1875C2E300FB12D","Murata Electronics","Murata Electronics","CAP CER 30PF 250V C0G 0603","4.590","0.42","0","1","Tape & Reel (TR),Cut Tape (CT),Digi-Reel®","GQM","Active","30 pF","±1%","250V","C0G, NP0","-55°C ~ 125°C","High Q, Low Loss","-","RF, Microwave, High Frequency","-","Surface Mount, MLCC","0603 (1608 Metric)","0.063"" L x 0.031"" W (1.60mm x 0.80mm)","-","0.031"" (0.80mm)","-","-","https://www.digikey.be/en/products/detail/murata-electronics/GQM1875C2E300FB12D/17858433"
"https://search.murata.co.jp/Ceramy/image/img/A01X/G101/ENG/GQM1875C2E240FB12-01A.pdf","//mm.digikey.com/Volume0/opasdata/d220001/medias/images/5447/490-Ceramic-Capacitor-Tan-Field.jpg","490-GQM1875C2E240FB12DTR-ND,490-GQM1875C2E240FB12DCT-ND,490-GQM1875C2E240FB12DDKR-ND","GQM1875C2E240FB12D","Murata Electronics","Murata Electronics","CAP CER 24PF 250V C0G 0603","2.255","0.42","0","1","Tape & Reel (TR),Cut Tape (CT),Digi-Reel®","GQM","Active","24 pF","±1%","250V","C0G, NP0","-55°C ~ 125°C","High Q, Low Loss","-","RF, Microwave, High Frequency","-","Surface Mount, MLCC","0603 (1608 Metric)","0.063"" L x 0.031"" W (1.60mm x 0.80mm)","-","0.031"" (0.80mm)","-","-","https://www.digikey.be/en/products/detail/murata-electronics/GQM1875C2E240FB12D/17862868"
"https://search.murata.co.jp/Ceramy/image/img/A01X/G101/ENG/GQM1875C2E270FB12-01.pdf","//mm.digikey.com/Volume0/opasdata/d220001/medias/images/5447/490-Ceramic-Capacitor-Tan-Field.jpg","490-GQM1875C2E270FB12DTR-ND,490-GQM1875C2E270FB12DCT-ND,490-GQM1875C2E270FB12DDKR-ND","GQM1875C2E270FB12D","Murata Electronics","Murata Electronics","CAP CER 27PF 250V NP0 0603","1.020","0.42","0","1","Tape & Reel (TR),Cut Tape (CT),Digi-Reel®","GQM","Active","27 pF","±1%","250V","C0G, NP0","-55°C ~ 125°C","High Q, Low Loss","-","RF, Microwave, High Frequency","-","Surface Mount, MLCC","0603 (1608 Metric)","0.063"" L x 0.031"" W (1.60mm x 0.80mm)","-","0.031"" (0.80mm)","-","-","https://www.digikey.be/en/products/detail/murata-electronics/GQM1875C2E270FB12D/4419978"
"https://datasheets.kyocera-avx.com/AutoMLCCKAM.pdf","//mm.digikey.com/Volume0/opasdata/d220001/medias/images/4845/478_0603-%281608-Metric%29-0%2C90mm.jpg","478-KAM15ACG2A220FTTR-ND,478-KAM15ACG2A220FTCT-ND,478-KAM15ACG2A220FTDKR-ND","KAM15ACG2A220FT","KYOCERA AVX","KYOCERA AVX","CAP CER 22PF 100V NP0 0603","0","0.42","0","1","Tape & Reel (TR),Cut Tape (CT),Digi-Reel®","-","Active","22 pF","±1%","100V","C0G, NP0","-55°C ~ 125°C","-","AEC-Q200","Automotive","-","Surface Mount, MLCC","0603 (1608 Metric)","0.063"" L x 0.032"" W (1.60mm x 0.81mm)","-","0.035"" (0.90mm)","-","-","https://www.digikey.be/en/products/detail/kyocera-avx/KAM15ACG2A220FT/3080218"
"https://yageogroup.com/content/datasheet/asset/file/KEM_C1030_CBR_SMD","//mm.digikey.com/Volume0/opasdata/d220001/medias/images/4438/MFG_CBRSeries.jpg","399-CBR06C240F5GACTR-ND,399-CBR06C240F5GACCT-ND,399-CBR06C240F5GACDKR-ND","CBR06C240F5GAC","KEMET","KEMET","CAP CER 24PF 50V C0G/NP0 0603","3.335","0.45","0","1","Tape & Reel (TR),Cut Tape (CT),Digi-Reel®","CBR-SMD RF C0G","Active","24 pF","±1%","50V","C0G, NP0","-55°C ~ 125°C","High Q, Low Loss, Ultra Low ESR","-","RF, Microwave, High Frequency","-","Surface Mount, MLCC","0603 (1608 Metric)","0.063"" L x 0.031"" W (1.60mm x 0.80mm)","-","0.035"" (0.90mm)","-","-","https://www.digikey.be/en/products/detail/kemet/CBR06C240F5GAC/3473793"
"https://yageogroup.com/content/datasheet/asset/file/KEM_C1030_CBR_SMD","//mm.digikey.com/Volume0/opasdata/d220001/medias/images/4438/MFG_CBRSeries.jpg","399-CBR06C300F5GACTR-ND,399-CBR06C300F5GACCT-ND,399-CBR06C300F5GACDKR-ND","CBR06C300F5GAC","KEMET","KEMET","CAP CER 30PF 50V C0G/NP0 0603","3.272","0.45","0","1","Tape & Reel (TR),Cut Tape (CT),Digi-Reel®","CBR-SMD RF C0G","Active","30 pF","±1%","50V","C0G, NP0","-55°C ~ 125°C","High Q, Low Loss, Ultra Low ESR","-","RF, Microwave, High Frequency","-","Surface Mount, MLCC","0603 (1608 Metric)","0.063"" L x 0.031"" W (1.60mm x 0.80mm)","-","0.035"" (0.90mm)","-","-","https://www.digikey.be/en/products/detail/kemet/CBR06C300F5GAC/3473815"
"https://yageogroup.com/content/datasheet/asset/file/KEM_C1030_CBR_SMD","//mm.digikey.com/Volume0/opasdata/d220001/medias/images/4438/MFG_CBRSeries.jpg","399-CBR06C220F5GACTR-ND,399-CBR06C220F5GACCT-ND,399-CBR06C220F5GACDKR-ND","CBR06C220F5GAC","KEMET","KEMET","CAP CER 22PF 50V C0G/NP0 0603","2.895","0.45","0","1","Tape & Reel (TR),Cut Tape (CT),Digi-Reel®","CBR-SMD RF C0G","Active","22 pF","±1%","50V","C0G, NP0","-55°C ~ 125°C","High Q, Low Loss, Ultra Low ESR","-","RF, Microwave, High Frequency","-","Surface Mount, MLCC","0603 (1608 Metric)","0.063"" L x 0.031"" W (1.60mm x 0.80mm)","-","0.035"" (0.90mm)","-","-","https://www.digikey.be/en/products/detail/kemet/CBR06C220F5GAC/3473779"
"https://yageogroup.com/content/datasheet/asset/file/KEM_C1030_CBR_SMD","//mm.digikey.com/Volume0/opasdata/d220001/medias/images/4438/MFG_CBRSeries.jpg","399-CBR06C270F5GACTR-ND,399-CBR06C270F5GACCT-ND,399-CBR06C270F5GACDKR-ND","CBR06C270F5GAC","KEMET","KEMET","CAP CER 27PF 50V C0G/NP0 0603","4.284","0.45","0","1","Tape & Reel (TR),Cut Tape (CT),Digi-Reel®","CBR-SMD RF C0G","Active","27 pF","±1%","50V","C0G, NP0","-55°C ~ 125°C","High Q, Low Loss, Ultra Low ESR","-","RF, Microwave, High Frequency","-","Surface Mount, MLCC","0603 (1608 Metric)","0.063"" L x 0.031"" W (1.60mm x 0.80mm)","-","0.035"" (0.90mm)","-","-","https://www.digikey.be/en/products/detail/kemet/CBR06C270F5GAC/3473800"
"https://calchip.com/wp-content/uploads/2026/01/CHV-Series.pdf","//mm.digikey.com/Volume0/opasdata/d220001/medias/images/5781/MFG_Cal-Chip-All-Capacitors.jpg","4713-CHV0603N250240GCTTR-ND,4713-CHV0603N250240GCT-ND,4713-CHV0603N250240GCTDKR-ND","CHV0603N250240GCT","Cal-Chip Electronics, Inc.","Cal-Chip Electronics, Inc.","HVCAP0603 COG 24PF 2% 250V","3.840","0.45","0","1","Tape & Reel (TR),Cut Tape (CT),Digi-Reel®","CHV","Active","24 pF","±2%","250V","C0G, NP0","-55°C ~ 125°C","General Purpose","-","General Purpose","-","Surface Mount","0603 (1608 Metric)","0.063"" L x 0.031"" W (1.60mm x 0.80mm)","-","0.037"" (0.95mm)","-","-","https://www.digikey.be/en/products/detail/cal-chip-electronics-inc/CHV0603N250240GCT/22155266"
"https://www.knowlescapacitors.com/getattachment/ac79327c-78b2-4790-b841-4541dcd9a291/High-Power-RF","//mm.digikey.com/Volume0/opasdata/d220001/medias/images/2090/0603-%281608-Metric%29-Standard-MLCC.jpg","1608-1256-2-ND,1608-1256-1-ND,1608-1256-6-ND","060322500270FQTLSM","Knowles Syfer","Knowles Syfer","CAP CER 27PF 250V C0G/NP0 0603","3.080","0.46","0","1","Tape & Reel (TR),Cut Tape (CT),Digi-Reel®","-","Active","27 pF","±1%","250V","C0G, NP0","-55°C ~ 125°C","High Q, Low Loss, Non-Magnetic","-","General Purpose","-","Surface Mount, MLCC","0603 (1608 Metric)","0.063"" L x 0.031"" W (1.60mm x 0.80mm)","-","0.031"" (0.80mm)","-","-","https://www.digikey.be/en/products/detail/knowles-syfer/060322500270FQTLSM/6565206"
"https://datasheets.kyocera-avx.com/C0GNP0-Dielectric.pdf","//mm.digikey.com/Volume0/opasdata/d220001/medias/images/4845/478_0603-%281608-Metric%29-0%2C90mm.jpg","478-10197-2-ND,478-10197-1-ND,478-10197-6-ND","06031A250GAT2A","KYOCERA AVX","KYOCERA AVX","CAP CER 25PF 100V NP0 0603","10.121","0.49","0","1","Tape & Reel (TR),Cut Tape (CT),Digi-Reel®","-","Active","25 pF","±2%","100V","C0G, NP0","-55°C ~ 125°C","-","-","General Purpose","-","Surface Mount, MLCC","0603 (1608 Metric)","0.063"" L x 0.032"" W (1.60mm x 0.81mm)","-","0.035"" (0.90mm)","-","-","https://www.digikey.be/en/products/detail/kyocera-avx/06031A250GAT2A/1598435"
"https://yageogroup.com/content/datasheet/asset/file/KEM_C1003_C0G_SMD","//mm.digikey.com/Volume0/opasdata/d220001/medias/images/5352/0603-%281608-Metric%29-Ceramic-Capacitor.jpg","399-C0603C220G5GACTUTR-ND,399-C0603C220G5GACTUCT-ND,399-C0603C220G5GACTUDKR-ND","C0603C220G5GACTU","KEMET","KEMET","CAP CER 22PF 50V C0G/NP0 0603","8.050","0.49","0","1","Tape & Reel (TR),Cut Tape (CT),Digi-Reel®","SMD Comm C0G","Active","22 pF","±2%","50V","C0G, NP0","-55°C ~ 125°C","Low ESL","-","General Purpose","-","Surface Mount, MLCC","0603 (1608 Metric)","0.063"" L x 0.031"" W (1.60mm x 0.80mm)","-","0.034"" (0.87mm)","-","-","https://www.digikey.be/en/products/detail/kemet/C0603C220G5GACTU/2200180"
"https://yageogroup.com/content/datasheet/asset/file/KEM_C1003_C0G_SMD","//mm.digikey.com/Volume0/opasdata/d220001/medias/images/5352/0603-%281608-Metric%29-Ceramic-Capacitor.jpg","399-C0603C270G5GACTUTR-ND,399-C0603C270G5GACTUCT-ND,399-C0603C270G5GACTUDKR-ND","C0603C270G5GACTU","KEMET","KEMET","CAP CER 27PF 50V C0G/NP0 0603","388","0.49","0","1","Tape & Reel (TR),Cut Tape (CT),Digi-Reel®","SMD Comm C0G","Active","27 pF","±2%","50V","C0G, NP0","-55°C ~ 125°C","Low ESL","-","General Purpose","-","Surface Mount, MLCC","0603 (1608 Metric)","0.063"" L x 0.031"" W (1.60mm x 0.80mm)","-","0.034"" (0.87mm)","-","-","https://www.digikey.be/en/products/detail/kemet/C0603C270G5GACTU/2200360"
"https://www.johansondielectrics.com/search/pdf/?s=%22QSCP251Q270G1GV001T%22","//mm.digikey.com/Volume0/opasdata/d220001/medias/images/2456/Capacitor%200603%281608%29.jpg","712-QSCP251Q270G1GV001TTR-ND,712-QSCP251Q270G1GV001TCT-ND,712-QSCP251Q270G1GV001TDKR-ND","QSCP251Q270G1GV001T","Johanson Technology Inc.","Johanson Technology Inc.","CAP CER 27PF 250V C0G/NP0 0603","44.472","0.5","0","1","Tape & Reel (TR),Cut Tape (CT),Digi-Reel®","S","Active","27 pF","±2%","250V","C0G, NP0","-55°C ~ 150°C","High Q, Low Loss, Ultra Low ESR","-","RF, Microwave, High Frequency","-","Surface Mount, MLCC","0603 (1608 Metric)","0.062"" L x 0.032"" W (1.57mm x 0.81mm)","-","0.035"" (0.89mm)","-","-","https://www.digikey.be/en/products/detail/johanson-technology-inc/QSCP251Q270G1GV001T/1561616"
"https://yageogroup.com/content/datasheet/asset/file/KEM_C1003_C0G_SMD","//mm.digikey.com/Volume0/opasdata/d220001/medias/images/5352/0603-%281608-Metric%29-Ceramic-Capacitor.jpg","399-C0603C220G1GACTUTR-ND,399-C0603C220G1GACTUCT-ND,399-C0603C220G1GACTUDKR-ND","C0603C220G1GACTU","KEMET","KEMET","CAP CER 22PF 100V C0G/NP0 0603","10.161","0.54","0","1","Tape & Reel (TR),Cut Tape (CT),Digi-Reel®","SMD Comm C0G","Active","22 pF","±2%","100V","C0G, NP0","-55°C ~ 125°C","Low ESL","-","General Purpose","-","Surface Mount, MLCC","0603 (1608 Metric)","0.063"" L x 0.031"" W (1.60mm x 0.80mm)","-","0.034"" (0.87mm)","-","-","https://www.digikey.be/en/products/detail/kemet/C0603C220G1GACTU/2200177"
"https://yageogroup.com/content/datasheet/asset/file/KEM_C1003_C0G_SMD","//mm.digikey.com/Volume0/opasdata/d220001/medias/images/5352/0603-%281608-Metric%29-Ceramic-Capacitor.jpg","399-C0603C270G1GACTUTR-ND,399-C0603C270G1GACTUCT-ND,399-C0603C270G1GACTUDKR-ND","C0603C270G1GACTU","KEMET","KEMET","CAP CER 27PF 100V C0G/NP0 0603","1.366","0.54","0","1","Tape & Reel (TR),Cut Tape (CT),Digi-Reel®","SMD Comm C0G","Active","27 pF","±2%","100V","C0G, NP0","-55°C ~ 125°C","Low ESL","-","General Purpose","-","Surface Mount, MLCC","0603 (1608 Metric)","0.063"" L x 0.031"" W (1.60mm x 0.80mm)","-","0.034"" (0.87mm)","-","-","https://www.digikey.be/en/products/detail/kemet/C0603C270G1GACTU/2200358"
"https://yageogroup.com/content/datasheet/asset/file/KEM_C1003_C0G_SMD","//mm.digikey.com/Volume0/opasdata/d220001/medias/images/5352/0603-%281608-Metric%29-Ceramic-Capacitor.jpg","399-C0603C240G5GACTUTR-ND,399-C0603C240G5GACTUCT-ND,399-C0603C240G5GACTUDKR-ND","C0603C240G5GACTU","KEMET","KEMET","CAP CER 24PF 50V C0G/NP0 0603","6.036","0.56","0","1","Tape & Reel (TR),Cut Tape (CT),Digi-Reel®","SMD Comm C0G","Active","24 pF","±2%","50V","C0G, NP0","-55°C ~ 125°C","Low ESL","-","General Purpose","-","Surface Mount, MLCC","0603 (1608 Metric)","0.063"" L x 0.031"" W (1.60mm x 0.80mm)","-","0.034"" (0.87mm)","-","-","https://www.digikey.be/en/products/detail/kemet/C0603C240G5GACTU/2200326"
"https://calchip.com/wp-content/uploads/2026/01/CHV-Series.pdf","//mm.digikey.com/Volume0/opasdata/d220001/medias/images/5781/MFG_Cal-Chip-All-Capacitors.jpg","4713-CHV0603N250300FCTTR-ND,4713-CHV0603N250300FCT-ND,4713-CHV0603N250300FCTDKR-ND","CHV0603N250300FCT","Cal-Chip Electronics, Inc.","Cal-Chip Electronics, Inc.","HVCAP0603 COG 30PF 1% 250V","11.916","0.56","0","1","Tape & Reel (TR),Cut Tape (CT),Digi-Reel®","CHV","Active","30 pF","±1%","250V","C0G, NP0","-55°C ~ 125°C","General Purpose","-","General Purpose","-","Surface Mount","0603 (1608 Metric)","0.063"" L x 0.031"" W (1.60mm x 0.80mm)","-","0.037"" (0.95mm)","-","-","https://www.digikey.be/en/products/detail/cal-chip-electronics-inc/CHV0603N250300FCT/22155392"
"https://search.murata.co.jp/Ceramy/image/img/A01X/G101/ENG/GQM1875C2E220GB12-01.pdf","//mm.digikey.com/Volume0/opasdata/d220001/medias/images/5447/490-Ceramic-Capacitor-Tan-Field.jpg","490-11256-2-ND,490-11256-1-ND,490-11256-6-ND","GQM1875C2E220GB12D","Murata Electronics","Murata Electronics","CAP CER 22PF 250V C0G/NP0 0603","14.661","0.57","0","1","Tape & Reel (TR),Cut Tape (CT),Digi-Reel®","GQM","Active","22 pF","±2%","250V","C0G, NP0","-55°C ~ 125°C","High Q, Low Loss","-","RF, Microwave, High Frequency","-","Surface Mount, MLCC","0603 (1608 Metric)","0.063"" L x 0.031"" W (1.60mm x 0.80mm)","-","0.031"" (0.80mm)","-","-","https://www.digikey.be/en/products/detail/murata-electronics/GQM1875C2E220GB12D/2593407"
"https://www.johansondielectrics.com/search/pdf/?s=%22QSCP251Q240G1GV001T%22","//mm.digikey.com/Volume0/opasdata/d220001/medias/images/2456/Capacitor%200603%281608%29.jpg","712-QSCP251Q240G1GV001TTR-ND,712-QSCP251Q240G1GV001TCT-ND,712-QSCP251Q240G1GV001TDKR-ND","QSCP251Q240G1GV001T","Johanson Technology Inc.","Johanson Technology Inc.","CAP CER 24PF 250V NP0 0603","0","0.59","0","1","Tape & Reel (TR),Cut Tape (CT),Digi-Reel®","S","Active","24 pF","±2%","250V","C0G, NP0","-55°C ~ 150°C","High Q, Low Loss, Ultra Low ESR","-","RF, Microwave, High Frequency","-","Surface Mount, MLCC","0603 (1608 Metric)","0.062"" L x 0.032"" W (1.57mm x 0.81mm)","-","0.035"" (0.89mm)","-","-","https://www.digikey.be/en/products/detail/johanson-technology-inc/QSCP251Q240G1GV001T/4824884"
"https://calchip.com/wp-content/uploads/2026/04/GMC-Series-1.pdf","//mm.digikey.com/Volume0/opasdata/d220001/medias/images/5781/MFG_Cal-Chip-All-Capacitors.jpg","4713-GMC10CG270F200NTTR-ND,4713-GMC10CG270F200NTCT-ND,4713-GMC10CG270F200NTDKR-ND","GMC10CG270F200NT","Cal-Chip Electronics, Inc.","Cal-Chip Electronics, Inc.","CAP0603 COG 27PF 1% 200V","3.995","0.6","0","1","Tape & Reel (TR),Cut Tape (CT),Digi-Reel®","GMC","Active","27 pF","±1%","200V","C0G, NP0","-55°C ~ 125°C","-","-","General Purpose","-","Surface Mount, MLCC","0603 (1608 Metric)","0.063"" L x 0.031"" W (1.60mm x 0.80mm)","-","0.035"" (0.90mm)","-","-","https://www.digikey.be/en/products/detail/cal-chip-electronics-inc/GMC10CG270F200NT/24634041"
"https://calchip.com/wp-content/uploads/2026/01/CHV-Series.pdf","//mm.digikey.com/Volume0/opasdata/d220001/medias/images/5732/MFG_CHV0603N1K0102KXT.jpg","4713-CHV0603N250270FCTTR-ND,4713-CHV0603N250270FCT-ND,4713-CHV0603N250270FCTDKR-ND","CHV0603N250270FCT","Cal-Chip Electronics, Inc.","Cal-Chip Electronics, Inc.","HVCAP0603 COG 27PF 1% 250V","3.950","0.64","0","1","Tape & Reel (TR),Cut Tape (CT),Digi-Reel®","CHV","Active","27 pF","±1%","250V","C0G, NP0","-55°C ~ 125°C","High Voltage","-","General Purpose","-","Surface Mount, MLCC","0603 (1608 Metric)","0.063"" L x 0.031"" W (1.60mm x 0.80mm)","-","0.037"" (0.95mm)","-","-","https://www.digikey.be/en/products/detail/cal-chip-electronics-inc/CHV0603N250270FCT/21854910"
"https://www.vishay.com/docs/45258/vjhifreqseries.pdf","//mm.digikey.com/Volume0/opasdata/d220001/medias/images/2905/VJ%20SEries%2C%20HIFREQ%200603%2094mm.jpg","720-VJ0603D220FXPAJTR-ND,720-VJ0603D220FXPAJCT-ND,720-VJ0603D220FXPAJDKR-ND","VJ0603D220FXPAJ","Vishay Vitramon","Vishay Vitramon","CAP CER 22PF 250V C0G/NP0 0603","5.019","0.65","0","1","Tape & Reel (TR),Cut Tape (CT),Digi-Reel®","VJ HIFREQ","Active","22 pF","±1%","250V","C0G, NP0","-55°C ~ 125°C","High Q, Low Loss","-","RF, Microwave, High Frequency","-","Surface Mount, MLCC","0603 (1608 Metric)","0.063"" L x 0.031"" W (1.60mm x 0.80mm)","-","0.037"" (0.94mm)","-","-","https://www.digikey.be/en/products/detail/vishay-vitramon/VJ0603D220FXPAJ/5095548"
"https://www.vishay.com/docs/45258/vjhifreqseries.pdf","//mm.digikey.com/Volume0/opasdata/d220001/medias/images/2905/VJ%20SEries%2C%20HIFREQ%200603%2094mm.jpg","720-1934-2-ND,720-1934-1-ND,720-1934-6-ND","VJ0603D270FXBAJ","Vishay Vitramon","Vishay Vitramon","CAP CER 27PF 100V C0G/NP0 0603","7.940","0.69","0","1","Tape & Reel (TR),Cut Tape (CT),Digi-Reel®","VJ HIFREQ","Active","27 pF","±1%","100V","C0G, NP0","-55°C ~ 125°C","High Q, Low Loss","-","RF, Microwave, High Frequency","-","Surface Mount, MLCC","0603 (1608 Metric)","0.063"" L x 0.031"" W (1.60mm x 0.80mm)","-","0.037"" (0.94mm)","-","-","https://www.digikey.be/en/products/detail/vishay-vitramon/VJ0603D270FXBAJ/5095960"
"https://www.vishay.com/docs/45258/vjhifreqseries.pdf","//mm.digikey.com/Volume0/opasdata/d220001/medias/images/2905/VJ%20SEries%2C%20HIFREQ%200603%2094mm.jpg","720-VJ0603D300FXBAJTR-ND,720-VJ0603D300FXBAJCT-ND,720-VJ0603D300FXBAJDKR-ND","VJ0603D300FXBAJ","Vishay Vitramon","Vishay Vitramon","CAP CER 30PF 100V C0G/NP0 0603","7.900","0.69","0","1","Tape & Reel (TR),Cut Tape (CT),Digi-Reel®","VJ HIFREQ","Active","30 pF","±1%","100V","C0G, NP0","-55°C ~ 125°C","High Q, Low Loss","-","RF, Microwave, High Frequency","-","Surface Mount, MLCC","0603 (1608 Metric)","0.063"" L x 0.031"" W (1.60mm x 0.80mm)","-","0.037"" (0.94mm)","-","-","https://www.digikey.be/en/products/detail/vishay-vitramon/VJ0603D300FXBAJ/5096614"
"https://calchip.com/wp-content/uploads/2026/04/GMC-Series-1.pdf","//mm.digikey.com/Volume0/opasdata/d220001/medias/images/5781/MFG_Cal-Chip-All-Capacitors.jpg","4713-GMC10CG240G200NTTR-ND,4713-GMC10CG240G200NTCT-ND,4713-GMC10CG240G200NTDKR-ND","GMC10CG240G200NT","Cal-Chip Electronics, Inc.","Cal-Chip Electronics, Inc.","CAP0603 COG 24PF 2% 200V","4.000","0.69","0","1","Tape & Reel (TR),Cut Tape (CT),Digi-Reel®","GMC","Active","24 pF","±2%","200V","C0G, NP0","-55°C ~ 125°C","-","-","General Purpose","-","Surface Mount, MLCC","0603 (1608 Metric)","0.063"" L x 0.031"" W (1.60mm x 0.80mm)","-","0.035"" (0.90mm)","-","-","https://www.digikey.be/en/products/detail/cal-chip-electronics-inc/GMC10CG240G200NT/24634059"
"https://calchip.com/wp-content/uploads/2026/04/GMC-Series-1.pdf","//mm.digikey.com/Volume0/opasdata/d220001/medias/images/5781/MFG_Cal-Chip-All-Capacitors.jpg","4713-GMC10CG300G200NTTR-ND,4713-GMC10CG300G200NTCT-ND,4713-GMC10CG300G200NTDKR-ND","GMC10CG300G200NT","Cal-Chip Electronics, Inc.","Cal-Chip Electronics, Inc.","CAP0603 COG 30PF 2% 200V","4.000","0.69","0","1","Tape & Reel (TR),Cut Tape (CT),Digi-Reel®","GMC","Active","30 pF","±2%","200V","C0G, NP0","-55°C ~ 125°C","-","-","General Purpose","-","Surface Mount, MLCC","0603 (1608 Metric)","0.063"" L x 0.031"" W (1.60mm x 0.80mm)","-","0.035"" (0.90mm)","-","-","https://www.digikey.be/en/products/detail/cal-chip-electronics-inc/GMC10CG300G200NT/24709953"
"https://calchip.com/wp-content/uploads/2026/04/GMC-Series-1.pdf","//mm.digikey.com/Volume0/opasdata/d220001/medias/images/5781/MFG_Cal-Chip-All-Capacitors.jpg","4713-GMC10CG240F200NTTR-ND,4713-GMC10CG240F200NTCT-ND,4713-GMC10CG240F200NTDKR-ND","GMC10CG240F200NT","Cal-Chip Electronics, Inc.","Cal-Chip Electronics, Inc.","CAP0603 COG 24PF 1% 200V","3.965","0.69","0","1","Tape & Reel (TR),Cut Tape (CT),Digi-Reel®","GMC","Active","24 pF","±1%","200V","C0G, NP0","-55°C ~ 125°C","-","-","General Purpose","-","Surface Mount, MLCC","0603 (1608 Metric)","0.063"" L x 0.031"" W (1.60mm x 0.80mm)","-","0.035"" (0.90mm)","-","-","https://www.digikey.be/en/products/detail/cal-chip-electronics-inc/GMC10CG240F200NT/24634043"
"https://calchip.com/wp-content/uploads/2026/04/GMC-Series-1.pdf","//mm.digikey.com/Volume0/opasdata/d220001/medias/images/5781/MFG_Cal-Chip-All-Capacitors.jpg","4713-GMC10CG300F200NTTR-ND,4713-GMC10CG300F200NTCT-ND,4713-GMC10CG300F200NTDKR-ND","GMC10CG300F200NT","Cal-Chip Electronics, Inc.","Cal-Chip Electronics, Inc.","CAP0603 COG 30PF 1% 200V","3.771","0.69","0","1","Tape & Reel (TR),Cut Tape (CT),Digi-Reel®","GMC","Active","30 pF","±1%","200V","C0G, NP0","-55°C ~ 125°C","-","-","General Purpose","-","Surface Mount, MLCC","0603 (1608 Metric)","0.063"" L x 0.031"" W (1.60mm x 0.80mm)","-","0.035"" (0.90mm)","-","-","https://www.digikey.be/en/products/detail/cal-chip-electronics-inc/GMC10CG300F200NT/24709879"
"https://www.knowlescapacitors.com/getattachment/ac79327c-78b2-4790-b841-4541dcd9a291/High-Power-RF","//mm.digikey.com/Volume0/opasdata/d220001/medias/images/2090/0603-%281608-Metric%29-Standard-MLCC.jpg","1608-1255-2-ND,1608-1255-1-ND,1608-1255-6-ND","060321500220FQTLSM","Knowles Syfer","Knowles Syfer","CAP CER 22PF 150V C0G/NP0 0603","787","0.69","0","1","Tape & Reel (TR),Cut Tape (CT),Digi-Reel®","-","Active","22 pF","±1%","150V","C0G, NP0","-55°C ~ 125°C","High Q, Low Loss, Non-Magnetic","-","General Purpose","-","Surface Mount, MLCC","0603 (1608 Metric)","0.063"" L x 0.031"" W (1.60mm x 0.80mm)","-","0.031"" (0.80mm)","-","-","https://www.digikey.be/en/products/detail/knowles-syfer/060321500220FQTLSM/6565205"
"https://www.johansondielectrics.com/search/pdf/?s=%22QSCP251Q300G1GV001T%22","//mm.digikey.com/Volume0/opasdata/d220001/medias/images/2456/Capacitor%200603%281608%29.jpg","712-QSCP251Q300G1GV001TTR-ND,712-QSCP251Q300G1GV001TCT-ND,712-QSCP251Q300G1GV001TDKR-ND","QSCP251Q300G1GV001T","Johanson Technology Inc.","Johanson Technology Inc.","CAP CER 30PF 250V C0G/NP0 0603","55.450","0.8","0","1","Tape & Reel (TR),Cut Tape (CT),Digi-Reel®","S","Active","30 pF","±2%","250V","C0G, NP0","-55°C ~ 150°C","High Q, Low Loss, Ultra Low ESR","-","RF, Microwave, High Frequency","-","Surface Mount, MLCC","0603 (1608 Metric)","0.062"" L x 0.032"" W (1.57mm x 0.81mm)","-","0.035"" (0.89mm)","-","-","https://www.digikey.be/en/products/detail/johanson-technology-inc/QSCP251Q300G1GV001T/1561618"
"https://yageogroup.com/content/datasheet/asset/file/KEM_C1003_C0G_SMD","//mm.digikey.com/Volume0/opasdata/d220001/medias/images/5352/0603-%281608-Metric%29-Ceramic-Capacitor.jpg","399-C0603C220F5GACTUTR-ND,399-C0603C220F5GACTUCT-ND,399-C0603C220F5GACTUDKR-ND","C0603C220F5GACTU","KEMET","KEMET","CAP CER 22PF 50V C0G/NP0 0603","10.274","0.81","0","1","Tape & Reel (TR),Cut Tape (CT),Digi-Reel®","SMD Comm C0G","Active","22 pF","±1%","50V","C0G, NP0","-55°C ~ 125°C","Low ESL","-","General Purpose","-","Surface Mount, MLCC","0603 (1608 Metric)","0.063"" L x 0.031"" W (1.60mm x 0.80mm)","-","0.034"" (0.87mm)","-","-","https://www.digikey.be/en/products/detail/kemet/C0603C220F5GACTU/6697178"
"https://yageogroup.com/content/datasheet/asset/file/KEM_C1003_C0G_SMD","//mm.digikey.com/Volume0/opasdata/d220001/medias/images/5352/0603-%281608-Metric%29-Ceramic-Capacitor.jpg","399-C0603C270F5GACTUTR-ND,399-C0603C270F5GACTUCT-ND,399-C0603C270F5GACTUDKR-ND","C0603C270F5GACTU","KEMET","KEMET","CAP CER 27PF 50V C0G/NP0 0603","3.887","0.81","0","1","Tape & Reel (TR),Cut Tape (CT),Digi-Reel®","SMD Comm C0G","Active","27 pF","±1%","50V","C0G, NP0","-55°C ~ 125°C","Low ESL","-","General Purpose","-","Surface Mount, MLCC","0603 (1608 Metric)","0.063"" L x 0.031"" W (1.60mm x 0.80mm)","-","0.034"" (0.87mm)","-","-","https://www.digikey.be/en/products/detail/kemet/C0603C270F5GACTU/2200356"
"https://yageogroup.com/content/datasheet/asset/file/KEM_C1003_C0G_SMD","//mm.digikey.com/Volume0/opasdata/d220001/medias/images/5352/0603-%281608-Metric%29-Ceramic-Capacitor.jpg","399-C0603C220C5GACTUTR-ND,399-C0603C220C5GACTUCT-ND,399-C0603C220C5GACTUDKR-ND","C0603C220C5GACTU","KEMET","KEMET","CAP CER 22PF 50V C0G/NP0 0603","2.520","0.81","0","1","Tape & Reel (TR),Cut Tape (CT),Digi-Reel®","SMD Comm C0G","Active","22 pF","±0.25pF","50V","C0G, NP0","-55°C ~ 125°C","Low ESL","-","General Purpose","-","Surface Mount, MLCC","0603 (1608 Metric)","0.063"" L x 0.031"" W (1.60mm x 0.80mm)","-","0.034"" (0.87mm)","-","-","https://www.digikey.be/en/products/detail/kemet/C0603C220C5GACTU/2200171"
"https://yageogroup.com/content/datasheet/asset/file/KEM_C1022_C0G_AUTO_SMD","//mm.digikey.com/Volume0/opasdata/d220001/medias/images/5352/0603-%281608-Metric%29-Ceramic-Capacitor.jpg","399-20393-2-ND,399-20393-1-ND,399-20393-6-ND","C0603C270F5GACAUTO","KEMET","KEMET","CAP CER 27PF 50V C0G/NP0 0603","15.791","0.82","0","1","Tape & Reel (TR),Cut Tape (CT),Digi-Reel®","SMD Auto C0G","Active","27 pF","±1%","50V","C0G, NP0","-55°C ~ 125°C","Low ESL","AEC-Q200","Automotive","-","Surface Mount, MLCC","0603 (1608 Metric)","0.063"" L x 0.031"" W (1.60mm x 0.80mm)","-","0.034"" (0.87mm)","-","-","https://www.digikey.be/en/products/detail/kemet/C0603C270F5GACAUTO/9924870"
"https://yageogroup.com/content/datasheet/asset/file/KEM_C1022_C0G_AUTO_SMD","//mm.digikey.com/Volume0/opasdata/d220001/medias/images/5352/0603-%281608-Metric%29-Ceramic-Capacitor.jpg","399-C0603C220F5GACAUTOTR-ND,399-C0603C220F5GACAUTOCT-ND,399-C0603C220F5GACAUTODKR-ND","C0603C220F5GACAUTO","KEMET","KEMET","CAP CER 22PF 50V C0G/NP0 0603","5.389","0.82","0","1","Tape & Reel (TR),Cut Tape (CT),Digi-Reel®","SMD Auto C0G","Active","22 pF","±1%","50V","C0G, NP0","-55°C ~ 125°C","Low ESL","AEC-Q200","Automotive","-","Surface Mount, MLCC","0603 (1608 Metric)","0.063"" L x 0.031"" W (1.60mm x 0.80mm)","-","0.034"" (0.87mm)","-","-","https://www.digikey.be/en/products/detail/kemet/C0603C220F5GACAUTO/16798146"
"https://calchip.com/wp-content/uploads/2026/04/GMC-Series-1.pdf","//mm.digikey.com/Volume0/opasdata/d220001/medias/images/5781/MFG_Cal-Chip-All-Capacitors.jpg","4713-GMC10CG270G200NTTR-ND,4713-GMC10CG270G200NTCT-ND,4713-GMC10CG270G200NTDKR-ND","GMC10CG270G200NT","Cal-Chip Electronics, Inc.","Cal-Chip Electronics, Inc.","CAP0603 COG 27PF 2% 200V","12.000","0.82","0","1","Tape & Reel (TR),Cut Tape (CT),Digi-Reel®","GMC","Active","27 pF","±2%","200V","C0G, NP0","-55°C ~ 125°C","-","-","General Purpose","-","Surface Mount, MLCC","0603 (1608 Metric)","0.063"" L x 0.031"" W (1.60mm x 0.80mm)","-","0.035"" (0.90mm)","-","-","https://www.digikey.be/en/products/detail/cal-chip-electronics-inc/GMC10CG270G200NT/24709921"
"https://www.vishay.com/docs/45258/vjhifreqseries.pdf","//mm.digikey.com/Volume0/opasdata/d220001/medias/images/2905/VJ%20SEries%2C%20HIFREQ%200603%2094mm.jpg","720-VJ0603D270FXPAJTR-ND,720-VJ0603D270FXPAJCT-ND,720-VJ0603D270FXPAJDKR-ND","VJ0603D270FXPAJ","Vishay Vitramon","Vishay Vitramon","CAP CER 27PF 250V C0G/NP0 0603","1.223","0.83","0","1","Tape & Reel (TR),Cut Tape (CT),Digi-Reel®","VJ HIFREQ","Active","27 pF","±1%","250V","C0G, NP0","-55°C ~ 125°C","High Q, Low Loss","-","RF, Microwave, High Frequency","-","Surface Mount, MLCC","0603 (1608 Metric)","0.063"" L x 0.031"" W (1.60mm x 0.80mm)","-","0.037"" (0.94mm)","-","-","https://www.digikey.be/en/products/detail/vishay-vitramon/VJ0603D270FXPAJ/5095966"
"https://yageogroup.com/content/datasheet/asset/file/KEM_C1030_CBR_SMD","//mm.digikey.com/Volume0/opasdata/d220001/medias/images/4438/MFG_CBRSeries.jpg","399-8831-2-ND,399-8831-1-ND,399-8831-6-ND","CBR06C270FAGAC","KEMET","KEMET","CAP CER 27PF 250V C0G/NP0 0603","16.965","0.85","0","1","Tape & Reel (TR),Cut Tape (CT),Digi-Reel®","CBR-SMD RF C0G","Active","27 pF","±1%","250V","C0G, NP0","-55°C ~ 125°C","High Q, Low Loss, Ultra Low ESR","-","RF, Microwave, High Frequency","-","Surface Mount, MLCC","0603 (1608 Metric)","0.063"" L x 0.031"" W (1.60mm x 0.80mm)","-","0.035"" (0.90mm)","-","-","https://www.digikey.be/en/products/detail/kemet/CBR06C270FAGAC/3479696"
"https://yageogroup.com/content/datasheet/asset/file/KEM_C1030_CBR_SMD","//mm.digikey.com/Volume0/opasdata/d220001/medias/images/4438/MFG_CBRSeries.jpg","399-8798-2-ND,399-8798-1-ND,399-8798-6-ND","CBR06C240FAGAC","KEMET","KEMET","CAP CER 24PF 250V C0G/NP0 0603","7.870","0.85","0","1","Tape & Reel (TR),Cut Tape (CT),Digi-Reel®","CBR-SMD RF C0G","Active","24 pF","±1%","250V","C0G, NP0","-55°C ~ 125°C","High Q, Low Loss, Ultra Low ESR","-","RF, Microwave, High Frequency","-","Surface Mount, MLCC","0603 (1608 Metric)","0.063"" L x 0.031"" W (1.60mm x 0.80mm)","-","0.035"" (0.90mm)","-","-","https://www.digikey.be/en/products/detail/kemet/CBR06C240FAGAC/3479667"
"https://yageogroup.com/content/datasheet/asset/file/KEM_C1030_CBR_SMD","//mm.digikey.com/Volume0/opasdata/d220001/medias/images/4438/MFG_CBRSeries.jpg","399-8794-2-ND,399-8794-1-ND,399-8794-6-ND","CBR06C300FAGAC","KEMET","KEMET","CAP CER 30PF 250V C0G/NP0 0603","7.814","0.85","0","1","Tape & Reel (TR),Cut Tape (CT),Digi-Reel®","CBR-SMD RF C0G","Active","30 pF","±1%","250V","C0G, NP0","-55°C ~ 125°C","High Q, Low Loss, Ultra Low ESR","-","RF, Microwave, High Frequency","-","Surface Mount, MLCC","0603 (1608 Metric)","0.063"" L x 0.031"" W (1.60mm x 0.80mm)","-","0.035"" (0.90mm)","-","-","https://www.digikey.be/en/products/detail/kemet/CBR06C300FAGAC/3479671"
"https://yageogroup.com/content/datasheet/asset/file/KEM_C1003_C0G_SMD","//mm.digikey.com/Volume0/opasdata/d220001/medias/images/5352/0603-%281608-Metric%29-Ceramic-Capacitor.jpg","399-C0603C270F1GACTUTR-ND,399-C0603C270F1GACTUCT-ND,399-C0603C270F1GACTUDKR-ND","C0603C270F1GACTU","KEMET","KEMET","CAP CER 27PF 100V C0G/NP0 0603","8.483","0.89","0","1","Tape & Reel (TR),Cut Tape (CT),Digi-Reel®","SMD Comm C0G","Active","27 pF","±1%","100V","C0G, NP0","-55°C ~ 125°C","Low ESL","-","General Purpose","-","Surface Mount, MLCC","0603 (1608 Metric)","0.063"" L x 0.031"" W (1.60mm x 0.80mm)","-","0.034"" (0.87mm)","-","-","https://www.digikey.be/en/products/detail/kemet/C0603C270F1GACTU/2200354"
"https://yageogroup.com/content/datasheet/asset/file/KEM_C1003_C0G_SMD","//mm.digikey.com/Volume0/opasdata/d220001/medias/images/5352/0603-%281608-Metric%29-Ceramic-Capacitor.jpg","399-C0603C220F1GACTUTR-ND,399-C0603C220F1GACTUCT-ND,399-C0603C220F1GACTUDKR-ND","C0603C220F1GACTU","KEMET","KEMET","CAP CER 22PF 100V C0G/NP0 0603","2.509","0.89","0","1","Tape & Reel (TR),Cut Tape (CT),Digi-Reel®","SMD Comm C0G","Active","22 pF","±1%","100V","C0G, NP0","-55°C ~ 125°C","Low ESL","-","General Purpose","-","Surface Mount, MLCC","0603 (1608 Metric)","0.063"" L x 0.031"" W (1.60mm x 0.80mm)","-","0.034"" (0.87mm)","-","-","https://www.digikey.be/en/products/detail/kemet/C0603C220F1GACTU/2200176"
"https://yageogroup.com/content/datasheet/asset/file/KEM_C1003_C0G_SMD","//mm.digikey.com/Volume0/opasdata/d220001/medias/images/5352/0603-%281608-Metric%29-Ceramic-Capacitor.jpg","399-C0603C220C1GACTUTR-ND,399-C0603C220C1GACTUCT-ND,399-C0603C220C1GACTUDKR-ND","C0603C220C1GACTU","KEMET","KEMET","CAP CER 22PF 100V C0G/NP0 0603","231","0.89","0","1","Tape & Reel (TR),Cut Tape (CT),Digi-Reel®","SMD Comm C0G","Active","22 pF","±0.25pF","100V","C0G, NP0","-55°C ~ 125°C","Low ESL","-","General Purpose","-","Surface Mount, MLCC","0603 (1608 Metric)","0.063"" L x 0.031"" W (1.60mm x 0.80mm)","-","0.034"" (0.87mm)","-","-","https://www.digikey.be/en/products/detail/kemet/C0603C220C1GACTU/2200170"
"https://yageogroup.com/content/datasheet/asset/file/KEM_C1003_C0G_SMD","//mm.digikey.com/Volume0/opasdata/d220001/medias/images/5352/0603-%281608-Metric%29-Ceramic-Capacitor.jpg","399-C0603C300F5GACTUTR-ND,399-C0603C300F5GACTUCT-ND,399-C0603C300F5GACTUDKR-ND","C0603C300F5GACTU","KEMET","KEMET","CAP CER 30PF 50V C0G/NP0 0603","2.167","0.92","0","1","Tape & Reel (TR),Cut Tape (CT),Digi-Reel®","SMD Comm C0G","Active","30 pF","±1%","50V","C0G, NP0","-55°C ~ 125°C","Low ESL","-","General Purpose","-","Surface Mount, MLCC","0603 (1608 Metric)","0.063"" L x 0.031"" W (1.60mm x 0.80mm)","-","0.034"" (0.87mm)","-","-","https://www.digikey.be/en/products/detail/kemet/C0603C300F5GACTU/2200460"
"https://calchip.com/wp-content/uploads/2026/04/GMC-Series-1.pdf","//mm.digikey.com/Volume0/opasdata/d220001/medias/images/5781/MFG_Cal-Chip-All-Capacitors.jpg","4713-GMC10CG220G200NTTR-ND,4713-GMC10CG220G200NTCT-ND,4713-GMC10CG220G200NTDKR-ND","GMC10CG220G200NT","Cal-Chip Electronics, Inc.","Cal-Chip Electronics, Inc.","CAP0603 COG 22PF 2% 200V","8.000","0.93","0","1","Tape & Reel (TR),Cut Tape (CT),Digi-Reel®","GMC","Active","22 pF","±2%","200V","C0G, NP0","-55°C ~ 125°C","-","-","General Purpose","-","Surface Mount, MLCC","0603 (1608 Metric)","0.063"" L x 0.031"" W (1.60mm x 0.80mm)","-","0.035"" (0.90mm)","-","-","https://www.digikey.be/en/products/detail/cal-chip-electronics-inc/GMC10CG220G200NT/24634042"
"https://calchip.com/wp-content/uploads/2026/04/GMC-Series-1.pdf","//mm.digikey.com/Volume0/opasdata/d220001/medias/images/5781/MFG_Cal-Chip-All-Capacitors.jpg","4713-GMC10CG220F200NTTR-ND,4713-GMC10CG220F200NTCT-ND,4713-GMC10CG220F200NTDKR-ND","GMC10CG220F200NT","Cal-Chip Electronics, Inc.","Cal-Chip Electronics, Inc.","CAP0603 COG 22PF 1% 200V","3.950","0.93","0","1","Tape & Reel (TR),Cut Tape (CT),Digi-Reel®","GMC","Active","22 pF","±1%","200V","C0G, NP0","-55°C ~ 125°C","-","-","General Purpose","-","Surface Mount, MLCC","0603 (1608 Metric)","0.063"" L x 0.031"" W (1.60mm x 0.80mm)","-","0.035"" (0.90mm)","-","-","https://www.digikey.be/en/products/detail/cal-chip-electronics-inc/GMC10CG220F200NT/24634088"
"https://www.knowlescapacitors.com/getmedia/092ca658-af19-46bf-82db-149c2edc538a/KNO-16806_MLCC_Catalog_FINAL2-2_1","//mm.digikey.com/Volume0/opasdata/d220001/medias/images/4845/1608_0603-%281608-Metric%29-0%2C80mm-Tan.jpg","1608-0603J1000220FCTTR-ND,1608-0603J1000220FCT-ND,1608-0603J1000220FCTDKR-ND","0603J1000220FCT","Knowles Syfer","Knowles Syfer","CAP CER 22PF 100V C0G/NP0 0603","4.000","1","0","1","Tape & Reel (TR),Cut Tape (CT),Digi-Reel®","-","Active","22 pF","±1%","100V","C0G, NP0 (1B)","-55°C ~ 125°C","-","-","General Purpose","-","Surface Mount, MLCC","0603 (1608 Metric)","0.063"" L x 0.031"" W (1.60mm x 0.80mm)","-","0.031"" (0.80mm)","-","-","https://www.digikey.be/en/products/detail/knowles-syfer/0603J1000220FCT/6287647"
"https://www.johansondielectrics.com/search/pdf/?s=%22QSCP251Q270F1GV001T%22","//mm.digikey.com/Volume0/opasdata/d220001/medias/images/2456/Capacitor%200603%281608%29.jpg","712-QSCP251Q270F1GV001TTR-ND,712-QSCP251Q270F1GV001TCT-ND,712-QSCP251Q270F1GV001TDKR-ND","QSCP251Q270F1GV001T","Johanson Technology Inc.","Johanson Technology Inc.","CAP CER 27PF 250V NP0 0603","3.798","1.01","0","1","Tape & Reel (TR),Cut Tape (CT),Digi-Reel®","S","Active","27 pF","±1%","250V","C0G, NP0","-55°C ~ 150°C","High Q, Low Loss, Ultra Low ESR","-","RF, Microwave, High Frequency","-","Surface Mount, MLCC","0603 (1608 Metric)","0.062"" L x 0.032"" W (1.57mm x 0.81mm)","-","0.035"" (0.89mm)","-","-","https://www.digikey.be/en/products/detail/johanson-technology-inc/QSCP251Q270F1GV001T/1919356"
"https://www.knowlescapacitors.com/getmedia/092ca658-af19-46bf-82db-149c2edc538a/KNO-16806_MLCC_Catalog_FINAL2-2_1","//mm.digikey.com/Volume0/opasdata/d220001/medias/images/4845/1608_0603-%281608-Metric%29-0%2C80mm-Tan.jpg","1608-0603J1000270FCTTR-ND,1608-0603J1000270FCT-ND,1608-0603J1000270FCTDKR-ND","0603J1000270FCT","Knowles Syfer","Knowles Syfer","CAP CER 27PF 100V C0G/NP0 0603","3.500","1.01","0","1","Tape & Reel (TR),Cut Tape (CT),Digi-Reel®","-","Active","27 pF","±1%","100V","C0G, NP0 (1B)","-55°C ~ 125°C","-","-","General Purpose","-","Surface Mount, MLCC","0603 (1608 Metric)","0.063"" L x 0.031"" W (1.60mm x 0.80mm)","-","0.031"" (0.80mm)","-","-","https://www.digikey.be/en/products/detail/knowles-syfer/0603J1000270FCT/6287733"
"https://yageogroup.com/content/datasheet/asset/file/KEM_C1003_C0G_SMD","//mm.digikey.com/Volume0/opasdata/d220001/medias/images/5352/0603-%281608-Metric%29-Ceramic-Capacitor.jpg","399-C0603C300F1GACTUTR-ND,399-C0603C300F1GACTUCT-ND,399-C0603C300F1GACTUDKR-ND","C0603C300F1GACTU","KEMET","KEMET","CAP CER 30PF 100V C0G/NP0 0603","3.507","1.02","0","1","Tape & Reel (TR),Cut Tape (CT),Digi-Reel®","SMD Comm C0G","Active","30 pF","±1%","100V","C0G, NP0","-55°C ~ 125°C","Low ESL","-","General Purpose","-","Surface Mount, MLCC","0603 (1608 Metric)","0.063"" L x 0.031"" W (1.60mm x 0.80mm)","-","0.034"" (0.87mm)","-","-","https://www.digikey.be/en/products/detail/kemet/C0603C300F1GACTU/2200458"
"https://datasheets.kyocera-avx.com/600S.pdf","//mm.digikey.com/Volume0/opasdata/d220001/medias/images/7228/MFG_478_600S_0603-%281608-Metric%29.jpg","1284-1368-2-ND,1284-1368-1-ND,1284-1368-6-ND","600S240GT250XT","KYOCERA AVX","KYOCERA AVX","CAP CER 24PF 250V C0G/NP0 0603","1.051","1.45","0","1","Tape & Reel (TR),Cut Tape (CT),Digi-Reel®","600S","Active","24 pF","±2%","250V","C0G, NP0","-55°C ~ 125°C","High Q, Low Loss, Ultra Low ESR","-","RF, Microwave, High Frequency, Bypass, Decoupling","-","Surface Mount, MLCC","0603 (1608 Metric)","0.063"" L x 0.032"" W (1.60mm x 0.81mm)","-","0.035"" (0.89mm)","-","-","https://www.digikey.be/en/products/detail/kyocera-avx/600S240GT250XT/3909017"
"https://datasheets.kyocera-avx.com/600S.pdf","//mm.digikey.com/Volume0/opasdata/d220001/medias/images/7228/MFG_478_600S_0603-%281608-Metric%29.jpg","1284-1369-2-ND,1284-1369-1-ND,1284-1369-6-ND","600S270GT250XT","KYOCERA AVX","KYOCERA AVX","CAP CER 27PF 250V C0G/NP0 0603","9.873","1.46","0","1","Tape & Reel (TR),Cut Tape (CT),Digi-Reel®","600S","Active","27 pF","±2%","250V","C0G, NP0","-55°C ~ 125°C","High Q, Low Loss, Ultra Low ESR","-","RF, Microwave, High Frequency, Bypass, Decoupling","-","Surface Mount, MLCC","0603 (1608 Metric)","0.063"" L x 0.032"" W (1.60mm x 0.81mm)","-","0.035"" (0.89mm)","-","-","https://www.digikey.be/en/products/detail/kyocera-avx/600S270GT250XT/3909020"
"https://datasheets.kyocera-avx.com/600S.pdf","//mm.digikey.com/Volume0/opasdata/d220001/medias/images/7228/MFG_478_600S_0603-%281608-Metric%29.jpg","1284-1370-2-ND,1284-1370-1-ND,1284-1370-6-ND","600S300GT250XT","KYOCERA AVX","KYOCERA AVX","CAP CER 30PF 250V C0G/NP0 0603","4.020","1.46","0","1","Tape & Reel (TR),Cut Tape (CT),Digi-Reel®","600S","Active","30 pF","±2%","250V","C0G, NP0","-55°C ~ 125°C","High Q, Low Loss, Ultra Low ESR","-","RF, Microwave, High Frequency, Bypass, Decoupling","-","Surface Mount, MLCC","0603 (1608 Metric)","0.063"" L x 0.032"" W (1.60mm x 0.81mm)","-","0.035"" (0.89mm)","-","-","https://www.digikey.be/en/products/detail/kyocera-avx/600S300GT250XT/3909032"
"https://datasheets.kyocera-avx.com/600S.pdf","//mm.digikey.com/Volume0/opasdata/d220001/medias/images/7228/MFG_478_600S_0603-%281608-Metric%29.jpg","478-600S220GT250XT4KTR-ND,478-600S220GT250XT4KCT-ND,478-600S220GT250XT4KDKR-ND","600S220GT250XT4K","KYOCERA AVX","KYOCERA AVX","CAP CER 22PF 250V C0G/NP0 0603","5.432","1.47","0","1","Tape & Reel (TR),Cut Tape (CT),Digi-Reel®","600S","Active","22 pF","±2%","250V","C0G, NP0","-55°C ~ 125°C","High Q, Low Loss, Ultra Low ESR","-","RF, Microwave, High Frequency, Bypass, Decoupling","-","Surface Mount, MLCC","0603 (1608 Metric)","0.063"" L x 0.032"" W (1.60mm x 0.81mm)","-","0.035"" (0.89mm)","-","-","https://www.digikey.be/en/products/detail/kyocera-avx/600S220GT250XT4K/3905210"
"https://yageogroup.com/content/datasheet/asset/file/KEM_C1030_CBR_SMD","//mm.digikey.com/Volume0/opasdata/d220001/medias/images/4438/MFG_CBRSeries.jpg","399-8800-2-ND,399-8800-1-ND,399-8800-6-ND","CBR06C220FAGAC","KEMET","KEMET","CAP CER 22PF 250V C0G/NP0 0603","0","1.48","0","1","Tape & Reel (TR),Cut Tape (CT),Digi-Reel®","CBR-SMD RF C0G","Active","22 pF","±1%","250V","C0G, NP0","-55°C ~ 125°C","High Q, Low Loss, Ultra Low ESR","-","RF, Microwave, High Frequency","-","Surface Mount, MLCC","0603 (1608 Metric)","0.063"" L x 0.031"" W (1.60mm x 0.80mm)","-","0.035"" (0.90mm)","-","-","https://www.digikey.be/en/products/detail/kemet/CBR06C220FAGAC/3479665"
"https://datasheets.kyocera-avx.com/600S.pdf","//mm.digikey.com/Volume0/opasdata/d220001/medias/images/7228/MFG_478_600S_0603-%281608-Metric%29.jpg","478-600S300FT250XT4KTR-ND,478-600S300FT250XT4KCT-ND,478-600S300FT250XT4KDKR-ND","600S300FT250XT4K","KYOCERA AVX","KYOCERA AVX","CAP CER 30PF 250V C0G/NP0 0603","3.646","2.01","0","1","Tape & Reel (TR),Cut Tape (CT),Digi-Reel®","600S","Active","30 pF","±1%","250V","C0G, NP0","-55°C ~ 125°C","High Q, Low Loss, Ultra Low ESR","-","RF, Microwave, High Frequency, Bypass, Decoupling","-","Surface Mount, MLCC","0603 (1608 Metric)","0.063"" L x 0.032"" W (1.60mm x 0.81mm)","-","0.035"" (0.89mm)","-","-","https://www.digikey.be/en/products/detail/kyocera-avx/600S300FT250XT4K/3905218"
"https://datasheets.kyocera-avx.com/600S.pdf","//mm.digikey.com/Volume0/opasdata/d220001/medias/images/7228/MFG_478_600S_0603-%281608-Metric%29.jpg","478-600S270FT250XT4KTR-ND,478-600S270FT250XT4KCT-ND,478-600S270FT250XT4KDKR-ND","600S270FT250XT4K","KYOCERA AVX","KYOCERA AVX","CAP CER 27PF 250V C0G/NP0 0603","6.555","2.1","0","1","Tape & Reel (TR),Cut Tape (CT),Digi-Reel®","600S","Active","27 pF","±1%","250V","C0G, NP0","-55°C ~ 125°C","High Q, Low Loss, Ultra Low ESR","-","RF, Microwave, High Frequency, Bypass, Decoupling","-","Surface Mount, MLCC","0603 (1608 Metric)","0.063"" L x 0.032"" W (1.60mm x 0.81mm)","-","0.035"" (0.89mm)","-","-","https://www.digikey.be/en/products/detail/kyocera-avx/600S270FT250XT4K/3905212"
"https://datasheets.kyocera-avx.com/600S.pdf","//mm.digikey.com/Volume0/opasdata/d220001/medias/images/7228/MFG_478_600S_0603-%281608-Metric%29.jpg","478-600S240FT250XTTR-ND,478-600S240FT250XTCT-ND,478-600S240FT250XTDKR-ND","600S240FT250XT","KYOCERA AVX","KYOCERA AVX","CAP CER 24PF 250V C0G/NP0 0603","1.556","2.11","0","1","Tape & Reel (TR),Cut Tape (CT),Digi-Reel®","600S","Active","24 pF","±1%","250V","C0G, NP0","-55°C ~ 125°C","High Q, Low Loss, Ultra Low ESR","-","RF, Microwave, High Frequency, Bypass, Decoupling","-","Surface Mount, MLCC","0603 (1608 Metric)","0.063"" L x 0.032"" W (1.60mm x 0.81mm)","-","0.035"" (0.89mm)","-","-","https://www.digikey.be/en/products/detail/kyocera-avx/600S240FT250XT/3905211"
"https://passiveplus.com/products/fixed-capacitors/hi-q-low-esr-capacitors/","//mm.digikey.com/Volume0/opasdata/d220001/medias/images/2756/MFG_0603N.jpg","4363-0603N270FW251TR-ND,4363-0603N270FW251CT-ND,4363-0603N270FW251DKR-ND","0603N270FW251","Passive Plus","Passive Plus","CAP CER 27PF 250V C0G/NP0 0603","1.240","2.12","0","1","Tape & Reel (TR),Cut Tape (CT),Digi-Reel®","0603N","Active","27 pF","±1%","250V","C0G, NP0","-55°C ~ 175°C","High Q, Low Loss, Low ESL","-","RF, Microwave, High Frequency, Bypass, Decoupling","-","Surface Mount, MLCC","0603 (1608 Metric)","0.062"" L x 0.032"" W (1.57mm x 0.81mm)","-","0.038"" (0.96mm)","-","-","https://www.digikey.be/en/products/detail/passive-plus/0603N270FW251/16687518"
"https://datasheets.kyocera-avx.com/600S.pdf","//mm.digikey.com/Volume0/opasdata/d220001/medias/images/7228/MFG_478_600S_0603-%281608-Metric%29.jpg","478-600S220FT250XT4KTR-ND,478-600S220FT250XT4KCT-ND,478-600S220FT250XT4KDKR-ND","600S220FT250XT4K","KYOCERA AVX","KYOCERA AVX","CAP CER 22PF 250V C0G/NP0 0603","2.824","2.17","0","1","Tape & Reel (TR),Cut Tape (CT),Digi-Reel®","600S","Active","22 pF","±1%","250V","C0G, NP0","-55°C ~ 125°C","High Q, Low Loss, Ultra Low ESR","-","RF, Microwave, High Frequency, Bypass, Decoupling","-","Surface Mount, MLCC","0603 (1608 Metric)","0.063"" L x 0.032"" W (1.60mm x 0.81mm)","-","0.035"" (0.89mm)","-","-","https://www.digikey.be/en/products/detail/kyocera-avx/600S220FT250XT4K/3905024"
"//mm.digikey.com/Volume0/opasdata/d220001/medias/docus/2118/MLC_SLC_Cap_Cat.pdf","//mm.digikey.com/Volume0/opasdata/d220001/medias/images/6154/MFG_C06CF0R4B-9ZN-X0T.jpg","1761-C06CF240F-9ZN-X0TTR-ND,1761-C06CF240F-9ZN-X0TCT-ND,1761-C06CF240F-9ZN-X0TDKR-ND","C06CF240F-9ZN-X0T","Knowles Dielectric Labs","Knowles Dielectric Labs","HIGH-Q MLCC (CF): 0603, 24 PF (1","4.000","2.31766","0","4000","Tape & Reel (TR),Cut Tape (CT),Digi-Reel®","CF","Active","24 pF","±1%","250V","C0G, NP0","-55°C ~ 125°C","High Q, Low Loss","-","RF, Microwave, High Frequency","-","Surface Mount, MLCC","0603 (1608 Metric)","0.060"" L x 0.030"" W (1.52mm x 0.76mm)","-","0.031"" (0.80mm)","-","-","https://www.digikey.be/en/products/detail/knowles-dielectric-labs/C06CF240F-9ZN-X0T/19204254"
"//mm.digikey.com/Volume0/opasdata/d220001/medias/docus/2118/MLC_SLC_Cap_Cat.pdf","//mm.digikey.com/Volume0/opasdata/d220001/medias/images/6154/MFG_C06CF0R4B-9ZN-X0T.jpg","1761-C06CF270F-9ZN-X0TTR-ND,1761-C06CF270F-9ZN-X0TCT-ND,1761-C06CF270F-9ZN-X0TDKR-ND","C06CF270F-9ZN-X0T","Knowles Dielectric Labs","Knowles Dielectric Labs","HIGH-Q MLCC (CF): 0603, 27 PF (1","2.700","5.01","0","1","Tape & Reel (TR),Cut Tape (CT),Digi-Reel®","CF","Active","27 pF","±1%","250V","C0G, NP0","-55°C ~ 125°C","High Q, Low Loss","-","RF, Microwave, High Frequency","-","Surface Mount, MLCC","0603 (1608 Metric)","0.060"" L x 0.030"" W (1.52mm x 0.76mm)","-","0.031"" (0.80mm)","-","-","https://www.digikey.be/en/products/detail/knowles-dielectric-labs/C06CF270F-9ZN-X0T/19204124"
