Datasheet,Image,DK Part #,Mfr Part #,Mfr,Supplier,Description,Stock,Price,@ qty,Min Qty, Package,Series,Product Status,"Resistance","Tolerance","Power (Watts)","Composition","Features","Temperature Coefficient","Operating Temperature","Package / Case","Supplier Device Package","Size / Dimension","Height - Seated (Max)","Number of Terminations","Failure Rate","Ratings","URL"
"https://www.ohmite.com/assets/images/res-tdh35.pdf","//mm.digikey.com/Volume0/opasdata/d220001/medias/images/12/TDH35P250RJE.JPG","TDH35P1K00JE-ND","TDH35P1K00JE","Ohmite","Ohmite","RES SMD 1K OHM 5% 35W D2PAK","223","14.25","0","1","Bulk","TDH35","Active","1 kOhms","±5%","35W","Thick Film","Moisture Resistant","±50ppm/°C","-55°C ~ 150°C","TO-263-3, D2PAK (2 Leads + Tab), TO-263AB","TO-263 (D2PAK)","0.398"" L x 0.378"" W (10.10mm x 9.60mm)","0.185"" (4.70mm)","2","-","-","https://www.digikey.be/en/products/detail/ohmite/TDH35P1K00JE/824402"
"https://www.vishay.com/docs/52023/chp.pdf","-","716-CHP2512L1001JNTCTR-ND","CHP2512L1001JNTC","Vishay Sfernice","Vishay Sfernice","CHP 2512 200PPM 1K 5% N TR500 E2","0","6.9738","0","100","Tape & Reel (TR)","CHP","Active","1 kOhms","±5%","2W","Thick Film","Moisture Resistant","±200ppm/°C","-55°C ~ 155°C","2512 (6432 Metric)","2512","0.248"" L x 0.130"" W (6.30mm x 3.30mm)","0.025"" (0.63mm)","2","-","-","https://www.digikey.be/en/products/detail/vishay-sfernice/CHP2512L1001JNTC/29264859"
"https://www.vishay.com/docs/61023/bcr.pdf","//mm.digikey.com/Volume0/opasdata/d220001/medias/images/6356/MFG_BCR.jpg","909-BCR10000JKAKWS-ND","BCR10000JKAKWS","Vishay Electro-Films","Vishay Electro-Films","BCR 5% +/-100PPM WS","0","6.47112","0","250","Tray","BCR","Active","1 kOhms","±5%","0.25W, 1/4W","Thin Film","Bonding Mountable, Moisture Resistant","±100ppm/°C","-55°C ~ 125°C","0202 (0505 Metric)","0202","0.020"" L x 0.020"" W (0.50mm x 0.50mm)","0.012"" (0.30mm)","2","-","-","https://www.digikey.be/en/products/detail/vishay-electro-films/BCR10000JKAKWS/24706538"
"https://www.vishay.com/docs/61017/sfm.pdf","//mm.digikey.com/Volume0/opasdata/d220001/medias/images/2581/SFM%20Series.jpg","909-SFM10000JCANKWS-ND","SFM10000JCANKWS","Vishay Electro-Films","Vishay Electro-Films","SFM 5% 50PPM WS","0","6.2048","0","250","Tray","SFM","Active","1 kOhms","±5%","0.25W, 1/4W","Thin Film","Bonding Mountable, Moisture Resistant","±50ppm/°C","-55°C ~ 150°C","0202 (0505 Metric)","0202","0.020"" L x 0.020"" W (0.50mm x 0.50mm)","0.012"" (0.30mm)","2","-","-","https://www.digikey.be/en/products/detail/vishay-electro-films/SFM10000JCANKWS/24704064"
"https://www.vishay.com/docs/61023/bcr.pdf","//mm.digikey.com/Volume0/opasdata/d220001/medias/images/6356/MFG_BCR.jpg","909-BCR10000JRGHWS-ND","BCR10000JRGHWS","Vishay Electro-Films","Vishay Electro-Films","BCR 5% +0/-250PPM WS","0","6.01268","0","250","Tray","BCR","Active","1 kOhms","±5%","0.25W, 1/4W","Thin Film","Bonding Mountable, Moisture Resistant","0/ -250ppm/°C","-55°C ~ 125°C","0202 (0505 Metric)","0202","0.020"" L x 0.020"" W (0.50mm x 0.50mm)","0.012"" (0.30mm)","2","-","-","https://www.digikey.be/en/products/detail/vishay-electro-films/BCR10000JRGHWS/24705573"
"https://www.ohmite.com/assets/images/res-tfss.pdf","//mm.digikey.com/Volume0/opasdata/d220001/medias/images/4100/MFG_TFSSCxxEseries.jpg","273-TFSSF1K00JETR-ND","TFSSF1K00JE","Ohmite","Ohmite","RES 1K OHM 5% 2W SMD","0","5.9792","0","500","Tape & Reel (TR)","TFSS","Active","1 kOhms","±5%","2W","Thick Film","Non-Inductive, Pulse Withstanding","±100ppm/°C","-40°C ~ 155°C","Nonstandard","-","1.024"" L x 0.413"" W (26.00mm x 10.50mm)","0.035"" (0.90mm)","2","-","-","https://www.digikey.be/en/products/detail/ohmite/TFSSF1K00JE/17038661"
"https://www.vishay.com/docs/51058/d2to35.pdf","//mm.digikey.com/Volume0/opasdata/d220001/medias/images/7424/MFG_716%7ETO263%28D2PAK%29%7E%7E2.jpg","716-D2TO035C10000JRE3TR-ND,716-D2TO035C10000JRE3CT-ND,716-D2TO035C10000JRE3DKR-ND","D2TO035C10000JRE3","Vishay Sfernice","Vishay Sfernice","RES SMD TO263","490","5.12","0","1","Tape & Reel (TR),Cut Tape (CT),Digi-Reel®","D2TO35","Active","1 kOhms","±5%","35W","Thick Film","Automotive AEC-Q200, Moisture Resistant, Non-Inductive","±150ppm/°C","-55°C ~ 175°C","TO-263-3, D2PAK (2 Leads + Tab), TO-263AB","TO-263 (D2PAK)","0.398"" L x 0.346"" W (10.10mm x 8.80mm)","0.189"" (4.80mm)","2","-","-","https://www.digikey.be/en/products/detail/vishay-sfernice/D2TO035C10000JRE3/10742930"
"https://www.vishay.com/docs/61023/bcr.pdf","//mm.digikey.com/Volume0/opasdata/d220001/medias/images/6356/MFG_BCR.jpg","909-BCR10000JKAHWS-ND","BCR10000JKAHWS","Vishay Electro-Films","Vishay Electro-Films","BCR 5% +/-100PPM WS","0","5.07824","0","250","Tray","BCR","Active","1 kOhms","±5%","0.25W, 1/4W","Thin Film","Bonding Mountable, Moisture Resistant","±100ppm/°C","-55°C ~ 125°C","0202 (0505 Metric)","0202","0.020"" L x 0.020"" W (0.50mm x 0.50mm)","0.012"" (0.30mm)","2","-","-","https://www.digikey.be/en/products/detail/vishay-electro-films/BCR10000JKAHWS/24704346"
"https://www.vishay.com/docs/61023/bcr.pdf","//mm.digikey.com/Volume0/opasdata/d220001/medias/images/6356/MFG_BCR.jpg","909-BCR10000JRAHWS-ND","BCR10000JRAHWS","Vishay Electro-Films","Vishay Electro-Films","BCR 5% +0/-250PPM WS","0","5.07824","0","250","Tray","BCR","Active","1 kOhms","±5%","0.25W, 1/4W","Thin Film","Bonding Mountable, Moisture Resistant","0/ -250ppm/°C","-55°C ~ 125°C","0202 (0505 Metric)","0202","0.020"" L x 0.020"" W (0.50mm x 0.50mm)","0.012"" (0.30mm)","2","-","-","https://www.digikey.be/en/products/detail/vishay-electro-films/BCR10000JRAHWS/24705430"
"https://www.vishay.com/docs/61023/bcr.pdf","//mm.digikey.com/Volume0/opasdata/d220001/medias/images/6356/MFG_BCR.jpg","909-BCR10000JMGHWS-ND","BCR10000JMGHWS","Vishay Electro-Films","Vishay Electro-Films","BCR 5% +/-250PPM WS","0","5.07824","0","250","Tray","BCR","Active","1 kOhms","±5%","0.25W, 1/4W","Thin Film","Bonding Mountable, Moisture Resistant","±250ppm/°C","-55°C ~ 125°C","0202 (0505 Metric)","0202","0.020"" L x 0.020"" W (0.50mm x 0.50mm)","0.012"" (0.30mm)","2","-","-","https://www.digikey.be/en/products/detail/vishay-electro-films/BCR10000JMGHWS/24707071"
"https://www.vishay.com/docs/61017/sfm.pdf","//mm.digikey.com/Volume0/opasdata/d220001/medias/images/2581/SFM%20Series.jpg","909-SFM10000JKGNKWS-ND","SFM10000JKGNKWS","Vishay Electro-Films","Vishay Electro-Films","SFM 5% 100PPM WS","0","5.0566","0","250","Tray","SFM","Active","1 kOhms","±5%","0.25W, 1/4W","Thin Film","Bonding Mountable, Moisture Resistant","±100ppm/°C","-55°C ~ 150°C","0202 (0505 Metric)","0202","0.020"" L x 0.020"" W (0.50mm x 0.50mm)","0.012"" (0.30mm)","2","-","-","https://www.digikey.be/en/products/detail/vishay-electro-films/SFM10000JKGNKWS/24705166"
"https://www.vishay.com/docs/51078/dto35.pdf","//mm.digikey.com/Volume0/opasdata/d220001/medias/images/7547/MFG_716%7ETO252%28DPAK%29%7E%7E2.jpg","716-DTO035C10000JRE3TR-ND,716-DTO035C10000JRE3CT-ND,716-DTO035C10000JRE3DKR-ND","DTO035C10000JRE3","Vishay Sfernice","Vishay Sfernice","DTO 35 C 1K 5% R500 E3","390","5.03","0","1","Tape & Reel (TR),Cut Tape (CT),Digi-Reel®","DTO35","Active","1 kOhms","±5%","35W","Thick Film","Automotive AEC-Q200, Non-Inductive","±150ppm/°C","-55°C ~ 175°C","TO-252-3, DPAK (2 Leads + Tab), SC-63","TO-252 (DPAK)","0.323"" L x 0.287"" W (8.20mm x 7.30mm)","0.122"" (3.10mm)","2","-","-","https://www.digikey.be/en/products/detail/vishay-sfernice/DTO035C10000JRE3/26488178"
"https://www.ohmite.com/assets/images/res-tfss.pdf","//mm.digikey.com/Volume0/opasdata/d220001/medias/images/4100/MFG_TFSSCxxEseries.jpg","273-TFSSE1K00JETR-ND","TFSSE1K00JE","Ohmite","Ohmite","RES 1K OHM 5% 1.5W SMD","0","4.9827","0","500","Tape & Reel (TR)","TFSS","Active","1 kOhms","±5%","1.5W","Thick Film","Non-Inductive, Pulse Withstanding","±100ppm/°C","-40°C ~ 155°C","Nonstandard","-","0.827"" L x 0.413"" W (21.00mm x 10.50mm)","0.035"" (0.90mm)","2","-","-","https://www.digikey.be/en/products/detail/ohmite/TFSSE1K00JE/17038283"
"https://www.vishay.com/docs/61017/sfm.pdf","//mm.digikey.com/Volume0/opasdata/d220001/medias/images/2581/SFM%20Series.jpg","909-SFM10000JCANHWS-ND","SFM10000JCANHWS","Vishay Electro-Films","Vishay Electro-Films","SFM 5% 50PPM WS","0","4.87276","0","250","Tray","SFM","Active","1 kOhms","±5%","0.25W, 1/4W","Thin Film","Bonding Mountable, Moisture Resistant","±50ppm/°C","-55°C ~ 150°C","0202 (0505 Metric)","0202","0.020"" L x 0.020"" W (0.50mm x 0.50mm)","0.012"" (0.30mm)","2","-","-","https://www.digikey.be/en/products/detail/vishay-electro-films/SFM10000JCANHWS/24704065"
"https://www.vishay.com/docs/61017/sfm.pdf","//mm.digikey.com/Volume0/opasdata/d220001/medias/images/2581/SFM%20Series.jpg","909-SFM10000JYANHWS-ND","SFM10000JYANHWS","Vishay Electro-Films","Vishay Electro-Films","SFM 5% +25/-100PPM WS","0","4.87276","0","250","Tray","SFM","Active","1 kOhms","±5%","0.25W, 1/4W","Thin Film","Bonding Mountable, Moisture Resistant","-","-55°C ~ 150°C","0202 (0505 Metric)","0202","0.020"" L x 0.020"" W (0.50mm x 0.50mm)","0.012"" (0.30mm)","2","-","-","https://www.digikey.be/en/products/detail/vishay-electro-films/SFM10000JYANHWS/24705617"
"https://www.bourns.com/docs/Product-Datasheets/PWR163.pdf","//mm.digikey.com/Volume0/opasdata/d220001/medias/images/6330/118%7EDPAK%7E%7E2.jpg","PWR163S-25-1001J-ND","PWR163S-25-1001J","Bourns Inc.","Bourns Inc.","RES SMD 1K OHM 5% 25W DPAK","2.730","4.67","0","1","Tube","PWR163","Active","1 kOhms","±5%","25W","Thick Film","Automotive AEC-Q200, Current Sense, Pulse Withstanding","±100ppm/°C","-55°C ~ 155°C","Non-Standard DPAK","DPAK Style","0.320"" L x 0.324"" W (8.13mm x 8.22mm)","0.125"" (3.17mm)","2","-","-","https://www.digikey.be/en/products/detail/bourns-inc/PWR163S-25-1001J/2416250"
"https://www.vishay.com/docs/31098/rcp.pdf","//mm.digikey.com/Volume0/opasdata/d220001/medias/images/1203/RCP0505B.jpg","RCP0505B1K00JET-ND","RCP0505B1K00JET","Vishay Dale","Vishay Dale","RES SMD 1K OHM 5% 1.4W 0505","0","4.6405","0","100","Tray","RCP","Active","1 kOhms","±5%","1.4W","Thick Film","Moisture Resistant","±150ppm/°C","-65°C ~ 155°C","0505 (1412 Metric)","0505","0.055"" L x 0.050"" W (1.40mm x 1.27mm)","0.025"" (0.64mm)","2","-","-","https://www.digikey.be/en/products/detail/vishay-dale/RCP0505B1K00JET/5788903"
"https://www.vishay.com/docs/31098/rcp.pdf","//mm.digikey.com/Volume0/opasdata/d220001/medias/images/1146/RCP0505W.jpg","RCP0505W1K00JET-ND","RCP0505W1K00JET","Vishay Dale","Vishay Dale","RES SMD 1K OHM 5% 1.4W 0505","0","4.6405","0","100","Tray","RCP","Active","1 kOhms","±5%","1.4W","Thick Film","Moisture Resistant","±150ppm/°C","-65°C ~ 155°C","0505 (1412 Metric)","0505","0.055"" L x 0.050"" W (1.40mm x 1.27mm)","0.025"" (0.64mm)","2","-","-","https://www.digikey.be/en/products/detail/vishay-dale/RCP0505W1K00JET/5789983"
"https://www.vishay.com/docs/31098/rcp.pdf","//mm.digikey.com/Volume0/opasdata/d220001/medias/images/926/RCP0603B.jpg","RCP0603B1K00JET-ND","RCP0603B1K00JET","Vishay Dale","Vishay Dale","RES SMD 1K OHM 5% 1.5W 0603","0","4.6405","0","100","Tray","RCP","Active","1 kOhms","±5%","1.5W","Thick Film","Moisture Resistant","±150ppm/°C","-65°C ~ 155°C","0603 (1608 Metric)","0603","0.063"" L x 0.032"" W (1.60mm x 0.81mm)","0.023"" (0.58mm)","2","-","-","https://www.digikey.be/en/products/detail/vishay-dale/RCP0603B1K00JET/5791063"
"https://www.vishay.com/docs/31098/rcp.pdf","//mm.digikey.com/Volume0/opasdata/d220001/medias/images/1262/RCP0603W.jpg","RCP0603W1K00JET-ND","RCP0603W1K00JET","Vishay Dale","Vishay Dale","RES SMD 1K OHM 5% 1.5W 0603","0","4.6405","0","100","Tray","RCP","Active","1 kOhms","±5%","1.5W","Thick Film","Moisture Resistant","±150ppm/°C","-65°C ~ 155°C","0603 (1608 Metric)","0603","0.063"" L x 0.032"" W (1.60mm x 0.81mm)","0.023"" (0.58mm)","2","-","-","https://www.digikey.be/en/products/detail/vishay-dale/RCP0603W1K00JET/5792143"
"https://www.vishay.com/docs/31098/rcp.pdf","//mm.digikey.com/Volume0/opasdata/d220001/medias/images/1883/RCP1206B.jpg","RCP1206B1K00JET-ND","RCP1206B1K00JET","Vishay Dale","Vishay Dale","RES SMD 1K OHM 5% 2.4W 1206","0","4.6405","0","100","Tray","RCP","Active","1 kOhms","±5%","2.4W","Thick Film","Moisture Resistant","±150ppm/°C","-65°C ~ 155°C","1206 (3216 Metric)","1206","0.122"" L x 0.060"" W (3.10mm x 1.52mm)","0.025"" (0.64mm)","2","-","-","https://www.digikey.be/en/products/detail/vishay-dale/RCP1206B1K00JET/5793223"
"https://www.vishay.com/docs/31098/rcp.pdf","//mm.digikey.com/Volume0/opasdata/d220001/medias/images/1174/RCP1206W.jpg","RCP1206W1K00JET-ND","RCP1206W1K00JET","Vishay Dale","Vishay Dale","RES SMD 1K OHM 5% 2.4W 1206","0","4.6405","0","100","Tray","RCP","Active","1 kOhms","±5%","2.4W","Thick Film","Moisture Resistant","±150ppm/°C","-65°C ~ 155°C","1206 (3216 Metric)","1206","0.122"" L x 0.060"" W (3.10mm x 1.52mm)","0.025"" (0.64mm)","2","-","-","https://www.digikey.be/en/products/detail/vishay-dale/RCP1206W1K00JET/5794302"
"https://www.vishay.com/docs/31098/rcp.pdf","//mm.digikey.com/Volume0/opasdata/d220001/medias/images/1890/RCP2512B.jpg","RCP2512B1K00JET-ND","RCP2512B1K00JET","Vishay Dale","Vishay Dale","RES SMD 1K OHM 5% 3.5W 2512","0","4.6405","0","100","Tray","RCP","Active","1 kOhms","±5%","3.5W","Thick Film","Moisture Resistant","±150ppm/°C","-65°C ~ 155°C","2512 (6332 Metric)","2512","0.250"" L x 0.124"" W (6.35mm x 3.15mm)","0.025"" (0.64mm)","2","-","-","https://www.digikey.be/en/products/detail/vishay-dale/RCP2512B1K00JET/5795381"
"https://www.vishay.com/docs/31098/rcp.pdf","//mm.digikey.com/Volume0/opasdata/d220001/medias/images/710/RCP2512W.jpg","RCP2512W1K00JET-ND","RCP2512W1K00JET","Vishay Dale","Vishay Dale","RES SMD 1K OHM 5% 3.5W 2512","0","4.6405","0","100","Tray","RCP","Active","1 kOhms","±5%","3.5W","Thick Film","Moisture Resistant","±150ppm/°C","-65°C ~ 155°C","2512 (6332 Metric)","2512","0.250"" L x 0.124"" W (6.35mm x 3.15mm)","0.025"" (0.64mm)","2","-","-","https://www.digikey.be/en/products/detail/vishay-dale/RCP2512W1K00JET/5796461"
"https://www.vishay.com/docs/31098/rcp.pdf","//mm.digikey.com/Volume0/opasdata/d220001/medias/images/1203/RCP0505B.jpg","RCP0505B1K00JED-ND","RCP0505B1K00JED","Vishay Dale","Vishay Dale","RES SMD 1K OHM 5% 1.4W 0505","0","4.3212","0","300","Tape & Reel (TR)","RCP","Active","1 kOhms","±5%","1.4W","Thick Film","Moisture Resistant","±150ppm/°C","-65°C ~ 155°C","0505 (1412 Metric)","0505","0.055"" L x 0.050"" W (1.40mm x 1.27mm)","0.025"" (0.64mm)","2","-","-","https://www.digikey.be/en/products/detail/vishay-dale/RCP0505B1K00JED/5788902"
"https://www.vishay.com/docs/31098/rcp.pdf","//mm.digikey.com/Volume0/opasdata/d220001/medias/images/1146/RCP0505W.jpg","RCP0505W1K00JED-ND","RCP0505W1K00JED","Vishay Dale","Vishay Dale","RES SMD 1K OHM 5% 1.4W 0505","0","4.3212","0","300","Tape & Reel (TR)","RCP","Active","1 kOhms","±5%","1.4W","Thick Film","Moisture Resistant","±150ppm/°C","-65°C ~ 155°C","0505 (1412 Metric)","0505","0.055"" L x 0.050"" W (1.40mm x 1.27mm)","0.025"" (0.64mm)","2","-","-","https://www.digikey.be/en/products/detail/vishay-dale/RCP0505W1K00JED/5789982"
"https://www.vishay.com/docs/31098/rcp.pdf","//mm.digikey.com/Volume0/opasdata/d220001/medias/images/926/RCP0603B.jpg","RCP0603B1K00JED-ND","RCP0603B1K00JED","Vishay Dale","Vishay Dale","RES SMD 1K OHM 5% 1.5W 0603","0","4.3212","0","300","Tape & Reel (TR)","RCP","Active","1 kOhms","±5%","1.5W","Thick Film","Moisture Resistant","±150ppm/°C","-65°C ~ 155°C","0603 (1608 Metric)","0603","0.063"" L x 0.032"" W (1.60mm x 0.81mm)","0.023"" (0.58mm)","2","-","-","https://www.digikey.be/en/products/detail/vishay-dale/RCP0603B1K00JED/5791062"
"https://www.vishay.com/docs/31098/rcp.pdf","//mm.digikey.com/Volume0/opasdata/d220001/medias/images/1262/RCP0603W.jpg","RCP0603W1K00JED-ND","RCP0603W1K00JED","Vishay Dale","Vishay Dale","RES SMD 1K OHM 5% 1.5W 0603","0","4.3212","0","300","Tape & Reel (TR)","RCP","Active","1 kOhms","±5%","1.5W","Thick Film","Moisture Resistant","±150ppm/°C","-65°C ~ 155°C","0603 (1608 Metric)","0603","0.063"" L x 0.032"" W (1.60mm x 0.81mm)","0.023"" (0.58mm)","2","-","-","https://www.digikey.be/en/products/detail/vishay-dale/RCP0603W1K00JED/5792142"
"https://www.vishay.com/docs/31098/rcp.pdf","//mm.digikey.com/Volume0/opasdata/d220001/medias/images/1883/RCP1206B.jpg","RCP1206B1K00JED-ND","RCP1206B1K00JED","Vishay Dale","Vishay Dale","RES SMD 1K OHM 5% 2.4W 1206","0","4.3212","0","300","Tape & Reel (TR)","RCP","Active","1 kOhms","±5%","2.4W","Thick Film","Moisture Resistant","±150ppm/°C","-65°C ~ 155°C","1206 (3216 Metric)","1206","0.122"" L x 0.060"" W (3.10mm x 1.52mm)","0.025"" (0.64mm)","2","-","-","https://www.digikey.be/en/products/detail/vishay-dale/RCP1206B1K00JED/5793222"
"https://www.vishay.com/docs/31098/rcp.pdf","//mm.digikey.com/Volume0/opasdata/d220001/medias/images/1174/RCP1206W.jpg","RCP1206W1K00JED-ND","RCP1206W1K00JED","Vishay Dale","Vishay Dale","RES SMD 1K OHM 5% 2.4W 1206","0","4.3212","0","300","Tape & Reel (TR)","RCP","Active","1 kOhms","±5%","2.4W","Thick Film","Moisture Resistant","±150ppm/°C","-65°C ~ 155°C","1206 (3216 Metric)","1206","0.122"" L x 0.060"" W (3.10mm x 1.52mm)","0.025"" (0.64mm)","2","-","-","https://www.digikey.be/en/products/detail/vishay-dale/RCP1206W1K00JED/5794301"
"https://www.vishay.com/docs/31098/rcp.pdf","//mm.digikey.com/Volume0/opasdata/d220001/medias/images/1890/RCP2512B.jpg","RCP2512B1K00JED-ND","RCP2512B1K00JED","Vishay Dale","Vishay Dale","RES SMD 1K OHM 5% 3.5W 2512","0","4.3212","0","300","Tape & Reel (TR)","RCP","Active","1 kOhms","±5%","3.5W","Thick Film","Moisture Resistant","±150ppm/°C","-65°C ~ 155°C","2512 (6332 Metric)","2512","0.250"" L x 0.124"" W (6.35mm x 3.15mm)","0.025"" (0.64mm)","2","-","-","https://www.digikey.be/en/products/detail/vishay-dale/RCP2512B1K00JED/5795380"
"https://www.vishay.com/docs/31098/rcp.pdf","//mm.digikey.com/Volume0/opasdata/d220001/medias/images/710/RCP2512W.jpg","RCP2512W1K00JED-ND","RCP2512W1K00JED","Vishay Dale","Vishay Dale","RES SMD 1K OHM 5% 3.5W 2512","0","4.3212","0","300","Tape & Reel (TR)","RCP","Active","1 kOhms","±5%","3.5W","Thick Film","Moisture Resistant","±150ppm/°C","-65°C ~ 155°C","2512 (6332 Metric)","2512","0.250"" L x 0.124"" W (6.35mm x 3.15mm)","0.025"" (0.64mm)","2","-","-","https://www.digikey.be/en/products/detail/vishay-dale/RCP2512W1K00JED/5796460"
"https://www.vishay.com/docs/61023/bcr.pdf","//mm.digikey.com/Volume0/opasdata/d220001/medias/images/6356/MFG_BCR.jpg","909-BCR10000JMAHWS-ND","BCR10000JMAHWS","Vishay Electro-Films","Vishay Electro-Films","BCR 5% +/-250PPM WS","0","4.29644","0","250","Tray","BCR","Active","1 kOhms","±5%","0.25W, 1/4W","Thin Film","Bonding Mountable, Moisture Resistant","±250ppm/°C","-55°C ~ 125°C","0202 (0505 Metric)","0202","0.020"" L x 0.020"" W (0.50mm x 0.50mm)","0.012"" (0.30mm)","2","-","-","https://www.digikey.be/en/products/detail/vishay-electro-films/BCR10000JMAHWS/24707041"
"https://www.vishay.com/docs/61017/sfm.pdf","//mm.digikey.com/Volume0/opasdata/d220001/medias/images/2581/SFM%20Series.jpg","909-SFM10000JKAGHWS-ND","SFM10000JKAGHWS","Vishay Electro-Films","Vishay Electro-Films","SFM 5% 100PPM WS","0","4.28552","0","250","Tray","SFM","Active","1 kOhms","±5%","0.25W, 1/4W","Thin Film","Bonding Mountable, Moisture Resistant","±100ppm/°C","-55°C ~ 150°C","0202 (0505 Metric)","0202","0.020"" L x 0.020"" W (0.50mm x 0.50mm)","0.012"" (0.30mm)","2","-","-","https://www.digikey.be/en/products/detail/vishay-electro-films/SFM10000JKAGHWS/24704784"
"https://www.vishay.com/docs/61017/sfm.pdf","//mm.digikey.com/Volume0/opasdata/d220001/medias/images/2581/SFM%20Series.jpg","909-SFM10000JKGNHWS-ND","SFM10000JKGNHWS","Vishay Electro-Films","Vishay Electro-Films","SFM 5% 100PPM WS","0","4.28552","0","250","Tray","SFM","Active","1 kOhms","±5%","0.25W, 1/4W","Thin Film","Bonding Mountable, Moisture Resistant","±100ppm/°C","-55°C ~ 150°C","0202 (0505 Metric)","0202","0.020"" L x 0.020"" W (0.50mm x 0.50mm)","0.012"" (0.30mm)","2","-","-","https://www.digikey.be/en/products/detail/vishay-electro-films/SFM10000JKGNHWS/24705130"
"https://www.bourns.com/docs/Product-Datasheets/PWR263S-35.pdf","//mm.digikey.com/Volume0/opasdata/d220001/medias/images/6163/118%7ETO263-D2PAK%7E%7E2.jpg","PWR263S-35-1001J-ND","PWR263S-35-1001J","Bourns Inc.","Bourns Inc.","RES SMD 1K OHM 5% 35W D2PAK","1.739","4.12","0","1","Tube","PWR263S-35","Active","1 kOhms","±5%","35W","Thick Film","Automotive AEC-Q200, Current Sense, Pulse Withstanding","±100ppm/°C","-55°C ~ 155°C","TO-263-3, D2PAK (2 Leads + Tab), TO-263AB","TO-263","0.398"" L x 0.409"" W (10.10mm x 10.40mm)","0.177"" (4.50mm)","2","-","-","https://www.digikey.be/en/products/detail/bourns-inc/PWR263S-35-1001J/2620682"
"https://www.ohmite.com/assets/images/res-tfss.pdf","//mm.digikey.com/Volume0/opasdata/d220001/medias/images/4100/MFG_TFSSCxxEseries.jpg","273-TFSSD1K00JETR-ND","TFSSD1K00JE","Ohmite","Ohmite","RES 1K OHM 5% 1W SMD","0","4.0735","0","500","Tape & Reel (TR)","TFSS","Active","1 kOhms","±5%","1W","Thick Film","Non-Inductive, Pulse Withstanding","±100ppm/°C","-40°C ~ 155°C","Nonstandard","-","0.827"" L x 0.315"" W (21.00mm x 8.00mm)","0.035"" (0.90mm)","2","-","-","https://www.digikey.be/en/products/detail/ohmite/TFSSD1K00JE/17038676"
"https://www.bourns.com/docs/Product-Datasheets/PWR263S-20.pdf","//mm.digikey.com/Volume0/opasdata/d220001/medias/images/6163/118%7ETO263-D2PAK%7E%7E2.jpg","PWR263S-20-1001J-ND","PWR263S-20-1001J","Bourns Inc.","Bourns Inc.","RES SMD 1K OHM 5% 20W D2PAK","32","3.94","0","1","Tube","PWR263S-20","Active","1 kOhms","±5%","20W","Thick Film","Automotive AEC-Q200, Current Sense, Pulse Withstanding","±100ppm/°C","-55°C ~ 155°C","TO-263-3, D2PAK (2 Leads + Tab), TO-263AB","TO-263","0.398"" L x 0.409"" W (10.10mm x 10.40mm)","0.192"" (4.88mm)","2","-","-","https://www.digikey.be/en/products/detail/bourns-inc/PWR263S-20-1001J/2044009"
"https://www.vishay.com/docs/61017/sfm.pdf","//mm.digikey.com/Volume0/opasdata/d220001/medias/images/2581/SFM%20Series.jpg","909-SFM10000JKANHWS-ND","SFM10000JKANHWS","Vishay Electro-Films","Vishay Electro-Films","SFM 5% 100PPM WS","0","3.36052","0","250","Tray","SFM","Active","1 kOhms","±5%","0.25W, 1/4W","Thin Film","Bonding Mountable, Moisture Resistant","±100ppm/°C","-55°C ~ 150°C","0202 (0505 Metric)","0202","0.020"" L x 0.020"" W (0.50mm x 0.50mm)","0.012"" (0.30mm)","2","-","-","https://www.digikey.be/en/products/detail/vishay-electro-films/SFM10000JKANHWS/24705208"
"https://www.vishay.com/docs/61025/sfn.pdf","//mm.digikey.com/Volume0/opasdata/d220001/medias/images/6358/909_SFN.jpg","909-SFN10000JMGNHWS-ND","SFN10000JMGNHWS","Vishay Electro-Films","Vishay Electro-Films","SFN 5% 250PPM WS","0","3.2938","0","250","Tray","SFN","Active","1 kOhms","±5%","0.125W, 1/8W","Thin Film","Bonding Mountable","±250ppm/°C","-55°C ~ 125°C","0202 (0505 Metric)","0202","0.020"" L x 0.020"" W (0.50mm x 0.50mm)","0.012"" (0.30mm)","2","-","-","https://www.digikey.be/en/products/detail/vishay-electro-films/SFN10000JMGNHWS/24705072"
"https://www.te.com/commerce/DocumentDelivery/DDEController?Action=srchrtrv&DocNm=1773242&DocType=Data%20Sheet&DocLang=English&DocFormat=pdf&PartCntxt=6-1676966-9","//mm.digikey.com/Volume0/opasdata/d220001/medias/images/3630/MFG_SMF71M5JT.jpg","1712-SMW71K0JTTR-ND,1712-SMW71K0JTCT-ND,1712-SMW71K0JTDKR-ND","SMW71K0JT","TE Connectivity Passive Product","TE Connectivity Passive Product","RES SMD 1K OHM 5% 7W NONSTANDARD","0","3.1","0","1","Tape & Reel (TR),Cut Tape (CT),Digi-Reel®","SM, CGS","Active","1 kOhms","±5%","7W","Wirewound","Flame Retardant Coating, Safety","±200ppm/°C","-55°C ~ 200°C","Nonstandard","-","0.906"" L x 0.374"" W (23.00mm x 9.50mm)","0.390"" (9.90mm)","2","-","-","https://www.digikey.be/en/products/detail/te-connectivity-passive-product/SMW71K0JT/13532863"
"https://www.vishay.com/docs/31098/rcp.pdf","//mm.digikey.com/Volume0/opasdata/d220001/medias/images/1890/RCP2512B.jpg","RCP2512B1K00JEC-ND","RCP2512B1K00JEC","Vishay Dale","Vishay Dale","RES SMD 1K OHM 5% 3.5W 2512","0","3.0209","0","500","Tape & Reel (TR)","RCP","Active","1 kOhms","±5%","3.5W","Thick Film","Moisture Resistant","±150ppm/°C","-65°C ~ 155°C","2512 (6332 Metric)","2512","0.250"" L x 0.124"" W (6.35mm x 3.15mm)","0.025"" (0.64mm)","2","-","-","https://www.digikey.be/en/products/detail/vishay-dale/RCP2512B1K00JEC/5795379"
"https://www.vishay.com/docs/31098/rcp.pdf","//mm.digikey.com/Volume0/opasdata/d220001/medias/images/710/RCP2512W.jpg","RCP2512W1K00JEC-ND","RCP2512W1K00JEC","Vishay Dale","Vishay Dale","RES SMD 1K OHM 5% 3.5W 2512","0","3.0209","0","500","Tape & Reel (TR)","RCP","Active","1 kOhms","±5%","3.5W","Thick Film","Moisture Resistant","±150ppm/°C","-65°C ~ 155°C","2512 (6332 Metric)","2512","0.250"" L x 0.124"" W (6.35mm x 3.15mm)","0.025"" (0.64mm)","2","-","-","https://www.digikey.be/en/products/detail/vishay-dale/RCP2512W1K00JEC/5796459"
"https://www.vishay.com/doc?30102","//mm.digikey.com/Volume0/opasdata/d220001/medias/images/6808/WSCseries_4527jlead.jpg","541-WSC45271K000JEATR-ND,541-WSC45271K000JEACT-ND,541-WSC45271K000JEADKR-ND","WSC45271K000JEA","Vishay Dale","Vishay Dale","WSC4527 1K 5% EA E3","280","2.83","0","1","Tape & Reel (TR),Cut Tape (CT),Digi-Reel®","WSC","Active","1 kOhms","±5%","2W","Wirewound","Automotive AEC-Q200, Pulse Withstanding","±20ppm/°C","-65°C ~ 275°C","4527 J-Lead","4527","0.455"" L x 0.275"" W (11.56mm x 6.98mm)","0.177"" (4.49mm)","2","-","-","https://www.digikey.be/en/products/detail/vishay-dale/WSC45271K000JEA/26752108"
"https://www.vishay.com/docs/51055/d2to20.pdf","//mm.digikey.com/Volume0/opasdata/d220001/medias/images/7424/MFG_716%7ETO263%28D2PAK%29%7E%7E2.jpg","D2TO020C10000JRE3-ND","D2TO020C10000JRE3","Vishay Sfernice","Vishay Sfernice","RES SMD 1K OHM 5% 20W TO263","0","2.74806","0","500","Tape & Reel (TR)","D2TO20","Active","1 kOhms","±5%","20W","Thick Film","Automotive AEC-Q200, Moisture Resistant, Non-Inductive","±150ppm/°C","-55°C ~ 155°C","TO-263-3, D2PAK (2 Leads + Tab), TO-263AB","TO-263 (D2PAK)","0.398"" L x 0.346"" W (10.10mm x 8.80mm)","0.189"" (4.80mm)","2","-","-","https://www.digikey.be/en/products/detail/vishay-sfernice/D2TO020C10000JRE3/4024348"
"https://www.vishay.com/docs/51054/dto25.pdf","//mm.digikey.com/Volume0/opasdata/d220001/medias/images/7547/MFG_716%7ETO252%28DPAK%29%7E%7E2.jpg","716-1071-5-ND","DTO025C10000JTE3","Vishay Sfernice","Vishay Sfernice","RES SMD 1K OHM 5% 25W TO252","0","2.3846","0","100","Tube","DTO25","Active","1 kOhms","±5%","25W","Thick Film","Automotive AEC-Q200, Non-Inductive","±150ppm/°C","-55°C ~ 150°C","TO-252-3, DPAK (2 Leads + Tab), SC-63","TO-252 (DPAK)","0.323"" L x 0.287"" W (8.20mm x 7.30mm)","0.122"" (3.10mm)","2","-","-","https://www.digikey.be/en/products/detail/vishay-sfernice/DTO025C10000JTE3/5247481"
"https://www.ohmite.com/assets/images/res-tfss.pdf","//mm.digikey.com/Volume0/opasdata/d220001/medias/images/4100/MFG_TFSSCxxEseries.jpg","273-TFSSC1K00JETR-ND","TFSSC1K00JE","Ohmite","Ohmite","RES 1K OHM 5% 3/4W SMD","0","2.29772","0","500","Tape & Reel (TR)","TFSS","Active","1 kOhms","±5%","0.75W, 3/4W","Thick Film","Non-Inductive, Pulse Withstanding","±100ppm/°C","-40°C ~ 155°C","Nonstandard","-","0.512"" L x 0.217"" W (13.00mm x 5.50mm)","0.028"" (0.70mm)","2","-","-","https://www.digikey.be/en/products/detail/ohmite/TFSSC1K00JE/17038737"
"https://www.seielect.com/catalog/SEI-HVC.pdf","//mm.digikey.com/Volume0/opasdata/d220001/medias/images/4849/738_1206.jpg","HVCB1206JDD1K00TR-ND,HVCB1206JDD1K00CT-ND,HVCB1206JDD1K00DKR-ND","HVCB1206JDD1K00","Stackpole Electronics Inc","Stackpole Electronics Inc","RES 1K OHM 5% 1/3W 1206","1.206","2.29","0","1","Tape & Reel (TR),Cut Tape (CT),Digi-Reel®","HVC","Active","1 kOhms","±5%","0.333W, 1/3W","Thick Film","High Voltage, Moisture Resistant, Pulse Withstanding","±100ppm/°C","-55°C ~ 150°C","1206 (3216 Metric)","1206","0.126"" L x 0.063"" W (3.20mm x 1.60mm)","0.030"" (0.75mm)","2","-","-","https://www.digikey.be/en/products/detail/stackpole-electronics-inc/HVCB1206JDD1K00/2619767"
"https://www.ohmite.com/assets/images/res-macrochip.pdf","//mm.digikey.com/Volume0/opasdata/d220001/medias/images/2911/MC%20SERIES.jpg","MC102JE-1K-ND","MC102821001JE","Ohmite","Ohmite","RES SMD 1K OHM 5% 1.5W 5025","0","2.12904","0","500","Bulk","Macrochip","Active","1 kOhms","±5%","1.5W","Thick Film","High Voltage, Non-Inductive","±50ppm/°C","-55°C ~ 180°C","Nonstandard","-","0.500"" L x 0.250"" W (12.70mm x 6.35mm)","0.142"" (3.60mm)","2","-","-","https://www.digikey.be/en/products/detail/ohmite/MC102821001JE/823592"
"https://www.ohmite.com/assets/images/res-rw.pdf","//mm.digikey.com/Volume0/opasdata/d220001/medias/images/516/RW5S0FAR100FET.JPG","273-RW5S0FA1K00JETTR-ND,273-RW5S0FA1K00JETCT-ND,273-RW5S0FA1K00JETDKR-ND","RW5S0FA1K00JET","Ohmite","Ohmite","RES SMD 1K OHM 5% 5W L BEND","48","2.05","0","1","Tape & Reel (TR),Cut Tape (CT),Digi-Reel®","RW","Active","1 kOhms","±5%","5W","Wirewound","-","±20ppm/°C","-55°C ~ 155°C","SMD, L-Bend","-","0.806"" L x 0.365"" W (20.47mm x 9.27mm)","0.406"" (10.31mm)","2","-","-","https://www.digikey.be/en/products/detail/ohmite/RW5S0FA1K00JET/3830366"
"https://www.ohmite.com/assets/images/res-tfss.pdf","//mm.digikey.com/Volume0/opasdata/d220001/medias/images/4100/MFG_TFSSCxxEseries.jpg","273-TFSSB1K00JETR-ND","TFSSB1K00JE","Ohmite","Ohmite","RES 1K OHM 5% 1/2W SMD","0","1.95056","0","500","Tape & Reel (TR)","TFSS","Active","1 kOhms","±5%","0.5W, 1/2W","Thick Film","Non-Inductive, Pulse Withstanding","±100ppm/°C","-40°C ~ 155°C","Nonstandard","-","0.433"" L x 0.217"" W (11.00mm x 5.50mm)","0.028"" (0.70mm)","2","-","-","https://www.digikey.be/en/products/detail/ohmite/TFSSB1K00JE/17038741"
"https://www.vishay.com/docs/31098/rcp.pdf","//mm.digikey.com/Volume0/opasdata/d220001/medias/images/1890/RCP2512B.jpg","RCP2512B1K00JEB-ND","RCP2512B1K00JEB","Vishay Dale","Vishay Dale","RES SMD 1K OHM 5% 3.5W 2512","0","1.94409","0","1000","Tape & Reel (TR)","RCP","Active","1 kOhms","±5%","3.5W","Thick Film","Moisture Resistant","±150ppm/°C","-65°C ~ 155°C","2512 (6332 Metric)","2512","0.250"" L x 0.124"" W (6.35mm x 3.15mm)","0.025"" (0.64mm)","2","-","-","https://www.digikey.be/en/products/detail/vishay-dale/RCP2512B1K00JEB/5795378"
"https://www.vishay.com/docs/31098/rcp.pdf","//mm.digikey.com/Volume0/opasdata/d220001/medias/images/710/RCP2512W.jpg","RCP2512W1K00JEB-ND","RCP2512W1K00JEB","Vishay Dale","Vishay Dale","RES SMD 1K OHM 5% 3.5W 2512","0","1.94409","0","1000","Tape & Reel (TR)","RCP","Active","1 kOhms","±5%","3.5W","Thick Film","Moisture Resistant","±150ppm/°C","-65°C ~ 155°C","2512 (6332 Metric)","2512","0.250"" L x 0.124"" W (6.35mm x 3.15mm)","0.025"" (0.64mm)","2","-","-","https://www.digikey.be/en/products/detail/vishay-dale/RCP2512W1K00JEB/5796458"
"https://www.vishay.com/docs/31098/rcp.pdf","//mm.digikey.com/Volume0/opasdata/d220001/medias/images/1203/RCP0505B.jpg","RCP0505B1K00JEC-ND","RCP0505B1K00JEC","Vishay Dale","Vishay Dale","RES SMD 1K OHM 5% 1.4W 0505","0","1.81626","0","500","Tape & Reel (TR)","RCP","Active","1 kOhms","±5%","1.4W","Thick Film","Moisture Resistant","±150ppm/°C","-65°C ~ 155°C","0505 (1412 Metric)","0505","0.055"" L x 0.050"" W (1.40mm x 1.27mm)","0.025"" (0.64mm)","2","-","-","https://www.digikey.be/en/products/detail/vishay-dale/RCP0505B1K00JEC/5788901"
"https://www.vishay.com/docs/31098/rcp.pdf","//mm.digikey.com/Volume0/opasdata/d220001/medias/images/1146/RCP0505W.jpg","RCP0505W1K00JEC-ND","RCP0505W1K00JEC","Vishay Dale","Vishay Dale","RES SMD 1K OHM 5% 1.4W 0505","0","1.81626","0","500","Tape & Reel (TR)","RCP","Active","1 kOhms","±5%","1.4W","Thick Film","Moisture Resistant","±150ppm/°C","-65°C ~ 155°C","0505 (1412 Metric)","0505","0.055"" L x 0.050"" W (1.40mm x 1.27mm)","0.025"" (0.64mm)","2","-","-","https://www.digikey.be/en/products/detail/vishay-dale/RCP0505W1K00JEC/5789981"
"https://www.ohmite.com/assets/images/res-tfss.pdf","//mm.digikey.com/Volume0/opasdata/d220001/medias/images/4100/MFG_TFSSCxxEseries.jpg","273-TFSSA1K00JETR-ND","TFSSA1K00JE","Ohmite","Ohmite","RES 1K OHM 5% 1/2W SMD","0","1.74739","0","1000","Tape & Reel (TR)","TFSS","Active","1 kOhms","±5%","0.5W, 1/2W","Thick Film","Non-Inductive, Pulse Withstanding","±100ppm/°C","-40°C ~ 155°C","Nonstandard","-","0.354"" L x 0.217"" W (9.00mm x 5.50mm)","0.028"" (0.70mm)","2","-","-","https://www.digikey.be/en/products/detail/ohmite/TFSSA1K00JE/17038526"
"https://www.vishay.com/docs/31098/rcp.pdf","//mm.digikey.com/Volume0/opasdata/d220001/medias/images/1883/RCP1206B.jpg","RCP1206B1K00JEC-ND","RCP1206B1K00JEC","Vishay Dale","Vishay Dale","RES SMD 1K OHM 5% 2.4W 1206","0","1.72438","0","500","Tape & Reel (TR)","RCP","Active","1 kOhms","±5%","2.4W","Thick Film","Moisture Resistant","±150ppm/°C","-65°C ~ 155°C","1206 (3216 Metric)","1206","0.122"" L x 0.060"" W (3.10mm x 1.52mm)","0.025"" (0.64mm)","2","-","-","https://www.digikey.be/en/products/detail/vishay-dale/RCP1206B1K00JEC/5793221"
"https://www.vishay.com/docs/31098/rcp.pdf","//mm.digikey.com/Volume0/opasdata/d220001/medias/images/1174/RCP1206W.jpg","RCP1206W1K00JEC-ND","RCP1206W1K00JEC","Vishay Dale","Vishay Dale","RES SMD 1K OHM 5% 2.4W 1206","0","1.72438","0","500","Tape & Reel (TR)","RCP","Active","1 kOhms","±5%","2.4W","Thick Film","Moisture Resistant","±150ppm/°C","-65°C ~ 155°C","1206 (3216 Metric)","1206","0.122"" L x 0.060"" W (3.10mm x 1.52mm)","0.025"" (0.64mm)","2","-","-","https://www.digikey.be/en/products/detail/vishay-dale/RCP1206W1K00JEC/5794300"
"https://www.vishay.com/docs/31098/rcp.pdf","//mm.digikey.com/Volume0/opasdata/d220001/medias/images/926/RCP0603B.jpg","RCP0603B1K00JEC-ND","RCP0603B1K00JEC","Vishay Dale","Vishay Dale","RES SMD 1K OHM 5% 1.5W 0603","0","1.61908","0","500","Tape & Reel (TR)","RCP","Active","1 kOhms","±5%","1.5W","Thick Film","Moisture Resistant","±150ppm/°C","-65°C ~ 155°C","0603 (1608 Metric)","0603","0.063"" L x 0.032"" W (1.60mm x 0.81mm)","0.023"" (0.58mm)","2","-","-","https://www.digikey.be/en/products/detail/vishay-dale/RCP0603B1K00JEC/5791061"
"https://www.vishay.com/docs/31098/rcp.pdf","//mm.digikey.com/Volume0/opasdata/d220001/medias/images/1262/RCP0603W.jpg","RCP0603W1K00JEC-ND","RCP0603W1K00JEC","Vishay Dale","Vishay Dale","RES SMD 1K OHM 5% 1.5W 0603","0","1.61908","0","500","Tape & Reel (TR)","RCP","Active","1 kOhms","±5%","1.5W","Thick Film","Moisture Resistant","±150ppm/°C","-65°C ~ 155°C","0603 (1608 Metric)","0603","0.063"" L x 0.032"" W (1.60mm x 0.81mm)","0.023"" (0.58mm)","2","-","-","https://www.digikey.be/en/products/detail/vishay-dale/RCP0603W1K00JEC/5792141"
"//mm.digikey.com/Volume0/opasdata/d220001/medias/docus/2587/RWS7%2C%2010.pdf","//mm.digikey.com/Volume0/opasdata/d220001/medias/images/4175/NonstdSMD.jpg","273-RWS101KJTR-ND","RWS10 1K J TR","Ohmite","Ohmite","10 WATTS WIREWOUND SMD 1 KILOOHM","0","1.50035","0","200","Tape & Reel (TR)","RWS","Active","1 kOhms","±5%","10W","Wirewound","Pulse Withstanding","±20ppm/°C","-55°C ~ 275°C","Nonstandard","-","1.126"" L x 0.472"" W (28.60mm x 12.00mm)","0.512"" (13.00mm)","2","-","-","https://www.digikey.be/en/products/detail/ohmite/RWS10-1K-J-TR/16369445"
"https://www.te.com/commerce/DocumentDelivery/DDEController?Action=srchrtrv&DocNm=1773204-7&DocType=Data%20Sheet&DocLang=English&DocFormat=pdf&PartCntxt=3-2176406-2","//mm.digikey.com/Volume0/opasdata/d220001/medias/images/496/TE-4527.jpg","A144090TR-ND,A144090CT-ND,A144090DKR-ND","35601K0JT","TE Connectivity Passive Product","TE Connectivity Passive Product","RES 3560 1K0 5%","816","1.49","0","1","Tape & Reel (TR),Cut Tape (CT),Digi-Reel®","3560, CGS","Active","1 kOhms","±5%","6W","Thick Film","Automotive AEC-Q200","±100ppm/°C","-55°C ~ 155°C","Nonstandard","-","0.457"" L x 0.270"" W (11.60mm x 6.85mm)","0.047"" (1.20mm)","2","-","-","https://www.digikey.be/en/products/detail/te-connectivity-passive-product/35601K0JT/9927516"
"https://www.ohmite.com/assets/images/res-rw.pdf","//mm.digikey.com/Volume0/opasdata/d220001/medias/images/516/RW5S0FAR100FET.JPG","RW5S0FA1K00JE-ND","RW5S0FA1K00JE","Ohmite","Ohmite","RES SMD 1K OHM 5% 5W L BEND","0","1.39","0","1","Box","RW","Discontinued at DigiKey","1 kOhms","±5%","5W","Wirewound","-","±20ppm/°C","-55°C ~ 155°C","SMD, L-Bend","-","0.806"" L x 0.365"" W (20.47mm x 9.27mm)","0.406"" (10.31mm)","2","-","-","https://www.digikey.be/en/products/detail/ohmite/RW5S0FA1K00JE/3830229"
"https://www.te.com/commerce/DocumentDelivery/DDEController?Action=srchrtrv&DocNm=1773242&DocType=Data%20Sheet&DocLang=English&DocFormat=pdf&PartCntxt=6-1676966-9","//mm.digikey.com/Volume0/opasdata/d220001/medias/images/2405/5329%20%2813573%20Metric%29%2C%20J-Lead.JPG","A103581TR-ND,A103581CT-ND,A103581DKR-ND","SMF51K0JT","TE Connectivity Passive Product","TE Connectivity Passive Product","RES SMD 1K OHM 5% 5W 5329","5.348","1.32","0","1","Tape & Reel (TR),Cut Tape (CT),Digi-Reel®","SM, CGS","Active","1 kOhms","±5%","5W","Metal Film","Flame Retardant Coating, Safety","±100ppm/°C","-55°C ~ 200°C","5329 (13573 Metric), J-Lead","SMD","0.531"" L x 0.287"" W (13.50mm x 7.30mm)","0.280"" (7.10mm)","2","-","-","https://www.digikey.be/en/products/detail/te-connectivity-passive-product/SMF51K0JT/2367085"
"https://www.te.com/commerce/DocumentDelivery/DDEController?Action=srchrtrv&DocNm=1773204-6&DocType=Data%20Sheet&DocLang=English&DocFormat=pdf&PartCntxt=1-2176403-5","//mm.digikey.com/Volume0/opasdata/d220001/medias/images/496/TE-4320.jpg","A143836TR-ND,A143836CT-ND,A143836DKR-ND","35501K0JT","TE Connectivity Passive Product","TE Connectivity Passive Product","RES 3550 1K0 5%","3.267","1.24","0","1","Tape & Reel (TR),Cut Tape (CT),Digi-Reel®","3550, CGS","Active","1 kOhms","±5%","5W","Thick Film","-","±100ppm/°C","-55°C ~ 155°C","Nonstandard","-","0.433"" L x 0.197"" W (11.00mm x 5.00mm)","0.047"" (1.20mm)","2","-","-","https://www.digikey.be/en/products/detail/te-connectivity-passive-product/35501K0JT/9927262"
"https://www.vishay.com/docs/31098/rcp.pdf","//mm.digikey.com/Volume0/opasdata/d220001/medias/images/1203/RCP0505B.jpg","RCP0505B1K00JEB-ND","RCP0505B1K00JEB","Vishay Dale","Vishay Dale","RES SMD 1K OHM 5% 1.4W 0505","0","1.23908","0","1000","Tape & Reel (TR)","RCP","Active","1 kOhms","±5%","1.4W","Thick Film","Moisture Resistant","±150ppm/°C","-65°C ~ 155°C","0505 (1412 Metric)","0505","0.055"" L x 0.050"" W (1.40mm x 1.27mm)","0.025"" (0.64mm)","2","-","-","https://www.digikey.be/en/products/detail/vishay-dale/RCP0505B1K00JEB/5788900"
"https://www.vishay.com/docs/31098/rcp.pdf","//mm.digikey.com/Volume0/opasdata/d220001/medias/images/1146/RCP0505W.jpg","RCP0505W1K00JEB-ND","RCP0505W1K00JEB","Vishay Dale","Vishay Dale","RES SMD 1K OHM 5% 1.4W 0505","0","1.23908","0","1000","Tape & Reel (TR)","RCP","Active","1 kOhms","±5%","1.4W","Thick Film","Moisture Resistant","±150ppm/°C","-65°C ~ 155°C","0505 (1412 Metric)","0505","0.055"" L x 0.050"" W (1.40mm x 1.27mm)","0.025"" (0.64mm)","2","-","-","https://www.digikey.be/en/products/detail/vishay-dale/RCP0505W1K00JEB/5789980"
"//mm.digikey.com/Volume0/opasdata/d220001/medias/docus/2587/RWS7%2C%2010.pdf","//mm.digikey.com/Volume0/opasdata/d220001/medias/images/4175/NonstdSMD.jpg","273-RWS71KJTR-ND","RWS7 1K J TR","Ohmite","Ohmite","7 WATTS WIREWOUND SMD 1KILOOHM 5","0","1.09753","0","300","Tape & Reel (TR)","RWS","Active","1 kOhms","±5%","7W","Wirewound","Pulse Withstanding","±20ppm/°C","-55°C ~ 275°C","Nonstandard","-","0.807"" L x 0.366"" W (20.50mm x 9.30mm)","0.406"" (10.31mm)","2","-","-","https://www.digikey.be/en/products/detail/ohmite/RWS7-1K-J-TR/16369754"
"https://www.vishay.com/docs/31098/rcp.pdf","//mm.digikey.com/Volume0/opasdata/d220001/medias/images/926/RCP0603B.jpg","RCP0603B1K00JEB-ND","RCP0603B1K00JEB","Vishay Dale","Vishay Dale","RES SMD 1K OHM 5% 1.5W 0603","0","1.09267","0","1000","Tape & Reel (TR)","RCP","Active","1 kOhms","±5%","1.5W","Thick Film","Moisture Resistant","±150ppm/°C","-65°C ~ 155°C","0603 (1608 Metric)","0603","0.063"" L x 0.032"" W (1.60mm x 0.81mm)","0.023"" (0.58mm)","2","-","-","https://www.digikey.be/en/products/detail/vishay-dale/RCP0603B1K00JEB/5791060"
"https://www.vishay.com/docs/31098/rcp.pdf","//mm.digikey.com/Volume0/opasdata/d220001/medias/images/1262/RCP0603W.jpg","RCP0603W1K00JEB-ND","RCP0603W1K00JEB","Vishay Dale","Vishay Dale","RES SMD 1K OHM 5% 1.5W 0603","0","1.09267","0","1000","Tape & Reel (TR)","RCP","Active","1 kOhms","±5%","1.5W","Thick Film","Moisture Resistant","±150ppm/°C","-65°C ~ 155°C","0603 (1608 Metric)","0603","0.063"" L x 0.032"" W (1.60mm x 0.81mm)","0.023"" (0.58mm)","2","-","-","https://www.digikey.be/en/products/detail/vishay-dale/RCP0603W1K00JEB/5792140"
"https://www.vishay.com/docs/31098/rcp.pdf","//mm.digikey.com/Volume0/opasdata/d220001/medias/images/1883/RCP1206B.jpg","RCP1206B1K00JEB-ND","RCP1206B1K00JEB","Vishay Dale","Vishay Dale","RES SMD 1K OHM 5% 2.4W 1206","0","0.91299","0","1000","Tape & Reel (TR)","RCP","Active","1 kOhms","±5%","2.4W","Thick Film","Moisture Resistant","±150ppm/°C","-65°C ~ 155°C","1206 (3216 Metric)","1206","0.122"" L x 0.060"" W (3.10mm x 1.52mm)","0.025"" (0.64mm)","2","-","-","https://www.digikey.be/en/products/detail/vishay-dale/RCP1206B1K00JEB/5793220"
"https://www.vishay.com/docs/31098/rcp.pdf","//mm.digikey.com/Volume0/opasdata/d220001/medias/images/1174/RCP1206W.jpg","RCP1206W1K00JEB-ND","RCP1206W1K00JEB","Vishay Dale","Vishay Dale","RES SMD 1K OHM 5% 2.4W 1206","0","0.91299","0","1000","Tape & Reel (TR)","RCP","Active","1 kOhms","±5%","2.4W","Thick Film","Moisture Resistant","±150ppm/°C","-65°C ~ 155°C","1206 (3216 Metric)","1206","0.122"" L x 0.060"" W (3.10mm x 1.52mm)","0.025"" (0.64mm)","2","-","-","https://www.digikey.be/en/products/detail/vishay-dale/RCP1206W1K00JEB/5794299"
"https://www.vishay.com/docs/31098/rcp.pdf","//mm.digikey.com/Volume0/opasdata/d220001/medias/images/1890/RCP2512B.jpg","RCP2512B1K00JEA-ND","RCP2512B1K00JEA","Vishay Dale","Vishay Dale","RES SMD 1K OHM 5% 3.5W 2512","0","0.9015","0","4000","Tape & Reel (TR)","RCP","Active","1 kOhms","±5%","3.5W","Thick Film","Moisture Resistant","±150ppm/°C","-65°C ~ 155°C","2512 (6332 Metric)","2512","0.250"" L x 0.124"" W (6.35mm x 3.15mm)","0.025"" (0.64mm)","2","-","-","https://www.digikey.be/en/products/detail/vishay-dale/RCP2512B1K00JEA/5795377"
"https://www.vishay.com/docs/31098/rcp.pdf","//mm.digikey.com/Volume0/opasdata/d220001/medias/images/710/RCP2512W.jpg","RCP2512W1K00JEA-ND","RCP2512W1K00JEA","Vishay Dale","Vishay Dale","RES SMD 1K OHM 5% 3.5W 2512","0","0.9015","0","4000","Tape & Reel (TR)","RCP","Active","1 kOhms","±5%","3.5W","Thick Film","Moisture Resistant","±150ppm/°C","-65°C ~ 155°C","2512 (6332 Metric)","2512","0.250"" L x 0.124"" W (6.35mm x 3.15mm)","0.025"" (0.64mm)","2","-","-","https://www.digikey.be/en/products/detail/vishay-dale/RCP2512W1K00JEA/5796457"
"https://www.te.com/commerce/DocumentDelivery/DDEController?Action=srchrtrv&DocNm=1773204-5&DocType=Data%20Sheet&DocLang=English&DocFormat=pdf&PartCntxt=8-2176401-3","//mm.digikey.com/Volume0/opasdata/d220001/medias/images/496/TE-2816.jpg","A143582TR-ND,A143582CT-ND,A143582DKR-ND","35401K0JT","TE Connectivity Passive Product","TE Connectivity Passive Product","RES 3540 1K0 5%","3.029","0.88","0","1","Tape & Reel (TR),Cut Tape (CT),Digi-Reel®","3540, CGS","Active","1 kOhms","±5%","4W","Thick Film","-","±100ppm/°C","-55°C ~ 155°C","Nonstandard","2816","0.280"" L x 0.165"" W (7.10mm x 4.20mm)","0.047"" (1.20mm)","2","-","-","https://www.digikey.be/en/products/detail/te-connectivity-passive-product/35401K0JT/9927008"
"https://www.seielect.com/catalog/SEI-RPCQ.pdf","//mm.digikey.com/Volume0/opasdata/d220001/medias/images/2494/2512%20%286432%20Metric%29.jpg","738-RPCQ2512JT1K00TR-ND,738-RPCQ2512JT1K00CT-ND,738-RPCQ2512JT1K00DKR-ND","RPCQ2512JT1K00","Stackpole Electronics Inc","Stackpole Electronics Inc","RES, PULSE, 2512, 1 KOHM, 5%, 4W","2.839","0.87","0","1","Tape & Reel (TR),Cut Tape (CT),Digi-Reel®","RPCQ","Active","1 kOhms","±5%","4W","Thick Film","Anti-Sulfur, Automotive AEC-Q200, Pulse Withstanding","±100ppm/°C","-55°C ~ 155°C","2512 (6332 Metric)","2512","0.248"" L x 0.126"" W (6.30mm x 3.20mm)","0.035"" (0.90mm)","2","-","-","https://www.digikey.be/en/products/detail/stackpole-electronics-inc/RPCQ2512JT1K00/26267023"
"https://www.te.com/usa-en/product-1-2176619-3.datasheet.pdf","//mm.digikey.com/Volume0/opasdata/d220001/medias/images/5544/MFG_SMQ.jpg","1712-SMQF21K0JTTR-ND,1712-SMQF21K0JTCT-ND,1712-SMQF21K0JTDKR-ND","SMQF21K0JT","TE Connectivity Passive Product","TE Connectivity Passive Product","SMQF2W 1K0 5%","1.817","0.83","0","1","Tape & Reel (TR),Cut Tape (CT),Digi-Reel®","SMQ","Active","1 kOhms","±5%","2W","Metal Film","Automotive AEC-Q200, Flame Retardant Coating, Safety","±100ppm/°C","-55°C ~ 150°C","4122 (10555 Metric), J-Lead","4122","0.413"" L x 0.217"" W (10.50mm x 5.50mm)","0.209"" (5.30mm)","2","-","-","https://www.digikey.be/en/products/detail/te-connectivity-passive-product/SMQF21K0JT/21316632"
"https://www.te.com/usa-en/product-1-2176618-7.datasheet.pdf","//mm.digikey.com/Volume0/opasdata/d220001/medias/images/5544/MFG_SMQ.jpg","1712-SMQF11K0JTTR-ND,1712-SMQF11K0JTCT-ND,1712-SMQF11K0JTDKR-ND","SMQF11K0JT","TE Connectivity Passive Product","TE Connectivity Passive Product","SMQF1W 1K0 5%","4.828","0.76","0","1","Tape & Reel (TR),Cut Tape (CT),Digi-Reel®","SMQ","Active","1 kOhms","±5%","1W","Metal Film","Automotive AEC-Q200, Flame Retardant Coating, Safety","±100ppm/°C","-55°C ~ 150°C","2616 (6740 Metric), J-Lead","-","0.264"" L x 0.157"" W (6.70mm x 4.00mm)","0.152"" (3.85mm)","2","-","-","https://www.digikey.be/en/products/detail/te-connectivity-passive-product/SMQF11K0JT/21316648"
"https://www.bourns.com/docs/product-datasheets/crs-a.pdf","//mm.digikey.com/Volume0/opasdata/d220001/medias/images/2183/MFG_CRS-A.jpg","CRS2512AJW-102ELFTR-ND,CRS2512AJW-102ELFCT-ND,CRS2512AJW-102ELFDKR-ND","CRS2512AJW-102ELF","Bourns Inc.","Bourns Inc.","RES 1K OHM 5% 2W 2512","20.134","0.75","0","1","Tape & Reel (TR),Cut Tape (CT),Digi-Reel®","CRS-A","Active","1 kOhms","±5%","2W","Thick Film","Anti-Sulfur, Automotive AEC-Q200, Pulse Withstanding","±200ppm/°C","-55°C ~ 155°C","2512 (6332 Metric)","2512","0.252"" L x 0.122"" W (6.40mm x 3.10mm)","0.030"" (0.75mm)","2","-","-","https://www.digikey.be/en/products/detail/bourns-inc/CRS2512AJW-102ELF/8258169"
"https://www.te.com/commerce/DocumentDelivery/DDEController?Action=srchrtrv&DocNm=1773242&DocType=Data%20Sheet&DocLang=English&DocFormat=pdf&PartCntxt=6-1676966-9","//mm.digikey.com/Volume0/opasdata/d220001/medias/images/2472/4122%20%2810555%20Metric%29%2C%20J-Lead.JPG","A103560TR-ND,A103560CT-ND,A103560DKR-ND","SMF31K0JT","TE Connectivity Passive Product","TE Connectivity Passive Product","RES SMD 1K OHM 5% 3W 4122","0","0.73","0","1","Tape & Reel (TR),Cut Tape (CT),Digi-Reel®","SM, CGS","Active","1 kOhms","±5%","3W","Metal Film","Flame Retardant Coating, Safety","±100ppm/°C","-55°C ~ 200°C","4122 (10555 Metric), J-Lead","SMD","0.413"" L x 0.217"" W (10.50mm x 5.50mm)","0.209"" (5.30mm)","2","-","-","https://www.digikey.be/en/products/detail/te-connectivity-passive-product/SMF31K0JT/2366695"
"https://www.te.com/commerce/DocumentDelivery/DDEController?Action=srchrtrv&DocNm=1773242&DocType=Data%20Sheet&DocLang=English&DocFormat=pdf&PartCntxt=6-1676966-9","//mm.digikey.com/Volume0/opasdata/d220001/medias/images/2576/MFG_SM%2C%20CGS-Series.jpg","A103539TR-ND,A103539CT-ND,A103539DKR-ND","SMF21K0JT","TE Connectivity Passive Product","TE Connectivity Passive Product","RES SMD 1K OHM 5% 2W 2616","803","0.68","0","1","Tape & Reel (TR),Cut Tape (CT),Digi-Reel®","SM, CGS","Active","1 kOhms","±5%","2W","Metal Film","Flame Retardant Coating, Safety","±100ppm/°C","-55°C ~ 200°C","2616 (6740 Metric), J-Lead","SMD","0.264"" L x 0.157"" W (6.70mm x 4.00mm)","0.152"" (3.85mm)","2","-","-","https://www.digikey.be/en/products/detail/te-connectivity-passive-product/SMF21K0JT/2366608"
"https://www.vishay.com/docs/31098/rcp.pdf","//mm.digikey.com/Volume0/opasdata/d220001/medias/images/1203/RCP0505B.jpg","RCP0505B1K00JEA-ND","RCP0505B1K00JEA","Vishay Dale","Vishay Dale","RES SMD 1K OHM 5% 1.4W 0505","0","0.66484","0","4000","Tape & Reel (TR)","RCP","Active","1 kOhms","±5%","1.4W","Thick Film","Moisture Resistant","±150ppm/°C","-65°C ~ 155°C","0505 (1412 Metric)","0505","0.055"" L x 0.050"" W (1.40mm x 1.27mm)","0.025"" (0.64mm)","2","-","-","https://www.digikey.be/en/products/detail/vishay-dale/RCP0505B1K00JEA/5788899"
"https://www.vishay.com/docs/31098/rcp.pdf","//mm.digikey.com/Volume0/opasdata/d220001/medias/images/1146/RCP0505W.jpg","RCP0505W1K00JEA-ND","RCP0505W1K00JEA","Vishay Dale","Vishay Dale","RES SMD 1K OHM 5% 1.4W 0505","0","0.66484","0","4000","Tape & Reel (TR)","RCP","Active","1 kOhms","±5%","1.4W","Thick Film","Moisture Resistant","±150ppm/°C","-65°C ~ 155°C","0505 (1412 Metric)","0505","0.055"" L x 0.050"" W (1.40mm x 1.27mm)","0.025"" (0.64mm)","2","-","-","https://www.digikey.be/en/products/detail/vishay-dale/RCP0505W1K00JEA/5789979"
"https://www.te.com/commerce/DocumentDelivery/DDEController?Action=srchrtrv&DocNm=9-1773463-7&DocType=Data%20Sheet&DocLang=English&DocFormat=pdf&PartCntxt=1-2176230-0","//mm.digikey.com/Volume0/opasdata/d220001/medias/images/2582/RL73%2C%20CGS%202512%20%286432%20Metric%29.jpg","A121162TR-ND,A121162CT-ND,A121162DKR-ND","35221K0JT","TE Connectivity Passive Product","TE Connectivity Passive Product","RES SMD 1K OHM 5% 3W 2512","51.187","0.66","0","1","Tape & Reel (TR),Cut Tape (CT),Digi-Reel®","3522, CGS","Active","1 kOhms","±5%","3W","Thick Film","Automotive AEC-Q200","±100ppm/°C","-55°C ~ 155°C","2512 (6332 Metric)","2512","0.250"" L x 0.126"" W (6.35mm x 3.20mm)","0.047"" (1.20mm)","2","-","-","https://www.digikey.be/en/products/detail/te-connectivity-passive-product/35221K0JT/5245013"
"https://calchip.com/wp-content/uploads/2023/05/rm_series.pdf","//mm.digikey.com/Volume0/opasdata/d220001/medias/images/6167/MFG_RM-.jpg","4713-RM25J102CT-UTR-ND,4713-RM25J102CT-UCT-ND,4713-RM25J102CT-UDKR-ND","RM25J102CT-U","Cal-Chip Electronics, Inc.","Cal-Chip Electronics, Inc.","RES2512 5% 1K OHM 3W","1.980","0.66","0","1","Tape & Reel (TR),Cut Tape (CT),Digi-Reel®","RM","Active","1 kOhms","±5%","3W","Thick Film","-","±100ppm/°C","-55°C ~ 155°C","2512 (6332 Metric)","2512","0.250"" L x 0.126"" W (6.35mm x 3.20mm)","0.047"" (1.20mm)","2","-","-","https://www.digikey.be/en/products/detail/cal-chip-electronics-inc/RM25J102CT-U/28174835"
"https://calchip.com/wp-content/uploads/2024/10/UPR-SERIES-0102324-1.pdf","//mm.digikey.com/Volume0/opasdata/d220001/medias/images/6155/MFG_4713_RM.jpg","4713-UPR25J102CTTR-ND,4713-UPR25J102CT-ND,4713-UPR25J102CTDKR-ND","UPR25J102CT","Cal-Chip Electronics, Inc.","Cal-Chip Electronics, Inc.","AEC-Q200RES2512 5% 1K OHM 3W","1.729","0.66","0","1","Tape & Reel (TR),Cut Tape (CT),Digi-Reel®","UPR","Active","1 kOhms","±5%","3W","Thick Film","Automotive AEC-Q200","±100ppm/°C","-55°C ~ 155°C","2512 (6332 Metric)","2512","0.250"" L x 0.126"" W (6.35mm x 3.20mm)","0.047"" (1.20mm)","2","-","-","https://www.digikey.be/en/products/detail/cal-chip-electronics-inc/UPR25J102CT/23627171"
"https://www.vishay.com/docs/20043/crcwhpe3.pdf","//mm.digikey.com/Volume0/opasdata/d220001/medias/images/57/MFG_CRCW-HP_e3_Series.jpg","541-1.0KRATR-ND,541-1.0KRACT-ND,541-1.0KRADKR-ND","CRCW25121K00JNEGHP","Vishay Dale","Vishay Dale","RES SMD 1K OHM 5% 1.5W 2512","7.164","0.64","0","1","Tape & Reel (TR),Cut Tape (CT),Digi-Reel®","CRCW-HP e3","Active","1 kOhms","±5%","1.5W","Thick Film","Automotive AEC-Q200, Pulse Withstanding","±200ppm/°C","-55°C ~ 155°C","2512 (6332 Metric)","2512","0.248"" L x 0.124"" W (6.30mm x 3.15mm)","0.028"" (0.70mm)","2","-","-","https://www.digikey.be/en/products/detail/vishay-dale/CRCW25121K00JNEGHP/2222122"
"https://www.bourns.com/docs/Product-Datasheets/PWR2615_4525.pdf","//mm.digikey.com/Volume0/opasdata/d220001/medias/images/410/MFG_PWR4525-SERIES.jpg","PWR4525W1001J-ND","PWR4525W1001J","Bourns Inc.","Bourns Inc.","RES SMD 1K OHM 5% 2W 4525","0","0.63178","0","500","Bulk","PWR4525","Active","1 kOhms","±5%","2W","Wirewound","Current Sense, Moisture Resistant, Pulse Withstanding","±20ppm/°C","-55°C ~ 275°C","4525 J-Lead","-","0.449"" L x 0.252"" W (11.40mm x 6.40mm)","0.197"" (5.00mm)","2","-","-","https://www.digikey.be/en/products/detail/bourns-inc/PWR4525W1001J/4699819"
"https://www.vishay.com/docs/20046/rcle3.pdf","//mm.digikey.com/Volume0/opasdata/d220001/medias/images/404/RCL1225.jpg","RCL1.0KFTR-ND,RCL1.0KFCT-ND,RCL1.0KFDKR-ND","RCL12251K00JNEG","Vishay Dale","Vishay Dale","RES SMD 1K OHM 2W 2512 WIDE","7.768","0.61","0","1","Tape & Reel (TR),Cut Tape (CT),Digi-Reel®","RCL","Active","1 kOhms","±5%","2W","Thick Film","Automotive AEC-Q200","±200ppm/°C","-55°C ~ 155°C","Wide 2512 (6432 Metric), 1225","1225","0.126"" L x 0.248"" W (3.20mm x 6.30mm)","0.031"" (0.80mm)","2","-","-","https://www.digikey.be/en/products/detail/vishay-dale/RCL12251K00JNEG/3029402"
"http://www.bourns.com/docs/Product-Datasheets/CRS-Q.pdf","//mm.digikey.com/Volume0/opasdata/d220001/medias/images/5015/MFG_CRS-Q_image.jpg","118-CRS2512QJW-102ELFTR-ND,118-CRS2512QJW-102ELFCT-ND","CRS2512QJW-102ELF","Bourns Inc.","Bourns Inc.","RES 1K OHM 5% 2W 2512","3.835","0.61","0","1","Tape & Reel (TR),Cut Tape (CT)","CRS-Q","Active","1 kOhms","±5%","2W","Thick Film","Automotive AEC-Q200, Pulse Withstanding","±200ppm/°C","-55°C ~ 155°C","2512 (6332 Metric)","2512","0.252"" L x 0.126"" W (6.40mm x 3.20mm)","0.030"" (0.75mm)","2","-","-","https://www.digikey.be/en/products/detail/bourns-inc/CRS2512QJW-102ELF/17737291"
"https://www.bourns.com/data/global/pdfs/CRS.pdf","//mm.digikey.com/Volume0/opasdata/d220001/medias/images/2432/CRS%20Series%202512%20%286432%20Metric%29.jpg","CRS2512-JX-102ELFTR-ND,CRS2512-JX-102ELFCT-ND,CRS2512-JX-102ELFDKR-ND","CRS2512-JX-102ELF","Bourns Inc.","Bourns Inc.","RES 1K OHM 5% 2W 2512","2.238","0.57","0","1","Tape & Reel (TR),Cut Tape (CT),Digi-Reel®","CRS","Active","1 kOhms","±5%","2W","Thick Film","High Voltage, Pulse Withstanding","±100ppm/°C","-55°C ~ 155°C","2512 (6332 Metric)","2512","0.252"" L x 0.126"" W (6.40mm x 3.20mm)","0.030"" (0.75mm)","2","-","-","https://www.digikey.be/en/products/detail/bourns-inc/CRS2512-JX-102ELF/5778742"
"https://www.te.com/usa-en/product-2176620-8.datasheet.pdf","//mm.digikey.com/Volume0/opasdata/d220001/medias/images/5544/MFG_SMQ.jpg","1712-SMQF31K0JTTR-ND,1712-SMQF31K0JTCT-ND,1712-SMQF31K0JTDKR-ND","SMQF31K0JT","TE Connectivity Passive Product","TE Connectivity Passive Product","SMQF3W 1K0 5%","1.000","0.56438","0","500","Tape & Reel (TR),Cut Tape (CT),Digi-Reel®","SMQ","Active","1 kOhms","±5%","3W","Metal Film","Automotive AEC-Q200, Flame Retardant Coating, Safety","±100ppm/°C","-55°C ~ 150°C","5329 (13573 Metric), J-Lead","-","0.531"" L x 0.287"" W (13.50mm x 7.30mm)","0.280"" (7.10mm)","2","-","-","https://www.digikey.be/en/products/detail/te-connectivity-passive-product/SMQF31K0JT/21316878"
"https://www.te.com/commerce/DocumentDelivery/DDEController?Action=srchrtrv&DocNm=1773204-4&DocType=DS&DocLang=English","//mm.digikey.com/Volume0/opasdata/d220001/medias/images/882/2010-Case-Chip-Resistor.jpg","A143328TR-ND,A143328CT-ND,A143328DKR-ND","35021K0JT","TE Connectivity Passive Product","TE Connectivity Passive Product","RES 3502 1K0 5%","2.932","0.56","0","1","Tape & Reel (TR),Cut Tape (CT),Digi-Reel®","3502, CGS","Active","1 kOhms","±5%","2W","Thick Film","-","±100ppm/°C","-55°C ~ 155°C","2010 (5025 Metric)","2010","0.197"" L x 0.098"" W (5.00mm x 2.50mm)","0.047"" (1.20mm)","2","-","-","https://www.digikey.be/en/products/detail/te-connectivity-passive-product/35021K0JT/9926754"
"https://www.vishay.com/docs/20024/dcrcwife3.pdf","//mm.digikey.com/Volume0/opasdata/d220001/medias/images/57/MFG_CRCW-HP_e3_Series.jpg","541-CRCW25121K00JNEGIFTR-ND,541-CRCW25121K00JNEGIFCT-ND,541-CRCW25121K00JNEGIFDKR-ND","CRCW25121K00JNEGIF","Vishay Dale","Vishay Dale","CRCW2512-IF 200 1K0 5% E67 E3","1.480","0.56","0","1","Tape & Reel (TR),Cut Tape (CT),Digi-Reel®","D/CRCW-IF e3","Active","1 kOhms","±5%","1W","Thick Film","Automotive AEC-Q200, Pulse Withstanding","±200ppm/°C","-55°C ~ 155°C","2512 (6332 Metric)","2512","0.248"" L x 0.124"" W (6.30mm x 3.15mm)","0.028"" (0.70mm)","2","-","-","https://www.digikey.be/en/products/detail/vishay-dale/CRCW25121K00JNEGIF/24366982"
"https://www.vishay.com/docs/31098/rcp.pdf","//mm.digikey.com/Volume0/opasdata/d220001/medias/images/926/RCP0603B.jpg","RCP0603B1K00JEA-ND","RCP0603B1K00JEA","Vishay Dale","Vishay Dale","RES SMD 1K OHM 5% 1.5W 0603","0","0.55216","0","4000","Tape & Reel (TR)","RCP","Active","1 kOhms","±5%","1.5W","Thick Film","Moisture Resistant","±150ppm/°C","-65°C ~ 155°C","0603 (1608 Metric)","0603","0.063"" L x 0.032"" W (1.60mm x 0.81mm)","0.023"" (0.58mm)","2","-","-","https://www.digikey.be/en/products/detail/vishay-dale/RCP0603B1K00JEA/5791059"
"https://www.vishay.com/docs/31098/rcp.pdf","//mm.digikey.com/Volume0/opasdata/d220001/medias/images/1262/RCP0603W.jpg","RCP0603W1K00JEA-ND","RCP0603W1K00JEA","Vishay Dale","Vishay Dale","RES SMD 1K OHM 5% 1.5W 0603","0","0.55216","0","4000","Tape & Reel (TR)","RCP","Active","1 kOhms","±5%","1.5W","Thick Film","Moisture Resistant","±150ppm/°C","-65°C ~ 155°C","0603 (1608 Metric)","0603","0.063"" L x 0.032"" W (1.60mm x 0.81mm)","0.023"" (0.58mm)","2","-","-","https://www.digikey.be/en/products/detail/vishay-dale/RCP0603W1K00JEA/5792139"
"https://fscdn.rohm.com/en/products/databook/datasheet/passive/resistor/chip_resistor/ltr-e.pdf","//mm.digikey.com/Volume0/opasdata/d220001/medias/images/5652/511_LTR100.jpg","846-LTR100JZPJ102TR-ND,846-LTR100JZPJ102CT-ND,846-LTR100JZPJ102DKR-ND","LTR100JZPJ102","Rohm Semiconductor","Rohm Semiconductor","RES SMD 1K OHM 5% 3W 2512 WIDE","1.866","0.54","0","1","Tape & Reel (TR),Cut Tape (CT),Digi-Reel®","LTR","Active","1 kOhms","±5%","3W","Thick Film","Automotive AEC-Q200, Pulse Withstanding","±200ppm/°C","-55°C ~ 155°C","Wide 2512 (6432 Metric), 1225","1225","0.126"" L x 0.252"" W (3.20mm x 6.40mm)","0.028"" (0.70mm)","2","-","-","https://www.digikey.be/en/products/detail/rohm-semiconductor/LTR100JZPJ102/17869840"
"https://www.seielect.com/catalog/sei-sm.pdf","//mm.digikey.com/Volume0/opasdata/d220001/medias/images/2601/MFG_SM%20SERIES.jpg","SM6227JT1K00-ND","SM6227JT1K00","Stackpole Electronics Inc","Stackpole Electronics Inc","RES 1K OHM 5% 3W 6227","0","0.52573","0","750","Tape & Reel (TR)","SM","Active","1 kOhms","±5%","3W","Wirewound","Moisture Resistant, Pulse Withstanding","±20ppm/°C","-55°C ~ 275°C","6227 J-Lead","6227","0.625"" L x 0.275"" W (15.88mm x 6.99mm)","0.265"" (6.73mm)","2","-","-","https://www.digikey.be/en/products/detail/stackpole-electronics-inc/SM6227JT1K00/1698350"
"https://www.bourns.com/docs/Product-Datasheets/PWR2615_4525.pdf","//mm.digikey.com/Volume0/opasdata/d220001/medias/images/410/MFG_PWR4525-SERIES.jpg","PWR4525W1001JE-ND","PWR4525W1001JE","Bourns Inc.","Bourns Inc.","RES SMD 1K OHM 5% 2W 4525","0","0.52517","0","1000","Tape & Reel (TR)","PWR4525","Active","1 kOhms","±5%","2W","Wirewound","Current Sense, Moisture Resistant, Pulse Withstanding","±20ppm/°C","-55°C ~ 275°C","4525 J-Lead","-","0.449"" L x 0.252"" W (11.40mm x 6.40mm)","0.197"" (5.00mm)","2","-","-","https://www.digikey.be/en/products/detail/bourns-inc/PWR4525W1001JE/4699820"
"https://www.vishay.com/docs/31098/rcp.pdf","//mm.digikey.com/Volume0/opasdata/d220001/medias/images/1883/RCP1206B.jpg","RCP1206B1K00JEA-ND","RCP1206B1K00JEA","Vishay Dale","Vishay Dale","RES SMD 1K OHM 5% 2.4W 1206","0","0.514","0","4000","Tape & Reel (TR)","RCP","Active","1 kOhms","±5%","2.4W","Thick Film","Moisture Resistant","±150ppm/°C","-65°C ~ 155°C","1206 (3216 Metric)","1206","0.122"" L x 0.060"" W (3.10mm x 1.52mm)","0.025"" (0.64mm)","2","-","-","https://www.digikey.be/en/products/detail/vishay-dale/RCP1206B1K00JEA/5793219"
"https://www.vishay.com/docs/31098/rcp.pdf","//mm.digikey.com/Volume0/opasdata/d220001/medias/images/1174/RCP1206W.jpg","RCP1206W1K00JEA-ND","RCP1206W1K00JEA","Vishay Dale","Vishay Dale","RES SMD 1K OHM 5% 2.4W 1206","0","0.514","0","4000","Tape & Reel (TR)","RCP","Active","1 kOhms","±5%","2.4W","Thick Film","Moisture Resistant","±150ppm/°C","-65°C ~ 155°C","1206 (3216 Metric)","1206","0.122"" L x 0.060"" W (3.10mm x 1.52mm)","0.025"" (0.64mm)","2","-","-","https://www.digikey.be/en/products/detail/vishay-dale/RCP1206W1K00JEA/5794298"
"https://www.vishay.com/docs/20024/dcrcwife3.pdf","//mm.digikey.com/Volume0/opasdata/d220001/medias/images/57/MFG_CRCW-HP_e3_Series.jpg","541-CRCW20101K00JNEFIFTR-ND,541-CRCW20101K00JNEFIFCT-ND,541-CRCW20101K00JNEFIFDKR-ND","CRCW20101K00JNEFIF","Vishay Dale","Vishay Dale","CRCW2010-IF 200 1K0 5% E02 E3","7.987","0.51","0","1","Tape & Reel (TR),Cut Tape (CT),Digi-Reel®","D/CRCW-IF e3","Active","1 kOhms","±5%","0.75W, 3/4W","Thick Film","Automotive AEC-Q200, Pulse Withstanding","±200ppm/°C","-55°C ~ 155°C","2010 (5025 Metric)","2010","0.197"" L x 0.098"" W (5.00mm x 2.50mm)","0.028"" (0.70mm)","2","-","-","https://www.digikey.be/en/products/detail/vishay-dale/CRCW20101K00JNEFIF/24367036"
"https://www.seielect.com/catalog/sei-sm.pdf","//mm.digikey.com/Volume0/opasdata/d220001/medias/images/2601/MFG_SM%20SERIES.jpg","SM4124JT1K00-ND","SM4124JT1K00","Stackpole Electronics Inc","Stackpole Electronics Inc","RES 1K OHM 5% 2W 4124","0","0.48394","0","800","Tape & Reel (TR)","SM","Active","1 kOhms","±5%","2W","Wirewound","Moisture Resistant, Pulse Withstanding","±20ppm/°C","-55°C ~ 275°C","4124 J-Lead","4124","0.410"" L x 0.240"" W (10.41mm x 6.10mm)","0.195"" (4.95mm)","2","-","-","https://www.digikey.be/en/products/detail/stackpole-electronics-inc/SM4124JT1K00/1698067"
"https://www.te.com/commerce/DocumentDelivery/DDEController?Action=srchrtrv&DocNm=1309350_PASSIVE_COMPONENT&DocType=CS&DocLang=English","//mm.digikey.com/Volume0/opasdata/d220001/medias/images/882/2010-Case-Chip-Resistor.jpg","A126457TR-ND,A126457CT-ND,A126457DKR-ND","CRGH2512J1K0","TE Connectivity Passive Product","TE Connectivity Passive Product","RES 1K OHM 5% 2W 2512","11.518","0.48","0","1","Tape & Reel (TR),Cut Tape (CT),Digi-Reel®","CRGH, Neohm","Active","1 kOhms","±5%","2W","Thick Film","Automotive AEC-Q200","±100ppm/°C","-55°C ~ 155°C","2512 (6332 Metric)","2512","0.252"" L x 0.126"" W (6.40mm x 3.20mm)","-","2","-","-","https://www.digikey.be/en/products/detail/te-connectivity-passive-product/CRGH2512J1K0/2386114"
"https://www.vishay.com/docs/20043/crcwhpe3.pdf","//mm.digikey.com/Volume0/opasdata/d220001/medias/images/57/MFG_CRCW-HP_e3_Series.jpg","541-1.0KNTR-ND,541-1.0KNCT-ND,541-1.0KNDKR-ND","CRCW12101K00JNEAHP","Vishay Dale","Vishay Dale","RES SMD 1K OHM 5% 3/4W 1210","15.802","0.48","0","1","Tape & Reel (TR),Cut Tape (CT),Digi-Reel®","CRCW-HP e3","Active","1 kOhms","±5%","0.75W, 3/4W","Thick Film","Automotive AEC-Q200, Pulse Withstanding","±200ppm/°C","-55°C ~ 155°C","1210 (3225 Metric)","1210","0.126"" L x 0.098"" W (3.20mm x 2.50mm)","0.028"" (0.70mm)","2","-","-","https://www.digikey.be/en/products/detail/vishay-dale/CRCW12101K00JNEAHP/2567297"
"https://www.vishay.com/docs/20043/crcwhpe3.pdf","//mm.digikey.com/Volume0/opasdata/d220001/medias/images/57/MFG_CRCW-HP_e3_Series.jpg","541-1.0KPATR-ND,541-1.0KPACT-ND,541-1.0KPADKR-ND","CRCW20101K00JNEFHP","Vishay Dale","Vishay Dale","RES SMD 1K OHM 5% 1W 2010","4.503","0.48","0","1","Tape & Reel (TR),Cut Tape (CT),Digi-Reel®","CRCW-HP e3","Active","1 kOhms","±5%","1W","Thick Film","Automotive AEC-Q200, Pulse Withstanding","±200ppm/°C","-55°C ~ 155°C","2010 (5025 Metric)","2010","0.197"" L x 0.098"" W (5.00mm x 2.50mm)","0.028"" (0.70mm)","2","-","-","https://www.digikey.be/en/products/detail/vishay-dale/CRCW20101K00JNEFHP/2222211"
"https://industrial.panasonic.com/cdbs/www-data/pdf/RDA0000/AOA0000C301.pdf","//mm.digikey.com/Volume0/opasdata/d220001/medias/images/2494/ERJ-2512%20Pkg.jpg","PT1.0KXTR-ND,PT1.0KXCT-ND,PT1.0KXDKR-ND","ERJ-1TYJ102U","Panasonic Industry","Panasonic Industry","RES SMD 1K OHM 5% 1W 2512","11.528","0.47","0","1","Tape & Reel (TR),Cut Tape (CT),Digi-Reel®","ERJ-1T","Not For New Designs","1 kOhms","±5%","1W","Thick Film","Automotive AEC-Q200","±200ppm/°C","-55°C ~ 155°C","2512 (6332 Metric)","2512","0.252"" L x 0.126"" W (6.40mm x 3.20mm)","0.028"" (0.70mm)","2","-","-","https://www.digikey.be/en/products/detail/panasonic-industry/ERJ-1TYJ102U/365113"
"https://www.ohmite.com/assets/images/res-as-smd.pdf","//mm.digikey.com/Volume0/opasdata/d220001/medias/images/3941/Chip-Resistor.jpg","273-AS25J1001ETTR-ND,273-AS25J1001ETCT-ND,273-AS25J1001ETDKR-ND","AS25J1001ET","Ohmite","Ohmite","RES SMD 1K OHM 5% 1.5W 2512","926","0.47","0","1","Tape & Reel (TR),Cut Tape (CT),Digi-Reel®","AS","Active","1 kOhms","±5%","1.5W","Thick Film","Pulse Withstanding","±100ppm/°C","-55°C ~ 155°C","2512 (6332 Metric)","2512","0.250"" L x 0.122"" W (6.35mm x 3.10mm)","0.026"" (0.65mm)","2","-","-","https://www.digikey.be/en/products/detail/ohmite/AS25J1001ET/5971295"
"https://www.seielect.com/catalog/SEI-RPCQ.pdf","//mm.digikey.com/Volume0/opasdata/d220001/medias/images/4841/RPCSERIES.jpg","738-RPCQ1206JT1K00TR-ND,738-RPCQ1206JT1K00CT-ND,738-RPCQ1206JT1K00DKR-ND","RPCQ1206JT1K00","Stackpole Electronics Inc","Stackpole Electronics Inc","RES, PULSE, 1206, 1 KOHM, 5%, 1W","5.495","0.43","0","1","Tape & Reel (TR),Cut Tape (CT),Digi-Reel®","RPCQ","Active","1 kOhms","±5%","1W","Thick Film","Anti-Sulfur, Automotive AEC-Q200, Pulse Withstanding","±100ppm/°C","-55°C ~ 155°C","1206 (3216 Metric)","1206","0.120"" L x 0.063"" W (3.05mm x 1.60mm)","0.028"" (0.70mm)","2","-","-","https://www.digikey.be/en/products/detail/stackpole-electronics-inc/RPCQ1206JT1K00/26267001"
"https://www.vishay.com/docs/20024/dcrcwife3.pdf","//mm.digikey.com/Volume0/opasdata/d220001/medias/images/408/CRCW12101K00FKEAHP.JPG","541-CRCW12101K00JNEAIFTR-ND,541-CRCW12101K00JNEAIFCT-ND,541-CRCW12101K00JNEAIFDKR-ND","CRCW12101K00JNEAIF","Vishay Dale","Vishay Dale","CRCW1210-IF 200 1K0 5% ET1 E3","4.060","0.41","0","1","Tape & Reel (TR),Cut Tape (CT),Digi-Reel®","D/CRCW-IF e3","Active","1 kOhms","±5%","0.5W, 1/2W","Thick Film","Automotive AEC-Q200, Pulse Withstanding","±200ppm/°C","-55°C ~ 155°C","1210 (3225 Metric)","1210","0.126"" L x 0.098"" W (3.20mm x 2.50mm)","0.024"" (0.60mm)","2","-","-","https://www.digikey.be/en/products/detail/vishay-dale/CRCW12101K00JNEAIF/24367043"
"https://www.seielect.com/catalog/SEI-RPC.pdf","//mm.digikey.com/Volume0/opasdata/d220001/medias/images/2494/2512%20%286432%20Metric%29.jpg","RPC2512JT1K00TR-ND,RPC2512JT1K00CT-ND,RPC2512JT1K00DKR-ND","RPC2512JT1K00","Stackpole Electronics Inc","Stackpole Electronics Inc","RES 1K OHM 5% 1.5W 2512","21.853","0.4","0","1","Tape & Reel (TR),Cut Tape (CT),Digi-Reel®","RPC","Active","1 kOhms","±5%","1.5W","Thick Film","Automotive AEC-Q200, Pulse Withstanding","±100ppm/°C","-55°C ~ 155°C","2512 (6332 Metric)","2512","0.250"" L x 0.122"" W (6.35mm x 3.10mm)","0.026"" (0.65mm)","2","-","-","https://www.digikey.be/en/products/detail/stackpole-electronics-inc/RPC2512JT1K00/1684166"
"https://www.vishay.com/docs/20024/dcrcwife3.pdf","//mm.digikey.com/Volume0/opasdata/d220001/medias/images/2432/CRCW-F%20SERIES%201206.JPG","541-1.0KARTR-ND,541-1.0KARCT-ND,541-1.0KARDKR-ND","CRCW12061K00JNEAIF","Vishay Dale","Vishay Dale","RES SMD 1K OHM 5% 1/4W 1206","6.169","0.4","0","1","Tape & Reel (TR),Cut Tape (CT),Digi-Reel®","CRCW-IF e3","Active","1 kOhms","±5%","0.25W, 1/4W","Thick Film","Automotive AEC-Q200, Pulse Withstanding","±200ppm/°C","-55°C ~ 155°C","1206 (3216 Metric)","1206","0.126"" L x 0.063"" W (3.20mm x 1.60mm)","0.024"" (0.60mm)","2","-","-","https://www.digikey.be/en/products/detail/vishay-dale/CRCW12061K00JNEAIF/3477279"
"https://www.koaspeer.com/pdfs/WK73R.pdf","//mm.digikey.com/Volume0/opasdata/d220001/medias/images/694/KOA-Speer-RK73R-2010-%285025-Metric%29.jpg","2019-WK73R2H2TTE102JTR-ND,2019-WK73R2H2TTE102JCT-ND,2019-WK73R2H2TTE102JDKR-ND","WK73R2H2TTE102J","KOA Speer Electronics, Inc.","KOA Speer Electronics, Inc.","RES 1K OHM 5% 2W 2010","3.571","0.4","0","1","Tape & Reel (TR),Cut Tape (CT),Digi-Reel®","WK73R","Active","1 kOhms","±5%","2W","-","Automotive AEC-Q200","±100ppm/°C","-55°C ~ 155°C","Wide 2010 (5025 Metric), 1020","1020","0.098"" L x 0.197"" W (2.50mm x 5.00mm)","0.028"" (0.70mm)","2","-","-","https://www.digikey.be/en/products/detail/koa-speer-electronics-inc/WK73R2H2TTE102J/21782795"
"https://yageogroup.com/content/Resource%20Library/Datasheet/PYU-SR_20105_ROHS_L.pdf","//mm.digikey.com/Volume0/opasdata/d220001/medias/images/721/1206-%283216-Metric%29-SR-Series.jpg","YAG6193TR-ND,YAG6193CT-ND,YAG6193DKR-ND","SR1206JR-7T1KL","YAGEO","YAGEO","RES 1K OHM 5% 3/4W 1206","9.381","0.39","0","1","Tape & Reel (TR),Cut Tape (CT),Digi-Reel®","SR","Active","1 kOhms","±5%","0.75W, 3/4W","Thick Film","Automotive AEC-Q200, Pulse Withstanding","±100ppm/°C","-55°C ~ 155°C","1206 (3216 Metric)","1206","0.122"" L x 0.063"" W (3.10mm x 1.60mm)","0.026"" (0.65mm)","2","-","-","https://www.digikey.be/en/products/detail/yageo/SR1206JR-7T1KL/9696431"
"https://www.bourns.com/docs/Product-Datasheets/PWR2010.PDF","//mm.digikey.com/Volume0/opasdata/d220001/medias/images/631/PWR4318W7R50JE.jpg","PWR4318W1001JE-ND","PWR4318W1001JE","Bourns Inc.","Bourns Inc.","RES SMD 1K OHM 5% 2W 4318","0","0.37183","0","1500","Tape & Reel (TR)","PWR4318","Active","1 kOhms","±5%","2W","Wirewound","Current Sense, Pulse Withstanding","±20ppm/°C","-55°C ~ 155°C","4318 J-Lead","4318","0.433"" L x 0.177"" W (11.00mm x 4.50mm)","0.203"" (5.16mm)","2","-","-","https://www.digikey.be/en/products/detail/bourns-inc/PWR4318W1001JE/2564415"
"https://www.bourns.com/docs/product-datasheets/crm.pdf","//mm.digikey.com/Volume0/opasdata/d220001/medias/images/649/CRA2512.jpg","CRM2512-JW-102ELFTR-ND,CRM2512-JW-102ELFCT-ND,CRM2512-JW-102ELFDKR-ND","CRM2512-JW-102ELF","Bourns Inc.","Bourns Inc.","RES SMD 1K OHM 5% 2W 2512","9.465","0.37","0","1","Tape & Reel (TR),Cut Tape (CT),Digi-Reel®","CRM2512","Active","1 kOhms","±5%","2W","Thick Film","Current Sense","±200ppm/°C","-55°C ~ 155°C","2512 (6332 Metric)","2512","0.248"" L x 0.122"" W (6.30mm x 3.10mm)","0.031"" (0.80mm)","2","-","-","https://www.digikey.be/en/products/detail/bourns-inc/CRM2512-JW-102ELF/2563946"
"https://www.vishay.com/docs/20024/dcrcwife3.pdf","//mm.digikey.com/Volume0/opasdata/d220001/medias/images/535/TFPT0805L1001DV.JPG","541-1.0KAPTR-ND,541-1.0KAPCT-ND,541-1.0KAPDKR-ND","CRCW08051K00JNEAIF","Vishay Dale","Vishay Dale","RES SMD 1K OHM 5% 1/8W 0805","22.618","0.37","0","1","Tape & Reel (TR),Cut Tape (CT),Digi-Reel®","CRCW-IF e3","Active","1 kOhms","±5%","0.25W, 1/4W","Thick Film","Automotive AEC-Q200, Pulse Withstanding","±200ppm/°C","-55°C ~ 155°C","0805 (2012 Metric)","0805","0.079"" L x 0.049"" W (2.00mm x 1.25mm)","0.020"" (0.50mm)","2","-","-","https://www.digikey.be/en/products/detail/vishay-dale/CRCW08051K00JNEAIF/3477256"
"https://www.vishay.com/docs/20043/crcwhpe3.pdf","//mm.digikey.com/Volume0/opasdata/d220001/medias/images/6347/MFG_CRCW1218-HP.jpg","541-CRCW12181K00JNEKHPTR-ND","CRCW12181K00JNEKHP","Vishay Dale","Vishay Dale","CRCW1218-HP 200 1K0 5% ET9 E3","0","0.36089","0","4000","Tape & Reel (TR)","CRCW-HP e3","Active","1 kOhms","±5%","1.5W","Thick Film","Automotive AEC-Q200, Pulse Withstanding","±200ppm/°C","-55°C ~ 155°C","Wide 1812 (4532 Metric), 1218","1218","0.122"" L x 0.181"" W (3.10mm x 4.60mm)","0.028"" (0.70mm)","2","-","-","https://www.digikey.be/en/products/detail/vishay-dale/CRCW12181K00JNEKHP/12794401"
"https://fscdn.rohm.com/en/products/databook/datasheet/passive/resistor/chip_resistor/ltr-e.pdf","//mm.digikey.com/Volume0/opasdata/d220001/medias/images/2610/LTR%202010%20wide.jpg","RHM1.0KAATR-ND,RHM1.0KAACT-ND,RHM1.0KAADKR-ND","LTR50UZPJ102","Rohm Semiconductor","Rohm Semiconductor","RES SMD 1K OHM 5% 1W 2010 WIDE","2.131","0.36","0","1","Tape & Reel (TR),Cut Tape (CT),Digi-Reel®","LTR","Active","1 kOhms","±5%","1W","Thick Film","Automotive AEC-Q200, Pulse Withstanding","±200ppm/°C","-55°C ~ 155°C","Wide 2010 (5025 Metric), 1020","2010","0.098"" L x 0.197"" W (2.50mm x 5.00mm)","0.026"" (0.65mm)","2","-","-","https://www.digikey.be/en/products/detail/rohm-semiconductor/LTR50UZPJ102/1973098"
"https://yageogroup.com/content/Resource%20Library/Datasheet/PYU-SR_20105_ROHS_L.pdf","//mm.digikey.com/Volume0/opasdata/d220001/medias/images/4845/13_1206-%283216-metric%29.jpg","YAG6061TR-ND,YAG6061CT-ND,YAG6061DKR-ND","SR1206JR-7W1KL","YAGEO","YAGEO","RES 1K OHM 5% 1/2W 1206","9.646","0.35","0","1","Tape & Reel (TR),Cut Tape (CT),Digi-Reel®","SR","Active","1 kOhms","±5%","0.5W, 1/2W","Thick Film","Automotive AEC-Q200, Pulse Withstanding","±100ppm/°C","-55°C ~ 155°C","1206 (3216 Metric)","1206","0.122"" L x 0.063"" W (3.10mm x 1.60mm)","0.026"" (0.65mm)","2","-","-","https://www.digikey.be/en/products/detail/yageo/SR1206JR-7W1KL/5949343"
"https://yageogroup.com/content/datasheet/asset/file/PYU-RC_GROUP_51_ROHS_L","//mm.digikey.com/Volume0/opasdata/d220001/medias/images/4843/YAGEOCHIPRES.jpg","13-RC0075JR-071KLTR-ND,13-RC0075JR-071KLCT-ND","RC0075JR-071KL","YAGEO","YAGEO","RES 1K OHM 5% 0.02W 0075","37.971","0.33","0","1","Tape & Reel (TR),Cut Tape (CT)","RC_L","Active","1 kOhms","±5%","0.02W","Thick Film","Moisture Resistant","±200ppm/°C","-55°C ~ 125°C","009005 (0301 Metric)","0075","0.012"" L x 0.006"" W (0.30mm x 0.15mm)","0.006"" (0.14mm)","2","-","-","https://www.digikey.be/en/products/detail/yageo/RC0075JR-071KL/17005742"
"https://yageogroup.com/content/Resource%20Library/Datasheet/PYU-SR_20105_ROHS_L.pdf","//mm.digikey.com/Volume0/opasdata/d220001/medias/images/714/2512-%286432-Metric%29-SR-Series.jpg","YAG6209TR-ND,YAG6209CT-ND,YAG6209DKR-ND","SR2512JK-7W1KL","YAGEO","YAGEO","RES 1K OHM 5% 2W 2512","0","0.33","0","1","Tape & Reel (TR),Cut Tape (CT),Digi-Reel®","SR","Active","1 kOhms","±5%","2W","Thick Film","Automotive AEC-Q200, Pulse Withstanding","±100ppm/°C","-55°C ~ 155°C","2512 (6332 Metric)","2512","0.250"" L x 0.122"" W (6.35mm x 3.10mm)","0.026"" (0.65mm)","2","-","-","https://www.digikey.be/en/products/detail/yageo/SR2512JK-7W1KL/9696447"
"https://yageogroup.com/content/Resource%20Library/Datasheet/PYU-SR_20105_ROHS_L.pdf","//mm.digikey.com/Volume0/opasdata/d220001/medias/images/1826/2512-%286432-Metric%29.jpg","13-SR2512JK-071KLTR-ND,13-SR2512JK-071KLCT-ND,13-SR2512JK-071KLDKR-ND","SR2512JK-071KL","YAGEO","YAGEO","RES 1K OHM 5% 1W 2512","4.668","0.32","0","1","Tape & Reel (TR),Cut Tape (CT),Digi-Reel®","SR","Active","1 kOhms","±5%","1W","Thick Film","Automotive AEC-Q200, Pulse Withstanding","±100ppm/°C","-55°C ~ 155°C","2512 (6332 Metric)","2512","0.250"" L x 0.122"" W (6.35mm x 3.10mm)","0.026"" (0.65mm)","2","-","-","https://www.digikey.be/en/products/detail/yageo/SR2512JK-071KL/5949856"
"https://www.seielect.com/catalog/SEI-RPC.pdf","-","RPC2010JT1K00TR-ND,RPC2010JT1K00CT-ND,RPC2010JT1K00DKR-ND","RPC2010JT1K00","Stackpole Electronics Inc","Stackpole Electronics Inc","RES 1K OHM 5% 3/4W 2010","4.570","0.32","0","1","Tape & Reel (TR),Cut Tape (CT),Digi-Reel®","RPC","Active","1 kOhms","±5%","0.75W, 3/4W","Thick Film","Automotive AEC-Q200, Pulse Withstanding","±100ppm/°C","-55°C ~ 155°C","2010 (5025 Metric)","2010","0.197"" L x 0.098"" W (5.00mm x 2.50mm)","0.026"" (0.65mm)","2","-","-","https://www.digikey.be/en/products/detail/stackpole-electronics-inc/RPC2010JT1K00/1684137"
"https://www.koaspeer.com/pdfs/RK73-RT.pdf","//mm.digikey.com/Volume0/opasdata/d220001/medias/images/435/01005-%280402-Metric%29--RK73-RT-Series.jpg","2019-RK73B1FRTTBL102JTR-ND,2019-RK73B1FRTTBL102JCT-ND,2019-RK73B1FRTTBL102JDKR-ND","RK73B1FRTTBL102J","KOA Speer Electronics, Inc.","KOA Speer Electronics, Inc.","RES 1K OHM 5% 1/32W 1005","7.480","0.32","0","1","Tape & Reel (TR),Cut Tape (CT),Digi-Reel®","RK73-RT","Active","1 kOhms","±5%","0.03W, 1/32W","Thick Film","Anti-Sulfur","±250ppm/°C","-55°C ~ 125°C","01005 (0402 Metric)","01005","0.016"" L x 0.008"" W (0.40mm x 0.20mm)","0.006"" (0.15mm)","2","-","-","https://www.digikey.be/en/products/detail/koa-speer-electronics-inc/RK73B1FRTTBL102J/10515646"
"https://yageogroup.com/content/datasheet/asset/file/PYU-RC_GROUP_51_ROHS_L","//mm.digikey.com/Volume0/opasdata/d220001/medias/images/1826/2512-%286432-Metric%29.jpg","13-RC2512JK-7W1KLTR-ND,13-RC2512JK-7W1KLCT-ND,13-RC2512JK-7W1KLDKR-ND","RC2512JK-7W1KL","YAGEO","YAGEO","RES 1K OHM 5% 2W 2512","2.640","0.31","0","1","Tape & Reel (TR),Cut Tape (CT),Digi-Reel®","RC_L","Active","1 kOhms","±5%","2W","Thick Film","Moisture Resistant","±200ppm/°C","-55°C ~ 155°C","2512 (6332 Metric)","2512","0.250"" L x 0.122"" W (6.35mm x 3.10mm)","0.026"" (0.65mm)","2","-","-","https://www.digikey.be/en/products/detail/yageo/RC2512JK-7W1KL/17013159"
"https://industrial.panasonic.com/cdbs/www-data/pdf/RDO0000/RDO0000C337.pdf","//mm.digikey.com/Volume0/opasdata/d220001/medias/images/2502/ERJ-0805%20Pkg.jpg","P16954TR-ND,P16954CT-ND,P16954DKR-ND","ERJ-P6WJ102V","Panasonic Industry","Panasonic Industry","RES SMD 1K OHM 5% 1/2W 0805","18.676","0.31","0","1","Tape & Reel (TR),Cut Tape (CT),Digi-Reel®","ERJ-P6W","Not For New Designs","1 kOhms","±5%","0.5W, 1/2W","Thick Film","Automotive AEC-Q200, Pulse Withstanding","±200ppm/°C","-55°C ~ 155°C","0805 (2012 Metric)","0805","0.079"" L x 0.049"" W (2.00mm x 1.25mm)","0.030"" (0.75mm)","2","-","-","https://www.digikey.be/en/products/detail/panasonic-industry/ERJ-P6WJ102V/4964863"
"https://www.vishay.com/docs/20024/dcrcwife3.pdf","//mm.digikey.com/Volume0/opasdata/d220001/medias/images/2491/CRCW%200603%20%281608metric%29.jpg","541-1.0KAQTR-ND,541-1.0KAQCT-ND,541-1.0KAQDKR-ND","CRCW06031K00JNEAIF","Vishay Dale","Vishay Dale","RES SMD 1K OHM 5% 1/10W 0603","2.000","0.31","0","1","Tape & Reel (TR),Cut Tape (CT),Digi-Reel®","CRCW-IF e3","Active","1 kOhms","±5%","0.125W, 1/8W","Thick Film","Automotive AEC-Q200, Pulse Withstanding","±200ppm/°C","-55°C ~ 155°C","0603 (1608 Metric)","0603","0.061"" L x 0.033"" W (1.55mm x 0.85mm)","0.020"" (0.50mm)","2","-","-","https://www.digikey.be/en/products/detail/vishay-dale/CRCW06031K00JNEAIF/3477274"
"https://www.te.com/commerce/DocumentDelivery/DDEController?Action=srchrtrv&DocNm=9-1773463-8&DocType=Data%20Sheet&DocLang=English&DocFormat=pdf&PartCntxt=2176244-1","//mm.digikey.com/Volume0/opasdata/d220001/medias/images/780/2512-Case-Chip-Resistor.jpg","CRGS2512J1K0-ND","CRGS2512J1K0","TE Connectivity Passive Product","TE Connectivity Passive Product","RES SMD 1K OHM 5% 1.5W 2512","0","0.3023","0","8000","Tape & Reel (TR)","CRGS, Neohm","Active","1 kOhms","±5%","1.5W","Thick Film","Pulse Withstanding","±100ppm/°C","-55°C ~ 155°C","2512 (6332 Metric)","2512","0.250"" L x 0.126"" W (6.35mm x 3.20mm)","0.026"" (0.65mm)","2","-","-","https://www.digikey.be/en/products/detail/te-connectivity-passive-product/CRGS2512J1K0/6043247"
"https://yageogroup.com/content/datasheet/asset/file/PYU-AC_51_ROHS_L","//mm.digikey.com/Volume0/opasdata/d220001/medias/images/4205/AC-Series--SMD-Chip-Resistor.jpg","YAG4051TR-ND,YAG4051CT-ND,YAG4051DKR-ND","AC2512JK-071KL","YAGEO","YAGEO","RES SMD 1K OHM 5% 1W 2512","3.174","0.3","0","1","Tape & Reel (TR),Cut Tape (CT),Digi-Reel®","AC","Active","1 kOhms","±5%","1W","Thick Film","Automotive AEC-Q200, Moisture Resistant","±100ppm/°C","-55°C ~ 155°C","2512 (6332 Metric)","2512","0.250"" L x 0.122"" W (6.35mm x 3.10mm)","0.026"" (0.65mm)","2","-","-","https://www.digikey.be/en/products/detail/yageo/AC2512JK-071KL/5900007"
"https://industrial.panasonic.com/ww/products/pt/anti-sulfurated-chip-resistors/models/ERJS08J102V","//mm.digikey.com/Volume0/opasdata/d220001/medias/images/2384/ERJ-1206%20Pkg.jpg","10-ERJ-S08J102VTR-ND,10-ERJ-S08J102VCT-ND,10-ERJ-S08J102VDKR-ND","ERJ-S08J102V","Panasonic Industry","Panasonic Industry","RES 1K OHM 5% 1/4W 1206","1.333","0.3","0","1","Tape & Reel (TR),Cut Tape (CT),Digi-Reel®","ERJ-S08","Active","1 kOhms","±5%","0.25W, 1/4W","Thick Film","Anti-Sulfur, Automotive AEC-Q200","±200ppm/°C","-55°C ~ 155°C","1206 (3216 Metric)","1206","0.126"" L x 0.063"" W (3.20mm x 1.60mm)","0.028"" (0.70mm)","2","-","-","https://www.digikey.be/en/products/detail/panasonic-industry/ERJ-S08J102V/1162257"
"https://yageogroup.com/content/datasheet/asset/file/PYU-AC_51_ROHS_L","//mm.digikey.com/Volume0/opasdata/d220001/medias/images/4843/YAGEOCHIPRES.jpg","13-AC2512JK-7W1KLTR-ND,13-AC2512JK-7W1KLCT-ND,13-AC2512JK-7W1KLDKR-ND","AC2512JK-7W1KL","YAGEO","YAGEO","RES 1K OHM 5% 2W 2512","0","0.3","0","1","Tape & Reel (TR),Cut Tape (CT),Digi-Reel®","AC","Active","1 kOhms","±5%","2W","Thick Film","Automotive AEC-Q200, Moisture Resistant","±100ppm/°C","-55°C ~ 155°C","2512 (6332 Metric)","2512","0.250"" L x 0.122"" W (6.35mm x 3.10mm)","0.026"" (0.65mm)","2","-","-","https://www.digikey.be/en/products/detail/yageo/AC2512JK-7W1KL/17014801"
"https://industrial.panasonic.com/cdbs/www-data/pdf/RDA0000/AOA0000C301.pdf","//mm.digikey.com/Volume0/opasdata/d220001/medias/images/2459/ERJ-2010%20Pkg.jpg","P1.0KWTR-ND,P1.0KWCT-ND,P1.0KWDKR-ND","ERJ-12ZYJ102U","Panasonic Industry","Panasonic Industry","RES 1K OHM 5% 3/4W 2010","8.524","0.29","0","1","Tape & Reel (TR),Cut Tape (CT),Digi-Reel®","ERJ-12Z","Not For New Designs","1 kOhms","±5%","0.75W, 3/4W","Thick Film","Automotive AEC-Q200","±200ppm/°C","-55°C ~ 155°C","2010 (5025 Metric)","2010","0.197"" L x 0.098"" W (5.00mm x 2.50mm)","0.028"" (0.70mm)","2","-","-","https://www.digikey.be/en/products/detail/panasonic-industry/ERJ-12ZYJ102U/249354"
"https://industrial.panasonic.com/ww/products/pt/current-sensing-chip-resistors/models/ERJA1AJ102U","//mm.digikey.com/Volume0/opasdata/d220001/medias/images/2494/ERJ-2512%20Pkg.jpg","ERJ-A1AJ102U-ND","ERJ-A1AJ102U","Panasonic Industry","Panasonic Industry","RES SMD 1K OHM 1.33W 2512 WIDE","0","0.28042","0","4000","Tape & Reel (TR)","ERJ-A1","Active","1 kOhms","±5%","1.33W","Thick Film","Automotive AEC-Q200, Current Sense","±200ppm/°C","-55°C ~ 155°C","Wide 2512 (6432 Metric), 1225 Convex","2512","0.126"" L x 0.252"" W (3.20mm x 6.40mm)","0.026"" (0.65mm)","2","-","-","https://www.digikey.be/en/products/detail/panasonic-industry/ERJ-A1AJ102U/674323"
"https://www.te.com/commerce/DocumentDelivery/DDEController?Action=srchrtrv&DocNm=1773139&DocType=DS&DocLang=English","//mm.digikey.com/Volume0/opasdata/d220001/medias/images/2503/3520%20Series.jpg","A102507TR-ND,A102507CT-ND,A102507DKR-ND","35201K0JT","TE Connectivity Passive Product","TE Connectivity Passive Product","RES SMD 1K OHM 5% 1W 2512","16.805","0.28","0","1","Tape & Reel (TR),Cut Tape (CT),Digi-Reel®","3520, CGS","Active","1 kOhms","±5%","1W","Thick Film","-","±200ppm/°C","-55°C ~ 125°C","2512 (6332 Metric)","2512","0.252"" L x 0.126"" W (6.40mm x 3.20mm)","0.028"" (0.70mm)","2","-","-","https://www.digikey.be/en/products/detail/te-connectivity-passive-product/35201K0JT/2364849"
"https://yageogroup.com/content/datasheet/asset/file/PYU-AR_51_ROHS_L","//mm.digikey.com/Volume0/opasdata/d220001/medias/images/4843/YAGEOCHIPRES.jpg","13-AR0805JR-071KLTR-ND,13-AR0805JR-071KLCT-ND,13-AR0805JR-071KLDKR-ND","AR0805JR-071KL","YAGEO","YAGEO","RES 1K OHM 5% 1/8W 0805","4.640","0.28","0","1","Tape & Reel (TR),Cut Tape (CT),Digi-Reel®","AR","Active","1 kOhms","±5%","0.125W, 1/8W","Thick Film","Moisture Resistant","±100ppm/°C","-55°C ~ 155°C","0805 (2012 Metric)","0805","0.079"" L x 0.049"" W (2.00mm x 1.25mm)","0.024"" (0.60mm)","2","-","-","https://www.digikey.be/en/products/detail/yageo/AR0805JR-071KL/16990418"
"https://www.te.com/commerce/DocumentDelivery/DDEController?Action=srchrtrv&DocNm=1773242&DocType=Data%20Sheet&DocLang=English&DocFormat=pdf&PartCntxt=6-1676966-9","-","1111-SMF31K0JTTR-ND","SMF31K0JT","TE Connectivity AMP Connectors","TE Connectivity","SMF3 1K0 5%","0","0.26769","0","1000","Tape & Reel (TR)","SM, CGS","Active","1 kOhms","±5%","3W","Metal Film","Flame Retardant Coating, Safety","±100ppm/°C","-55°C ~ 200°C","4122 (10555 Metric), J-Lead","SMD","0.413"" L x 0.217"" W (10.50mm x 5.50mm)","0.209"" (5.30mm)","2","-","-","https://www.digikey.be/en/products/detail/te-connectivity/SMF31K0JT/29255186"
"https://www.te.com/commerce/DocumentDelivery/DDEController?Action=srchrtrv&DocNm=1773242&DocType=Data%20Sheet&DocLang=English&DocFormat=pdf&PartCntxt=6-1676966-9","//mm.digikey.com/Volume0/opasdata/d220001/medias/images/2472/4122%20%2810555%20Metric%29%2C%20J-Lead.JPG","SMF31K0JTX-ND","SMF31K0JTX","TE Connectivity Passive Product","TE Connectivity Passive Product","RES SMD 1K OHM 5% 3W 4122","0","0.26346","0","1000","Tape & Reel (TR)","SM, CGS","Active","1 kOhms","±5%","3W","Metal Film","Flame Retardant Coating, Safety","±100ppm/°C","-55°C ~ 200°C","4122 (10555 Metric), J-Lead","SMD","0.413"" L x 0.217"" W (10.50mm x 5.50mm)","0.209"" (5.30mm)","2","-","-","https://www.digikey.be/en/products/detail/te-connectivity-passive-product/SMF31K0JTX/7493502"
"https://yageogroup.com/content/datasheet/asset/file/PYU-RC_GROUP_51_ROHS_L","//mm.digikey.com/Volume0/opasdata/d220001/medias/images/2289/Yageo-RC1218.jpg","13-RC1218JK-071KLTR-ND,13-RC1218JK-071KLCT-ND,13-RC1218JK-071KLDKR-ND","RC1218JK-071KL","YAGEO","YAGEO","RES 1K OHM 5% 1W 1812 WIDE","3.692","0.26","0","1","Tape & Reel (TR),Cut Tape (CT),Digi-Reel®","RC_L","Active","1 kOhms","±5%","1W","Thick Film","Moisture Resistant","±100ppm/°C","-55°C ~ 155°C","Wide 1812 (4532 Metric), 1218","1218","0.122"" L x 0.181"" W (3.10mm x 4.60mm)","0.026"" (0.65mm)","2","-","-","https://www.digikey.be/en/products/detail/yageo/RC1218JK-071KL/5920849"
"https://fscdn.rohm.com/en/products/databook/datasheet/passive/resistor/chip_resistor/esr-e.pdf","//mm.digikey.com/Volume0/opasdata/d220001/medias/images/5652/511_ESR01.jpg","RHM1.0KAXTR-ND,RHM1.0KAXCT-ND,RHM1.0KAXDKR-ND","ESR25JZPJ102","Rohm Semiconductor","Rohm Semiconductor","RES 1K OHM 5% 1W 1210","4.269","0.25","0","1","Tape & Reel (TR),Cut Tape (CT),Digi-Reel®","ESR","Active","1 kOhms","±5%","1W","Thick Film","Automotive AEC-Q200, Pulse Withstanding","±200ppm/°C","-55°C ~ 155°C","1210 (3225 Metric)","1210","0.126"" L x 0.098"" W (3.20mm x 2.50mm)","0.026"" (0.65mm)","2","-","-","https://www.digikey.be/en/products/detail/rohm-semiconductor/ESR25JZPJ102/2288498"
"https://www.te.com/commerce/DocumentDelivery/DDEController?Action=srchrtrv&DocNm=1773204-3&DocType=Data%20Sheet&DocLang=English&DocFormat=pdf&PartCntxt=4-2176338-3","//mm.digikey.com/Volume0/opasdata/d220001/medias/images/780/2512-Case-Chip-Resistor.jpg","A130306TR-ND,A130306CT-ND,A130306DKR-ND","CRGCQ2512J1K0","TE Connectivity Passive Product","TE Connectivity Passive Product","RES 1K OHM 5% 1W 2512","20.419","0.25","0","1","Tape & Reel (TR),Cut Tape (CT),Digi-Reel®","CRGCQ","Active","1 kOhms","±5%","1W","Thick Film","Automotive AEC-Q200, Moisture Resistant","±100ppm/°C","-55°C ~ 155°C","2512 (6332 Metric)","2512","0.250"" L x 0.126"" W (6.35mm x 3.20mm)","0.026"" (0.65mm)","2","-","-","https://www.digikey.be/en/products/detail/te-connectivity-passive-product/CRGCQ2512J1K0/8576908"
"https://industrial.panasonic.com/cdbs/www-data/pdf/RDP0000/AOA0000C334.pdf","//mm.digikey.com/Volume0/opasdata/d220001/medias/images/499/MFG_ERJ-U0X_Series.jpg","10-ERJ-U0XJ102YTR-ND,10-ERJ-U0XJ102YCT-ND,10-ERJ-U0XJ102YDKR-ND","ERJ-U0XJ102Y","Panasonic Industry","Panasonic Industry","RES 1K OHM 5% 1/32W 01005","27.994","0.25","0","1","Tape & Reel (TR),Cut Tape (CT),Digi-Reel®","ERJ-U0X","Active","1 kOhms","±5%","0.03W, 1/32W","Thick Film","Anti-Sulfur","±200ppm/°C","-55°C ~ 125°C","01005 (0402 Metric)","01005","0.016"" L x 0.008"" W (0.40mm x 0.20mm)","0.006"" (0.15mm)","2","-","-","https://www.digikey.be/en/products/detail/panasonic-industry/ERJ-U0XJ102Y/12809660"
"https://www.te.com/commerce/DocumentDelivery/DDEController?Action=srchrtrv&DocNm=9-1773463-8&DocType=Data%20Sheet&DocLang=English&DocFormat=pdf&PartCntxt=2176244-1","//mm.digikey.com/Volume0/opasdata/d220001/medias/images/4847/1712_0805%20PKG.jpg","1712-CRGS0805J1K0TR-ND,1712-CRGS0805J1K0CT-ND,1712-CRGS0805J1K0DKR-ND","CRGS0805J1K0","TE Connectivity Passive Product","TE Connectivity Passive Product","RES SMD 1K OHM 5% 1/2W 0805","16.803","0.25","0","1","Tape & Reel (TR),Cut Tape (CT),Digi-Reel®","CRGS, Neohm","Active","1 kOhms","±5%","0.5W, 1/2W","Thick Film","Pulse Withstanding","±100ppm/°C","-55°C ~ 155°C","0805 (2012 Metric)","0805","0.079"" L x 0.049"" W (2.00mm x 1.25mm)","0.026"" (0.65mm)","2","-","-","https://www.digikey.be/en/products/detail/te-connectivity-passive-product/CRGS0805J1K0/6042992"
"https://yageogroup.com/content/Resource%20Library/Datasheet/PYU-SR_20105_ROHS_L.pdf","//mm.digikey.com/Volume0/opasdata/d220001/medias/images/4845/13_1206-%283216-metric%29.jpg","311-1KNLTR-ND,311-1KNLCT-ND,311-1KNLDKR-ND","SR1206JR-071KL","YAGEO","YAGEO","RES 1K OHM 5% 1/4W 1206","180","0.25","0","1","Tape & Reel (TR),Cut Tape (CT),Digi-Reel®","SR","Active","1 kOhms","±5%","0.25W, 1/4W","Thick Film","Automotive AEC-Q200, Pulse Withstanding","±100ppm/°C","-55°C ~ 155°C","1206 (3216 Metric)","1206","0.122"" L x 0.063"" W (3.10mm x 1.60mm)","0.026"" (0.65mm)","2","-","-","https://www.digikey.be/en/products/detail/yageo/SR1206JR-071KL/2827774"
"https://www.koaspeer.com/pdfs/RK73B.pdf","//mm.digikey.com/Volume0/opasdata/d220001/medias/images/332/KOA-Speer-RK73B-2512-%286432-Metric%29.jpg","2019-RK73B3ATTE102JTR-ND,2019-RK73B3ATTE102JCT-ND,2019-RK73B3ATTE102JDKR-ND","RK73B3ATTE102J","KOA Speer Electronics, Inc.","KOA Speer Electronics, Inc.","RES 1K OHM 5% 1W 2512","8.244","0.24","0","1","Tape & Reel (TR),Cut Tape (CT),Digi-Reel®","RK73B","Active","1 kOhms","±5%","1W","Thick Film","Automotive AEC-Q200","±200ppm/°C","-55°C ~ 155°C","2512 (6332 Metric)","2512","0.248"" L x 0.122"" W (6.30mm x 3.10mm)","0.028"" (0.70mm)","2","-","-","https://www.digikey.be/en/products/detail/koa-speer-electronics-inc/RK73B3ATTE102J/10425216"
"https://www.vishay.com/docs/20024/dcrcwife3.pdf","//mm.digikey.com/Volume0/opasdata/d220001/medias/images/2443/CRCW-IF%200402%20%281005%20Metric%29.jpg","541-1.0KATTR-ND,541-1.0KATCT-ND,541-1.0KATDKR-ND","CRCW04021K00JNEDIF","Vishay Dale","Vishay Dale","RES SMD 1K OHM 5% 1/16W 0402","6.054","0.24","0","1","Tape & Reel (TR),Cut Tape (CT),Digi-Reel®","CRCW-IF e3","Active","1 kOhms","±5%","0.1W, 1/10W","Thick Film","Automotive AEC-Q200, Pulse Withstanding","±200ppm/°C","-55°C ~ 155°C","0402 (1005 Metric)","0402","0.039"" L x 0.020"" W (1.00mm x 0.50mm)","0.016"" (0.40mm)","2","-","-","https://www.digikey.be/en/products/detail/vishay-dale/CRCW04021K00JNEDIF/3477255"
"https://yageogroup.com/content/Resource%20Library/Datasheet/PYU-SR_20105_ROHS_L.pdf","//mm.digikey.com/Volume0/opasdata/d220001/medias/images/728/0402-%281005-Metric%29-SR-Series.jpg","YAG6157TR-ND,YAG6157CT-ND,YAG6157DKR-ND","SR0402JR-7W1KL","YAGEO","YAGEO","RES 1K OHM 5% 1/8W 0402","12.403","0.24","0","1","Tape & Reel (TR),Cut Tape (CT),Digi-Reel®","SR","Active","1 kOhms","±5%","0.125W, 1/8W","Thick Film","Automotive AEC-Q200, Pulse Withstanding","±100ppm/°C","-55°C ~ 155°C","0402 (1005 Metric)","0402","0.039"" L x 0.020"" W (1.00mm x 0.50mm)","0.016"" (0.40mm)","2","-","-","https://www.digikey.be/en/products/detail/yageo/SR0402JR-7W1KL/9696395"
"https://www.vishay.com/docs/20035/dcrcwe3.pdf","//mm.digikey.com/Volume0/opasdata/d220001/medias/images/596/Vishay-CRCW-2512.jpg","541-1.0KXTR-ND,541-1.0KXCT-ND,541-1.0KXDKR-ND","CRCW25121K00JNEG","Vishay Dale","Vishay Dale","RES SMD 1K OHM 5% 1W 2512","74.333","0.23","0","1","Tape & Reel (TR),Cut Tape (CT),Digi-Reel®","D/CRCW e3","Active","1 kOhms","±5%","1W","Thick Film","Automotive AEC-Q200","±200ppm/°C","-55°C ~ 155°C","2512 (6332 Metric)","2512","0.248"" L x 0.124"" W (6.30mm x 3.15mm)","0.028"" (0.70mm)","2","-","-","https://www.digikey.be/en/products/detail/vishay-dale/CRCW25121K00JNEG/1173441"
"https://www.vishay.com/docs/20043/crcwhpe3.pdf","//mm.digikey.com/Volume0/opasdata/d220001/medias/images/57/MFG_CRCW-HP_e3_Series.jpg","541-CRCW12061K00JNECHPTR-ND,541-CRCW12061K00JNECHPCT-ND,541-CRCW12061K00JNECHPDKR-ND","CRCW12061K00JNECHP","Vishay Dale","Vishay Dale","RES SMD 1K OHM 5% 3/4W 1206","19.280","0.23","0","1","Tape & Reel (TR),Cut Tape (CT),Digi-Reel®","CRCW-HP e3","Active","1 kOhms","±5%","0.75W, 3/4W","Thick Film","Automotive AEC-Q200, Pulse Withstanding","±200ppm/°C","-55°C ~ 155°C","1206 (3216 Metric)","1206","0.122"" L x 0.063"" W (3.10mm x 1.60mm)","0.026"" (0.65mm)","2","-","-","https://www.digikey.be/en/products/detail/vishay-dale/CRCW12061K00JNECHP/5076644"
"https://yageogroup.com/content/datasheet/asset/file/PYU-AR_51_ROHS_L","//mm.digikey.com/Volume0/opasdata/d220001/medias/images/4849/13_0402-%281005-metric%29.jpg","13-AR0402JR-071KLTR-ND,13-AR0402JR-071KLCT-ND,13-AR0402JR-071KLDKR-ND","AR0402JR-071KL","YAGEO","YAGEO","RES SMD 1K OHM 5% 1/16W 0402","9.690","0.23","0","1","Tape & Reel (TR),Cut Tape (CT),Digi-Reel®","AR","Active","1 kOhms","±5%","0.063W, 1/16W","Thick Film","Moisture Resistant","±100ppm/°C","-55°C ~ 155°C","0402 (1005 Metric)","0402","0.039"" L x 0.020"" W (1.00mm x 0.50mm)","0.016"" (0.40mm)","2","-","-","https://www.digikey.be/en/products/detail/yageo/AR0402JR-071KL/5904584"
"https://www.seielect.Com/catalog/SEI-RMAN.pdf","//mm.digikey.com/Volume0/opasdata/d220001/medias/images/8880/738_RMAN_2512%286432_Metric%29.jpg","738-RMAN2512JT1K00TR-ND","RMAN2512JT1K00","Stackpole Electronics Inc","Stackpole Electronics Inc","RES, AIN, 2512, 1 KOHM, 5%, 3.5W","0","0.21272","0","28000","Tape & Reel (TR)","RMAN","Active","1 kOhms","±5%","3.5W","Thick Film","-","±150ppm/°C","-55°C ~ 155°C","2512 (6432 Metric)","2512","0.250"" L x 0.124"" W (6.35mm x 3.15mm)","0.020"" (0.51mm)","2","-","-","https://www.digikey.be/en/products/detail/stackpole-electronics-inc/RMAN2512JT1K00/27729484"
"https://www.te.com/commerce/DocumentDelivery/DDEController?Action=srchrtrv&DocNm=1773204-4&DocType=DS&DocLang=English","-","1111-35021K0JTTR-ND","35021K0JT","TE Connectivity AMP Connectors","TE Connectivity","3502 1K0 5%","0","0.21168","0","2000","Tape & Reel (TR)","3502, CGS","Active","1 kOhms","±5%","2W","Thick Film","-","±100ppm/°C","-55°C ~ 155°C","2010 (5025 Metric)","2010","0.197"" L x 0.098"" W (5.00mm x 2.50mm)","0.047"" (1.20mm)","2","-","-","https://www.digikey.be/en/products/detail/te-connectivity/35021K0JT/29240806"
"https://yageogroup.com/content/datasheet/asset/file/PYU-RC_GROUP_51_ROHS_L","//mm.digikey.com/Volume0/opasdata/d220001/medias/images/1826/2512-%286432-Metric%29.jpg","YAG3397TR-ND,YAG3397CT-ND,YAG3397DKR-ND","RC2512JK-071KL","YAGEO","YAGEO","RES 1K OHM 5% 1W 2512","28.554","0.21","0","1","Tape & Reel (TR),Cut Tape (CT),Digi-Reel®","RC_L","Active","1 kOhms","±5%","1W","Thick Film","Moisture Resistant","±100ppm/°C","-55°C ~ 155°C","2512 (6332 Metric)","2512","0.250"" L x 0.122"" W (6.35mm x 3.10mm)","0.026"" (0.65mm)","2","-","-","https://www.digikey.be/en/products/detail/yageo/RC2512JK-071KL/5922509"
"https://yageogroup.com/content/datasheet/asset/file/PYU-AC_51_ROHS_L","//mm.digikey.com/Volume0/opasdata/d220001/medias/images/4205/AC-Series--SMD-Chip-Resistor.jpg","YAG4024TR-ND,YAG4024CT-ND,YAG4024DKR-ND","AC2010JK-071KL","YAGEO","YAGEO","RES SMD 1K OHM 5% 3/4W 2010","8.243","0.21","0","1","Tape & Reel (TR),Cut Tape (CT),Digi-Reel®","AC","Active","1 kOhms","±5%","0.75W, 3/4W","Thick Film","Automotive AEC-Q200, Moisture Resistant","±100ppm/°C","-55°C ~ 155°C","2010 (5025 Metric)","2010","0.197"" L x 0.098"" W (5.00mm x 2.50mm)","0.026"" (0.65mm)","2","-","-","https://www.digikey.be/en/products/detail/yageo/AC2010JK-071KL/5899293"
"https://www.bourns.com/docs/Product-Datasheets/CMP-Q.pdf","//mm.digikey.com/Volume0/opasdata/d220001/medias/images/5031/MFG_CMP-Q_image.jpg","118-CMP1206QJW-102ELFTR-ND,118-CMP1206QJW-102ELFCT-ND","CMP1206QJW-102ELF","Bourns Inc.","Bourns Inc.","RES CHIP 1206 1K 5% 3/4W TC200","4.490","0.21","0","1","Tape & Reel (TR),Cut Tape (CT)","CMP-Q","Active","1 kOhms","±5%","0.75W, 3/4W","Thick Film","Automotive AEC-Q200, Pulse Withstanding","±200ppm/°C","-55°C ~ 155°C","1206 (3216 Metric)","1206","0.122"" L x 0.063"" W (3.10mm x 1.60mm)","0.026"" (0.65mm)","2","-","-","https://www.digikey.be/en/products/detail/bourns-inc/CMP1206QJW-102ELF/17737312"
"//mm.digikey.com/Volume0/opasdata/d220001/medias/docus/6538/696_PCR_Datasheet.pdf","//mm.digikey.com/Volume0/opasdata/d220001/medias/images/504/MFG_PCR.jpg","696-PCR0805-1KJ1TR-ND,696-PCR0805-1KJ1CT-ND","PCR0805-1KJ1","Riedon products by Bourns","Riedon products by Bourns","RES SMD 1K OHM 5% 1/4W 0805","2.870","0.21","0","1","Tape & Reel (TR),Cut Tape (CT)","PCR","Obsolete","1 kOhms","±5%","0.25W, 1/4W","Thick Film","Pulse Withstanding","±100ppm/°C","-55°C ~ 155°C","0805 (2012 Metric)","0805","0.079"" L x 0.049"" W (2.00mm x 1.25mm)","0.024"" (0.60mm)","2","-","-","https://www.digikey.be/en/products/detail/riedon-products-by-bourns/PCR0805-1KJ1/3507289"
"https://www.koaspeer.com/pdfs/SLR1.pdf","//mm.digikey.com/Volume0/opasdata/d220001/medias/images/4840/SLR1X.jpg","2019-SLR1TTE102JTR-ND","SLR1TTE102J","KOA Speer Electronics, Inc.","KOA Speer Electronics, Inc.","SLR SMD-RESISTOR CURRENT SENSE","0","0.2021","0","1000","Tape & Reel (TR)","SLR1","Active","1 kOhms","±5%","1W","Thick Film","Automotive AEC-Q200","±100ppm/°C","-55°C ~ 180°C","2512 J-Lead","-","0.248"" L x 0.122"" W (6.30mm x 3.10mm)","0.083"" (2.10mm)","2","-","-","https://www.digikey.be/en/products/detail/koa-speer-electronics-inc/SLR1TTE102J/15768349"
"https://fscdn.rohm.com/en/products/databook/datasheet/passive/resistor/chip_resistor/esr-e.pdf","//mm.digikey.com/Volume0/opasdata/d220001/medias/images/5652/511_ESR01.jpg","RHM1002TR-ND,RHM1002CT-ND,RHM1002DKR-ND","ESR01MZPJ102","Rohm Semiconductor","Rohm Semiconductor","RES 1K OHM 5% 1/5W 0402","25.933","0.2","0","1","Tape & Reel (TR),Cut Tape (CT),Digi-Reel®","ESR","Active","1 kOhms","±5%","0.2W, 1/5W","Thick Film","Automotive AEC-Q200, Pulse Withstanding","±200ppm/°C","-55°C ~ 155°C","0402 (1005 Metric)","0402","0.039"" L x 0.020"" W (1.00mm x 0.50mm)","0.016"" (0.40mm)","2","-","-","https://www.digikey.be/en/products/detail/rohm-semiconductor/ESR01MZPJ102/4051146"
"https://www.koaspeer.com/pdfs/RK73B.pdf","//mm.digikey.com/Volume0/opasdata/d220001/medias/images/320/2019%3B%3BTLR-2010%285025%29-1mOhm.JPG","2019-RK73B2HTTE102JTR-ND,2019-RK73B2HTTE102JCT-ND,2019-RK73B2HTTE102JDKR-ND","RK73B2HTTE102J","KOA Speer Electronics, Inc.","KOA Speer Electronics, Inc.","RES 1K OHM 5% 3/4W 2010","20.824","0.2","0","1","Tape & Reel (TR),Cut Tape (CT),Digi-Reel®","RK73B","Active","1 kOhms","±5%","0.75W, 3/4W","Thick Film","Automotive AEC-Q200","±200ppm/°C","-55°C ~ 155°C","2010 (5025 Metric)","2010","0.197"" L x 0.098"" W (5.00mm x 2.50mm)","0.028"" (0.70mm)","2","-","-","https://www.digikey.be/en/products/detail/koa-speer-electronics-inc/RK73B2HTTE102J/10393884"
"https://industrial.panasonic.com/cdbs/www-data/pdf/RDO0000/AOA0000C331.pdf","//mm.digikey.com/Volume0/opasdata/d220001/medias/images/2435/ERJ-1210%20Pkg.jpg","P1.0KASTR-ND,P1.0KASCT-ND,P1.0KASDKR-ND","ERJ-P14J102U","Panasonic Industry","Panasonic Industry","RES SMD 1K OHM 5% 1/2W 1210","5.869","0.2","0","1","Tape & Reel (TR),Cut Tape (CT),Digi-Reel®","ERJ-P14","Active","1 kOhms","±5%","0.5W, 1/2W","Thick Film","Automotive AEC-Q200, Pulse Withstanding","±200ppm/°C","-55°C ~ 155°C","1210 (3225 Metric)","1210","0.126"" L x 0.098"" W (3.20mm x 2.50mm)","0.028"" (0.70mm)","2","-","-","https://www.digikey.be/en/products/detail/panasonic-industry/ERJ-P14J102U/570370"
"https://yageogroup.com/content/datasheet/asset/file/PYU-AR_51_ROHS_L","//mm.digikey.com/Volume0/opasdata/d220001/medias/images/4848/13_0603-%281608-metric%29.jpg","13-AR0603JR-071KLTR-ND,13-AR0603JR-071KLCT-ND,13-AR0603JR-071KLDKR-ND","AR0603JR-071KL","YAGEO","YAGEO","RES SMD 1K OHM 5% 1/10W 0603","4.551","0.2","0","1","Tape & Reel (TR),Cut Tape (CT),Digi-Reel®","AR","Active","1 kOhms","±5%","0.1W, 1/10W","Thick Film","Moisture Resistant","±100ppm/°C","-55°C ~ 155°C","0603 (1608 Metric)","0603","0.063"" L x 0.031"" W (1.60mm x 0.80mm)","0.022"" (0.55mm)","2","-","-","https://www.digikey.be/en/products/detail/yageo/AR0603JR-071KL/5904764"
"https://www.vishay.com/docs/20035/dcrcwe3.pdf","//mm.digikey.com/Volume0/opasdata/d220001/medias/images/2416/CRCW%202010%20%285025metric%29.jpg","541-1.0KWTR-ND,541-1.0KWCT-ND,541-1.0KWDKR-ND","CRCW20101K00JNEF","Vishay Dale","Vishay Dale","RES SMD 1K OHM 5% 3/4W 2010","24.507","0.2","0","1","Tape & Reel (TR),Cut Tape (CT),Digi-Reel®","D/CRCW e3","Active","1 kOhms","±5%","0.75W, 3/4W","Thick Film","Automotive AEC-Q200","±200ppm/°C","-55°C ~ 155°C","2010 (5025 Metric)","2010","0.197"" L x 0.098"" W (5.00mm x 2.50mm)","0.028"" (0.70mm)","2","-","-","https://www.digikey.be/en/products/detail/vishay-dale/CRCW20101K00JNEF/1173835"
"https://industrial.panasonic.com/cdbs/www-data/pdf/RDA0000/AOA0000C301.pdf","//mm.digikey.com/Volume0/opasdata/d220001/medias/images/2435/ERJ-1210%20Pkg.jpg","P1.0KVTR-ND,P1.0KVCT-ND,P1.0KVDKR-ND","ERJ-14YJ102U","Panasonic Industry","Panasonic Industry","RES SMD 1K OHM 5% 1/2W 1210","14.642","0.2","0","1","Tape & Reel (TR),Cut Tape (CT),Digi-Reel®","ERJ-14","Not For New Designs","1 kOhms","±5%","0.5W, 1/2W","Thick Film","Automotive AEC-Q200","±200ppm/°C","-55°C ~ 155°C","1210 (3225 Metric)","1210","0.126"" L x 0.098"" W (3.20mm x 2.50mm)","0.028"" (0.70mm)","2","-","-","https://www.digikey.be/en/products/detail/panasonic-industry/ERJ-14YJ102U/249233"
"https://yageogroup.com/content/Resource%20Library/Datasheet/PYU-SR_20105_ROHS_L.pdf","//mm.digikey.com/Volume0/opasdata/d220001/medias/images/743/0603-%281608-Metric%29-SR-Series.jpg","YAG6166TR-ND,YAG6166CT-ND,YAG6166DKR-ND","SR0603JR-7T1KL","YAGEO","YAGEO","RES 1K OHM 5% 1/4W 0603","14.453","0.2","0","1","Tape & Reel (TR),Cut Tape (CT),Digi-Reel®","SR","Active","1 kOhms","±5%","0.25W, 1/4W","Thick Film","Automotive AEC-Q200, Pulse Withstanding","±100ppm/°C","-55°C ~ 155°C","0603 (1608 Metric)","0603","0.063"" L x 0.031"" W (1.60mm x 0.80mm)","0.022"" (0.55mm)","2","-","-","https://www.digikey.be/en/products/detail/yageo/SR0603JR-7T1KL/9696404"
"https://industrial.panasonic.com/cdbs/www-data/pdf/RDP0000/AOA0000C334.pdf","//mm.digikey.com/Volume0/opasdata/d220001/medias/images/2502/ERJ-0805%20Pkg.jpg","10-ERJ-U01J102CTR-ND,10-ERJ-U01J102CCT-ND,10-ERJ-U01J102CDKR-ND","ERJ-U01J102C","Panasonic Industry","Panasonic Industry","RES 1K OHM 5% 1/20W 0201","8.740","0.2","0","1","Tape & Reel (TR),Cut Tape (CT),Digi-Reel®","ERJ-U01","Active","1 kOhms","±5%","0.05W, 1/20W","Thick Film","Anti-Sulfur","±200ppm/°C","-55°C ~ 125°C","0201 (0603 Metric)","0201","0.024"" L x 0.012"" W (0.60mm x 0.30mm)","0.010"" (0.26mm)","2","-","-","https://www.digikey.be/en/products/detail/panasonic-industry/ERJ-U01J102C/11635430"
"https://industrial.panasonic.com/ww/products/pt/anti-sulfurated-chip-resistors/models/ERJS06J102V","//mm.digikey.com/Volume0/opasdata/d220001/medias/images/6808/ERJseries_0805-2012.jpg","10-ERJ-S06J102VTR-ND,10-ERJ-S06J102VCT-ND,10-ERJ-S06J102VDKR-ND","ERJ-S06J102V","Panasonic Industry","Panasonic Industry","RES 1K OHM 5% 1/8W 0805","8.438","0.2","0","1","Tape & Reel (TR),Cut Tape (CT),Digi-Reel®","ERJ-S06","Active","1 kOhms","±5%","0.125W, 1/8W","Thick Film","Anti-Sulfur, Automotive AEC-Q200","±200ppm/°C","-55°C ~ 155°C","0805 (2012 Metric)","0805","0.079"" L x 0.049"" W (2.00mm x 1.25mm)","0.028"" (0.70mm)","2","-","-","https://www.digikey.be/en/products/detail/panasonic-industry/ERJ-S06J102V/1162642"
"https://www.vishay.com/docs/20065/rcse3.pdf","//mm.digikey.com/Volume0/opasdata/d220001/medias/images/2606/WSL%201206.jpg","541-10583-2-ND,541-10583-1-ND,541-10583-6-ND","RCS12061K00JNEA","Vishay Dale","Vishay Dale","RES 1K OHM 5% 1W 1206","3.967","0.2","0","1","Tape & Reel (TR),Cut Tape (CT),Digi-Reel®","RCS e3","Active","1 kOhms","±5%","1W","Thick Film","Automotive AEC-Q200, Pulse Withstanding","±200ppm/°C","-55°C ~ 155°C","1206 (3216 Metric)","1206","0.126"" L x 0.063"" W (3.20mm x 1.60mm)","0.026"" (0.65mm)","2","-","-","https://www.digikey.be/en/products/detail/vishay-dale/RCS12061K00JNEA/10059649"
"https://www.te.com/commerce/DocumentDelivery/DDEController?Action=srchrtrv&DocNm=1773204-3&DocType=Data%20Sheet&DocLang=English&DocFormat=pdf&PartCntxt=4-2176338-3","//mm.digikey.com/Volume0/opasdata/d220001/medias/images/882/2010-Case-Chip-Resistor.jpg","A130263TR-ND,A130263CT-ND,A130263DKR-ND","CRGCQ2010J1K0","TE Connectivity Passive Product","TE Connectivity Passive Product","RES 1K OHM 5% 3/4W 2010","22.405","0.2","0","1","Tape & Reel (TR),Cut Tape (CT),Digi-Reel®","CRGCQ","Active","1 kOhms","±5%","0.75W, 3/4W","Thick Film","Automotive AEC-Q200, Moisture Resistant","±100ppm/°C","-55°C ~ 155°C","2010 (5025 Metric)","2010","0.197"" L x 0.098"" W (5.00mm x 2.50mm)","0.026"" (0.65mm)","2","-","-","https://www.digikey.be/en/products/detail/te-connectivity-passive-product/CRGCQ2010J1K0/8576865"
"http://www.bourns.com/docs/Product-Datasheets/CRS-Q.pdf","//mm.digikey.com/Volume0/opasdata/d220001/medias/images/5015/MFG_CRS-Q_image.jpg","118-CRS1206QJW-102ELFTR-ND,118-CRS1206QJW-102ELFCT-ND,118-CRS1206QJW-102ELFDKR-ND","CRS1206QJW-102ELF","Bourns Inc.","Bourns Inc.","RES 1K OHM 5% 1/2W 1206","9.618","0.2","0","1","Tape & Reel (TR),Cut Tape (CT),Digi-Reel®","CRS-Q","Active","1 kOhms","±5%","0.5W, 1/2W","Thick Film","Automotive AEC-Q200, Pulse Withstanding","±200ppm/°C","-55°C ~ 155°C","1206 (3216 Metric)","1206","0.122"" L x 0.063"" W (3.10mm x 1.60mm)","0.026"" (0.65mm)","2","-","-","https://www.digikey.be/en/products/detail/bourns-inc/CRS1206QJW-102ELF/17737290"
"https://calchip.com/wp-content/uploads/2023/05/rm_series.pdf","//mm.digikey.com/Volume0/opasdata/d220001/medias/images/6167/MFG_RM-.jpg","4713-RM25J102CTTR-ND,4713-RM25J102CT-ND,4713-RM25J102CTDKR-ND","RM25J102CT","Cal-Chip Electronics, Inc.","Cal-Chip Electronics, Inc.","RES2512 5% 1K OHM","3.965","0.2","0","1","Tape & Reel (TR),Cut Tape (CT),Digi-Reel®","RM","Active","1 kOhms","±5%","1W","Thick Film","-","±100ppm/°C","-55°C ~ 155°C","2512 (6332 Metric)","2512","0.250"" L x 0.122"" W (6.35mm x 3.10mm)","0.026"" (0.65mm)","2","-","-","https://www.digikey.be/en/products/detail/cal-chip-electronics-inc/RM25J102CT/28174777"
"https://www.vishay.com/docs/20035/dcrcwe3.pdf","//mm.digikey.com/Volume0/opasdata/d220001/medias/images/596/Vishay-CRCW-1206.jpg","541-CRCW12061K00JNEBTR-ND,541-CRCW12061K00JNEBCT-ND,541-CRCW12061K00JNEBDKR-ND","CRCW12061K00JNEB","Vishay Dale","Vishay Dale","RES SMD 1K OHM 5% 1/4W 1206","1.121","0.2","0","1","Tape & Reel (TR),Cut Tape (CT),Digi-Reel®","D/CRCW e3","Discontinued at DigiKey","1 kOhms","±5%","0.25W, 1/4W","Thick Film","Automotive AEC-Q200","±200ppm/°C","-55°C ~ 155°C","1206 (3216 Metric)","1206","0.126"" L x 0.063"" W (3.20mm x 1.60mm)","0.024"" (0.60mm)","2","-","-","https://www.digikey.be/en/products/detail/vishay-dale/CRCW12061K00JNEB/5076641"
"https://www.seielect.com/catalog/SEI-RHC.pdf","//mm.digikey.com/Volume0/opasdata/d220001/medias/images/6808/RHCseries_2512-6432.jpg","RHC2512JT1K00-ND","RHC2512JT1K00","Stackpole Electronics Inc","Stackpole Electronics Inc","RES 1K OHM 5% 2W 2512","0","0.19211","0","4000","Tape & Reel (TR)","RHC","Active","1 kOhms","±5%","2W","Thick Film","Moisture Resistant","±100ppm/°C","-55°C ~ 155°C","2512 (6332 Metric)","2512","0.248"" L x 0.126"" W (6.30mm x 3.20mm)","0.028"" (0.70mm)","2","-","-","https://www.digikey.be/en/products/detail/stackpole-electronics-inc/RHC2512JT1K00/6268786"
"https://www.seielect.com/catalog/SEI-RMCF_RMCP.pdf","//mm.digikey.com/Volume0/opasdata/d220001/medias/images/2494/2512%20%286432%20Metric%29.jpg","RMCF2512JT1K00TR-ND,RMCF2512JT1K00CT-ND,RMCF2512JT1K00DKR-ND","RMCF2512JT1K00","Stackpole Electronics Inc","Stackpole Electronics Inc","RES 1K OHM 5% 1W 2512","4.258","0.19","0","1","Tape & Reel (TR),Cut Tape (CT),Digi-Reel®","RMCF","Active","1 kOhms","±5%","1W","Thick Film","Automotive AEC-Q200","±200ppm/°C","-55°C ~ 155°C","2512 (6332 Metric)","2512","0.248"" L x 0.126"" W (6.30mm x 3.20mm)","0.028"" (0.70mm)","2","-","-","https://www.digikey.be/en/products/detail/stackpole-electronics-inc/RMCF2512JT1K00/1757005"
"https://yageogroup.com/content/Resource%20Library/Datasheet/PYU-SR_20105_ROHS_L.pdf","//mm.digikey.com/Volume0/opasdata/d220001/medias/images/4848/13_0805-%282012-metric%29.jpg","13-SR0805JR-071KLTR-ND,13-SR0805JR-071KLCT-ND,13-SR0805JR-071KLDKR-ND","SR0805JR-071KL","YAGEO","YAGEO","RES 1K OHM 5% 1/8W 0805","5.000","0.19","0","1","Tape & Reel (TR),Cut Tape (CT),Digi-Reel®","SR","Active","1 kOhms","±5%","0.125W, 1/8W","Thick Film","Automotive AEC-Q200, Pulse Withstanding","±100ppm/°C","-55°C ~ 155°C","0805 (2012 Metric)","0805","0.079"" L x 0.049"" W (2.00mm x 1.25mm)","0.024"" (0.60mm)","2","-","-","https://www.digikey.be/en/products/detail/yageo/SR0805JR-071KL/5948651"
"https://yageogroup.com/content/Resource%20Library/Datasheet/PYU-SR_20105_ROHS_L.pdf","//mm.digikey.com/Volume0/opasdata/d220001/medias/images/743/0603-%281608-Metric%29-SR-Series.jpg","13-SR0603JR-7W1KLTR-ND,13-SR0603JR-7W1KLCT-ND,13-SR0603JR-7W1KLDKR-ND","SR0603JR-7W1KL","YAGEO","YAGEO","RES 1K OHM 5% 1/5W 0603","3.588","0.19","0","1","Tape & Reel (TR),Cut Tape (CT),Digi-Reel®","SR","Active","1 kOhms","±5%","0.2W, 1/5W","Thick Film","Automotive AEC-Q200, Pulse Withstanding","±100ppm/°C","-55°C ~ 155°C","0603 (1608 Metric)","0603","0.063"" L x 0.031"" W (1.60mm x 0.80mm)","0.022"" (0.55mm)","2","-","-","https://www.digikey.be/en/products/detail/yageo/SR0603JR-7W1KL/17025740"
"https://industrial.panasonic.com/cdbs/www-data/pdf/RDP0000/AOA0000C337.pdf","//mm.digikey.com/Volume0/opasdata/d220001/medias/images/2384/ERJ-1206%20Pkg.jpg","10-ERJ-UP8J102VTR-ND,10-ERJ-UP8J102VCT-ND,10-ERJ-UP8J102VDKR-ND","ERJ-UP8J102V","Panasonic Industry","Panasonic Industry","RES 1K OHM 5% 2/3W 1206","3.581","0.19","0","1","Tape & Reel (TR),Cut Tape (CT),Digi-Reel®","ERJ-UP8","Active","1 kOhms","±5%","0.667W, 2/3W","Thick Film","Anti-Sulfur, Automotive AEC-Q200","±200ppm/°C","-55°C ~ 155°C","1206 (3216 Metric)","1206","0.126"" L x 0.063"" W (3.20mm x 1.60mm)","0.028"" (0.70mm)","2","-","-","https://www.digikey.be/en/products/detail/panasonic-industry/ERJ-UP8J102V/9444594"
"https://industrial.panasonic.com/cdbs/www-data/pdf/RDO0000/AOA0000C331.pdf","//mm.digikey.com/Volume0/opasdata/d220001/medias/images/2606/MFG_ERJ-P6W%20Series.jpg","10-ERJ-P03J102VTR-ND,10-ERJ-P03J102VCT-ND,10-ERJ-P03J102VDKR-ND","ERJ-P03J102V","Panasonic Industry","Panasonic Industry","RES SMD 1 KOHM 5% 1/5W 0603","2.876","0.19","0","1","Tape & Reel (TR),Cut Tape (CT),Digi-Reel®","ERJ-P03","Active","1 kOhms","±5%","0.2W, 1/5W","Thick Film","Automotive AEC-Q200, Pulse Withstanding","±200ppm/°C","-55°C ~ 155°C","0603 (1608 Metric)","0603","0.063"" L x 0.031"" W (1.60mm x 0.80mm)","0.022"" (0.55mm)","2","-","-","https://www.digikey.be/en/products/detail/panasonic-industry/ERJ-P03J102V/9810774"
"https://www.seielect.com/catalog/SEI-RPC.pdf","//mm.digikey.com/Volume0/opasdata/d220001/medias/images/631/RPC2010JT270R.jpg","RPC1206JT1K00-UPTR-ND,RPC1206JT1K00-UPCT-ND,RPC1206JT1K00-UPDKR-ND","RPC1206JT1K00-UP","Stackpole Electronics Inc","Stackpole Electronics Inc","RES 1K OHM 5% 3/4W 1206","4.338","0.19","0","1","Tape & Reel (TR),Cut Tape (CT),Digi-Reel®","RPC","Active","1 kOhms","±5%","0.75W, 3/4W","Thick Film","Automotive AEC-Q200, Pulse Withstanding","±100ppm/°C","-55°C ~ 155°C","1206 (3216 Metric)","1206","0.122"" L x 0.061"" W (3.10mm x 1.55mm)","0.026"" (0.65mm)","2","-","-","https://www.digikey.be/en/products/detail/stackpole-electronics-inc/RPC1206JT1K00-UP/10109059"
"https://www.vishay.com/docs/20043/crcwhpe3.pdf","//mm.digikey.com/Volume0/opasdata/d220001/medias/images/57/MFG_CRCW-HP_e3_Series.jpg","541-1.0KUATR-ND,541-1.0KUACT-ND,541-1.0KUADKR-ND","CRCW12061K00JNEAHP","Vishay Dale","Vishay Dale","RES SMD 1K OHM 5% 3/4W 1206","37","0.19","0","1","Tape & Reel (TR),Cut Tape (CT),Digi-Reel®","CRCW-HP e3","Active","1 kOhms","±5%","0.75W, 3/4W","Thick Film","Automotive AEC-Q200, Pulse Withstanding","±200ppm/°C","-55°C ~ 155°C","1206 (3216 Metric)","1206","0.122"" L x 0.063"" W (3.10mm x 1.60mm)","0.026"" (0.65mm)","2","-","-","https://www.digikey.be/en/products/detail/vishay-dale/CRCW12061K00JNEAHP/2222476"
"https://fscdn.rohm.com/en/products/databook/datasheet/passive/resistor/chip_resistor/mcr-e.pdf","//mm.digikey.com/Volume0/opasdata/d220001/medias/images/667/MCR006.jpg","RHM1.0KBCTR-ND,RHM1.0KBCCT-ND,RHM1.0KBCDKR-ND","MCR100JZHJ102","Rohm Semiconductor","Rohm Semiconductor","RES SMD 1K OHM 5% 1W 2512","0","0.19","0","1","Tape & Reel (TR),Cut Tape (CT),Digi-Reel®","MCR","Obsolete","1 kOhms","±5%","1W","Thick Film","Automotive AEC-Q200","±200ppm/°C","-55°C ~ 125°C","2512 (6332 Metric)","2512","0.248"" L x 0.126"" W (6.30mm x 3.20mm)","0.028"" (0.70mm)","2","-","-","https://www.digikey.be/en/products/detail/rohm-semiconductor/MCR100JZHJ102/2288800"
"https://www.seielect.com/catalog/SEI-RPC.pdf","//mm.digikey.com/Volume0/opasdata/d220001/medias/images/631/RPC2010JT270R.jpg","RPC1206JT1K00TR-ND,RPC1206JT1K00CT-ND,RPC1206JT1K00DKR-ND","RPC1206JT1K00","Stackpole Electronics Inc","Stackpole Electronics Inc","RES 1K OHM 5% 1/3W 1206","34.061","0.18","0","1","Tape & Reel (TR),Cut Tape (CT),Digi-Reel®","RPC","Active","1 kOhms","±5%","0.333W, 1/3W","Thick Film","Automotive AEC-Q200, Pulse Withstanding","±100ppm/°C","-55°C ~ 155°C","1206 (3216 Metric)","1206","0.122"" L x 0.061"" W (3.10mm x 1.55mm)","0.026"" (0.65mm)","2","-","-","https://www.digikey.be/en/products/detail/stackpole-electronics-inc/RPC1206JT1K00/3043909"
"https://fscdn.rohm.com/en/products/databook/datasheet/passive/resistor/chip_resistor/sdr-e.pdf","//mm.digikey.com/Volume0/opasdata/d220001/medias/images/4002/0805-SDR.jpg","846-SDR10EZPJ102TR-ND,846-SDR10EZPJ102CT-ND","SDR10EZPJ102","Rohm Semiconductor","Rohm Semiconductor","HIGH ANTI-SURGE THICK FILM CHIP","16.089","0.18","0","1","Tape & Reel (TR),Cut Tape (CT)","SDR","Active","1 kOhms","±5%","0.667W, 2/3W","Thick Film","Automotive AEC-Q200, Pulse Withstanding","±200ppm/°C","-55°C ~ 155°C","0805 (2012 Metric)","0805","0.079"" L x 0.049"" W (2.00mm x 1.25mm)","0.026"" (0.65mm)","2","-","-","https://www.digikey.be/en/products/detail/rohm-semiconductor/SDR10EZPJ102/16179835"
"https://industrial.panasonic.com/cdbs/www-data/pdf/RDQ0000/ast-ind-151033.pdf","//mm.digikey.com/Volume0/opasdata/d220001/medias/images/2642/MFG_Panasonic-ERJ-Hxx-Series-Resistors-Photo.jpg","10-ERJ-HP6J102VTR-ND,10-ERJ-HP6J102VCT-ND,10-ERJ-HP6J102VDKR-ND","ERJ-HP6J102V","Panasonic Industry","Panasonic Industry","RES 1K OHM 5% 1/2W 0805","12.291","0.18","0","1","Tape & Reel (TR),Cut Tape (CT),Digi-Reel®","ERJ-HP6","Active","1 kOhms","±5%","0.5W, 1/2W","Thick Film","Automotive AEC-Q200","±100ppm/°C","-55°C ~ 175°C","0805 (2012 Metric)","0805","0.079"" L x 0.049"" W (2.00mm x 1.25mm)","0.028"" (0.70mm)","2","-","-","https://www.digikey.be/en/products/detail/panasonic-industry/ERJ-HP6J102V/13878161"
"https://yageogroup.com/content/datasheet/asset/file/PYU-AC_51_ROHS_L","//mm.digikey.com/Volume0/opasdata/d220001/medias/images/4205/AC-Series--SMD-Chip-Resistor.jpg","13-AC1210JR-071KLTR-ND,13-AC1210JR-071KLCT-ND,13-AC1210JR-071KLDKR-ND","AC1210JR-071KL","YAGEO","YAGEO","RES SMD 1K OHM 5% 1/2W 1210","9.087","0.18","0","1","Tape & Reel (TR),Cut Tape (CT),Digi-Reel®","AC","Active","1 kOhms","±5%","0.5W, 1/2W","Thick Film","Automotive AEC-Q200, Moisture Resistant","±100ppm/°C","-55°C ~ 155°C","1210 (3225 Metric)","1210","0.122"" L x 0.102"" W (3.10mm x 2.60mm)","0.024"" (0.60mm)","2","-","-","https://www.digikey.be/en/products/detail/yageo/AC1210JR-071KL/5898541"
"https://yageogroup.com/content/Resource%20Library/Datasheet/PYU-SR_20105_ROHS_L.pdf","//mm.digikey.com/Volume0/opasdata/d220001/medias/images/4845/13_0805-%282012-Metric%29-SR-Series.jpg","YAG6171TR-ND,YAG6171CT-ND,YAG6171DKR-ND","SR0805JR-7W1KL","YAGEO","YAGEO","RES 1K OHM 5% 1/4W 0805","5.371","0.18","0","1","Tape & Reel (TR),Cut Tape (CT),Digi-Reel®","SR","Active","1 kOhms","±5%","0.25W, 1/4W","Thick Film","Automotive AEC-Q200, Pulse Withstanding","±100ppm/°C","-55°C ~ 155°C","0805 (2012 Metric)","0805","0.079"" L x 0.049"" W (2.00mm x 1.25mm)","0.024"" (0.60mm)","2","-","-","https://www.digikey.be/en/products/detail/yageo/SR0805JR-7W1KL/9696409"
"https://industrial.panasonic.com/ww/products/pt/current-sensing-chip-resistors/models/ERJB1AJ102U","//mm.digikey.com/Volume0/opasdata/d220001/medias/images/500/ERJB1-2010.jpg","ERJ-B1AJ102U-ND","ERJ-B1AJ102U","Panasonic Industry","Panasonic Industry","RES SMD 1K OHM 1W 2010 WIDE","0","0.17009","0","5000","Tape & Reel (TR)","ERJ-B1","Active","1 kOhms","±5%","1W","Thick Film","Automotive AEC-Q200, Current Sense","±200ppm/°C","-55°C ~ 155°C","Wide 2010 (5025 Metric), 1020","1020","0.098"" L x 0.197"" W (2.50mm x 5.00mm)","0.030"" (0.75mm)","2","-","AEC-Q200","https://www.digikey.be/en/products/detail/panasonic-industry/ERJ-B1AJ102U/674506"
"https://industrial.panasonic.com/cdbs/www-data/pdf/RDO0000/RDO0000C334.pdf","//mm.digikey.com/Volume0/opasdata/d220001/medias/images/2502/ERJ-0805%20Pkg.jpg","10-ERJ-T06J102VTR-ND,10-ERJ-T06J102VCT-ND,10-ERJ-T06J102VDKR-ND","ERJ-T06J102V","Panasonic Industry","Panasonic Industry","RES SMD 1K OHM 5% 1/4W 0805","34.636","0.17","0","1","Tape & Reel (TR),Cut Tape (CT),Digi-Reel®","ERJ-T06","Active","1 kOhms","±5%","0.25W, 1/4W","Thick Film","Automotive AEC-Q200, Pulse Withstanding","±200ppm/°C","-55°C ~ 155°C","0805 (2012 Metric)","0805","0.079"" L x 0.049"" W (2.00mm x 1.25mm)","0.028"" (0.70mm)","2","-","-","https://www.digikey.be/en/products/detail/panasonic-industry/ERJ-T06J102V/2340194"
"https://www.te.com/commerce/DocumentDelivery/DDEController?Action=srchrtrv&DocNm=1773204-3&DocType=Data%20Sheet&DocLang=English&DocFormat=pdf&PartCntxt=4-2176338-3","//mm.digikey.com/Volume0/opasdata/d220001/medias/images/763/1210-Case-Chip-Resistor.jpg","A130220TR-ND,A130220CT-ND,A130220DKR-ND","CRGCQ1210J1K0","TE Connectivity Passive Product","TE Connectivity Passive Product","RES 1K OHM 5% 1/2W 1210","25.577","0.17","0","1","Tape & Reel (TR),Cut Tape (CT),Digi-Reel®","CRGCQ","Active","1 kOhms","±5%","0.5W, 1/2W","Thick Film","Automotive AEC-Q200, Moisture Resistant","±100ppm/°C","-55°C ~ 155°C","1210 (3225 Metric)","1210","0.122"" L x 0.102"" W (3.10mm x 2.60mm)","0.026"" (0.65mm)","2","-","-","https://www.digikey.be/en/products/detail/te-connectivity-passive-product/CRGCQ1210J1K0/8576822"
"https://www.vishay.com/docs/20056/crcw01005e3.pdf","//mm.digikey.com/Volume0/opasdata/d220001/medias/images/2519/CRCW-01005-%280402metric%29.jpg","541-4279-2-ND,541-4279-1-ND,541-4279-6-ND","CRCW01001K00JREL","Vishay Dale","Vishay Dale","RES SMD 1K OHM 5% 1/32W 01005","19.810","0.17","0","1","Tape & Reel (TR),Cut Tape (CT),Digi-Reel®","CRCW01005 e3","Active","1 kOhms","±5%","0.03W, 1/32W","Thick Film","-","±250ppm/°C","-55°C ~ 125°C","01005 (0402 Metric)","1005","0.016"" L x 0.008"" W (0.40mm x 0.20mm)","0.006"" (0.15mm)","2","-","-","https://www.digikey.be/en/products/detail/vishay-dale/CRCW01001K00JREL/5069760"
"https://www.seielect.com/catalog/SEI-FRC.pdf","//mm.digikey.com/Volume0/opasdata/d220001/medias/images/3600/Kamaya-FRC20x.JPG","738-FRC2010JT1K00TR-ND","FRC2010JT1K00","Stackpole Electronics Inc","Stackpole Electronics Inc","RES 1K OHM 5% 3/4W 2010","0","0.16216","0","4000","Tape & Reel (TR)","FRC","Active","1 kOhms","±5%","0.75W, 3/4W","Thick Film","-","±200ppm/°C","-55°C ~ 155°C","2010 (5025 Metric)","2010","0.197"" L x 0.098"" W (5.00mm x 2.50mm)","0.026"" (0.65mm)","2","-","-","https://www.digikey.be/en/products/detail/stackpole-electronics-inc/FRC2010JT1K00/16203092"
"https://www.vishay.com/docs/20043/crcwhpe3.pdf","//mm.digikey.com/Volume0/opasdata/d220001/medias/images/57/MFG_CRCW-HP_e3_Series.jpg","541-1.0KTATR-ND,541-1.0KTACT-ND,541-1.0KTADKR-ND","CRCW08051K00JNEAHP","Vishay Dale","Vishay Dale","RES SMD 1K OHM 5% 1/2W 0805","82.974","0.16","0","1","Tape & Reel (TR),Cut Tape (CT),Digi-Reel®","CRCW-HP e3","Active","1 kOhms","±5%","0.5W, 1/2W","Thick Film","Automotive AEC-Q200, Pulse Withstanding","±200ppm/°C","-55°C ~ 155°C","0805 (2012 Metric)","0805","0.079"" L x 0.049"" W (2.00mm x 1.25mm)","0.024"" (0.60mm)","2","-","-","https://www.digikey.be/en/products/detail/vishay-dale/CRCW08051K00JNEAHP/2222384"
"https://fscdn.rohm.com/en/products/databook/datasheet/passive/resistor/chip_resistor/esr-e.pdf","//mm.digikey.com/Volume0/opasdata/d220001/medias/images/5652/511_ESR01.jpg","RHM1.0KITR-ND,RHM1.0KICT-ND,RHM1.0KIDKR-ND","ESR18EZPJ102","Rohm Semiconductor","Rohm Semiconductor","RES 1K OHM 5% 1/2W 1206","49.922","0.16","0","1","Tape & Reel (TR),Cut Tape (CT),Digi-Reel®","ESR","Active","1 kOhms","±5%","0.5W, 1/2W","Thick Film","Automotive AEC-Q200, Pulse Withstanding","±200ppm/°C","-55°C ~ 155°C","1206 (3216 Metric)","1206","0.126"" L x 0.063"" W (3.20mm x 1.60mm)","0.026"" (0.65mm)","2","-","-","https://www.digikey.be/en/products/detail/rohm-semiconductor/ESR18EZPJ102/1762860"
"https://www.vishay.com/docs/20035/dcrcwe3.pdf","//mm.digikey.com/Volume0/opasdata/d220001/medias/images/2522/CRCW%201210%20%283225metric%29.jpg","541-1.0KVTR-ND,541-1.0KVCT-ND,541-1.0KVDKR-ND","CRCW12101K00JNEA","Vishay Dale","Vishay Dale","RES SMD 1K OHM 5% 1/2W 1210","34.978","0.16","0","1","Tape & Reel (TR),Cut Tape (CT),Digi-Reel®","D/CRCW e3","Active","1 kOhms","±5%","0.5W, 1/2W","Thick Film","Automotive AEC-Q200","±200ppm/°C","-55°C ~ 155°C","1210 (3225 Metric)","1210","0.126"" L x 0.098"" W (3.20mm x 2.50mm)","0.024"" (0.60mm)","2","-","-","https://www.digikey.be/en/products/detail/vishay-dale/CRCW12101K00JNEA/1177174"
"https://yageogroup.com/content/datasheet/asset/file/PYU-RC_GROUP_51_ROHS_L","//mm.digikey.com/Volume0/opasdata/d220001/medias/images/4850/13_2010-%285025-Metric%29.jpg","YAG3385TR-ND,YAG3385CT-ND,YAG3385DKR-ND","RC2010JK-071KL","YAGEO","YAGEO","RES 1K OHM 5% 3/4W 2010","31.663","0.16","0","1","Tape & Reel (TR),Cut Tape (CT),Digi-Reel®","RC_L","Active","1 kOhms","±5%","0.75W, 3/4W","Thick Film","Moisture Resistant","±100ppm/°C","-55°C ~ 155°C","2010 (5025 Metric)","2010","0.197"" L x 0.098"" W (5.00mm x 2.50mm)","0.026"" (0.65mm)","2","-","-","https://www.digikey.be/en/products/detail/yageo/RC2010JK-071KL/5921660"
"https://www.seielect.com/catalog/SEI-RMCF_RMCP.pdf","//mm.digikey.com/Volume0/opasdata/d220001/medias/images/2582/RMCF%20Series%202010.jpg","RMCF2010JT1K00TR-ND,RMCF2010JT1K00CT-ND,RMCF2010JT1K00DKR-ND","RMCF2010JT1K00","Stackpole Electronics Inc","Stackpole Electronics Inc","RES 1K OHM 5% 3/4W 2010","13.481","0.16","0","1","Tape & Reel (TR),Cut Tape (CT),Digi-Reel®","RMCF","Active","1 kOhms","±5%","0.75W, 3/4W","Thick Film","Automotive AEC-Q200","±200ppm/°C","-55°C ~ 155°C","2010 (5025 Metric)","2010","0.197"" L x 0.098"" W (5.00mm x 2.50mm)","0.028"" (0.70mm)","2","-","-","https://www.digikey.be/en/products/detail/stackpole-electronics-inc/RMCF2010JT1K00/1757107"
"https://www.seielect.com/catalog/SEI-RPC.pdf","//mm.digikey.com/Volume0/opasdata/d220001/medias/images/639/0805-RMCF-Series.jpg","RPC0805JT1K00-UPTR-ND,RPC0805JT1K00-UPCT-ND,RPC0805JT1K00-UPDKR-ND","RPC0805JT1K00-UP","Stackpole Electronics Inc","Stackpole Electronics Inc","RES 1K OHM 5% 1/2W 0805","7.246","0.16","0","1","Tape & Reel (TR),Cut Tape (CT),Digi-Reel®","RPC","Active","1 kOhms","±5%","0.5W, 1/2W","Thick Film","Automotive AEC-Q200, Pulse Withstanding","±100ppm/°C","-55°C ~ 155°C","0805 (2012 Metric)","0805","0.079"" L x 0.049"" W (2.00mm x 1.25mm)","0.024"" (0.60mm)","2","-","-","https://www.digikey.be/en/products/detail/stackpole-electronics-inc/RPC0805JT1K00-UP/10109047"
"https://fscdn.rohm.com/en/products/databook/datasheet/passive/resistor/chip_resistor/ltr-e.pdf","//mm.digikey.com/Volume0/opasdata/d220001/medias/images/2610/LTR%202010%20wide.jpg","RHM1.0KZTR-ND,RHM1.0KZCT-ND,RHM1.0KZDKR-ND","LTR18EZPJ102","Rohm Semiconductor","Rohm Semiconductor","RES SMD 1K OHM 5% 3/4W 1206 WIDE","4.801","0.16","0","1","Tape & Reel (TR),Cut Tape (CT),Digi-Reel®","LTR","Active","1 kOhms","±5%","0.75W, 3/4W","Thick Film","Automotive AEC-Q200, Pulse Withstanding","±200ppm/°C","-55°C ~ 155°C","Wide 1206 (3216 Metric), 0612","0612 (1632 Metric)","0.063"" L x 0.126"" W (1.60mm x 3.20mm)","0.026"" (0.65mm)","2","-","-","https://www.digikey.be/en/products/detail/rohm-semiconductor/LTR18EZPJ102/1973082"
"https://calchip.com/wp-content/uploads/2023/05/rm_series.pdf","//mm.digikey.com/Volume0/opasdata/d220001/medias/images/6167/MFG_RM-.jpg","4713-RM20J102CTTR-ND,4713-RM20J102CT-ND,4713-RM20J102CTDKR-ND","RM20J102CT","Cal-Chip Electronics, Inc.","Cal-Chip Electronics, Inc.","RES2010 5% 1K OHM","3.875","0.16","0","1","Tape & Reel (TR),Cut Tape (CT),Digi-Reel®","RM","Active","1 kOhms","±5%","0.75W, 3/4W","Thick Film","-","±100ppm/°C","-55°C ~ 155°C","2010 (5025 Metric)","2010","0.197"" L x 0.098"" W (5.00mm x 2.50mm)","0.026"" (0.65mm)","2","-","-","https://www.digikey.be/en/products/detail/cal-chip-electronics-inc/RM20J102CT/28168457"
"https://www.koaspeer.com/pdfs/WK73R.pdf","//mm.digikey.com/Volume0/opasdata/d220001/medias/images/196/KOA-Speer-WK73R-Wide-2512-%286432-Metric%29.jpg","2019-WK73R3ATTE102JTR-ND","WK73R3ATTE102J","KOA Speer Electronics, Inc.","KOA Speer Electronics, Inc.","RES 1K OHM 5% 2W 2512","0","0.15614","0","4000","Tape & Reel (TR)","WK73R","Active","1 kOhms","±5%","2W","Thick Film","Automotive AEC-Q200, Moisture Resistant","±100ppm/°C","-55°C ~ 155°C","Wide 2512 (6432 Metric), 1225","-","0.122"" L x 0.252"" W (3.10mm x 6.40mm)","0.028"" (0.70mm)","2","-","-","https://www.digikey.be/en/products/detail/koa-speer-electronics-inc/WK73R3ATTE102J/10276765"
"https://www.seielect.com/catalog/SEI-RPCA.pdf","//mm.digikey.com/Volume0/opasdata/d220001/medias/images/5594/MFG_RPCA.jpg","738-RPCA2512JT1K00TR-ND","RPCA2512JT1K00","Stackpole Electronics Inc","Stackpole Electronics Inc","RES, PULSE, 2512, 1 KOHM, 5%, 1.","0","0.15614","0","4000","Tape & Reel (TR)","RPCA","Active","1 kOhms","±5%","1.5W","Thick Film","Anti-Sulfur, Automotive AEC-Q200, Pulse Withstanding","±100ppm/°C","-55°C ~ 155°C","2512 (6332 Metric)","2512","0.250"" L x 0.122"" W (6.35mm x 3.10mm)","0.026"" (0.65mm)","2","-","-","https://www.digikey.be/en/products/detail/stackpole-electronics-inc/RPCA2512JT1K00/21511530"
"https://www.vishay.com/docs/20031/m25_si.pdf","//mm.digikey.com/Volume0/opasdata/d220001/medias/images/2916/M25SI%20SERIES%201206.JPG","M251206-1.0KBTR-ND","M251206BB1001JP500","Vishay","Vishay","RES SMD 1K OHM 5% 1/4W 1206","0","0.15159","0","5000","Tape & Reel (TR)","M25SI","Active","1 kOhms","±5%","0.25W, 1/4W","Thin Film","Flame Retardant Coating, Fusible, Pulse Withstanding, Safety","±100ppm/°C","-55°C ~ 125°C","1206 (3216 Metric)","1206","0.126"" L x 0.063"" W (3.20mm x 1.60mm)","0.024"" (0.60mm)","2","-","-","https://www.digikey.be/en/products/detail/vishay/M251206BB1001JP500/3456003"
"https://industrial.panasonic.com/cdbs/www-data/pdf/RDQ0000/ast-ind-151033.pdf","//mm.digikey.com/Volume0/opasdata/d220001/medias/images/2642/MFG_Panasonic-ERJ-Hxx-Series-Resistors-Photo.jpg","10-ERJ-H2GJ102XTR-ND,10-ERJ-H2GJ102XCT-ND,10-ERJ-H2GJ102XDKR-ND","ERJ-H2GJ102X","Panasonic Industry","Panasonic Industry","RES 1K OHM 5% 1/10W 0402","17.068","0.15","0","1","Tape & Reel (TR),Cut Tape (CT),Digi-Reel®","ERJ-H2G","Active","1 kOhms","±5%","0.1W, 1/10W","Thick Film","Automotive AEC-Q200","±200ppm/°C","-55°C ~ 175°C","0402 (1005 Metric)","0402","0.039"" L x 0.020"" W (1.00mm x 0.50mm)","0.016"" (0.40mm)","2","-","-","https://www.digikey.be/en/products/detail/panasonic-industry/ERJ-H2GJ102X/13877657"
"https://www.seielect.com/catalog/SEI-RPC.pdf","//mm.digikey.com/Volume0/opasdata/d220001/medias/images/639/0805-RMCF-Series.jpg","RPC0805JT1K00TR-ND,RPC0805JT1K00CT-ND,RPC0805JT1K00DKR-ND","RPC0805JT1K00","Stackpole Electronics Inc","Stackpole Electronics Inc","RES 1K OHM 5% 1/4W 0805","14.394","0.15","0","1","Tape & Reel (TR),Cut Tape (CT),Digi-Reel®","RPC","Active","1 kOhms","±5%","0.25W, 1/4W","Thick Film","Automotive AEC-Q200, Pulse Withstanding","±100ppm/°C","-55°C ~ 155°C","0805 (2012 Metric)","0805","0.079"" L x 0.049"" W (2.00mm x 1.25mm)","0.024"" (0.60mm)","2","-","-","https://www.digikey.be/en/products/detail/stackpole-electronics-inc/RPC0805JT1K00/1684089"
"https://industrial.panasonic.com/cdbs/www-data/pdf/RDP0000/AOA0000C337.pdf","//mm.digikey.com/Volume0/opasdata/d220001/medias/images/2502/ERJ-0805%20Pkg.jpg","10-ERJ-UP6J102VTR-ND,10-ERJ-UP6J102VCT-ND,10-ERJ-UP6J102VDKR-ND","ERJ-UP6J102V","Panasonic Industry","Panasonic Industry","RES 1K OHM 5% 1/2W 0805","8.283","0.15","0","1","Tape & Reel (TR),Cut Tape (CT),Digi-Reel®","ERJ-UP6","Active","1 kOhms","±5%","0.5W, 1/2W","Thick Film","Anti-Sulfur, Automotive AEC-Q200, Pulse Withstanding","±200ppm/°C","-55°C ~ 155°C","0805 (2012 Metric)","0805","0.079"" L x 0.049"" W (2.00mm x 1.25mm)","0.028"" (0.70mm)","2","-","-","https://www.digikey.be/en/products/detail/panasonic-industry/ERJ-UP6J102V/8134713"
"https://fscdn.rohm.com/en/products/databook/datasheet/passive/resistor/chip_resistor/ltr-e.pdf","//mm.digikey.com/Volume0/opasdata/d220001/medias/images/5652/511_LTR10.jpg","RHM1.0KBUTR-ND,RHM1.0KBUCT-ND,RHM1.0KBUDKR-ND","LTR10EZPJ102","Rohm Semiconductor","Rohm Semiconductor","RES SMD 1K OHM 5% 1/4W 0805 WIDE","50.537","0.15","0","1","Tape & Reel (TR),Cut Tape (CT),Digi-Reel®","LTR","Active","1 kOhms","±5%","0.25W, 1/4W","Thick Film","Automotive AEC-Q200, Pulse Withstanding","±200ppm/°C","-55°C ~ 155°C","Wide 0805 (2012 Metric), 0508","0805","0.047"" L x 0.079"" W (1.20mm x 2.00mm)","0.026"" (0.65mm)","2","-","-","https://www.digikey.be/en/products/detail/rohm-semiconductor/LTR10EZPJ102/2708102"
"https://bourns.com/docs/product-datasheets/cr.pdf?sfvrsn=574d41f6_14","//mm.digikey.com/Volume0/opasdata/d220001/medias/images/413/CR2010-%285025-Metric%29.jpg","118-CR2010-JW-102ELFTR-ND,118-CR2010-JW-102ELFCT-ND,118-CR2010-JW-102ELFDKR-ND","CR2010-JW-102ELF","Bourns Inc.","Bourns Inc.","RES SMD 1K OHM 5% 1/2W 2010","0","0.15","0","1","Tape & Reel (TR),Cut Tape (CT),Digi-Reel®","CR2010","Active","1 kOhms","±5%","0.5W, 1/2W","Thick Film","-","±200ppm/°C","-55°C ~ 155°C","2010 (5025 Metric)","2010","0.197"" L x 0.098"" W (5.00mm x 2.50mm)","0.028"" (0.70mm)","2","-","-","https://www.digikey.be/en/products/detail/bourns-inc/CR2010-JW-102ELF/3785830"
"https://yageogroup.com/content/datasheet/asset/file/PYU-AC_51_ROHS_L","//mm.digikey.com/Volume0/opasdata/d220001/medias/images/5786/THICKFILMRESSMD.jpg","13-AC1225JK-071KL-ND","AC1225JK-071KL","YAGEO","YAGEO","RES 1K OHM 5% 2W 1225","0","0.14564","0","4000","Tape & Reel (TR)","AC","Active","1 kOhms","±5%","2W","Thick Film","Automotive AEC-Q200, Moisture Resistant","±100ppm/°C","-55°C ~ 155°C","Wide 2512 (6432 Metric), 1225","1225","0.126"" L x 0.252"" W (3.20mm x 6.40mm)","0.026"" (0.65mm)","2","-","-","https://www.digikey.be/en/products/detail/yageo/AC1225JK-071KL/17006203"
"https://industrial.panasonic.com/ww/products/pt/anti-sulfurated-chip-resistors/models/ERJS1TJ102U","//mm.digikey.com/Volume0/opasdata/d220001/medias/images/2494/ERJ-2512%20Pkg.jpg","ERJ-S1TJ102U-ND","ERJ-S1TJ102U","Panasonic Industry","Panasonic Industry","RES 1K OHM 5% 1W 2512","0","0.14546","0","4000","Tape & Reel (TR)","ERJ-S1T","Active","1 kOhms","±5%","1W","Thick Film","Anti-Sulfur, Automotive AEC-Q200","±200ppm/°C","-55°C ~ 155°C","2512 (6332 Metric)","2512","0.252"" L x 0.126"" W (6.40mm x 3.20mm)","0.028"" (0.70mm)","2","-","-","https://www.digikey.be/en/products/detail/panasonic-industry/ERJ-S1TJ102U/1019362"
"https://www.seielect.Com/catalog/SEI-RMAN.pdf","//mm.digikey.com/Volume0/opasdata/d220001/medias/images/8880/738_RMAN_1206%283216_Metric%29.jpg","738-RMAN1206JT1K00TR-ND","RMAN1206JT1K00","Stackpole Electronics Inc","Stackpole Electronics Inc","RES, AIN, 1206, 1 KOHM, 5%, 2.4W","0","0.14173","0","50000","Tape & Reel (TR)","RMAN","Active","1 kOhms","±5%","2.4W","Thick Film","-","±150ppm/°C","-55°C ~ 155°C","1206 (3216 Metric)","1206","0.122"" L x 0.060"" W (3.10mm x 1.52mm)","0.020"" (0.51mm)","2","-","-","https://www.digikey.be/en/products/detail/stackpole-electronics-inc/RMAN1206JT1K00/27724650"
"https://www.koaspeer.com/pdfs/RK73B.pdf","//mm.digikey.com/Volume0/opasdata/d220001/medias/images/694/KOA-Speer-RK73B-1210-%283225-Metric%29.jpg","2019-RK73B2ETTD102JTR-ND,2019-RK73B2ETTD102JCT-ND,2019-RK73B2ETTD102JDKR-ND","RK73B2ETTD102J","KOA Speer Electronics, Inc.","KOA Speer Electronics, Inc.","RES 1K OHM 5% 1/2W 1210","159.998","0.14","0","1","Tape & Reel (TR),Cut Tape (CT),Digi-Reel®","RK73B","Active","1 kOhms","±5%","0.5W, 1/2W","Thick Film","Automotive AEC-Q200","±200ppm/°C","-55°C ~ 155°C","1210 (3225 Metric)","1210","0.126"" L x 0.102"" W (3.20mm x 2.60mm)","0.028"" (0.70mm)","2","-","-","https://www.digikey.be/en/products/detail/koa-speer-electronics-inc/RK73B2ETTD102J/10315016"
"https://www.koaspeer.com/pdfs/SG73P.pdf","//mm.digikey.com/Volume0/opasdata/d220001/medias/images/2531/0402-%281005-Metric%29%20thkfilmres.jpg","2019-SG73P1EWTTP102JTR-ND,2019-SG73P1EWTTP102JCT-ND,2019-SG73P1EWTTP102JDKR-ND","SG73P1EWTTP102J","KOA Speer Electronics, Inc.","KOA Speer Electronics, Inc.","RES 1K OHM 5% 1/4W 0402","6.985","0.14","0","1","Tape & Reel (TR),Cut Tape (CT),Digi-Reel®","SG73P","Active","1 kOhms","±5%","0.25W, 1/4W","Thick Film","Automotive AEC-Q200, Pulse Withstanding","±100ppm/°C","-55°C ~ 155°C","0402 (1005 Metric)","0402","0.039"" L x 0.020"" W (1.00mm x 0.50mm)","0.016"" (0.40mm)","2","-","-","https://www.digikey.be/en/products/detail/koa-speer-electronics-inc/SG73P1EWTTP102J/14316744"
"https://industrial.panasonic.com/cdbs/www-data/pdf/RDP0000/AOA0000C337.pdf","//mm.digikey.com/Volume0/opasdata/d220001/medias/images/466/MFG_ERJ-UP3_Series.jpg","10-ERJ-UP3J102VTR-ND,10-ERJ-UP3J102VCT-ND,10-ERJ-UP3J102VDKR-ND","ERJ-UP3J102V","Panasonic Industry","Panasonic Industry","RES 1K OHM 5% 1/4W 0603","56.538","0.14","0","1","Tape & Reel (TR),Cut Tape (CT),Digi-Reel®","ERJ-UP3","Active","1 kOhms","±5%","0.25W, 1/4W","Thick Film","Anti-Sulfur, Automotive AEC-Q200, Pulse Withstanding","±200ppm/°C","-55°C ~ 155°C","0603 (1608 Metric)","0603","0.063"" L x 0.031"" W (1.60mm x 0.80mm)","0.022"" (0.55mm)","2","-","-","https://www.digikey.be/en/products/detail/panasonic-industry/ERJ-UP3J102V/12092284"
"https://www.bourns.com/data/global/pdfs/CRS.pdf","//mm.digikey.com/Volume0/opasdata/d220001/medias/images/4845/118_0805%20%282012%20Metric%29.JPG","CRS0805-JX-102ELFTR-ND,CRS0805-JX-102ELFCT-ND,CRS0805-JX-102ELFDKR-ND","CRS0805-JX-102ELF","Bourns Inc.","Bourns Inc.","RES 1K OHM 5% 1/4W 0805","39.727","0.14","0","1","Tape & Reel (TR),Cut Tape (CT),Digi-Reel®","CRS","Active","1 kOhms","±5%","0.25W, 1/4W","Thick Film","High Voltage, Pulse Withstanding","±100ppm/°C","-55°C ~ 155°C","0805 (2012 Metric)","0805","0.079"" L x 0.049"" W (2.00mm x 1.25mm)","0.024"" (0.60mm)","2","-","-","https://www.digikey.be/en/products/detail/bourns-inc/CRS0805-JX-102ELF/5778732"
"https://www.bourns.com/docs/product-datasheets/cr.pdf","//mm.digikey.com/Volume0/opasdata/d220001/medias/images/505/CR2512-%286432-Metric%29.jpg","CR2512-JW-102ELFTR-ND,CR2512-JW-102ELFCT-ND,CR2512-JW-102ELFDKR-ND","CR2512-JW-102ELF","Bourns Inc.","Bourns Inc.","RES SMD 1K OHM 5% 1W 2512","28.450","0.14","0","1","Tape & Reel (TR),Cut Tape (CT),Digi-Reel®","CR2512","Active","1 kOhms","±5%","1W","Thick Film","-","±200ppm/°C","-55°C ~ 155°C","2512 (6332 Metric)","2512","0.248"" L x 0.122"" W (6.30mm x 3.10mm)","0.030"" (0.75mm)","2","-","-","https://www.digikey.be/en/products/detail/bourns-inc/CR2512-JW-102ELF/3593189"
"https://yageogroup.com/content/Resource%20Library/Datasheet/PYU-SR_20105_ROHS_L.pdf","//mm.digikey.com/Volume0/opasdata/d220001/medias/images/4848/13_0603-%281608-metric%29.jpg","13-SR0603JR-071KLTR-ND,13-SR0603JR-071KLCT-ND,13-SR0603JR-071KLDKR-ND","SR0603JR-071KL","YAGEO","YAGEO","RES 1K OHM 5% 1/10W 0603","19.341","0.14","0","1","Tape & Reel (TR),Cut Tape (CT),Digi-Reel®","SR","Active","1 kOhms","±5%","0.1W, 1/10W","Thick Film","Automotive AEC-Q200, Pulse Withstanding","±100ppm/°C","-55°C ~ 155°C","0603 (1608 Metric)","0603","0.063"" L x 0.031"" W (1.60mm x 0.80mm)","0.022"" (0.55mm)","2","-","-","https://www.digikey.be/en/products/detail/yageo/SR0603JR-071KL/5948457"
"https://industrial.panasonic.com/cdbs/www-data/pdf/RDO0000/AOA0000C331.pdf","//mm.digikey.com/Volume0/opasdata/d220001/medias/images/2494/ERAW%20Series%200402%20Pkg.jpg","P17193TR-ND,P17193CT-ND,P17193DKR-ND","ERJ-PA2J102X","Panasonic Industry","Panasonic Industry","RES 1K OHM 5% 1/5W 0402","4.923","0.14","0","1","Tape & Reel (TR),Cut Tape (CT),Digi-Reel®","ERJ-PA2","Active","1 kOhms","±5%","0.2W, 1/5W","Thick Film","Automotive AEC-Q200, Pulse Withstanding","±200ppm/°C","-55°C ~ 155°C","0402 (1005 Metric)","0402","0.039"" L x 0.020"" W (1.00mm x 0.50mm)","0.016"" (0.40mm)","2","-","-","https://www.digikey.be/en/products/detail/panasonic-industry/ERJ-PA2J102X/5402619"
"https://industrial.panasonic.com/cdbs/www-data/pdf/RDO0000/AOA0000C331.pdf","//mm.digikey.com/Volume0/opasdata/d220001/medias/images/2384/ERJ-1206%20Pkg.jpg","P1.0KALTR-ND,P1.0KALCT-ND,P1.0KALDKR-ND","ERJ-P08J102V","Panasonic Industry","Panasonic Industry","RES SMD 1K OHM 5% 2/3W 1206","3.532","0.14","0","1","Tape & Reel (TR),Cut Tape (CT),Digi-Reel®","ERJ-P08","Active","1 kOhms","±5%","0.667W, 2/3W","Thick Film","Automotive AEC-Q200, Pulse Withstanding","±200ppm/°C","-55°C ~ 155°C","1206 (3216 Metric)","1206","0.126"" L x 0.063"" W (3.20mm x 1.60mm)","0.028"" (0.70mm)","2","-","-","https://www.digikey.be/en/products/detail/panasonic-industry/ERJ-P08J102V/525317"
"https://www.vishay.com/docs/20066/rcce3.pdf","//mm.digikey.com/Volume0/opasdata/d220001/medias/images/2826/MFG_RCC1206.jpg","541-RCC12061K00JNEATR-ND,541-RCC12061K00JNEACT-ND,541-RCC12061K00JNEADKR-ND","RCC12061K00JNEA","Vishay Dale","Vishay Dale","RCC1206 200 1K0 5% ET1 E3","55.441","0.14","0","1","Tape & Reel (TR),Cut Tape (CT),Digi-Reel®","RCC e3","Active","1 kOhms","±5%","0.5W, 1/2W","Thick Film","Automotive AEC-Q200","±200ppm/°C","-55°C ~ 155°C","1206 (3216 Metric)","1206","0.126"" L x 0.063"" W (3.20mm x 1.60mm)","0.024"" (0.60mm)","2","-","-","https://www.digikey.be/en/products/detail/vishay-dale/RCC12061K00JNEA/13667059"
"https://fscdn.rohm.com/en/products/databook/datasheet/passive/resistor/chip_resistor/ktr-e.pdf","//mm.digikey.com/Volume0/opasdata/d220001/medias/images/4847/846_0603-%281608-metric%29.jpg","RHM1.0KAZTR-ND,RHM1.0KAZCT-ND,RHM1.0KAZDKR-ND","KTR03EZPJ102","Rohm Semiconductor","Rohm Semiconductor","RES SMD 1K OHM 5% 1/10W 0603","11.465","0.14","0","1","Tape & Reel (TR),Cut Tape (CT),Digi-Reel®","KTR","Active","1 kOhms","±5%","0.1W, 1/10W","Thick Film","Automotive AEC-Q200, High Voltage","±200ppm/°C","-55°C ~ 155°C","0603 (1608 Metric)","0603","0.063"" L x 0.031"" W (1.60mm x 0.80mm)","0.022"" (0.55mm)","2","-","-","https://www.digikey.be/en/products/detail/rohm-semiconductor/KTR03EZPJ102/2288560"
"https://www.koaspeer.com/pdfs/RK73B.pdf","//mm.digikey.com/Volume0/opasdata/d220001/medias/images/694/KOA-Speer-RK73B-1210-%283225-Metric%29.jpg","2019-RK73B2ETTE102JTR-ND,2019-RK73B2ETTE102JCT-ND,2019-RK73B2ETTE102JDKR-ND","RK73B2ETTE102J","KOA Speer Electronics, Inc.","KOA Speer Electronics, Inc.","RESISTOR","4.585","0.14","0","1","Tape & Reel (TR),Cut Tape (CT),Digi-Reel®","RK73B","Active","1 kOhms","±5%","0.5W, 1/2W","Thick Film","Automotive AEC-Q200","±200ppm/°C","-55°C ~ 155°C","1210 (3225 Metric)","1210","0.126"" L x 0.102"" W (3.20mm x 2.60mm)","0.028"" (0.70mm)","2","-","-","https://www.digikey.be/en/products/detail/koa-speer-electronics-inc/RK73B2ETTE102J/21681454"
"https://yageogroup.com/content/datasheet/asset/file/PYU-RC_GROUP_51_ROHS_L","//mm.digikey.com/Volume0/opasdata/d220001/medias/images/4849/13_01005-%280402-Metric%29.jpg","YAG6458TR-ND,YAG6458CT-ND,YAG6458DKR-ND","RC0100JR-071KL","YAGEO","YAGEO","RES 1K OHM 5% 1/32W 01005","1.336","0.14","0","1","Tape & Reel (TR),Cut Tape (CT),Digi-Reel®","RC_L","Active","1 kOhms","±5%","0.03W, 1/32W","Thick Film","Moisture Resistant","±200ppm/°C","-55°C ~ 125°C","01005 (0402 Metric)","-","0.016"" L x 0.008"" W (0.40mm x 0.20mm)","0.006"" (0.15mm)","2","-","-","https://www.digikey.be/en/products/detail/yageo/RC0100JR-071KL/5916363"
"https://industrial.panasonic.com/cdbs/www-data/pdf/RDA0000/AOA0000C301.pdf","//mm.digikey.com/Volume0/opasdata/d220001/medias/images/874/10-01005.jpg","P1.0KAWTR-ND,P1.0KAWCT-ND,P1.0KAWDKR-ND","ERJ-XGNJ102Y","Panasonic Industry","Panasonic Industry","RES 1K OHM 5% 1/32W 01005","16.866","0.14","0","1","Tape & Reel (TR),Cut Tape (CT),Digi-Reel®","ERJ-XGN","Active","1 kOhms","±5%","0.03W, 1/32W","Thick Film","-","±200ppm/°C","-55°C ~ 125°C","01005 (0402 Metric)","01005","0.016"" L x 0.008"" W (0.40mm x 0.20mm)","0.006"" (0.15mm)","2","-","-","https://www.digikey.be/en/products/detail/panasonic-industry/ERJ-XGNJ102Y/1840120"
"https://fscdn.rohm.com/en/products/databook/datasheet/passive/resistor/chip_resistor/ktr-e.pdf","//mm.digikey.com/Volume0/opasdata/d220001/medias/images/4847/846_0603-%281608-metric%29.jpg","RHM1.0KPTR-ND,RHM1.0KPCT-ND,RHM1.0KPDKR-ND","KTR18EZPJ102","Rohm Semiconductor","Rohm Semiconductor","RES SMD 1K OHM 5% 1/4W 1206","14.474","0.14","0","1","Tape & Reel (TR),Cut Tape (CT),Digi-Reel®","KTR","Active","1 kOhms","±5%","0.25W, 1/4W","Thick Film","Automotive AEC-Q200, High Voltage","±200ppm/°C","-55°C ~ 155°C","1206 (3216 Metric)","1206","0.126"" L x 0.063"" W (3.20mm x 1.60mm)","0.026"" (0.65mm)","2","-","-","https://www.digikey.be/en/products/detail/rohm-semiconductor/KTR18EZPJ102/1763425"
"https://www.vishay.com/docs/20065/rcse3.pdf","//mm.digikey.com/Volume0/opasdata/d220001/medias/images/4846/541_RCS-SERIES_0805%282012-Metric%29.jpg","541-2864-2-ND,541-2864-1-ND,541-2864-6-ND","RCS08051K00JNEA","Vishay Dale","Vishay Dale","RES 1K OHM 5% 3/4W 0805","9.504","0.14","0","1","Tape & Reel (TR),Cut Tape (CT),Digi-Reel®","RCS e3","Active","1 kOhms","±5%","0.75W, 3/4W","Thick Film","Automotive AEC-Q200, Pulse Withstanding","±200ppm/°C","-55°C ~ 155°C","0805 (2012 Metric)","0805","0.079"" L x 0.049"" W (2.00mm x 1.25mm)","0.020"" (0.50mm)","2","-","-","https://www.digikey.be/en/products/detail/vishay-dale/RCS08051K00JNEA/5867010"
"https://www.koaspeer.com/pdfs/WK73R.pdf","//mm.digikey.com/Volume0/opasdata/d220001/medias/images/694/KOA-Speer-RK73R-1206-%283216-Metric%29.jpg","2019-WK73R2BTTD102JTR-ND,2019-WK73R2BTTD102JCT-ND,2019-WK73R2BTTD102JDKR-ND","WK73R2BTTD102J","KOA Speer Electronics, Inc.","KOA Speer Electronics, Inc.","RES 1K OHM 5% 1W 1206","8.963","0.14","0","1","Tape & Reel (TR),Cut Tape (CT),Digi-Reel®","WK73R","Active","1 kOhms","±5%","1W","Thick Film","Automotive AEC-Q200, Moisture Resistant","±100ppm/°C","-55°C ~ 155°C","Wide 1206 (3216 Metric), 0612","-","0.063"" L x 0.126"" W (1.60mm x 3.20mm)","0.028"" (0.70mm)","2","-","-","https://www.digikey.be/en/products/detail/koa-speer-electronics-inc/WK73R2BTTD102J/10274879"
"https://yageogroup.com/content/datasheet/asset/file/PYU-RC_GROUP_51_ROHS_L","//mm.digikey.com/Volume0/opasdata/d220001/medias/images/5786/THICKFILMRESSMD.jpg","13-RC0805JR-7W1KLTR-ND,13-RC0805JR-7W1KLCT-ND,13-RC0805JR-7W1KLDKR-ND","RC0805JR-7W1KL","YAGEO","YAGEO","RES 1K OHM 5% 1/4W 0805","8.787","0.14","0","1","Tape & Reel (TR),Cut Tape (CT),Digi-Reel®","RC_L","Active","1 kOhms","±5%","0.25W, 1/4W","Thick Film","Moisture Resistant","±200ppm/°C","-55°C ~ 155°C","0805 (2012 Metric)","0805","0.079"" L x 0.049"" W (2.00mm x 1.25mm)","0.024"" (0.60mm)","2","-","-","https://www.digikey.be/en/products/detail/yageo/RC0805JR-7W1KL/17013315"
"https://www.vishay.com/docs/20037/rcae3.pdf","//mm.digikey.com/Volume0/opasdata/d220001/medias/images/2586/RCA%20Series%201206.jpg","541-RCA12061K00JNEATR-ND,541-RCA12061K00JNEACT-ND,541-RCA12061K00JNEADKR-ND","RCA12061K00JNEA","Vishay Dale","Vishay Dale","RES SMD 1K OHM 5% 1/4W 1206","6.056","0.14","0","1","Tape & Reel (TR),Cut Tape (CT),Digi-Reel®","RCA","Active","1 kOhms","±5%","0.25W, 1/4W","Thick Film","Anti-Sulfur, Automotive AEC-Q200","±200ppm/°C","-55°C ~ 155°C","1206 (3216 Metric)","1206","0.126"" L x 0.063"" W (3.20mm x 1.60mm)","0.024"" (0.60mm)","2","-","-","https://www.digikey.be/en/products/detail/vishay-dale/RCA12061K00JNEA/4946823"
"https://fscdn.rohm.com/en/products/databook/datasheet/passive/resistor/chip_resistor/ktr-e.pdf","//mm.digikey.com/Volume0/opasdata/d220001/medias/images/4847/846_0603-%281608-metric%29.jpg","RHM1.0KBTR-ND,RHM1.0KBCT-ND,RHM1.0KBDKR-ND","KTR10EZPJ102","Rohm Semiconductor","Rohm Semiconductor","RES SMD 1K OHM 5% 1/8W 0805","5.651","0.14","0","1","Tape & Reel (TR),Cut Tape (CT),Digi-Reel®","KTR","Active","1 kOhms","±5%","0.125W, 1/8W","Thick Film","Automotive AEC-Q200, High Voltage","±200ppm/°C","-55°C ~ 155°C","0805 (2012 Metric)","0805","0.079"" L x 0.049"" W (2.00mm x 1.25mm)","0.026"" (0.65mm)","2","-","-","https://www.digikey.be/en/products/detail/rohm-semiconductor/KTR10EZPJ102/1763385"
"https://industrial.panasonic.com/cdbs/www-data/pdf/RDP0000/AOA0000C334.pdf","//mm.digikey.com/Volume0/opasdata/d220001/medias/images/2502/ERJ-0805%20Pkg.jpg","10-ERJ-U08J102VTR-ND,10-ERJ-U08J102VCT-ND,10-ERJ-U08J102VDKR-ND","ERJ-U08J102V","Panasonic Industry","Panasonic Industry","RES 1K OHM 5% 1/4W 1206","4.286","0.14","0","1","Tape & Reel (TR),Cut Tape (CT),Digi-Reel®","ERJ-U08","Active","1 kOhms","±5%","0.25W, 1/4W","Thick Film","Anti-Sulfur, Automotive AEC-Q200","±200ppm/°C","-55°C ~ 155°C","1206 (3216 Metric)","1206","0.126"" L x 0.063"" W (3.20mm x 1.60mm)","0.028"" (0.70mm)","2","-","-","https://www.digikey.be/en/products/detail/panasonic-industry/ERJ-U08J102V/11628458"
"https://industrial.panasonic.com/cdbs/www-data/pdf/RDQ0000/ast-ind-151033.pdf","//mm.digikey.com/Volume0/opasdata/d220001/medias/images/2642/MFG_Panasonic-ERJ-Hxx-Series-Resistors-Photo.jpg","10-ERJ-H3GJ102VTR-ND,10-ERJ-H3GJ102VCT-ND,10-ERJ-H3GJ102VDKR-ND","ERJ-H3GJ102V","Panasonic Industry","Panasonic Industry","RES 1K OHM 5% 1/8W 0603","3.431","0.14","0","1","Tape & Reel (TR),Cut Tape (CT),Digi-Reel®","ERJ-H3G","Active","1 kOhms","±5%","0.125W, 1/8W","Thick Film","Automotive AEC-Q200","±200ppm/°C","-55°C ~ 175°C","0603 (1608 Metric)","0603","0.063"" L x 0.031"" W (1.60mm x 0.80mm)","0.022"" (0.55mm)","2","-","-","https://www.digikey.be/en/products/detail/panasonic-industry/ERJ-H3GJ102V/13878219"
"https://www.vishay.com/docs/20047/rcge3.pdf","//mm.digikey.com/Volume0/opasdata/d220001/medias/images/2584/TFPT%201206%20%283216metric%29.jpg","541-1873-2-ND,541-1873-1-ND,541-1873-6-ND","RCG12061K00JNEA","Vishay Dale","Vishay Dale","RES 1K OHM 5% 1/4W 1206","1.984","0.14","0","1","Tape & Reel (TR),Cut Tape (CT),Digi-Reel®","RCG e3","Active","1 kOhms","±5%","0.25W, 1/4W","Thick Film","-","±200ppm/°C","-55°C ~ 155°C","1206 (3216 Metric)","1206","0.126"" L x 0.063"" W (3.20mm x 1.60mm)","0.024"" (0.60mm)","2","-","-","https://www.digikey.be/en/products/detail/vishay-dale/RCG12061K00JNEA/4172482"
"https://www.koaspeer.com/pdfs/RK73B.pdf","//mm.digikey.com/Volume0/opasdata/d220001/medias/images/694/KOA-Speer-RK73B-1210-%283225-Metric%29.jpg","2019-RK73B2ETTDD102JTR-ND,2019-RK73B2ETTDD102JCT-ND,2019-RK73B2ETTDD102JDKR-ND","RK73B2ETTDD102J","KOA Speer Electronics, Inc.","KOA Speer Electronics, Inc.","RESISTOR","7.730","0.14","0","1","Tape & Reel (TR),Cut Tape (CT),Digi-Reel®","RK73B","Active","1 kOhms","±5%","0.5W, 1/2W","Thick Film","Automotive AEC-Q200","±200ppm/°C","-55°C ~ 155°C","1210 (3225 Metric)","1210","0.126"" L x 0.102"" W (3.20mm x 2.60mm)","0.028"" (0.70mm)","2","-","-","https://www.digikey.be/en/products/detail/koa-speer-electronics-inc/RK73B2ETTDD102J/21680961"
"https://www.seielect.com/catalog/SEI-RMCW.pdf","//mm.digikey.com/Volume0/opasdata/d220001/medias/images/4005/MFG_RMCW-0612.jpg","738-RMCW0612JT1K00TR-ND,738-RMCW0612JT1K00CT-ND,738-RMCW0612JT1K00DKR-ND","RMCW0612JT1K00","Stackpole Electronics Inc","Stackpole Electronics Inc","RES 1K OHM 5% 3/4W 0612","19.900","0.14","0","1","Tape & Reel (TR),Cut Tape (CT),Digi-Reel®","RMCW","Active","1 kOhms","±5%","0.75W, 3/4W","Thick Film","Automotive AEC-Q200","±100ppm/°C","-55°C ~ 155°C","Wide 1206 (3216 Metric), 0612","1206","0.063"" L x 0.126"" W (1.60mm x 3.20mm)","0.026"" (0.65mm)","2","-","-","https://www.digikey.be/en/products/detail/stackpole-electronics-inc/RMCW0612JT1K00/13160845"
"https://fscdn.rohm.com/en/products/databook/datasheet/passive/resistor/chip_resistor/sfr-e.pdf","//mm.digikey.com/Volume0/opasdata/d220001/medias/images/5652/511_SFR18.jpg","846-SFR18EZPJ102TR-ND,846-SFR18EZPJ102CT-ND,846-SFR18EZPJ102DKR-ND","SFR18EZPJ102","Rohm Semiconductor","Rohm Semiconductor","RES 1K OHM 5% 1/4W 1206","4.978","0.14","0","1","Tape & Reel (TR),Cut Tape (CT),Digi-Reel®","SFR","Active","1 kOhms","±5%","0.25W, 1/4W","Thick Film","Anti-Sulfur, Automotive AEC-Q200","±200ppm/°C","-55°C ~ 155°C","1206 (3216 Metric)","1206","0.126"" L x 0.063"" W (3.20mm x 1.60mm)","0.026"" (0.65mm)","2","-","-","https://www.digikey.be/en/products/detail/rohm-semiconductor/SFR18EZPJ102/17944486"
"https://yageogroup.com/content/datasheet/asset/file/PYU-RC_GROUP_51_ROHS_L","//mm.digikey.com/Volume0/opasdata/d220001/medias/images/4842/Yageo-0603.jpg","13-RC1206JR-7W1KLTR-ND,13-RC1206JR-7W1KLCT-ND,13-RC1206JR-7W1KLDKR-ND","RC1206JR-7W1KL","YAGEO","YAGEO","RES 1K OHM 5% 1/2W 1206","0","0.14","0","1","Tape & Reel (TR),Cut Tape (CT),Digi-Reel®","RC_L","Active","1 kOhms","±5%","0.5W, 1/2W","Thick Film","Moisture Resistant","±200ppm/°C","-55°C ~ 155°C","1206 (3216 Metric)","1206","0.122"" L x 0.063"" W (3.10mm x 1.60mm)","0.026"" (0.65mm)","2","-","-","https://www.digikey.be/en/products/detail/yageo/RC1206JR-7W1KL/12698814"
"https://yageogroup.com/content/datasheet/asset/file/YAGEO-MMP_DATASHEET","//mm.digikey.com/Volume0/opasdata/d220001/medias/images/8909/MMPx00-xxx5.jpg","MMP200JR-1K-ND","MMP200JR-1K","YAGEO","YAGEO","RES SMD 5% 2W MELF","0","0.1341","0","5000","Tape & Reel (TR)","MMP","Active","1 kOhms","±5%","2W","Metal Film","-","-","-55°C ~ 155°C","MELF, 0309","MELF","0.126"" Dia x 0.335"" L (3.20mm x 8.50mm)","-","2","-","-","https://www.digikey.be/en/products/detail/yageo/MMP200JR-1K/9160438"
"https://www.seielect.com/catalog/SEI-RMEF_RMEP.pdf","//mm.digikey.com/Volume0/opasdata/d220001/medias/images/4007/MFG_RMEF0805FT1K00.jpg","738-RMEF2512JT1K00TR-ND","RMEF2512JT1K00","Stackpole Electronics Inc","Stackpole Electronics Inc","RES 1K OHM 5% 1W 2512","0","0.13194","0","4000","Tape & Reel (TR)","RMEF","Active","1 kOhms","±5%","1W","Thick Film","Automotive AEC-Q200","±100ppm/°C","-55°C ~ 155°C","2512 (6332 Metric)","2512","0.248"" L x 0.126"" W (6.30mm x 3.20mm)","0.026"" (0.65mm)","2","-","-","https://www.digikey.be/en/products/detail/stackpole-electronics-inc/RMEF2512JT1K00/17507312"
"https://www.seielect.com/catalog/SEI-RPCA.pdf","//mm.digikey.com/Volume0/opasdata/d220001/medias/images/5594/MFG_RPCA.jpg","738-RPCA2010JT1K00TR-ND","RPCA2010JT1K00","Stackpole Electronics Inc","Stackpole Electronics Inc","RES, PULSE, 2010, 1 KOHM, 5%, 0.","0","0.13194","0","4000","Tape & Reel (TR)","RPCA","Active","1 kOhms","±5%","0.75W, 3/4W","Thick Film","Anti-Sulfur, Automotive AEC-Q200, Pulse Withstanding","±100ppm/°C","-55°C ~ 155°C","2010 (5025 Metric)","2010","0.197"" L x 0.098"" W (5.00mm x 2.50mm)","0.026"" (0.65mm)","2","-","-","https://www.digikey.be/en/products/detail/stackpole-electronics-inc/RPCA2010JT1K00/21511670"
"https://yageogroup.com/content/Resource%20Library/Datasheet/PYU-SR_20105_ROHS_L.pdf","//mm.digikey.com/Volume0/opasdata/d220001/medias/images/5786/THICKFILMRESSMD.jpg","13-SR0805JR-471KL-ND","SR0805JR-471KL","YAGEO","YAGEO","RES 1K OHM 5% 1/2W 0805","0","0.13179","0","5000","Tape & Reel (TR)","SR","Active","1 kOhms","±5%","0.5W, 1/2W","Thick Film","Automotive AEC-Q200, Pulse Withstanding","±100ppm/°C","-55°C ~ 155°C","0805 (2012 Metric)","0805","0.079"" L x 0.049"" W (2.00mm x 1.25mm)","0.024"" (0.60mm)","2","-","-","https://www.digikey.be/en/products/detail/yageo/SR0805JR-471KL/17023639"
"https://fscdn.rohm.com/en/products/databook/datasheet/passive/resistor/chip_resistor/esr03-e.pdf","//mm.digikey.com/Volume0/opasdata/d220001/medias/images/5652/511_ESR01.jpg","846-ESR03EZPJ102TR-ND,846-ESR03EZPJ102CT-ND,846-ESR03EZPJ102DKR-ND","ESR03EZPJ102","Rohm Semiconductor","Rohm Semiconductor","RES 1K OHM 5% 1/4W 0603","44.402","0.13","0","1","Tape & Reel (TR),Cut Tape (CT),Digi-Reel®","ESR","Active","1 kOhms","±5%","0.25W, 1/4W","Thick Film","Automotive AEC-Q200, Pulse Withstanding","±200ppm/°C","-55°C ~ 155°C","0603 (1608 Metric)","0603","0.063"" L x 0.031"" W (1.60mm x 0.80mm)","0.022"" (0.55mm)","2","-","-","https://www.digikey.be/en/products/detail/rohm-semiconductor/ESR03EZPJ102/1762721"
"https://industrial.panasonic.com/ww/products/pt/general-purpose-chip-resistors/models/ERJ8GEYJ102V","//mm.digikey.com/Volume0/opasdata/d220001/medias/images/2384/ERJ-1206%20Pkg.jpg","P1.0KETR-ND,P1.0KECT-ND,P1.0KEDKR-ND","ERJ-8GEYJ102V","Panasonic Industry","Panasonic Industry","RES SMD 1K OHM 5% 1/4W 1206","141.807","0.13","0","1","Tape & Reel (TR),Cut Tape (CT),Digi-Reel®","ERJ-8G","Not For New Designs","1 kOhms","±5%","0.25W, 1/4W","Thick Film","Automotive AEC-Q200","±200ppm/°C","-55°C ~ 155°C","1206 (3216 Metric)","1206","0.126"" L x 0.063"" W (3.20mm x 1.60mm)","0.028"" (0.70mm)","2","-","-","https://www.digikey.be/en/products/detail/panasonic-industry/ERJ-8GEYJ102V/10364"
"https://www.vishay.com/docs/20043/crcwhpe3.pdf","//mm.digikey.com/Volume0/opasdata/d220001/medias/images/57/MFG_CRCW-HP_e3_Series.jpg","541-1.0KSATR-ND,541-1.0KSACT-ND,541-1.0KSADKR-ND","CRCW06031K00JNEAHP","Vishay Dale","Vishay Dale","RES SMD 1K OHM 5% 1/3W 0603","51.455","0.13","0","1","Tape & Reel (TR),Cut Tape (CT),Digi-Reel®","CRCW-HP e3","Active","1 kOhms","±5%","0.333W, 1/3W","Thick Film","Automotive AEC-Q200, Pulse Withstanding","±200ppm/°C","-55°C ~ 155°C","0603 (1608 Metric)","0603","0.063"" L x 0.033"" W (1.60mm x 0.85mm)","0.022"" (0.55mm)","2","-","-","https://www.digikey.be/en/products/detail/vishay-dale/CRCW06031K00JNEAHP/2222296"
"https://yageogroup.com/content/datasheet/asset/file/PYU-RC_GROUP_51_ROHS_L","//mm.digikey.com/Volume0/opasdata/d220001/medias/images/2579/RL%20Series%201210%283225%20Metric%29.jpg","YAG3377TR-ND,YAG3377CT-ND,YAG3377DKR-ND","RC1210JR-071KL","YAGEO","YAGEO","RES 1K OHM 5% 1/2W 1210","14.980","0.13","0","1","Tape & Reel (TR),Cut Tape (CT),Digi-Reel®","RC_L","Active","1 kOhms","±5%","0.5W, 1/2W","Thick Film","Moisture Resistant","±100ppm/°C","-55°C ~ 155°C","1210 (3225 Metric)","1210","0.122"" L x 0.102"" W (3.10mm x 2.60mm)","0.024"" (0.60mm)","2","-","-","https://www.digikey.be/en/products/detail/yageo/RC1210JR-071KL/5919874"
"https://fscdn.rohm.com/en/products/databook/datasheet/passive/resistor/chip_resistor/esr-e.pdf","//mm.digikey.com/Volume0/opasdata/d220001/medias/images/5652/511_ESR01.jpg","RHM1.0KKTR-ND,RHM1.0KKCT-ND,RHM1.0KKDKR-ND","ESR10EZPJ102","Rohm Semiconductor","Rohm Semiconductor","RES 1K OHM 5% 2/5W 0805","4.581","0.13","0","1","Tape & Reel (TR),Cut Tape (CT),Digi-Reel®","ESR","Active","1 kOhms","±5%","0.4W, 2/5W","Thick Film","Automotive AEC-Q200, Pulse Withstanding","±200ppm/°C","-55°C ~ 155°C","0805 (2012 Metric)","0805","0.079"" L x 0.049"" W (2.00mm x 1.25mm)","0.026"" (0.65mm)","2","-","-","https://www.digikey.be/en/products/detail/rohm-semiconductor/ESR10EZPJ102/1762748"
"https://www.koaspeer.com/pdfs/RK73B.pdf","//mm.digikey.com/Volume0/opasdata/d220001/medias/images/6455/RK73B-01005%280402%29.jpg","2019-RK73B1FTTBL102JTR-ND,2019-RK73B1FTTBL102JCT-ND,2019-RK73B1FTTBL102JDKR-ND","RK73B1FTTBL102J","KOA Speer Electronics, Inc.","KOA Speer Electronics, Inc.","RESISTOR","37.475","0.13","0","1","Tape & Reel (TR),Cut Tape (CT),Digi-Reel®","RK73B","Active","1 kOhms","±5%","0.03W, 1/32W","Thick Film","-","±250ppm/°C","-55°C ~ 125°C","01005 (0402 Metric)","1005","0.016"" L x 0.008"" W (0.40mm x 0.20mm)","0.006"" (0.15mm)","2","-","-","https://www.digikey.be/en/products/detail/koa-speer-electronics-inc/RK73B1FTTBL102J/21680294"
"https://www.te.com/usa-en/product-7-1879497-3.datasheet.pdf","//mm.digikey.com/Volume0/opasdata/d220001/medias/images/905/1206-Case-Chip-Resistor.jpg","1712-CRGH1206J1K0TR-ND,1712-CRGH1206J1K0CT-ND,1712-CRGH1206J1K0DKR-ND","CRGH1206J1K0","TE Connectivity Passive Product","TE Connectivity Passive Product","RES 1K OHM 5% 1/2W 1206","15.458","0.13","0","1","Tape & Reel (TR),Cut Tape (CT),Digi-Reel®","CRGH, Neohm","Active","1 kOhms","±5%","0.5W, 1/2W","Thick Film","Automotive AEC-Q200","±100ppm/°C","-55°C ~ 155°C","1206 (3216 Metric)","1206","0.122"" L x 0.061"" W (3.10mm x 1.55mm)","-","2","-","-","https://www.digikey.be/en/products/detail/te-connectivity-passive-product/CRGH1206J1K0/2385692"
"https://yageogroup.com/content/datasheet/asset/file/PYU-RC_51_ROHS_P","//mm.digikey.com/Volume0/opasdata/d220001/medias/images/4843/YAGEOCHIPRES.jpg","13-RC0201JR-071KPTR-ND,13-RC0201JR-071KPCT-ND,13-RC0201JR-071KPDKR-ND","RC0201JR-071KP","YAGEO","YAGEO","RES 1K OHM 5% 1/20W 0201","2.580","0.13","0","1","Tape & Reel (TR),Cut Tape (CT),Digi-Reel®","RC_P","Active","1 kOhms","±5%","0.05W, 1/20W","Thick Film","-","±200ppm/°C","-55°C ~ 125°C","0201 (0603 Metric)","0201","0.024"" L x 0.012"" W (0.60mm x 0.30mm)","0.010"" (0.26mm)","2","-","7C1 RoHS w/out Exemption (100% Pb-Free)","https://www.digikey.be/en/products/detail/yageo/RC0201JR-071KP/17010135"
"https://www.koaspeer.com/pdfs/SG73S.pdf","//mm.digikey.com/Volume0/opasdata/d220001/medias/images/319/RN73H-0402%281005%29%3B%3B1x0%2C5x0%2C35.JPG","2019-SG73S1ETTP102JTR-ND,2019-SG73S1ETTP102JCT-ND,2019-SG73S1ETTP102JDKR-ND","SG73S1ETTP102J","KOA Speer Electronics, Inc.","KOA Speer Electronics, Inc.","RES 1K OHM 5% 1/8W 0402","1.940","0.13","0","1","Tape & Reel (TR),Cut Tape (CT),Digi-Reel®","SG73S","Active","1 kOhms","±5%","0.125W, 1/8W","Thick Film","Automotive AEC-Q200, Moisture Resistant, Pulse Withstanding","±200ppm/°C","-55°C ~ 155°C","0402 (1005 Metric)","0402","0.039"" L x 0.020"" W (1.00mm x 0.50mm)","0.016"" (0.40mm)","2","-","-","https://www.digikey.be/en/products/detail/koa-speer-electronics-inc/SG73S1ETTP102J/10279962"
"https://industrial.panasonic.com/cdbs/www-data/pdf/RDA0000/AOA0000C301.pdf","//mm.digikey.com/Volume0/opasdata/d220001/medias/images/4885/MFG_ERJ-1GJ0R00C.jpg","10-ERJ-1GJJ102CTR-ND,10-ERJ-1GJJ102CCT-ND,10-ERJ-1GJJ102CDKR-ND","ERJ-1GJJ102C","Panasonic Industry","Panasonic Industry","RES SMD 1K OHM 5% 1/20W 0201","15.000","0.13","0","1","Tape & Reel (TR),Cut Tape (CT),Digi-Reel®","ERJ-1GJ","Active","1 kOhms","±5%","0.05W, 1/20W","Thick Film","Automotive AEC-Q200","±200ppm/°C","-55°C ~ 125°C","0201 (0603 Metric)","0201","0.024"" L x 0.012"" W (0.60mm x 0.30mm)","0.010"" (0.26mm)","2","-","-","https://www.digikey.be/en/products/detail/panasonic-industry/ERJ-1GJJ102C/19099570"
"https://www.koaspeer.com/pdfs/RK73-RT.pdf","//mm.digikey.com/Volume0/opasdata/d220001/medias/images/435/0603-%281608-Metric%29-RK73-RT-Series.jpg","2019-RK73B1HRTTC102JTR-ND,2019-RK73B1HRTTC102JCT-ND,2019-RK73B1HRTTC102JDKR-ND","RK73B1HRTTC102J","KOA Speer Electronics, Inc.","KOA Speer Electronics, Inc.","RES 1K OHM 5% 1/20W 0201","14.712","0.13","0","1","Tape & Reel (TR),Cut Tape (CT),Digi-Reel®","RK73-RT","Not For New Designs","1 kOhms","±5%","0.05W, 1/20W","Thick Film","Anti-Sulfur, Automotive AEC-Q200","±200ppm/°C","-55°C ~ 155°C","0201 (0603 Metric)","0201","0.024"" L x 0.012"" W (0.60mm x 0.30mm)","0.010"" (0.26mm)","2","-","-","https://www.digikey.be/en/products/detail/koa-speer-electronics-inc/RK73B1HRTTC102J/10638415"
"https://calchip.com/wp-content/uploads/2024/10/CAS-SERIES-1.pdf","//mm.digikey.com/Volume0/opasdata/d220001/medias/images/6167/MFG_RM-.jpg","4713-CAS02J102CTTR-ND,4713-CAS02J102CT-ND,4713-CAS02J102CTDKR-ND","CAS02J102CT","Cal-Chip Electronics, Inc.","Cal-Chip Electronics, Inc.","ANTISULF RES0201 5% 1.0K OHM","15.000","0.13","0","1","Tape & Reel (TR),Cut Tape (CT),Digi-Reel®","CAS","Active","1 kOhms","±5%","0.05W, 1/20W","Thick Film","Anti-Sulfur, Automotive AEC-Q200","±200ppm/°C","-55°C ~ 155°C","0201 (0603 Metric)","0201","0.024"" L x 0.012"" W (0.60mm x 0.30mm)","0.010"" (0.26mm)","2","-","-","https://www.digikey.be/en/products/detail/cal-chip-electronics-inc/CAS02J102CT/25702589"
"https://calchip.com/wp-content/uploads/2023/05/rm_series.pdf","//mm.digikey.com/Volume0/opasdata/d220001/medias/images/6167/MFG_RM-.jpg","4713-RM14J102CTTR-ND,4713-RM14J102CT-ND,4713-RM14J102CTDKR-ND","RM14J102CT","Cal-Chip Electronics, Inc.","Cal-Chip Electronics, Inc.","RES1210 5% 1K OHM","5.000","0.13","0","1","Tape & Reel (TR),Cut Tape (CT),Digi-Reel®","RM","Active","1 kOhms","±5%","0.5W, 1/2W","Thick Film","-","±100ppm/°C","-55°C ~ 155°C","1210 (3225 Metric)","1210","0.122"" L x 0.102"" W (3.10mm x 2.60mm)","0.026"" (0.65mm)","2","-","-","https://www.digikey.be/en/products/detail/cal-chip-electronics-inc/RM14J102CT/28024363"
"https://fscdn.rohm.com/en/products/databook/datasheet/passive/resistor/chip_resistor/sfr-e.pdf","//mm.digikey.com/Volume0/opasdata/d220001/medias/images/4837/SFR-Chip-Resistors.jpg","846-SFR10EZPJ102TR-ND,846-SFR10EZPJ102CT-ND,846-SFR10EZPJ102DKR-ND","SFR10EZPJ102","Rohm Semiconductor","Rohm Semiconductor","RES 1 KOHM 5% 1/8W 0805","4.666","0.13","0","1","Tape & Reel (TR),Cut Tape (CT),Digi-Reel®","SFR","Active","1 kOhms","±5%","0.125W, 1/8W","Thick Film","Anti-Sulfur, Automotive AEC-Q200","±200ppm/°C","-55°C ~ 155°C","0805 (2012 Metric)","0805","0.079"" L x 0.049"" W (2.00mm x 1.25mm)","0.026"" (0.65mm)","2","-","-","https://www.digikey.be/en/products/detail/rohm-semiconductor/SFR10EZPJ102/9805645"
"https://yageogroup.com/content/datasheet/asset/file/PYU-AC_51_ROHS_L","//mm.digikey.com/Volume0/opasdata/d220001/medias/images/4205/AC-Series--SMD-Chip-Resistor.jpg","13-AC1206JR-7W1KLTR-ND,13-AC1206JR-7W1KLCT-ND,13-AC1206JR-7W1KLDKR-ND","AC1206JR-7W1KL","YAGEO","YAGEO","RES 1K OHM 5% 1/2W 1206","209","0.13","0","1","Tape & Reel (TR),Cut Tape (CT),Digi-Reel®","AC","Active","1 kOhms","±5%","0.5W, 1/2W","Thick Film","Automotive AEC-Q200, Moisture Resistant","±100ppm/°C","-55°C ~ 155°C","1206 (3216 Metric)","1206","0.122"" L x 0.063"" W (3.10mm x 1.60mm)","0.026"" (0.65mm)","2","-","-","https://www.digikey.be/en/products/detail/yageo/AC1206JR-7W1KL/16989889"
"https://yageogroup.com/content/Resource%20Library/Datasheet/PYU-AA_51_ROHS_L.pdf","//mm.digikey.com/Volume0/opasdata/d220001/medias/images/1826/2512-%286432-Metric%29.jpg","AA2512JK-071KL-ND","AA2512JK-071KL","YAGEO","YAGEO","RES SMD 1K OHM 5% 1W 2512","0","0.12681","0","4000","Tape & Reel (TR)","AA","Active","1 kOhms","±5%","1W","Thick Film","Anti-Sulfur, Automotive AEC-Q200, Moisture Resistant","±150ppm/°C","-55°C ~ 155°C","2512 (6332 Metric)","2512","0.250"" L x 0.122"" W (6.35mm x 3.10mm)","0.026"" (0.65mm)","2","-","-","https://www.digikey.be/en/products/detail/yageo/AA2512JK-071KL/5894083"
"https://yageogroup.com/content/Resource%20Library/Datasheet/PYU-AA_51_ROHS_L.pdf","//mm.digikey.com/Volume0/opasdata/d220001/medias/images/2289/Yageo-RC1218.jpg","AA1218JK-071KL-ND","AA1218JK-071KL","YAGEO","YAGEO","RES SMD 1K OHM 1W 1812 WIDE","0","0.12411","0","4000","Tape & Reel (TR)","AA","Active","1 kOhms","±5%","1W","Thick Film","Anti-Sulfur, Automotive AEC-Q200, Moisture Resistant","±150ppm/°C","-55°C ~ 155°C","Wide 1812 (4532 Metric), 1218","1218","0.122"" L x 0.181"" W (3.10mm x 4.60mm)","0.026"" (0.65mm)","2","-","-","https://www.digikey.be/en/products/detail/yageo/AA1218JK-071KL/5893434"
"https://industrial.panasonic.com/cdbs/www-data/pdf/RDO0000/AOA0000C331.pdf","//mm.digikey.com/Volume0/opasdata/d220001/medias/images/2502/ERJ-0805%20Pkg.jpg","P1.0KADTR-ND,P1.0KADCT-ND,P1.0KADDKR-ND","ERJ-P06J102V","Panasonic Industry","Panasonic Industry","RES SMD 1K OHM 5% 1/2W 0805","529.124","0.12","0","1","Tape & Reel (TR),Cut Tape (CT),Digi-Reel®","ERJ-P06","Active","1 kOhms","±5%","0.5W, 1/2W","Thick Film","Automotive AEC-Q200, Pulse Withstanding","±200ppm/°C","-55°C ~ 155°C","0805 (2012 Metric)","0805","0.079"" L x 0.049"" W (2.00mm x 1.25mm)","0.028"" (0.70mm)","2","-","-","https://www.digikey.be/en/products/detail/panasonic-industry/ERJ-P06J102V/525197"
"https://www.koaspeer.com/pdfs/RK73-RT.pdf","//mm.digikey.com/Volume0/opasdata/d220001/medias/images/319/2019%3B%3B0402%281005%29-1x0%2C5x0%2C4.JPG","2019-RK73B1ERTTP102JTR-ND,2019-RK73B1ERTTP102JCT-ND,2019-RK73B1ERTTP102JDKR-ND","RK73B1ERTTP102J","KOA Speer Electronics, Inc.","KOA Speer Electronics, Inc.","RES 1K OHM 5% 1/10W 0402","61.016","0.12","0","1","Tape & Reel (TR),Cut Tape (CT),Digi-Reel®","RK73-RT","Active","1 kOhms","±5%","0.1W, 1/10W","Thick Film","Anti-Sulfur, Automotive AEC-Q200","±200ppm/°C","-55°C ~ 155°C","0402 (1005 Metric)","0402","0.039"" L x 0.020"" W (1.00mm x 0.50mm)","0.016"" (0.40mm)","2","-","-","https://www.digikey.be/en/products/detail/koa-speer-electronics-inc/RK73B1ERTTP102J/10715018"
"https://www.vishay.com/docs/20065/rcse3.pdf","//mm.digikey.com/Volume0/opasdata/d220001/medias/images/4846/541_RCS-SERIES_0603-%281608-Metric%29.jpg","541-2814-2-ND,541-2814-1-ND,541-2814-6-ND","RCS06031K00JNEA","Vishay Dale","Vishay Dale","RES 1K OHM 5% 1/2W 0603","4.781","0.12","0","1","Tape & Reel (TR),Cut Tape (CT),Digi-Reel®","RCS e3","Active","1 kOhms","±5%","0.5W, 1/2W","Thick Film","Automotive AEC-Q200, Pulse Withstanding","±200ppm/°C","-55°C ~ 155°C","0603 (1608 Metric)","0603","0.061"" L x 0.033"" W (1.55mm x 0.85mm)","0.020"" (0.50mm)","2","-","-","https://www.digikey.be/en/products/detail/vishay-dale/RCS06031K00JNEA/5866960"
"https://www.vishay.com/docs/20047/rcge3.pdf","//mm.digikey.com/Volume0/opasdata/d220001/medias/images/535/TFPT0805L1001DV.JPG","541-1836-2-ND,541-1836-1-ND,541-1836-6-ND","RCG08051K00JNEA","Vishay Dale","Vishay Dale","RES 1K OHM 5% 1/8W 0805","4.848","0.12","0","1","Tape & Reel (TR),Cut Tape (CT),Digi-Reel®","RCG e3","Active","1 kOhms","±5%","0.125W, 1/8W","Thick Film","-","±200ppm/°C","-55°C ~ 155°C","0805 (2012 Metric)","0805","0.079"" L x 0.049"" W (2.00mm x 1.25mm)","0.020"" (0.50mm)","2","-","-","https://www.digikey.be/en/products/detail/vishay-dale/RCG08051K00JNEA/4172445"
"https://www.vishay.com/docs/20037/rcae3.pdf","//mm.digikey.com/Volume0/opasdata/d220001/medias/images/2736/MFG_RCA_E3_0805%282012-Metric%29.jpg","541-2235-2-ND,541-2235-1-ND,541-2235-6-ND","RCA08051K00JNEA","Vishay Dale","Vishay Dale","RES SMD 1K OHM 5% 1/8W 0805","4.471","0.12","0","1","Tape & Reel (TR),Cut Tape (CT),Digi-Reel®","RCA","Active","1 kOhms","±5%","0.125W, 1/8W","Thick Film","Anti-Sulfur, Automotive AEC-Q200","±200ppm/°C","-55°C ~ 155°C","0805 (2012 Metric)","0805","0.079"" L x 0.049"" W (2.01mm x 1.25mm)","0.020"" (0.50mm)","2","-","-","https://www.digikey.be/en/products/detail/vishay-dale/RCA08051K00JNEA/4946804"
"https://www.seielect.com/catalog/SEI-RMEF_RMEP.pdf","//mm.digikey.com/Volume0/opasdata/d220001/medias/images/7468/MFG_RMEF2010ZT0R00.jpg","738-RMEF2010JT1K00TR-ND","RMEF2010JT1K00","Stackpole Electronics Inc","Stackpole Electronics Inc","RES 1K OHM 5% 3/4W 2010","0","0.11976","0","4000","Tape & Reel (TR)","RMEF","Active","1 kOhms","±5%","0.75W, 3/4W","Thick Film","Automotive AEC-Q200","±100ppm/°C","-55°C ~ 155°C","2010 (5025 Metric)","2010","0.197"" L x 0.098"" W (5.00mm x 2.50mm)","0.026"" (0.65mm)","2","-","-","https://www.digikey.be/en/products/detail/stackpole-electronics-inc/RMEF2010JT1K00/17623754"
"https://www.seielect.com/catalog/SEI-FRC.pdf","//mm.digikey.com/Volume0/opasdata/d220001/medias/images/3600/Kamaya-FRC20x.JPG","738-FRC1210JT1K00TR-ND","FRC1210JT1K00","Stackpole Electronics Inc","Stackpole Electronics Inc","RES 1K OHM 5% 1/2W 1210","0","0.11822","0","5000","Tape & Reel (TR)","FRC","Active","1 kOhms","±5%","0.5W, 1/2W","Thick Film","-","±200ppm/°C","-55°C ~ 155°C","1210 (3225 Metric)","1210","0.120"" L x 0.098"" W (3.05mm x 2.50mm)","0.028"" (0.70mm)","2","-","-","https://www.digikey.be/en/products/detail/stackpole-electronics-inc/FRC1210JT1K00/16203044"
"https://www.seielect.Com/catalog/SEI-RMCW.pdf","-","738-RMCW1225JT1K00-HPTR-ND","RMCW1225JT1K00-HP","Stackpole Electronics Inc","Stackpole Electronics Inc","RES, 1225, 1 KOHM, 5%, 3W","0","0.11365","0","4000","Tape & Reel (TR)","RMCW","Active","1 kOhms","±5%","3W","Thick Film","-","±100ppm/°C","-55°C ~ 155°C","Wide 2512 (6432 Metric), 1225","1225","0.126"" L x 0.256"" W (3.20mm x 6.50mm)","0.026"" (0.65mm)","2","-","AEC-Q200","https://www.digikey.be/en/products/detail/stackpole-electronics-inc/RMCW1225JT1K00-HP/27723970"
"https://www.bourns.com/data/global/pdfs/CRS.pdf","//mm.digikey.com/Volume0/opasdata/d220001/medias/images/4280/cmp2010.jpg","118-CRS2010-JX-102ELFTR-ND","CRS2010-JX-102ELF","Bourns Inc.","Bourns Inc.","RES 1K OHM 5% 1W 2010","0","0.11083","0","4000","Tape & Reel (TR)","CRS","Active","1 kOhms","±5%","1W","Thick Film","High Voltage, Pulse Withstanding","±100ppm/°C","-55°C ~ 155°C","2010 (5025 Metric)","2010","0.197"" L x 0.098"" W (5.00mm x 2.50mm)","0.026"" (0.65mm)","2","-","-","https://www.digikey.be/en/products/detail/bourns-inc/CRS2010-JX-102ELF/16357263"
"https://www.vishay.com/docs/20043/crcwhpe3.pdf","//mm.digikey.com/Volume0/opasdata/d220001/medias/images/57/MFG_CRCW-HP_e3_Series.jpg","541-1.0KYATR-ND,541-1.0KYACT-ND,541-1.0KYADKR-ND","CRCW04021K00JNEDHP","Vishay Dale","Vishay Dale","RES SMD 1K OHM 5% 1/5W 0402","80.922","0.11","0","1","Tape & Reel (TR),Cut Tape (CT),Digi-Reel®","CRCW-HP e3","Active","1 kOhms","±5%","0.2W, 1/5W","Thick Film","Automotive AEC-Q200, Pulse Withstanding","±200ppm/°C","-55°C ~ 155°C","0402 (1005 Metric)","0402","0.039"" L x 0.020"" W (1.00mm x 0.50mm)","0.016"" (0.40mm)","2","-","-","https://www.digikey.be/en/products/detail/vishay-dale/CRCW04021K00JNEDHP/2222560"
"https://www.koaspeer.com/pdfs/SG73P.pdf","//mm.digikey.com/Volume0/opasdata/d220001/medias/images/696/KOA-Speer-SG73P-0805-%282012-Metric%29.jpg","2019-SG73P2ATTD102JTR-ND,2019-SG73P2ATTD102JCT-ND,2019-SG73P2ATTD102JDKR-ND","SG73P2ATTD102J","KOA Speer Electronics, Inc.","KOA Speer Electronics, Inc.","RES 1K OHM 5% 1/2W 0805","11.455","0.11","0","1","Tape & Reel (TR),Cut Tape (CT),Digi-Reel®","SG73P","Active","1 kOhms","±5%","0.25W, 1/4W","Thick Film","Automotive AEC-Q200, Pulse Withstanding","±100ppm/°C","-55°C ~ 155°C","0805 (2012 Metric)","0805","0.079"" L x 0.049"" W (2.00mm x 1.25mm)","0.024"" (0.60mm)","2","-","-","https://www.digikey.be/en/products/detail/koa-speer-electronics-inc/SG73P2ATTD102J/10187137"
"https://fscdn.rohm.com/en/products/databook/datasheet/passive/resistor/chip_resistor/sdr-e.pdf","//mm.digikey.com/Volume0/opasdata/d220001/medias/images/699/MFG_SDR03-Series.jpg","846-SDR03EZPJ102TR-ND,846-SDR03EZPJ102CT-ND,846-SDR03EZPJ102DKR-ND","SDR03EZPJ102","Rohm Semiconductor","Rohm Semiconductor","RES SMD 1 KOHM 5% 0.3W 0603","8.945","0.11","0","1","Tape & Reel (TR),Cut Tape (CT),Digi-Reel®","SDR03","Active","1 kOhms","±5%","0.4W","Thick Film","Automotive AEC-Q200, Pulse Withstanding","±200ppm/°C","-55°C ~ 155°C","0603 (1608 Metric)","0603","0.063"" L x 0.031"" W (1.60mm x 0.80mm)","0.022"" (0.55mm)","2","-","-","https://www.digikey.be/en/products/detail/rohm-semiconductor/SDR03EZPJ102/9674982"
"https://www.seielect.com/catalog/SEI-RMCF_RMCP.pdf","//mm.digikey.com/Volume0/opasdata/d220001/medias/images/377/1210-Pkg.jpg","RMCF1210JT1K00TR-ND,RMCF1210JT1K00CT-ND,RMCF1210JT1K00DKR-ND","RMCF1210JT1K00","Stackpole Electronics Inc","Stackpole Electronics Inc","RES 1K OHM 5% 1/2W 1210","3.210","0.11","0","1","Tape & Reel (TR),Cut Tape (CT),Digi-Reel®","RMCF","Active","1 kOhms","±5%","0.5W, 1/2W","Thick Film","Automotive AEC-Q200","±200ppm/°C","-55°C ~ 155°C","1210 (3225 Metric)","1210","0.126"" L x 0.098"" W (3.20mm x 2.50mm)","0.028"" (0.70mm)","2","-","-","https://www.digikey.be/en/products/detail/stackpole-electronics-inc/RMCF1210JT1K00/1757278"
"https://www.koaspeer.com/pdfs/RK73-RT.pdf","//mm.digikey.com/Volume0/opasdata/d220001/medias/images/435/0603-%281608-Metric%29-RK73-RT-Series.jpg","2019-RK73B1JRTTD102JTR-ND,2019-RK73B1JRTTD102JCT-ND,2019-RK73B1JRTTD102JDKR-ND","RK73B1JRTTD102J","KOA Speer Electronics, Inc.","KOA Speer Electronics, Inc.","RES 1K OHM 5% 1/8W 0603","45.685","0.11","0","1","Tape & Reel (TR),Cut Tape (CT),Digi-Reel®","RK73-RT","Active","1 kOhms","±5%","0.125W, 1/8W","Thick Film","Anti-Sulfur, Automotive AEC-Q200","±200ppm/°C","-55°C ~ 155°C","0603 (1608 Metric)","0603","0.063"" L x 0.031"" W (1.60mm x 0.80mm)","0.022"" (0.55mm)","2","-","-","https://www.digikey.be/en/products/detail/koa-speer-electronics-inc/RK73B1JRTTD102J/12156167"
"https://yageogroup.com/content/Resource%20Library/Datasheet/PYU-AF_51_ROHS_L.pdf","//mm.digikey.com/Volume0/opasdata/d220001/medias/images/389/CCSeries-0201-%280603-Metric%29.jpg","13-AF0201JR-071KLTR-ND,13-AF0201JR-071KLCT-ND,13-AF0201JR-071KLDKR-ND","AF0201JR-071KL","YAGEO","YAGEO","RES SMD 1K OHM 5% 1/20W 0201","17.951","0.11","0","1","Tape & Reel (TR),Cut Tape (CT),Digi-Reel®","AF","Active","1 kOhms","±5%","0.05W, 1/20W","Thick Film","Anti-Sulfur, Automotive AEC-Q200","±200ppm/°C","-55°C ~ 155°C","0201 (0603 Metric)","0201","0.024"" L x 0.012"" W (0.60mm x 0.30mm)","0.010"" (0.26mm)","2","-","-","https://www.digikey.be/en/products/detail/yageo/AF0201JR-071KL/5900283"
"https://www.vishay.com/docs/20037/rcae3.pdf","//mm.digikey.com/Volume0/opasdata/d220001/medias/images/2605/RCA%20Series%200402.jpg","541-RCA04021K00JNEDTR-ND,541-RCA04021K00JNEDCT-ND,541-RCA04021K00JNEDDKR-ND","RCA04021K00JNED","Vishay Dale","Vishay Dale","RES SMD 1K OHM 5% 1/16W 0402","7.868","0.11","0","1","Tape & Reel (TR),Cut Tape (CT),Digi-Reel®","RCA","Active","1 kOhms","±5%","0.063W, 1/16W","Thick Film","Anti-Sulfur, Automotive AEC-Q200","±200ppm/°C","-55°C ~ 155°C","0402 (1005 Metric)","0402","0.039"" L x 0.020"" W (1.00mm x 0.50mm)","0.016"" (0.40mm)","2","-","-","https://www.digikey.be/en/products/detail/vishay-dale/RCA04021K00JNED/4946757"
"https://fscdn.rohm.com/en/products/databook/datasheet/passive/resistor/chip_resistor/sfr-e.pdf","//mm.digikey.com/Volume0/opasdata/d220001/medias/images/4837/SFR-Chip-Resistors.jpg","846-SFR03EZPJ102TR-ND,846-SFR03EZPJ102CT-ND,846-SFR03EZPJ102DKR-ND","SFR03EZPJ102","Rohm Semiconductor","Rohm Semiconductor","RES 1 KOHM 5% 1/10W 0603","6.214","0.11","0","1","Tape & Reel (TR),Cut Tape (CT),Digi-Reel®","SFR","Active","1 kOhms","±5%","0.1W, 1/10W","Thick Film","Anti-Sulfur, Automotive AEC-Q200","±200ppm/°C","-55°C ~ 155°C","0603 (1608 Metric)","0603","0.063"" L x 0.031"" W (1.60mm x 0.80mm)","0.022"" (0.55mm)","2","-","-","https://www.digikey.be/en/products/detail/rohm-semiconductor/SFR03EZPJ102/9771857"
"https://www.seielect.com/catalog/SEI-RMEF_RMEP.pdf","//mm.digikey.com/Volume0/opasdata/d220001/medias/images/6808/RMEFseries_1206-3216.jpg","738-RMEF1206JT1K00TR-ND,738-RMEF1206JT1K00CT-ND,738-RMEF1206JT1K00DKR-ND","RMEF1206JT1K00","Stackpole Electronics Inc","Stackpole Electronics Inc","RES 1K OHM 5% 1/4W 1206","4.767","0.11","0","1","Tape & Reel (TR),Cut Tape (CT),Digi-Reel®","RMEF","Active","1 kOhms","±5%","0.25W, 1/4W","Thick Film","Automotive AEC-Q200","±100ppm/°C","-55°C ~ 155°C","1206 (3216 Metric)","1206","0.120"" L x 0.063"" W (3.05mm x 1.60mm)","0.028"" (0.70mm)","2","-","-","https://www.digikey.be/en/products/detail/stackpole-electronics-inc/RMEF1206JT1K00/16839810"
"https://www.koaspeer.com/pdfs/SG73P.pdf","//mm.digikey.com/Volume0/opasdata/d220001/medias/images/696/KOA-Speer-SG73P-1206-%283216-Metric%29.jpg","2019-SG73P2BTTD102JTR-ND,2019-SG73P2BTTD102JCT-ND,2019-SG73P2BTTD102JDKR-ND","SG73P2BTTD102J","KOA Speer Electronics, Inc.","KOA Speer Electronics, Inc.","RES 1K OHM 5% 3/4W 1206","4.701","0.11","0","1","Tape & Reel (TR),Cut Tape (CT),Digi-Reel®","SG73P","Active","1 kOhms","±5%","0.333W, 1/3W","Thick Film","Automotive AEC-Q200, Pulse Withstanding","±100ppm/°C","-55°C ~ 155°C","1206 (3216 Metric)","1206","0.126"" L x 0.063"" W (3.20mm x 1.60mm)","0.028"" (0.70mm)","2","-","-","https://www.digikey.be/en/products/detail/koa-speer-electronics-inc/SG73P2BTTD102J/10187145"
"https://industrial.panasonic.com/cdbs/www-data/pdf/RDP0000/AOA0000C334.pdf","//mm.digikey.com/Volume0/opasdata/d220001/medias/images/6452/ERJ-0805_Pkg.jpg","10-ERJ-U06J102VTR-ND,10-ERJ-U06J102VCT-ND,10-ERJ-U06J102VDKR-ND","ERJ-U06J102V","Panasonic Industry","Panasonic Industry","RES 1K OHM 5% 1/8W 0805","3.793","0.11","0","1","Tape & Reel (TR),Cut Tape (CT),Digi-Reel®","ERJ-U06","Active","1 kOhms","±5%","0.125W, 1/8W","Thick Film","Anti-Sulfur, Automotive AEC-Q200","±200ppm/°C","-55°C ~ 155°C","0805 (2012 Metric)","0805","0.079"" L x 0.049"" W (2.00mm x 1.25mm)","0.028"" (0.70mm)","2","-","-","https://www.digikey.be/en/products/detail/panasonic-industry/ERJ-U06J102V/11642245"
"https://www.koaspeer.com/pdfs/SG73S.pdf","//mm.digikey.com/Volume0/opasdata/d220001/medias/images/323/KOA-Speer-SG73S-0805-%282012-Metric%29.jpg","2019-SG73S2ATTD102JTR-ND,2019-SG73S2ATTD102JCT-ND,2019-SG73S2ATTD102JDKR-ND","SG73S2ATTD102J","KOA Speer Electronics, Inc.","KOA Speer Electronics, Inc.","RES 1K OHM 5% 1/4W 0805","2.581","0.11","0","1","Tape & Reel (TR),Cut Tape (CT),Digi-Reel®","SG73S","Active","1 kOhms","±5%","0.25W, 1/4W","Thick Film","Automotive AEC-Q200, Moisture Resistant, Pulse Withstanding","±200ppm/°C","-55°C ~ 155°C","0805 (2012 Metric)","0805","0.079"" L x 0.049"" W (2.00mm x 1.25mm)","0.024"" (0.60mm)","2","-","-","https://www.digikey.be/en/products/detail/koa-speer-electronics-inc/SG73S2ATTD102J/10279978"
"https://yageogroup.com/content/datasheet/asset/file/PYU-RC_51_ROHS_P","//mm.digikey.com/Volume0/opasdata/d220001/medias/images/2494/CRSM%20PT1206.jpg","YAG1341TR-ND,YAG1341CT-ND,YAG1341DKR-ND","RC1206JR-071KP","YAGEO","YAGEO","RES 1K OHM 5% 1/4W 1206","1.605","0.11","0","1","Tape & Reel (TR),Cut Tape (CT),Digi-Reel®","RC_P","Active","1 kOhms","±5%","0.25W, 1/4W","Thick Film","-","±100ppm/°C","-55°C ~ 155°C","1206 (3216 Metric)","1206","0.122"" L x 0.063"" W (3.10mm x 1.60mm)","0.026"" (0.65mm)","2","-","7C1 RoHS w/out Exemption (100% Pb-Free)","https://www.digikey.be/en/products/detail/yageo/RC1206JR-071KP/4935356"
"https://www.vishay.com/docs/20132/rca-sre3.pdf","//mm.digikey.com/Volume0/opasdata/d220001/medias/images/7218/MFG_RCA-SR.jpg","541-RCA12061K00JNEASRTR-ND,541-RCA12061K00JNEASRCT-ND,541-RCA12061K00JNEASRDKR-ND","RCA12061K00JNEASR","Vishay Dale","Vishay Dale","RCA1206-SR 200 1K0 5% ET1 E3","9.475","0.11","0","1","Tape & Reel (TR),Cut Tape (CT),Digi-Reel®","RCA-SR e3","Active","1 kOhms","±5%","0.25W, 1/4W","Thick Film","Anti-Sulfur, Automotive AEC-Q200","±200ppm/°C","-55°C ~ 155°C","1206 (3216 Metric)","1206","0.126"" L x 0.063"" W (3.20mm x 1.60mm)","0.024"" (0.60mm)","2","-","AEC-Q200","https://www.digikey.be/en/products/detail/vishay-dale/RCA12061K00JNEASR/27687763"
"https://www.koaspeer.com/pdfs/RK73B.pdf","//mm.digikey.com/Volume0/opasdata/d220001/medias/images/319/RK73B-0201%280603%29%3B%3B0%2C6x0%2C3x0%2C26.JPG","2019-RK73B1HTTCM102JTR-ND,2019-RK73B1HTTCM102JCT-ND,2019-RK73B1HTTCM102JDKR-ND","RK73B1HTTCM102J","KOA Speer Electronics, Inc.","KOA Speer Electronics, Inc.","RES 1K OHM 5% 1/20W 0201","14.860","0.11","0","1","Tape & Reel (TR),Cut Tape (CT),Digi-Reel®","RK73B","Active","1 kOhms","±5%","0.05W, 1/20W","Thick Film","Automotive AEC-Q200","±200ppm/°C","-55°C ~ 155°C","0201 (0603 Metric)","0201","0.024"" L x 0.012"" W (0.60mm x 0.30mm)","0.010"" (0.26mm)","2","-","-","https://www.digikey.be/en/products/detail/koa-speer-electronics-inc/RK73B1HTTCM102J/21290350"
"https://calchip.com/wp-content/uploads/2024/10/CAS-SERIES-1.pdf","//mm.digikey.com/Volume0/opasdata/d220001/medias/images/6167/MFG_RM-.jpg","4713-CAS10J102CTTR-ND,4713-CAS10J102CT-ND,4713-CAS10J102CTDKR-ND","CAS10J102CT","Cal-Chip Electronics, Inc.","Cal-Chip Electronics, Inc.","ANTISULF RES0805 5% 1K OHM","4.900","0.11","0","1","Tape & Reel (TR),Cut Tape (CT),Digi-Reel®","CAS","Active","1 kOhms","±5%","0.125W, 1/8W","Thick Film","Anti-Sulfur, Automotive AEC-Q200","±100ppm/°C","-55°C ~ 155°C","0805 (2012 Metric)","0805","0.079"" L x 0.049"" W (2.00mm x 1.25mm)","0.024"" (0.60mm)","2","-","-","https://www.digikey.be/en/products/detail/cal-chip-electronics-inc/CAS10J102CT/26080065"
"https://yageogroup.com/content/Resource%20Library/Datasheet/PYU-AF_51_ROHS_L.pdf","//mm.digikey.com/Volume0/opasdata/d220001/medias/images/4845/13_1206-%283216-metric%29.jpg","13-AF1206JR-071KLTR-ND,13-AF1206JR-071KLCT-ND,13-AF1206JR-071KLDKR-ND","AF1206JR-071KL","YAGEO","YAGEO","RES SMD 1K OHM 5% 1/4W 1206","554","0.11","0","1","Tape & Reel (TR),Cut Tape (CT),Digi-Reel®","AF","Active","1 kOhms","±5%","0.25W, 1/4W","Thick Film","Anti-Sulfur, Automotive AEC-Q200","±100ppm/°C","-55°C ~ 155°C","1206 (3216 Metric)","1206","0.122"" L x 0.063"" W (3.10mm x 1.60mm)","0.026"" (0.65mm)","2","-","-","https://www.digikey.be/en/products/detail/yageo/AF1206JR-071KL/5901733"
"https://fscdn.rohm.com/en/products/databook/datasheet/passive/resistor/chip_resistor/mcr-e.pdf","//mm.digikey.com/Volume0/opasdata/d220001/medias/images/667/MCR006.jpg","RHM1.0KBETR-ND,RHM1.0KBECT-ND,RHM1.0KBEDKR-ND","MCR25JZHJ102","Rohm Semiconductor","Rohm Semiconductor","RES SMD 1K OHM 5% 1/4W 1210","0","0.11","0","1","Tape & Reel (TR),Cut Tape (CT),Digi-Reel®","MCR","Obsolete","1 kOhms","±5%","0.25W, 1/4W","Thick Film","Automotive AEC-Q200","±200ppm/°C","-55°C ~ 155°C","1210 (3225 Metric)","1210","0.126"" L x 0.098"" W (3.20mm x 2.50mm)","0.028"" (0.70mm)","2","-","-","https://www.digikey.be/en/products/detail/rohm-semiconductor/MCR25JZHJ102/2289277"
"https://fscdn.rohm.com/en/products/databook/datasheet/passive/resistor/chip_resistor/mcr-e.pdf","//mm.digikey.com/Volume0/opasdata/d220001/medias/images/667/MCR006.jpg","RHM1.0KBGTR-ND,RHM1.0KBGCT-ND,RHM1.0KBGDKR-ND","MCR50JZHJ102","Rohm Semiconductor","Rohm Semiconductor","RES SMD 1K OHM 5% 1/2W 2010","0","0.11","0","1","Tape & Reel (TR),Cut Tape (CT),Digi-Reel®","MCR","Obsolete","1 kOhms","±5%","0.5W, 1/2W","Thick Film","Automotive AEC-Q200","±200ppm/°C","-55°C ~ 155°C","2010 (5025 Metric)","2010","0.197"" L x 0.098"" W (5.00mm x 2.50mm)","0.028"" (0.70mm)","2","-","-","https://www.digikey.be/en/products/detail/rohm-semiconductor/MCR50JZHJ102/2289681"
"https://www.seielect.Com/catalog/SEI-RMCF_RMCP.pdf","//mm.digikey.com/Volume0/opasdata/d220001/medias/images/7347/MFG_738_RMCXXXXX.jpg","738-RMCP2512JT1K00-UPTR-ND","RMCP2512JT1K00-UP","Stackpole Electronics Inc","Stackpole Electronics Inc","RES, 2512, 1 KOHM, 5%, 3W","0","0.10751","0","4000","Tape & Reel (TR)","RMCP","Active","1 kOhms","±5%","3W","Thick Film","-","±150ppm/°C","-55°C ~ 155°C","2512 (6332 Metric)","2512","0.248"" L x 0.126"" W (6.30mm x 3.20mm)","0.027"" (0.68mm)","2","-","AEC-Q200","https://www.digikey.be/en/products/detail/stackpole-electronics-inc/RMCP2512JT1K00-UP/27724733"
"https://www.seielect.com/catalog/SEI-RMCF_RMCP.pdf","//mm.digikey.com/Volume0/opasdata/d220001/medias/images/4838/RMCP-2512.jpg","RMCP2512JT1K00-ND","RMCP2512JT1K00","Stackpole Electronics Inc","Stackpole Electronics Inc","RES 1K OHM 5% 2W 2512","0","0.10751","0","4000","Tape & Reel (TR)","RMCP","Active","1 kOhms","±5%","2W","Thick Film","Automotive AEC-Q200","±100ppm/°C","-55°C ~ 155°C","2512 (6332 Metric)","2512","0.248"" L x 0.126"" W (6.30mm x 3.20mm)","0.030"" (0.75mm)","2","-","-","https://www.digikey.be/en/products/detail/stackpole-electronics-inc/RMCP2512JT1K00/6269009"
"https://www.bourns.com/docs/product-datasheets/cr-a-as.pdf","//mm.digikey.com/Volume0/opasdata/d220001/medias/images/7210/MFG_118_CRxxxxA_series.jpg","118-CR2010AJW-102EASTR-ND","CR2010AJW-102EAS","Bourns Inc.","Bourns Inc.","RESA-AS 2010 1K 5% 500MW TC200","0","0.10493","0","4000","Tape & Reel (TR)","CRxxxxA-AS","Active","1 kOhms","±5%","0.5W, 1/2W","Thick Film","Anti-Sulfur, Automotive AEC-Q200, Moisture Resistant","±200ppm/°C","-55°C ~ 125°C","2010 (5025 Metric)","2010","0.197"" L x 0.098"" W (5.00mm x 2.50mm)","0.028"" (0.70mm)","2","-","-","https://www.digikey.be/en/products/detail/bourns-inc/CR2010AJW-102EAS/16356855"
"https://www.seielect.com/catalog/SEI-RMCW.pdf","//mm.digikey.com/Volume0/opasdata/d220001/medias/images/4846/738_CRSM%20PT0603.jpg","738-RMCW1225JT1K00TR-ND","RMCW1225JT1K00","Stackpole Electronics Inc","Stackpole Electronics Inc","RES 1K OHM 5% 2W 1225","0","0.10136","0","4000","Tape & Reel (TR)","RMCW","Active","1 kOhms","±5%","2W","Thick Film","Automotive AEC-Q200","±100ppm/°C","-55°C ~ 155°C","Wide 2512 (6432 Metric), 1225","1225","0.126"" L x 0.256"" W (3.20mm x 6.50mm)","0.030"" (0.75mm)","2","-","-","https://www.digikey.be/en/products/detail/stackpole-electronics-inc/RMCW1225JT1K00/16197520"
"https://www.vishay.com/docs/20065/rcse3.pdf","//mm.digikey.com/Volume0/opasdata/d220001/medias/images/1100/RCS-SERIES_0402%281005-Metric%29.jpg","541-2913-2-ND,541-2913-1-ND,541-2913-6-ND","RCS04021K00JNED","Vishay Dale","Vishay Dale","RES 1K OHM 5% 1/3W 0402","111.461","0.1","0","1","Tape & Reel (TR),Cut Tape (CT),Digi-Reel®","RCS e3","Active","1 kOhms","±5%","0.333W, 1/3W","Thick Film","Automotive AEC-Q200, Pulse Withstanding","±200ppm/°C","-55°C ~ 155°C","0402 (1005 Metric)","0402","0.039"" L x 0.020"" W (1.00mm x 0.50mm)","0.016"" (0.40mm)","2","-","-","https://www.digikey.be/en/products/detail/vishay-dale/RCS04021K00JNED/5867059"
"https://industrial.panasonic.com/cdbs/www-data/pdf/RDO0000/AOA0000C331.pdf","//mm.digikey.com/Volume0/opasdata/d220001/medias/images/2606/MFG_ERJ-P6W%20Series.jpg","P1KBZTR-ND,P1KBZCT-ND,P1KBZDKR-ND","ERJ-PA3J102V","Panasonic Industry","Panasonic Industry","RES SMD 1K OHM 5% 1/3W 0603","86.620","0.1","0","1","Tape & Reel (TR),Cut Tape (CT),Digi-Reel®","ERJ-PA3","Active","1 kOhms","±5%","0.333W, 1/3W","Thick Film","Automotive AEC-Q200, Pulse Withstanding","±200ppm/°C","-55°C ~ 155°C","0603 (1608 Metric)","0603","0.063"" L x 0.031"" W (1.60mm x 0.80mm)","0.022"" (0.55mm)","2","-","-","https://www.digikey.be/en/products/detail/panasonic-industry/ERJ-PA3J102V/5035970"
"https://industrial.panasonic.com/cdbs/www-data/pdf/RDP0000/AOA0000C334.pdf","//mm.digikey.com/Volume0/opasdata/d220001/medias/images/6808/ERJ-U03series_0603-1608.jpg","10-ERJ-U03J102VTR-ND,10-ERJ-U03J102VCT-ND,10-ERJ-U03J102VDKR-ND","ERJ-U03J102V","Panasonic Industry","Panasonic Industry","RES 1K OHM 5% 1/10W 0603","24.527","0.1","0","1","Tape & Reel (TR),Cut Tape (CT),Digi-Reel®","ERJ-U03","Active","1 kOhms","±5%","0.1W, 1/10W","Thick Film","Anti-Sulfur, Automotive AEC-Q200","±200ppm/°C","-55°C ~ 155°C","0603 (1608 Metric)","0603","0.063"" L x 0.031"" W (1.60mm x 0.80mm)","0.022"" (0.55mm)","2","-","-","https://www.digikey.be/en/products/detail/panasonic-industry/ERJ-U03J102V/11635894"
"https://www.vishay.com/docs/20037/rcae3.pdf","//mm.digikey.com/Volume0/opasdata/d220001/medias/images/2491/CRCW%200603%20%281608metric%29.jpg","541-2213-2-ND,541-2213-1-ND,541-2213-6-ND","RCA06031K00JNEA","Vishay Dale","Vishay Dale","RES SMD 1K OHM 5% 1/10W 0603","23.228","0.1","0","1","Tape & Reel (TR),Cut Tape (CT),Digi-Reel®","RCA","Active","1 kOhms","±5%","0.1W, 1/10W","Thick Film","Anti-Sulfur, Automotive AEC-Q200","±200ppm/°C","-55°C ~ 155°C","0603 (1608 Metric)","0603","0.061"" L x 0.033"" W (1.55mm x 0.85mm)","0.020"" (0.50mm)","2","-","-","https://www.digikey.be/en/products/detail/vishay-dale/RCA06031K00JNEA/4946782"
"https://www.koaspeer.com/pdfs/SG73P.pdf","//mm.digikey.com/Volume0/opasdata/d220001/medias/images/696/KOA-Speer-0603-%281608-Metric%29.jpg","2019-SG73P1JTTD102JTR-ND,2019-SG73P1JTTD102JCT-ND,2019-SG73P1JTTD102JDKR-ND","SG73P1JTTD102J","KOA Speer Electronics, Inc.","KOA Speer Electronics, Inc.","RES 1K OHM 5% 1/3W 0603","4.952","0.1","0","1","Tape & Reel (TR),Cut Tape (CT),Digi-Reel®","SG73P","Active","1 kOhms","±5%","0.5W, 1/2W","Thick Film","Automotive AEC-Q200, Pulse Withstanding","±100ppm/°C","-55°C ~ 155°C","0603 (1608 Metric)","0603","0.063"" L x 0.031"" W (1.60mm x 0.80mm)","0.022"" (0.55mm)","2","-","-","https://www.digikey.be/en/products/detail/koa-speer-electronics-inc/SG73P1JTTD102J/10189867"
"https://www.koaspeer.com/pdfs/SG73S.pdf","//mm.digikey.com/Volume0/opasdata/d220001/medias/images/323/KOA-Speer-SG73S-0603-%281608-Metric%29.jpg","2019-SG73S1JTTD102JTR-ND,2019-SG73S1JTTD102JCT-ND,2019-SG73S1JTTD102JDKR-ND","SG73S1JTTD102J","KOA Speer Electronics, Inc.","KOA Speer Electronics, Inc.","RES 1K OHM 5% 1/5W 0603","9.300","0.1","0","1","Tape & Reel (TR),Cut Tape (CT),Digi-Reel®","SG73S","Active","1 kOhms","±5%","0.2W, 1/5W","Thick Film","Automotive AEC-Q200, Moisture Resistant, Pulse Withstanding","±100ppm/°C","-55°C ~ 155°C","0603 (1608 Metric)","0603","0.063"" L x 0.031"" W (1.60mm x 0.80mm)","0.022"" (0.55mm)","2","-","-","https://www.digikey.be/en/products/detail/koa-speer-electronics-inc/SG73S1JTTD102J/10289096"
"https://www.we-online.com/components/products/datasheet/560112132030.pdf","//mm.digikey.com/Volume0/opasdata/d220001/medias/images/5874/MFG_WRIS-RSKS.jpg","732-560112132030TR-ND,732-560112132030CT-ND,732-560112132030DKR-ND","560112132030","Würth Elektronik","Würth Elektronik","RES 1K OHM 5% 1/4W 1206","10.000","0.1","0","1","Tape & Reel (TR),Cut Tape (CT),Digi-Reel®","WRIS-RSKS","Active","1 kOhms","±5%","0.25W, 1/4W","Thick Film","Anti-Sulfur","±100ppm/°C","-55°C ~ 155°C","1206 (3216 Metric)","1206","0.122"" L x 0.063"" W (3.10mm x 1.60mm)","0.030"" (0.75mm)","2","-","AEC-Q200","https://www.digikey.be/en/products/detail/würth-elektronik/560112132030/22230626"
"https://fscdn.rohm.com/en/products/databook/datasheet/passive/resistor/chip_resistor/sfr-e.pdf","//mm.digikey.com/Volume0/opasdata/d220001/medias/images/4843/PA2-Series.jpg","846-SFR01MZPJ102TR-ND,846-SFR01MZPJ102CT-ND","SFR01MZPJ102","Rohm Semiconductor","Rohm Semiconductor","SULFUR TOLERANT CHIP RESISTORS","15.153","0.1","0","1","Tape & Reel (TR),Cut Tape (CT)","SFR","Active","1 kOhms","±5%","0.1W, 1/10W","Thick Film","Anti-Sulfur, Automotive AEC-Q200","±200ppm/°C","-55°C ~ 155°C","0402 (1005 Metric)","0402","0.039"" L x 0.020"" W (1.00mm x 0.50mm)","0.016"" (0.40mm)","2","-","-","https://www.digikey.be/en/products/detail/rohm-semiconductor/SFR01MZPJ102/16180011"
"https://industrial.panasonic.com/ww/products/pt/anti-sulfurated-chip-resistors/models/ERJS1DJ102U","//mm.digikey.com/Volume0/opasdata/d220001/medias/images/2459/ERJ-2010%20Pkg.jpg","ERJ-S1DJ102U-ND","ERJ-S1DJ102U","Panasonic Industry","Panasonic Industry","RES 1K OHM 5% 3/4W 2010","0","0.09597","0","5000","Tape & Reel (TR)","ERJ-S1D","Active","1 kOhms","±5%","0.75W, 3/4W","Thick Film","Anti-Sulfur, Automotive AEC-Q200","±200ppm/°C","-55°C ~ 155°C","2010 (5025 Metric)","2010","0.197"" L x 0.098"" W (5.00mm x 2.50mm)","0.028"" (0.70mm)","2","-","-","https://www.digikey.be/en/products/detail/panasonic-industry/ERJ-S1DJ102U/1019240"
"https://industrial.panasonic.com/ww/products/pt/anti-sulfurated-chip-resistors/models/ERJS12J102U","//mm.digikey.com/Volume0/opasdata/d220001/medias/images/2455/ERJ-1812%20Pkg.jpg","ERJ-S12J102U-ND","ERJ-S12J102U","Panasonic Industry","Panasonic Industry","RES 1K OHM 5% 3/4W 1812","0","0.09547","0","5000","Tape & Reel (TR)","ERJ-S12","Active","1 kOhms","±5%","0.75W, 3/4W","Thick Film","Anti-Sulfur, Automotive AEC-Q200","±200ppm/°C","-55°C ~ 155°C","1812 (4532 Metric)","1812","0.177"" L x 0.126"" W (4.50mm x 3.20mm)","0.028"" (0.70mm)","2","-","-","https://www.digikey.be/en/products/detail/panasonic-industry/ERJ-S12J102U/1162360"
"https://yageogroup.com/content/Resource%20Library/Datasheet/PYU-SR_20105_ROHS_L.pdf","//mm.digikey.com/Volume0/opasdata/d220001/medias/images/2579/RL%20Series%201210%283225%20Metric%29.jpg","13-SR1210JR-071KL-ND","SR1210JR-071KL","YAGEO","YAGEO","RES 1K OHM 5% 1/2W 1210","0","0.09195","0","5000","Tape & Reel (TR)","SR","Active","1 kOhms","±5%","0.5W, 1/2W","Thick Film","Automotive AEC-Q200, Pulse Withstanding","±100ppm/°C","-55°C ~ 155°C","1210 (3225 Metric)","1210","0.122"" L x 0.102"" W (3.10mm x 2.60mm)","0.026"" (0.65mm)","2","-","-","https://www.digikey.be/en/products/detail/yageo/SR1210JR-071KL/17027440"
"https://yageogroup.com/content/Resource%20Library/Datasheet/PYU-AF_51_ROHS_L.pdf","//mm.digikey.com/Volume0/opasdata/d220001/medias/images/4843/YAGEOCHIPRES.jpg","13-AF2512JK-071KL-ND","AF2512JK-071KL","YAGEO","YAGEO","RES 1K OHM 5% 1W 2512","0","0.09042","0","4000","Tape & Reel (TR)","AF","Active","1 kOhms","±5%","1W","Thick Film","Anti-Sulfur, Automotive AEC-Q200, Moisture Resistant","±100ppm/°C","-55°C ~ 155°C","2512 (6332 Metric)","2512","0.250"" L x 0.126"" W (6.35mm x 3.20mm)","0.026"" (0.67mm)","2","-","-","https://www.digikey.be/en/products/detail/yageo/AF2512JK-071KL/17009453"
"https://yageogroup.com/content/Resource%20Library/Datasheet/PYU-SR_20105_ROHS_L.pdf","//mm.digikey.com/Volume0/opasdata/d220001/medias/images/2289/Yageo-RC1218.jpg","SR1218JK-071KL-ND","SR1218JK-071KL","YAGEO","YAGEO","RES 1K OHM 5% 1W 1812 WIDE","0","0.09002","0","4000","Tape & Reel (TR)","SR","Active","1 kOhms","±5%","1W","Thick Film","Automotive AEC-Q200, Pulse Withstanding","±100ppm/°C","-55°C ~ 155°C","Wide 1812 (4532 Metric), 1218","1218","0.122"" L x 0.181"" W (3.10mm x 4.60mm)","0.026"" (0.65mm)","2","-","-","https://www.digikey.be/en/products/detail/yageo/SR1218JK-071KL/5949661"
"https://www.te.com/usa-en/product-7-1879377-4.datasheet.pdf","//mm.digikey.com/Volume0/opasdata/d220001/medias/images/846/0805-Case-Chip-Resistor.jpg","A126435TR-ND,A126435CT-ND,A126435DKR-ND","CRGH0805J1K0","TE Connectivity Passive Product","TE Connectivity Passive Product","RES 1K OHM 5% 1/3W 0805","68.036","0.09","0","1","Tape & Reel (TR),Cut Tape (CT),Digi-Reel®","CRGH, Neohm","Active","1 kOhms","±5%","0.333W, 1/3W","Thick Film","Automotive AEC-Q200","±100ppm/°C","-55°C ~ 155°C","0805 (2012 Metric)","0805","0.079"" L x 0.049"" W (2.00mm x 1.25mm)","-","2","-","-","https://www.digikey.be/en/products/detail/te-connectivity-passive-product/CRGH0805J1K0/2385524"
"https://industrial.panasonic.com/cdbs/www-data/pdf/RDP0000/AOA0000C334.pdf","//mm.digikey.com/Volume0/opasdata/d220001/medias/images/2494/ERAW%20Series%200402%20Pkg.jpg","10-ERJ-U02J102XTR-ND,10-ERJ-U02J102XCT-ND,10-ERJ-U02J102XDKR-ND","ERJ-U02J102X","Panasonic Industry","Panasonic Industry","RES 1K OHM 5% 1/10W 0402","41.304","0.09","0","1","Tape & Reel (TR),Cut Tape (CT),Digi-Reel®","ERJ-U02","Active","1 kOhms","±5%","0.1W, 1/10W","Thick Film","Anti-Sulfur, Automotive AEC-Q200","±200ppm/°C","-55°C ~ 155°C","0402 (1005 Metric)","0402","0.039"" L x 0.020"" W (1.00mm x 0.50mm)","0.016"" (0.40mm)","2","-","-","https://www.digikey.be/en/products/detail/panasonic-industry/ERJ-U02J102X/11631896"
"https://www.koaspeer.com/pdfs/SG73P.pdf","//mm.digikey.com/Volume0/opasdata/d220001/medias/images/696/KOA-Speer-0402-%281005-Metric%29.jpg","2019-SG73P1ETTP102JTR-ND,2019-SG73P1ETTP102JCT-ND,2019-SG73P1ETTP102JDKR-ND","SG73P1ETTP102J","KOA Speer Electronics, Inc.","KOA Speer Electronics, Inc.","RES 1K OHM 5% 1/5W 0402","0","0.09","0","1","Tape & Reel (TR),Cut Tape (CT),Digi-Reel®","SG73P","Active","1 kOhms","±5%","0.2W, 1/5W","Thick Film","Automotive AEC-Q200, Pulse Withstanding","±200ppm/°C","-55°C ~ 155°C","0402 (1005 Metric)","0402","0.039"" L x 0.020"" W (1.00mm x 0.50mm)","0.016"" (0.40mm)","2","-","-","https://www.digikey.be/en/products/detail/koa-speer-electronics-inc/SG73P1ETTP102J/10188205"
"https://yageogroup.com/content/Resource%20Library/Datasheet/PYU-SR_20105_ROHS_L.pdf","//mm.digikey.com/Volume0/opasdata/d220001/medias/images/4850/13_2010-%285025-Metric%29.jpg","SR2010JK-071KL-ND","SR2010JK-071KL","YAGEO","YAGEO","RES 1K OHM 5% 3/4W 2010","0","0.08978","0","4000","Tape & Reel (TR)","SR","Active","1 kOhms","±5%","0.75W, 3/4W","Thick Film","Automotive AEC-Q200, Pulse Withstanding","±100ppm/°C","-55°C ~ 155°C","2010 (5025 Metric)","2010","0.197"" L x 0.098"" W (5.00mm x 2.50mm)","0.026"" (0.65mm)","2","-","-","https://www.digikey.be/en/products/detail/yageo/SR2010JK-071KL/5949801"
"https://www.te.com/commerce/DocumentDelivery/DDEController?Action=srchrtrv&DocNm=9-1773463-8&DocType=Data%20Sheet&DocLang=English&DocFormat=pdf&PartCntxt=2176244-1","-","1111-CRGS1206J1K0TR-ND","CRGS1206J1K0","TE Connectivity AMP Connectors","TE Connectivity","CRGS1206 5% 1K0","0","0.08769","0","10000","Tape & Reel (TR)","CRGS, Neohm","Active","1 kOhms","±5%","0.6W","Thick Film","Pulse Withstanding","±100ppm/°C","-55°C ~ 155°C","1206 (3216 Metric)","1206","0.122"" L x 0.061"" W (3.10mm x 1.55mm)","0.026"" (0.65mm)","2","-","-","https://www.digikey.be/en/products/detail/te-connectivity/CRGS1206J1K0/29228850"
"https://www.kamaya.co.jp/upload/products_pdf/kamaya_products(RPC)_english_20170424_105407.pdf","//mm.digikey.com/Volume0/opasdata/d220001/medias/images/4838/RPC-2512.jpg","2315-RPC63102JTETR-ND","RPC63102JTE","Kamaya Inc.","Kamaya Inc.","RES 1K OHM 1W 5% 2512","0","0.08039","0","4000","Tape & Reel (TR)","RPC","Active","1 kOhms","±5%","1W","Thick Film","Automotive AEC-Q200, Pulse Withstanding","±100ppm/°C","-55°C ~ 155°C","2512 (6332 Metric)","2512","0.248"" L x 0.126"" W (6.30mm x 3.20mm)","0.028"" (0.70mm)","2","-","-","https://www.digikey.be/en/products/detail/kamaya-inc/RPC63102JTE/12156769"
"https://yageogroup.com/content/datasheet/asset/file/PYU-RC_GROUP_51_ROHS_L","//mm.digikey.com/Volume0/opasdata/d220001/medias/images/4849/13_0402-%281005-metric%29.jpg","311-1.0KJRTR-ND,311-1.0KJRCT-ND,311-1.0KJRDKR-ND","RC0402JR-071KL","YAGEO","YAGEO","RES 1K OHM 5% 1/16W 0402","3.844.848","0.08","0","1","Tape & Reel (TR),Cut Tape (CT),Digi-Reel®","RC_L","Active","1 kOhms","±5%","0.063W, 1/16W","Thick Film","Moisture Resistant","±100ppm/°C","-55°C ~ 155°C","0402 (1005 Metric)","0402","0.039"" L x 0.020"" W (1.00mm x 0.50mm)","0.016"" (0.40mm)","2","-","-","https://www.digikey.be/en/products/detail/yageo/RC0402JR-071KL/726408"
"https://industrial.panasonic.com/cdbs/www-data/pdf/RDA0000/AOA0000C301.pdf","//mm.digikey.com/Volume0/opasdata/d220001/medias/images/957/ERJ-PA2-Series.jpg","P1.0KJTR-ND,P1.0KJCT-ND,P1.0KJDKR-ND","ERJ-2GEJ102X","Panasonic Industry","Panasonic Industry","RES SMD 1K OHM 5% 1/10W 0402","661.820","0.08","0","1","Tape & Reel (TR),Cut Tape (CT),Digi-Reel®","ERJ-2G","Active","1 kOhms","±5%","0.1W, 1/10W","Thick Film","Automotive AEC-Q200","±200ppm/°C","-55°C ~ 155°C","0402 (1005 Metric)","0402","0.039"" L x 0.020"" W (1.00mm x 0.50mm)","0.016"" (0.40mm)","2","-","-","https://www.digikey.be/en/products/detail/panasonic-industry/ERJ-2GEJ102X/146898"
"https://industrial.panasonic.com/cdbs/www-data/pdf/RDA0000/AOA0000C301.pdf","//mm.digikey.com/Volume0/opasdata/d220001/medias/images/2606/MFG_ERJ-P6W%20Series.jpg","P1.0KGTR-ND,P1.0KGCT-ND,P1.0KGDKR-ND","ERJ-3GEYJ102V","Panasonic Industry","Panasonic Industry","RES SMD 1K OHM 5% 1/10W 0603","159.174","0.08","0","1","Tape & Reel (TR),Cut Tape (CT),Digi-Reel®","ERJ-3G","Active","1 kOhms","±5%","0.1W, 1/10W","Thick Film","Automotive AEC-Q200","±200ppm/°C","-55°C ~ 155°C","0603 (1608 Metric)","0603","0.063"" L x 0.031"" W (1.60mm x 0.80mm)","0.022"" (0.55mm)","2","-","-","https://www.digikey.be/en/products/detail/panasonic-industry/ERJ-3GEYJ102V/68472"
"https://bourns.com/docs/product-datasheets/cr.pdf?sfvrsn=574d41f6_14","//mm.digikey.com/Volume0/opasdata/d220001/medias/images/505/CR0603-%281608-Metric%29.jpg","CR0603-JW-102ELFTR-ND,CR0603-JW-102ELFCT-ND,CR0603-JW-102ELFDKR-ND","CR0603-JW-102ELF","Bourns Inc.","Bourns Inc.","RES SMD 1K OHM 5% 1/10W 0603","1.083.665","0.08","0","1","Tape & Reel (TR),Cut Tape (CT),Digi-Reel®","CR0603","Active","1 kOhms","±5%","0.1W, 1/10W","Thick Film","Moisture Resistant","±200ppm/°C","-55°C ~ 155°C","0603 (1608 Metric)","0603","0.063"" L x 0.031"" W (1.60mm x 0.80mm)","0.022"" (0.55mm)","2","-","-","https://www.digikey.be/en/products/detail/bourns-inc/CR0603-JW-102ELF/3741004"
"https://www.koaspeer.com/pdfs/RK73B.pdf","//mm.digikey.com/Volume0/opasdata/d220001/medias/images/319/RK73B-0603%281608%29%3B%3B1%2C6x0%2C8x0%2C55.JPG","2019-RK73B1JTTD102JTR-ND,2019-RK73B1JTTD102JCT-ND,2019-RK73B1JTTD102JDKR-ND","RK73B1JTTD102J","KOA Speer Electronics, Inc.","KOA Speer Electronics, Inc.","RES 1K OHM 5% 1/8W 0603","932.521","0.08","0","1","Tape & Reel (TR),Cut Tape (CT),Digi-Reel®","RK73B","Active","1 kOhms","±5%","0.125W, 1/8W","Thick Film","Automotive AEC-Q200","±200ppm/°C","-55°C ~ 155°C","0603 (1608 Metric)","0603","0.063"" L x 0.031"" W (1.60mm x 0.80mm)","0.022"" (0.55mm)","2","-","-","https://www.digikey.be/en/products/detail/koa-speer-electronics-inc/RK73B1JTTD102J/9844698"
"https://www.koaspeer.com/pdfs/RK73B.pdf","//mm.digikey.com/Volume0/opasdata/d220001/medias/images/319/RK73B-0402%281005%29%3B%3B1x0%2C5x0%2C4.JPG","2019-RK73B1ETTP102JTR-ND,2019-RK73B1ETTP102JCT-ND,2019-RK73B1ETTP102JDKR-ND","RK73B1ETTP102J","KOA Speer Electronics, Inc.","KOA Speer Electronics, Inc.","RES 1K OHM 5% 1/10W 0402","795.301","0.08","0","1","Tape & Reel (TR),Cut Tape (CT),Digi-Reel®","RK73B","Active","1 kOhms","±5%","0.1W, 1/10W","Thick Film","Automotive AEC-Q200","±200ppm/°C","-55°C ~ 155°C","0402 (1005 Metric)","0402","0.039"" L x 0.020"" W (1.00mm x 0.50mm)","0.016"" (0.40mm)","2","-","-","https://www.digikey.be/en/products/detail/koa-speer-electronics-inc/RK73B1ETTP102J/9843961"
"https://yageogroup.com/content/datasheet/asset/file/PYU-RC_GROUP_51_ROHS_L","//mm.digikey.com/Volume0/opasdata/d220001/medias/images/4848/13_0603-%281608-metric%29.jpg","311-1.0KGRTR-ND,311-1.0KGRCT-ND,311-1.0KGRDKR-ND","RC0603JR-071KL","YAGEO","YAGEO","RES 1K OHM 5% 1/10W 0603","612.059","0.08","0","1","Tape & Reel (TR),Cut Tape (CT),Digi-Reel®","RC_L","Active","1 kOhms","±5%","0.1W, 1/10W","Thick Film","Moisture Resistant","±100ppm/°C","-55°C ~ 155°C","0603 (1608 Metric)","0603","0.063"" L x 0.031"" W (1.60mm x 0.80mm)","0.022"" (0.55mm)","2","-","-","https://www.digikey.be/en/products/detail/yageo/RC0603JR-071KL/726677"
"https://yageogroup.com/content/datasheet/asset/file/PYU-AC_51_ROHS_L","//mm.digikey.com/Volume0/opasdata/d220001/medias/images/4205/AC-Series--SMD-Chip-Resistor.jpg","YAG3525TR-ND,YAG3525CT-ND,YAG3525DKR-ND","AC0402JR-071KL","YAGEO","YAGEO","RES SMD 1K OHM 5% 1/16W 0402","0","0.08","0","1","Tape & Reel (TR),Cut Tape (CT),Digi-Reel®","AC","Active","1 kOhms","±5%","0.063W, 1/16W","Thick Film","Automotive AEC-Q200, Moisture Resistant","±100ppm/°C","-55°C ~ 155°C","0402 (1005 Metric)","0402","0.039"" L x 0.020"" W (1.00mm x 0.50mm)","0.015"" (0.37mm)","2","-","-","https://www.digikey.be/en/products/detail/yageo/AC0402JR-071KL/5895603"
"https://www.seielect.com/catalog/SEI-RMCF_RMCP.pdf","//mm.digikey.com/Volume0/opasdata/d220001/medias/images/4849/738_1206.jpg","RMCF1206JT1K00TR-ND,RMCF1206JT1K00CT-ND,RMCF1206JT1K00DKR-ND","RMCF1206JT1K00","Stackpole Electronics Inc","Stackpole Electronics Inc","RES 1K OHM 5% 1/4W 1206","559.081","0.08","0","1","Tape & Reel (TR),Cut Tape (CT),Digi-Reel®","RMCF","Active","1 kOhms","±5%","0.25W, 1/4W","Thick Film","Automotive AEC-Q200","±200ppm/°C","-55°C ~ 155°C","1206 (3216 Metric)","1206","0.126"" L x 0.063"" W (3.20mm x 1.60mm)","0.028"" (0.70mm)","2","-","-","https://www.digikey.be/en/products/detail/stackpole-electronics-inc/RMCF1206JT1K00/1757526"
"https://yageogroup.com/content/datasheet/asset/file/PYU-RC_GROUP_51_ROHS_L","//mm.digikey.com/Volume0/opasdata/d220001/medias/images/4848/13_0805-%282012-metric%29.jpg","311-1.0KARTR-ND,311-1.0KARCT-ND,311-1.0KARDKR-ND","RC0805JR-071KL","YAGEO","YAGEO","RES 1K OHM 5% 1/8W 0805","491.759","0.08","0","1","Tape & Reel (TR),Cut Tape (CT),Digi-Reel®","RC_L","Active","1 kOhms","±5%","0.125W, 1/8W","Thick Film","Moisture Resistant","±100ppm/°C","-55°C ~ 155°C","0805 (2012 Metric)","0805","0.079"" L x 0.049"" W (2.00mm x 1.25mm)","0.024"" (0.60mm)","2","-","-","https://www.digikey.be/en/products/detail/yageo/RC0805JR-071KL/728218"
"https://www.passivecomponent.com/wp-content/uploads/chipR/ASC_WR.pdf","//mm.digikey.com/Volume0/opasdata/d220001/medias/images/6151/WRxx-Series-Chip-Resistor.jpg","1292-WR06X102JTLTR-ND,1292-WR06X102JTLCT-ND,1292-WR06X102JTLDKR-ND","WR06X102 JTL","Walsin Technology Corporation","Walsin Technology Corporation","RES 1K OHM 5% 1/10W 0603","421.024","0.08","0","1","Tape & Reel (TR),Cut Tape (CT),Digi-Reel®","WR","Active","1 kOhms","±5%","0.1W, 1/10W","Thick Film","-","±100ppm/°C","-55°C ~ 155°C","0603 (1608 Metric)","0603","0.063"" L x 0.031"" W (1.60mm x 0.80mm)","0.024"" (0.60mm)","2","-","-","https://www.digikey.be/en/products/detail/walsin-technology-corporation/WR06X102-JTL/13241138"
"https://industrial.panasonic.com/cdbs/www-data/pdf/RDA0000/AOA0000C301.pdf","//mm.digikey.com/Volume0/opasdata/d220001/medias/images/2529/ERJ-0201%20Pkg.jpg","P123221TR-ND,P123221CT-ND,P123221DKR-ND","ERJ-1GNJ102C","Panasonic Industry","Panasonic Industry","RES SMD 1K OHM 5% 1/20W 0201","407.331","0.08","0","1","Tape & Reel (TR),Cut Tape (CT),Digi-Reel®","ERJ-1GN","Active","1 kOhms","±5%","0.05W, 1/20W","Thick Film","-","±200ppm/°C","-55°C ~ 125°C","0201 (0603 Metric)","0201","0.024"" L x 0.012"" W (0.60mm x 0.30mm)","0.010"" (0.26mm)","2","-","-","https://www.digikey.be/en/products/detail/panasonic-industry/ERJ-1GNJ102C/2035787"
"https://www.vishay.com/docs/20035/dcrcwe3.pdf","//mm.digikey.com/Volume0/opasdata/d220001/medias/images/2491/CRCW%200603%20%281608metric%29.jpg","541-1.0KGTR-ND,541-1.0KGCT-ND,541-1.0KGDKR-ND","CRCW06031K00JNEA","Vishay Dale","Vishay Dale","RES SMD 1K OHM 5% 1/8W 0603","373.191","0.08","0","1","Tape & Reel (TR),Cut Tape (CT),Digi-Reel®","D/CRCW e3","Active","1 kOhms","±5%","0.125W, 1/8W","Thick Film","Automotive AEC-Q200","±200ppm/°C","-55°C ~ 155°C","0603 (1608 Metric)","0603","0.061"" L x 0.033"" W (1.55mm x 0.85mm)","0.020"" (0.50mm)","2","-","-","https://www.digikey.be/en/products/detail/vishay-dale/CRCW06031K00JNEA/1174229"
"https://www.seielect.com/catalog/SEI-RMCF_RMCP.pdf","//mm.digikey.com/Volume0/opasdata/d220001/medias/images/2597/MFG_RMC%20SERIES.jpg","RMCF0402JT1K00TR-ND,RMCF0402JT1K00CT-ND,RMCF0402JT1K00DKR-ND","RMCF0402JT1K00","Stackpole Electronics Inc","Stackpole Electronics Inc","RES 1K OHM 5% 1/16W 0402","365.647","0.08","0","1","Tape & Reel (TR),Cut Tape (CT),Digi-Reel®","RMCF","Active","1 kOhms","±5%","0.063W, 1/16W","Thick Film","Automotive AEC-Q200","±100ppm/°C","-55°C ~ 155°C","0402 (1005 Metric)","0402","0.039"" L x 0.020"" W (1.00mm x 0.50mm)","0.016"" (0.40mm)","2","-","-","https://www.digikey.be/en/products/detail/stackpole-electronics-inc/RMCF0402JT1K00/1758204"
"https://www.seielect.com/catalog/SEI-RMCF_RMCP.pdf","//mm.digikey.com/Volume0/opasdata/d220001/medias/images/4849/738_0603.jpg","RMCF0603JJ1K00TR-ND,RMCF0603JJ1K00CT-ND,RMCF0603JJ1K00DKR-ND","RMCF0603JJ1K00","Stackpole Electronics Inc","Stackpole Electronics Inc","RES 1K OHM 5% 1/10W 0603","364.470","0.08","0","1","Tape & Reel (TR),Cut Tape (CT),Digi-Reel®","RMCF","Active","1 kOhms","±5%","0.1W, 1/10W","Thick Film","Automotive AEC-Q200","±200ppm/°C","-55°C ~ 155°C","0603 (1608 Metric)","0603","0.061"" L x 0.031"" W (1.55mm x 0.80mm)","0.022"" (0.55mm)","2","-","-","https://www.digikey.be/en/products/detail/stackpole-electronics-inc/RMCF0603JJ1K00/6053783"
"https://www.koaspeer.com/pdfs/RK73B.pdf","//mm.digikey.com/Volume0/opasdata/d220001/medias/images/319/RK73B-0201%280603%29%3B%3B0%2C6x0%2C3x0%2C26.JPG","2019-RK73B1HTTC102JTR-ND,2019-RK73B1HTTC102JCT-ND,2019-RK73B1HTTC102JDKR-ND","RK73B1HTTC102J","KOA Speer Electronics, Inc.","KOA Speer Electronics, Inc.","RES 1K OHM 5% 1/20W 0201","347.339","0.08","0","1","Tape & Reel (TR),Cut Tape (CT),Digi-Reel®","RK73B","Not For New Designs","1 kOhms","±5%","0.05W, 1/20W","Thick Film","Automotive AEC-Q200","±200ppm/°C","-55°C ~ 155°C","0201 (0603 Metric)","0201","0.024"" L x 0.012"" W (0.60mm x 0.30mm)","0.010"" (0.26mm)","2","-","-","https://www.digikey.be/en/products/detail/koa-speer-electronics-inc/RK73B1HTTC102J/9843692"
"https://www.seielect.com/catalog/SEI-RMCF_RMCP.pdf","//mm.digikey.com/Volume0/opasdata/d220001/medias/images/4849/738_0603.jpg","RMCF0603JT1K00TR-ND,RMCF0603JT1K00CT-ND,RMCF0603JT1K00DKR-ND","RMCF0603JT1K00","Stackpole Electronics Inc","Stackpole Electronics Inc","RES 1K OHM 5% 1/10W 0603","281.111","0.08","0","1","Tape & Reel (TR),Cut Tape (CT),Digi-Reel®","RMCF","Active","1 kOhms","±5%","0.1W, 1/10W","Thick Film","Automotive AEC-Q200","±200ppm/°C","-55°C ~ 155°C","0603 (1608 Metric)","0603","0.061"" L x 0.031"" W (1.55mm x 0.80mm)","0.022"" (0.55mm)","2","-","-","https://www.digikey.be/en/products/detail/stackpole-electronics-inc/RMCF0603JT1K00/1758057"
"https://industrial.panasonic.com/ww/products/pt/general-purpose-chip-resistors/models/ERJ6GEYJ102V","//mm.digikey.com/Volume0/opasdata/d220001/medias/images/2502/ERJ-0805%20Pkg.jpg","P1.0KATR-ND,P1.0KACT-ND,P1.0KADKR-ND","ERJ-6GEYJ102V","Panasonic Industry","Panasonic Industry","RES SMD 1K OHM 5% 1/8W 0805","260.131","0.08","0","1","Tape & Reel (TR),Cut Tape (CT),Digi-Reel®","ERJ-6G","Active","1 kOhms","±5%","0.125W, 1/8W","Thick Film","Automotive AEC-Q200","±200ppm/°C","-55°C ~ 155°C","0805 (2012 Metric)","0805","0.079"" L x 0.049"" W (2.00mm x 1.25mm)","0.028"" (0.70mm)","2","-","-","https://www.digikey.be/en/products/detail/panasonic-industry/ERJ-6GEYJ102V/83014"
"https://www.vishay.com/docs/28773/crcwce3.pdf","//mm.digikey.com/Volume0/opasdata/d220001/medias/images/4849/541_CRCW-0805-%282125metric%29.jpg","541-4162-2-ND,541-4162-1-ND,541-4162-6-ND","CRCW08051K00JNEAC","Vishay Dale","Vishay Dale","RES 1K OHM 5% 1/8W 0805","237.180","0.08","0","1","Tape & Reel (TR),Cut Tape (CT),Digi-Reel®","CRCW-C","Active","1 kOhms","±5%","0.125W, 1/8W","Thick Film","-","±200ppm/°C","-55°C ~ 155°C","0805 (2012 Metric)","0805","0.079"" L x 0.049"" W (2.00mm x 1.25mm)","0.024"" (0.60mm)","2","-","-","https://www.digikey.be/en/products/detail/vishay-dale/CRCW08051K00JNEAC/7928584"
"https://www.vishay.com/docs/28773/crcwce3.pdf","//mm.digikey.com/Volume0/opasdata/d220001/medias/images/2491/CRCW%200603%20%281608metric%29.jpg","541-3991-2-ND,541-3991-1-ND,541-3991-6-ND","CRCW06031K00JNEAC","Vishay Dale","Vishay Dale","RES 1K OHM 5% 1/10W 0603","214.809","0.08","0","1","Tape & Reel (TR),Cut Tape (CT),Digi-Reel®","CRCW-C","Active","1 kOhms","±5%","0.1W, 1/10W","Thick Film","-","±200ppm/°C","-55°C ~ 155°C","0603 (1608 Metric)","0603","0.063"" L x 0.031"" W (1.60mm x 0.80mm)","0.022"" (0.55mm)","2","-","-","https://www.digikey.be/en/products/detail/vishay-dale/CRCW06031K00JNEAC/7928413"
"https://www.te.com/commerce/DocumentDelivery/DDEController?Action=srchrtrv&DocNm=1773204&DocType=Data%20Sheet&DocLang=English&DocFormat=pdf&PartCntxt=4-1622826-1","//mm.digikey.com/Volume0/opasdata/d220001/medias/images/2429/CRG%2C%20Neohm%200402%20%281005%20Metric%29.jpg","A106129TR-ND,A106129CT-ND,A106129DKR-ND","CRG0402J1K0","TE Connectivity Passive Product","TE Connectivity Passive Product","RES SMD 1K OHM 5% 1/16W 0402","193.629","0.08","0","1","Tape & Reel (TR),Cut Tape (CT),Digi-Reel®","CRG, Neohm","Active","1 kOhms","±5%","0.063W, 1/16W","Thick Film","-","±100ppm/°C","-55°C ~ 155°C","0402 (1005 Metric)","0402","0.039"" L x 0.020"" W (1.00mm x 0.50mm)","0.016"" (0.40mm)","2","-","-","https://www.digikey.be/en/products/detail/te-connectivity-passive-product/CRG0402J1K0/2389662"
"https://www.vishay.com/docs/20035/dcrcwe3.pdf","//mm.digikey.com/Volume0/opasdata/d220001/medias/images/596/Vishay-CRCW-0402.jpg","541-1.0KJTR-ND,541-1.0KJCT-ND,541-1.0KJDKR-ND","CRCW04021K00JNED","Vishay Dale","Vishay Dale","RES 1K OHM 5% 1/10W 0402","184.686","0.08","0","1","Tape & Reel (TR),Cut Tape (CT),Digi-Reel®","D/CRCW e3","Active","1 kOhms","±5%","0.063W, 1/16W","Thick Film","Automotive AEC-Q200","±200ppm/°C","-55°C ~ 155°C","0402 (1005 Metric)","0402","0.039"" L x 0.020"" W (1.00mm x 0.50mm)","0.016"" (0.40mm)","2","-","-","https://www.digikey.be/en/products/detail/vishay-dale/CRCW04021K00JNED/1177568"
"https://www.seielect.com/catalog/SEI-RMCF_RMCP.pdf","//mm.digikey.com/Volume0/opasdata/d220001/medias/images/4850/738_0201-RMCF-Series.jpg","738-RMCF0201JT1K00TR-ND,738-RMCF0201JT1K00CT-ND,738-RMCF0201JT1K00DKR-ND","RMCF0201JT1K00","Stackpole Electronics Inc","Stackpole Electronics Inc","RES 1K OHM 5% 1/20W 0201","181.382","0.08","0","1","Tape & Reel (TR),Cut Tape (CT),Digi-Reel®","RMCF","Active","1 kOhms","±5%","0.05W, 1/20W","Thick Film","-","±200ppm/°C","-55°C ~ 155°C","0201 (0603 Metric)","0201","0.024"" L x 0.012"" W (0.60mm x 0.30mm)","0.011"" (0.28mm)","2","-","AEC-Q200","https://www.digikey.be/en/products/detail/stackpole-electronics-inc/RMCF0201JT1K00/1714962"
"https://www.te.com/commerce/DocumentDelivery/DDEController?Action=srchrtrv&DocNm=1773204-3&DocType=Data%20Sheet&DocLang=English&DocFormat=pdf&PartCntxt=4-2176338-3","//mm.digikey.com/Volume0/opasdata/d220001/medias/images/955/0603-Case-Chip-Resistor.jpg","A130091TR-ND,A130091CT-ND,A130091DKR-ND","CRGCQ0603J1K0","TE Connectivity Passive Product","TE Connectivity Passive Product","RES 1K OHM 5% 1/10W 0603","170.612","0.08","0","1","Tape & Reel (TR),Cut Tape (CT),Digi-Reel®","CRGCQ","Active","1 kOhms","±5%","0.1W, 1/10W","Thick Film","Automotive AEC-Q200, Moisture Resistant","±100ppm/°C","-55°C ~ 155°C","0603 (1608 Metric)","0603","0.063"" L x 0.031"" W (1.60mm x 0.80mm)","0.022"" (0.55mm)","2","-","-","https://www.digikey.be/en/products/detail/te-connectivity-passive-product/CRGCQ0603J1K0/8576693"
"https://www.vishay.com/docs/28773/crcwce3.pdf","//mm.digikey.com/Volume0/opasdata/d220001/medias/images/596/Vishay-CRCW-0402.jpg","541-4118-2-ND,541-4118-1-ND,541-4118-6-ND","CRCW04021K00JNEDC","Vishay Dale","Vishay Dale","RES 1K OHM 5% 1/16W 0402","162.246","0.08","0","1","Tape & Reel (TR),Cut Tape (CT),Digi-Reel®","*","Active","1 kOhms","±5%","0.063W, 1/16W","Thick Film","-","±200ppm/°C","-55°C ~ 155°C","0402 (1005 Metric)","0402","0.039"" L x 0.020"" W (1.00mm x 0.50mm)","0.014"" (0.35mm)","2","-","-","https://www.digikey.be/en/products/detail/vishay-dale/CRCW04021K00JNEDC/7928540"
"https://www.vishay.com/docs/20035/dcrcwe3.pdf","//mm.digikey.com/Volume0/opasdata/d220001/medias/images/4849/541_CRCW-0805-%282125metric%29.jpg","541-1.0KATR-ND,541-1.0KACT-ND,541-1.0KADKR-ND","CRCW08051K00JNEA","Vishay Dale","Vishay Dale","RES SMD 1K OHM 5% 1/4W 0805","157.145","0.08","0","1","Tape & Reel (TR),Cut Tape (CT),Digi-Reel®","D/CRCW e3","Active","1 kOhms","±5%","0.25W, 1/4W","Thick Film","Automotive AEC-Q200","±200ppm/°C","-55°C ~ 155°C","0805 (2012 Metric)","0805","0.079"" L x 0.049"" W (2.00mm x 1.25mm)","0.024"" (0.60mm)","2","-","-","https://www.digikey.be/en/products/detail/vishay-dale/CRCW08051K00JNEA/1175198"
"https://yageogroup.com/content/datasheet/asset/file/PYU-RC_GROUP_51_ROHS_L","//mm.digikey.com/Volume0/opasdata/d220001/medias/images/4842/Yageo-0603.jpg","311-1.0KERTR-ND,311-1.0KERCT-ND,311-1.0KERDKR-ND","RC1206JR-071KL","YAGEO","YAGEO","RES 1K OHM 5% 1/4W 1206","156.456","0.08","0","1","Tape & Reel (TR),Cut Tape (CT),Digi-Reel®","RC_L","Active","1 kOhms","±5%","0.25W, 1/4W","Thick Film","Moisture Resistant","±100ppm/°C","-55°C ~ 155°C","1206 (3216 Metric)","1206","0.122"" L x 0.063"" W (3.10mm x 1.60mm)","0.026"" (0.65mm)","2","-","-","https://www.digikey.be/en/products/detail/yageo/RC1206JR-071KL/729186"
"https://bourns.com/docs/product-datasheets/cr.pdf?sfvrsn=574d41f6_14","//mm.digikey.com/Volume0/opasdata/d220001/medias/images/785/CR0201-%280603-Metric%29.jpg","CR0201-JW-102GLFTR-ND,CR0201-JW-102GLFCT-ND,CR0201-JW-102GLFDKR-ND","CR0201-JW-102GLF","Bourns Inc.","Bourns Inc.","RES SMD 1K OHM 5% 1/20W 0201","144.760","0.08","0","1","Tape & Reel (TR),Cut Tape (CT),Digi-Reel®","CR0201","Active","1 kOhms","±5%","0.05W, 1/20W","Thick Film","-","±200ppm/°C","-55°C ~ 125°C","0201 (0603 Metric)","0201","0.024"" L x 0.012"" W (0.60mm x 0.30mm)","0.010"" (0.26mm)","2","-","-","https://www.digikey.be/en/products/detail/bourns-inc/CR0201-JW-102GLF/3783080"
"https://yageogroup.com/content/datasheet/asset/file/PYU-AC_51_ROHS_L","//mm.digikey.com/Volume0/opasdata/d220001/medias/images/4205/AC-Series--SMD-Chip-Resistor.jpg","YAG3765TR-ND,YAG3765CT-ND,YAG3765DKR-ND","AC0805JR-071KL","YAGEO","YAGEO","RES SMD 1K OHM 5% 1/8W 0805","140.976","0.08","0","1","Tape & Reel (TR),Cut Tape (CT),Digi-Reel®","AC","Active","1 kOhms","±5%","0.125W, 1/8W","Thick Film","Automotive AEC-Q200, Moisture Resistant","±100ppm/°C","-55°C ~ 155°C","0805 (2012 Metric)","0805","0.079"" L x 0.049"" W (2.00mm x 1.25mm)","0.024"" (0.60mm)","2","-","-","https://www.digikey.be/en/products/detail/yageo/AC0805JR-071KL/5897075"
"https://www.seielect.com/catalog/SEI-RMCF_RMCP.pdf","//mm.digikey.com/Volume0/opasdata/d220001/medias/images/639/0805-RMCF-Series.jpg","RMCF0805JT1K00TR-ND,RMCF0805JT1K00CT-ND,RMCF0805JT1K00DKR-ND","RMCF0805JT1K00","Stackpole Electronics Inc","Stackpole Electronics Inc","RES 1K OHM 5% 1/8W 0805","134.255","0.08","0","1","Tape & Reel (TR),Cut Tape (CT),Digi-Reel®","RMCF","Active","1 kOhms","±5%","0.125W, 1/8W","Thick Film","Automotive AEC-Q200","±200ppm/°C","-55°C ~ 155°C","0805 (2012 Metric)","0805","0.079"" L x 0.049"" W (2.00mm x 1.25mm)","0.026"" (0.65mm)","2","-","-","https://www.digikey.be/en/products/detail/stackpole-electronics-inc/RMCF0805JT1K00/1757881"
"https://www.te.com/commerce/DocumentDelivery/DDEController?Action=srchrtrv&DocNm=1773204-3&DocType=Data%20Sheet&DocLang=English&DocFormat=pdf&PartCntxt=4-2176338-3","//mm.digikey.com/Volume0/opasdata/d220001/medias/images/743/0402-Case-Chip-Resistor.jpg","A130048TR-ND,A130048CT-ND,A130048DKR-ND","CRGCQ0402J1K0","TE Connectivity Passive Product","TE Connectivity Passive Product","RES 1K OHM 5% 1/16W 0402","132.308","0.08","0","1","Tape & Reel (TR),Cut Tape (CT),Digi-Reel®","CRGCQ","Active","1 kOhms","±5%","0.063W, 1/16W","Thick Film","Automotive AEC-Q200, Moisture Resistant","±100ppm/°C","-55°C ~ 155°C","0402 (1005 Metric)","0402","0.039"" L x 0.020"" W (1.00mm x 0.50mm)","0.016"" (0.40mm)","2","-","-","https://www.digikey.be/en/products/detail/te-connectivity-passive-product/CRGCQ0402J1K0/8576650"
"https://www.te.com/usa-en/product-7-1879494-3.datasheet.pdf","//mm.digikey.com/Volume0/opasdata/d220001/medias/images/955/0603-Case-Chip-Resistor.jpg","A126400TR-ND,A126400CT-ND,A126400DKR-ND","CRGH0603J1K0","TE Connectivity Passive Product","TE Connectivity Passive Product","RES 1K OHM 5% 1/5W 0603","120.212","0.08","0","1","Tape & Reel (TR),Cut Tape (CT),Digi-Reel®","CRGH, Neohm","Active","1 kOhms","±5%","0.2W, 1/5W","Thick Film","Automotive AEC-Q200","±100ppm/°C","-55°C ~ 155°C","0603 (1608 Metric)","0603","0.063"" L x 0.031"" W (1.60mm x 0.80mm)","-","2","-","-","https://www.digikey.be/en/products/detail/te-connectivity-passive-product/CRGH0603J1K0/2385355"
"https://yageogroup.com/content/datasheet/asset/file/PYU-AC_51_ROHS_L","//mm.digikey.com/Volume0/opasdata/d220001/medias/images/4205/AC-Series--SMD-Chip-Resistor.jpg","YAG3646TR-ND,YAG3646CT-ND,YAG3646DKR-ND","AC0603JR-071KL","YAGEO","YAGEO","RES SMD 1K OHM 5% 1/10W 0603","102.014","0.08","0","1","Tape & Reel (TR),Cut Tape (CT),Digi-Reel®","AC","Active","1 kOhms","±5%","0.1W, 1/10W","Thick Film","Automotive AEC-Q200, Moisture Resistant","±100ppm/°C","-55°C ~ 155°C","0603 (1608 Metric)","0603","0.063"" L x 0.031"" W (1.60mm x 0.80mm)","0.022"" (0.55mm)","2","-","-","https://www.digikey.be/en/products/detail/yageo/AC0603JR-071KL/5896388"
"https://www.koaspeer.com/pdfs/RK73B.pdf","//mm.digikey.com/Volume0/opasdata/d220001/medias/images/308/KOA-Speer-RK73B-0805-%282012-Metric%29.jpg","2019-RK73B2ATTD102JTR-ND,2019-RK73B2ATTD102JCT-ND,2019-RK73B2ATTD102JDKR-ND","RK73B2ATTD102J","KOA Speer Electronics, Inc.","KOA Speer Electronics, Inc.","RES 1K OHM 5% 1/4W 0805","88.967","0.08","0","1","Tape & Reel (TR),Cut Tape (CT),Digi-Reel®","RK73B","Active","1 kOhms","±5%","0.25W, 1/4W","Thick Film","Automotive AEC-Q200","±200ppm/°C","-55°C ~ 155°C","0805 (2012 Metric)","0805","0.079"" L x 0.049"" W (2.00mm x 1.25mm)","0.024"" (0.60mm)","2","-","-","https://www.digikey.be/en/products/detail/koa-speer-electronics-inc/RK73B2ATTD102J/10236529"
"https://yageogroup.com/content/datasheet/asset/file/PYU-RC_GROUP_51_ROHS_L","//mm.digikey.com/Volume0/opasdata/d220001/medias/images/4848/13_0603-%281608-metric%29.jpg","13-RC0603JR-101KLTR-ND,13-RC0603JR-101KLCT-ND,13-RC0603JR-101KLDKR-ND","RC0603JR-101KL","YAGEO","YAGEO","RES 1K OHM 5% 1/10W 0603","88.169","0.08","0","1","Tape & Reel (TR),Cut Tape (CT),Digi-Reel®","RC_L","Active","1 kOhms","±5%","0.1W, 1/10W","Thick Film","Moisture Resistant","±100ppm/°C","-55°C ~ 155°C","0603 (1608 Metric)","0603","0.063"" L x 0.031"" W (1.60mm x 0.80mm)","0.022"" (0.55mm)","2","-","-","https://www.digikey.be/en/products/detail/yageo/RC0603JR-101KL/13694236"
"https://www.vishay.com/docs/20052/crcw0201e3.pdf","//mm.digikey.com/Volume0/opasdata/d220001/medias/images/596/Vishay-CRCW-0201.jpg","541-1.0KAGTR-ND,541-1.0KAGCT-ND,541-1.0KAGDKR-ND","CRCW02011K00JNED","Vishay Dale","Vishay Dale","RES SMD 1K OHM 5% 1/20W 0201","77.243","0.08","0","1","Tape & Reel (TR),Cut Tape (CT),Digi-Reel®","CRCW0201 e3","Active","1 kOhms","±5%","0.05W, 1/20W","Thick Film","-","±200ppm/°C","-55°C ~ 155°C","0201 (0603 Metric)","0201","0.024"" L x 0.012"" W (0.60mm x 0.30mm)","0.010"" (0.26mm)","2","-","-","https://www.digikey.be/en/products/detail/vishay-dale/CRCW02011K00JNED/1178450"
"https://bourns.com/docs/product-datasheets/cr.pdf?sfvrsn=574d41f6_14","//mm.digikey.com/Volume0/opasdata/d220001/medias/images/505/CR1206-%283216-Metric%29.jpg","118-CR1206-JW-102ELFTR-ND,118-CR1206-JW-102ELFCT-ND,118-CR1206-JW-102ELFDKR-ND","CR1206-JW-102ELF","Bourns Inc.","Bourns Inc.","RES SMD 1K OHM 5% 1/4W 1206","70.257","0.08","0","1","Tape & Reel (TR),Cut Tape (CT),Digi-Reel®","CR1206","Active","1 kOhms","±5%","0.25W, 1/4W","Thick Film","Moisture Resistant","±200ppm/°C","-55°C ~ 155°C","1206 (3216 Metric)","1206","0.126"" L x 0.063"" W (3.20mm x 1.60mm)","0.030"" (0.75mm)","2","-","-","https://www.digikey.be/en/products/detail/bourns-inc/CR1206-JW-102ELF/3785514"
"https://www.passivecomponent.com/wp-content/uploads/chipR/ASC_WR.pdf","//mm.digikey.com/Volume0/opasdata/d220001/medias/images/6151/WRxx-Series-Chip-Resistor.jpg","1292-WR04X102JTLTR-ND,1292-WR04X102JTLCT-ND,1292-WR04X102JTLDKR-ND","WR04X102 JTL","Walsin Technology Corporation","Walsin Technology Corporation","RES 1K OHM 5% 1/16W 0402","69.357","0.08","0","1","Tape & Reel (TR),Cut Tape (CT),Digi-Reel®","WR","Active","1 kOhms","±5%","0.063W, 1/16W","Thick Film","-","±100ppm/°C","-55°C ~ 155°C","0402 (1005 Metric)","0402","0.039"" L x 0.020"" W (1.00mm x 0.50mm)","0.016"" (0.40mm)","2","-","-","https://www.digikey.be/en/products/detail/walsin-technology-corporation/WR04X102-JTL/13238927"
"https://www.koaspeer.com/pdfs/RK73B.pdf","//mm.digikey.com/Volume0/opasdata/d220001/medias/images/696/KOA-Speer-RN73H-1206-%283216-Metric%29.jpg","2019-RK73B2BTTD102JTR-ND,2019-RK73B2BTTD102JCT-ND,2019-RK73B2BTTD102JDKR-ND","RK73B2BTTD102J","KOA Speer Electronics, Inc.","KOA Speer Electronics, Inc.","RES 1K OHM 5% 1/4W 1206","68.560","0.08","0","1","Tape & Reel (TR),Cut Tape (CT),Digi-Reel®","RK73B","Active","1 kOhms","±5%","0.25W, 1/4W","Thick Film","Automotive AEC-Q200","±200ppm/°C","-55°C ~ 155°C","1206 (3216 Metric)","1206","0.126"" L x 0.063"" W (3.20mm x 1.60mm)","0.028"" (0.70mm)","2","-","-","https://www.digikey.be/en/products/detail/koa-speer-electronics-inc/RK73B2BTTD102J/10248345"
"https://bourns.com/docs/product-datasheets/cr.pdf?sfvrsn=574d41f6_14","//mm.digikey.com/Volume0/opasdata/d220001/medias/images/505/CR0402-%281005-Metric%29.jpg","CR0402-JW-102GLFTR-ND,CR0402-JW-102GLFCT-ND,CR0402-JW-102GLFDKR-ND","CR0402-JW-102GLF","Bourns Inc.","Bourns Inc.","RES SMD 1K OHM 5% 1/16W 0402","65.553","0.08","0","1","Tape & Reel (TR),Cut Tape (CT),Digi-Reel®","CR0402","Active","1 kOhms","±5%","0.063W, 1/16W","Thick Film","-","±200ppm/°C","-55°C ~ 155°C","0402 (1005 Metric)","0402","0.039"" L x 0.020"" W (1.00mm x 0.50mm)","0.016"" (0.40mm)","2","-","-","https://www.digikey.be/en/products/detail/bourns-inc/CR0402-JW-102GLF/3783558"
"https://yageogroup.com/content/datasheet/asset/file/PYU-RC_GROUP_51_ROHS_L","//mm.digikey.com/Volume0/opasdata/d220001/medias/images/4849/13_0402-%281005-metric%29.jpg","13-RC0402JR-131KLTR-ND,13-RC0402JR-131KLCT-ND,13-RC0402JR-131KLDKR-ND","RC0402JR-131KL","YAGEO","YAGEO","RES 1K OHM 5% 1/16W 0402","56.711","0.08","0","1","Tape & Reel (TR),Cut Tape (CT),Digi-Reel®","RC_L","Active","1 kOhms","±5%","0.063W, 1/16W","Thick Film","Moisture Resistant","±100ppm/°C","-55°C ~ 155°C","0402 (1005 Metric)","0402","0.039"" L x 0.020"" W (1.00mm x 0.50mm)","0.016"" (0.40mm)","2","-","-","https://www.digikey.be/en/products/detail/yageo/RC0402JR-131KL/13694101"
"https://yageogroup.com/content/datasheet/asset/file/PYU-RC_51_ROHS_P","//mm.digikey.com/Volume0/opasdata/d220001/medias/images/4849/13_0402-%281005-metric%29.jpg","YAG1284TR-ND,YAG1284CT-ND,YAG1284DKR-ND","RC0402JR-071KP","YAGEO","YAGEO","RES 1K OHM 5% 1/16W 0402","54.196","0.08","0","1","Tape & Reel (TR),Cut Tape (CT),Digi-Reel®","RC_P","Active","1 kOhms","±5%","0.063W, 1/16W","Thick Film","-","±100ppm/°C","-55°C ~ 155°C","0402 (1005 Metric)","0402","0.039"" L x 0.020"" W (1.00mm x 0.50mm)","0.016"" (0.40mm)","2","-","7C1 RoHS w/out Exemption (100% Pb-Free)","https://www.digikey.be/en/products/detail/yageo/RC0402JR-071KP/4935299"
"https://bourns.com/docs/product-datasheets/cr.pdf?sfvrsn=574d41f6_14","//mm.digikey.com/Volume0/opasdata/d220001/medias/images/505/CR0805-%282012-Metric%29.jpg","CR0805-JW-102ELFTR-ND,CR0805-JW-102ELFCT-ND,CR0805-JW-102ELFDKR-ND","CR0805-JW-102ELF","Bourns Inc.","Bourns Inc.","RES SMD 1K OHM 5% 1/8W 0805","49.303","0.08","0","1","Tape & Reel (TR),Cut Tape (CT),Digi-Reel®","CR0805","Active","1 kOhms","±5%","0.125W, 1/8W","Thick Film","Moisture Resistant","±200ppm/°C","-55°C ~ 155°C","0805 (2012 Metric)","0805","0.079"" L x 0.049"" W (2.00mm x 1.25mm)","0.024"" (0.60mm)","2","-","-","https://www.digikey.be/en/products/detail/bourns-inc/CR0805-JW-102ELF/3593156"
"https://www.passivecomponent.com/wp-content/uploads/chipR/ASC_WR.pdf","//mm.digikey.com/Volume0/opasdata/d220001/medias/images/6151/WRxx-Series-Chip-Resistor.jpg","1292-WR12X102JTLTR-ND,1292-WR12X102JTLCT-ND,1292-WR12X102JTLDKR-ND","WR12X102 JTL","Walsin Technology Corporation","Walsin Technology Corporation","RES 1K OHM 5% 1/4W 1206","40.918","0.08","0","1","Tape & Reel (TR),Cut Tape (CT),Digi-Reel®","WR","Active","1 kOhms","±5%","0.25W, 1/4W","Thick Film","-","±100ppm/°C","-55°C ~ 155°C","1206 (3216 Metric)","1206","0.122"" L x 0.063"" W (3.10mm x 1.60mm)","0.030"" (0.75mm)","2","-","-","https://www.digikey.be/en/products/detail/walsin-technology-corporation/WR12X102-JTL/13241215"
"https://www.vishay.com/docs/20035/dcrcwe3.pdf","//mm.digikey.com/Volume0/opasdata/d220001/medias/images/2491/CRCW%200603%20%281608metric%29.jpg","541-CRCW06031K00JNECTR-ND,541-CRCW06031K00JNECCT-ND,541-CRCW06031K00JNECDKR-ND","CRCW06031K00JNEC","Vishay Dale","Vishay Dale","RES SMD 1K OHM 5% 1/8W 0603","35.537","0.08","0","1","Tape & Reel (TR),Cut Tape (CT),Digi-Reel®","D/CRCW e3","Active","1 kOhms","±5%","0.125W, 1/8W","Thick Film","Automotive AEC-Q200","±200ppm/°C","-55°C ~ 155°C","0603 (1608 Metric)","0603","0.061"" L x 0.033"" W (1.55mm x 0.85mm)","0.020"" (0.50mm)","2","-","-","https://www.digikey.be/en/products/detail/vishay-dale/CRCW06031K00JNEC/5071175"
"https://yageogroup.com/content/datasheet/asset/file/PYU-RC_GROUP_51_ROHS_L","//mm.digikey.com/Volume0/opasdata/d220001/medias/images/4842/Yageo-0201.jpg","311-1KNTR-ND,311-1KNCT-ND,311-1KNDKR-ND","RC0201JR-071KL","YAGEO","YAGEO","RES 1K OHM 5% 1/20W 0201","34.156","0.08","0","1","Tape & Reel (TR),Cut Tape (CT),Digi-Reel®","RC_L","Active","1 kOhms","±5%","0.05W, 1/20W","Thick Film","Moisture Resistant","±200ppm/°C","-55°C ~ 125°C","0201 (0603 Metric)","0201","0.024"" L x 0.012"" W (0.60mm x 0.30mm)","0.010"" (0.26mm)","2","-","-","https://www.digikey.be/en/products/detail/yageo/RC0201JR-071KL/1948922"
"https://yageogroup.com/content/datasheet/asset/file/PYU-RC_GROUP_51_ROHS_L","//mm.digikey.com/Volume0/opasdata/d220001/medias/images/4842/Yageo-0603.jpg","13-RC0603JR-7W1KLTR-ND,13-RC0603JR-7W1KLCT-ND,13-RC0603JR-7W1KLDKR-ND","RC0603JR-7W1KL","YAGEO","YAGEO","RES 1K OHM 5% 1/5W 0603","33.451","0.08","0","1","Tape & Reel (TR),Cut Tape (CT),Digi-Reel®","RC_L","Active","1 kOhms","±5%","0.2W, 1/5W","Thick Film","Moisture Resistant","±200ppm/°C","-55°C ~ 155°C","0603 (1608 Metric)","0603","0.063"" L x 0.031"" W (1.60mm x 0.80mm)","0.022"" (0.55mm)","2","-","-","https://www.digikey.be/en/products/detail/yageo/RC0603JR-7W1KL/12698826"
"https://yageogroup.com/content/datasheet/asset/file/PYU-AC_51_ROHS_L","//mm.digikey.com/Volume0/opasdata/d220001/medias/images/4205/AC-Series--SMD-Chip-Resistor.jpg","YAG3431TR-ND,YAG3431CT-ND,YAG3431DKR-ND","AC0201JR-071KL","YAGEO","YAGEO","RES SMD 1K OHM 5% 1/20W 0201","31.941","0.08","0","1","Tape & Reel (TR),Cut Tape (CT),Digi-Reel®","AC","Active","1 kOhms","±5%","0.05W, 1/20W","Thick Film","Automotive AEC-Q200, Moisture Resistant","±200ppm/°C","-55°C ~ 155°C","0201 (0603 Metric)","0201","0.024"" L x 0.012"" W (0.60mm x 0.30mm)","0.010"" (0.26mm)","2","-","-","https://www.digikey.be/en/products/detail/yageo/AC0201JR-071KL/5894915"
"https://www.te.com/commerce/DocumentDelivery/DDEController?Action=srchrtrv&DocNm=1773204&DocType=Data%20Sheet&DocLang=English&DocFormat=pdf&PartCntxt=4-1622826-1","//mm.digikey.com/Volume0/opasdata/d220001/medias/images/2453/CRG%2C%20Neohm%200805%20%282012%20Metric%29.jpg","A126391TR-ND,A126391CT-ND,A126391DKR-ND","CRG0805J1K0","TE Connectivity Passive Product","TE Connectivity Passive Product","RES SMD 1K OHM 5% 1/8W 0805","31.675","0.08","0","1","Tape & Reel (TR),Cut Tape (CT),Digi-Reel®","CRG, Neohm","Active","1 kOhms","±5%","0.125W, 1/8W","Thick Film","-","±100ppm/°C","-55°C ~ 155°C","0805 (2012 Metric)","0805","0.079"" L x 0.049"" W (2.00mm x 1.25mm)","0.026"" (0.65mm)","2","-","-","https://www.digikey.be/en/products/detail/te-connectivity-passive-product/CRG0805J1K0/2390009"
"https://yageogroup.com/content/datasheet/asset/file/PYU-AC_51_ROHS_L","//mm.digikey.com/Volume0/opasdata/d220001/medias/images/4205/AC-Series--SMD-Chip-Resistor.jpg","13-AC0603JR-101KLTR-ND,13-AC0603JR-101KLCT-ND,13-AC0603JR-101KLDKR-ND","AC0603JR-101KL","YAGEO","YAGEO","RESISTOR SMD","31.282","0.08","0","1","Tape & Reel (TR),Cut Tape (CT),Digi-Reel®","AC","Active","1 kOhms","±5%","0.1W, 1/10W","Thick Film","Automotive AEC-Q200","±100ppm/°C","-55°C ~ 155°C","0603 (1608 Metric)","0603","0.063"" L x 0.031"" W (1.60mm x 0.80mm)","0.022"" (0.55mm)","2","-","-","https://www.digikey.be/en/products/detail/yageo/AC0603JR-101KL/14286501"
"https://www.vishay.com/docs/28773/crcwce3.pdf","//mm.digikey.com/Volume0/opasdata/d220001/medias/images/596/Vishay-CRCW-1206.jpg","541-4203-2-ND,541-4203-1-ND,541-4203-6-ND","CRCW12061K00JNEAC","Vishay Dale","Vishay Dale","RES 1K OHM 5% 1/4W 1206","28.898","0.08","0","1","Tape & Reel (TR),Cut Tape (CT),Digi-Reel®","CRCW-C","Active","1 kOhms","±5%","0.25W, 1/4W","Thick Film","-","±200ppm/°C","-55°C ~ 155°C","1206 (3216 Metric)","1206","0.120"" L x 0.061"" W (3.05mm x 1.55mm)","0.026"" (0.65mm)","2","-","-","https://www.digikey.be/en/products/detail/vishay-dale/CRCW12061K00JNEAC/7928625"
"https://yageogroup.com/content/datasheet/asset/file/PYU-AC_51_ROHS_L","//mm.digikey.com/Volume0/opasdata/d220001/medias/images/4205/AC-Series--SMD-Chip-Resistor.jpg","YAG3927TR-ND,YAG3927CT-ND,YAG3927DKR-ND","AC1206JR-071KL","YAGEO","YAGEO","RES SMD 1K OHM 5% 1/4W 1206","28.284","0.08","0","1","Tape & Reel (TR),Cut Tape (CT),Digi-Reel®","AC","Active","1 kOhms","±5%","0.25W, 1/4W","Thick Film","Automotive AEC-Q200, Moisture Resistant","±100ppm/°C","-55°C ~ 155°C","1206 (3216 Metric)","1206","0.122"" L x 0.063"" W (3.10mm x 1.60mm)","0.026"" (0.65mm)","2","-","-","https://www.digikey.be/en/products/detail/yageo/AC1206JR-071KL/5897788"
"https://www.we-online.com/components/products/datasheet/560112110023.pdf","//mm.digikey.com/Volume0/opasdata/d220001/medias/images/5874/MFG_WRIS-RSKS.jpg","732-560112110023TR-ND,732-560112110023CT-ND,732-560112110023DKR-ND","560112110023","Würth Elektronik","Würth Elektronik","RES 1K OHM 5% 1/10W 0402","27.178","0.08","0","1","Tape & Reel (TR),Cut Tape (CT),Digi-Reel®","WRIS-RSKS","Active","1 kOhms","±5%","0.1W, 1/10W","Thick Film","Anti-Sulfur","±100ppm/°C","-55°C ~ 155°C","0402 (1005 Metric)","0402","0.039"" L x 0.020"" W (1.00mm x 0.50mm)","0.016"" (0.40mm)","2","-","AEC-Q200","https://www.digikey.be/en/products/detail/würth-elektronik/560112110023/22230555"
"https://yageogroup.com/content/datasheet/asset/file/PYU-RC_GROUP_51_ROHS_L","//mm.digikey.com/Volume0/opasdata/d220001/medias/images/4848/13_0603-%281608-metric%29.jpg","13-RC0603JR-131KLTR-ND,13-RC0603JR-131KLCT-ND,13-RC0603JR-131KLDKR-ND","RC0603JR-131KL","YAGEO","YAGEO","RES 1K OHM 5% 1/10W 0603","22.617","0.08","0","1","Tape & Reel (TR),Cut Tape (CT),Digi-Reel®","RC_L","Active","1 kOhms","±5%","0.1W, 1/10W","Thick Film","Moisture Resistant","±100ppm/°C","-55°C ~ 155°C","0603 (1608 Metric)","0603","0.063"" L x 0.031"" W (1.60mm x 0.80mm)","0.022"" (0.55mm)","2","-","-","https://www.digikey.be/en/products/detail/yageo/RC0603JR-131KL/13694162"
"https://www.vishay.com/docs/20035/dcrcwe3.pdf","//mm.digikey.com/Volume0/opasdata/d220001/medias/images/596/Vishay-CRCW-1206.jpg","541-1.0KETR-ND,541-1.0KECT-ND,541-1.0KEDKR-ND","CRCW12061K00JNEA","Vishay Dale","Vishay Dale","RES SMD 1K OHM 5% 1/4W 1206","21.773","0.08","0","1","Tape & Reel (TR),Cut Tape (CT),Digi-Reel®","D/CRCW e3","Active","1 kOhms","±5%","0.25W, 1/4W","Thick Film","Automotive AEC-Q200","±200ppm/°C","-55°C ~ 155°C","1206 (3216 Metric)","1206","0.126"" L x 0.063"" W (3.20mm x 1.60mm)","0.024"" (0.60mm)","2","-","-","https://www.digikey.be/en/products/detail/vishay-dale/CRCW12061K00JNEA/1176204"
"https://www.te.com/commerce/DocumentDelivery/DDEController?Action=srchrtrv&DocNm=1773204-3&DocType=Data%20Sheet&DocLang=English&DocFormat=pdf&PartCntxt=4-2176338-3","//mm.digikey.com/Volume0/opasdata/d220001/medias/images/846/0805-Case-Chip-Resistor.jpg","A130134TR-ND,A130134CT-ND,A130134DKR-ND","CRGCQ0805J1K0","TE Connectivity Passive Product","TE Connectivity Passive Product","RES 1K OHM 5% 1/8W 0805","17.425","0.08","0","1","Tape & Reel (TR),Cut Tape (CT),Digi-Reel®","CRGCQ","Active","1 kOhms","±5%","0.125W, 1/8W","Thick Film","Automotive AEC-Q200, Moisture Resistant","±100ppm/°C","-55°C ~ 155°C","0805 (2012 Metric)","0805","0.079"" L x 0.049"" W (2.00mm x 1.25mm)","0.026"" (0.65mm)","2","-","-","https://www.digikey.be/en/products/detail/te-connectivity-passive-product/CRGCQ0805J1K0/8576736"
"https://www.vishay.com/docs/20035/dcrcwe3.pdf","//mm.digikey.com/Volume0/opasdata/d220001/medias/images/4849/541_CRCW-0805-%282125metric%29.jpg","541-CRCW08051K00JNECTR-ND,541-CRCW08051K00JNECCT-ND,541-CRCW08051K00JNECDKR-ND","CRCW08051K00JNEC","Vishay Dale","Vishay Dale","RES SMD 1K OHM 5% 1/4W 0805","15.628","0.08","0","1","Tape & Reel (TR),Cut Tape (CT),Digi-Reel®","D/CRCW e3","Active","1 kOhms","±5%","0.25W, 1/4W","Thick Film","Automotive AEC-Q200","±200ppm/°C","-55°C ~ 155°C","0805 (2012 Metric)","0805","0.079"" L x 0.049"" W (2.00mm x 1.25mm)","0.024"" (0.60mm)","2","-","-","https://www.digikey.be/en/products/detail/vishay-dale/CRCW08051K00JNEC/5074062"
"https://yageogroup.com/content/datasheet/asset/file/PYU-AC_51_ROHS_L","//mm.digikey.com/Volume0/opasdata/d220001/medias/images/4205/AC-Series--SMD-Chip-Resistor.jpg","13-AC0402JR-7W1KLTR-ND,13-AC0402JR-7W1KLCT-ND,13-AC0402JR-7W1KLDKR-ND","AC0402JR-7W1KL","YAGEO","YAGEO","RES 1K OHM 5% 1/8W 0402","15.204","0.08","0","1","Tape & Reel (TR),Cut Tape (CT),Digi-Reel®","AC","Active","1 kOhms","±5%","0.125W, 1/8W","Thick Film","Automotive AEC-Q200, Moisture Resistant","±100ppm/°C","-55°C ~ 155°C","0402 (1005 Metric)","0402","0.039"" L x 0.020"" W (1.00mm x 0.50mm)","0.015"" (0.37mm)","2","-","-","https://www.digikey.be/en/products/detail/yageo/AC0402JR-7W1KL/16988952"
"https://www.passivecomponent.com/wp-content/uploads/chipR/ASC_WR.pdf","//mm.digikey.com/Volume0/opasdata/d220001/medias/images/6151/WRxx-Series-Chip-Resistor.jpg","1292-WR08X102JTLTR-ND,1292-WR08X102JTLCT-ND,1292-WR08X102JTLDKR-ND","WR08X102 JTL","Walsin Technology Corporation","Walsin Technology Corporation","RES 1K OHM 5% 1/8W 0805","13.517","0.08","0","1","Tape & Reel (TR),Cut Tape (CT),Digi-Reel®","WR","Active","1 kOhms","±5%","0.125W, 1/8W","Thick Film","-","±100ppm/°C","-55°C ~ 155°C","0805 (2012 Metric)","0805","0.079"" L x 0.049"" W (2.00mm x 1.25mm)","0.026"" (0.65mm)","2","-","-","https://www.digikey.be/en/products/detail/walsin-technology-corporation/WR08X102-JTL/13240928"
"https://yageogroup.com/content/datasheet/asset/file/PYU-RC_GROUP_51_ROHS_L","//mm.digikey.com/Volume0/opasdata/d220001/medias/images/4848/13_0805-%282012-metric%29.jpg","13-RC0805JR-131KLTR-ND,13-RC0805JR-131KLCT-ND,13-RC0805JR-131KLDKR-ND","RC0805JR-131KL","YAGEO","YAGEO","RES 1K OHM 5% 1/8W 0805","7.311","0.08","0","1","Tape & Reel (TR),Cut Tape (CT),Digi-Reel®","RC_L","Active","1 kOhms","±5%","0.125W, 1/8W","Thick Film","Moisture Resistant","±100ppm/°C","-55°C ~ 155°C","0805 (2012 Metric)","0805","0.079"" L x 0.049"" W (2.00mm x 1.25mm)","0.024"" (0.60mm)","2","-","-","https://www.digikey.be/en/products/detail/yageo/RC0805JR-131KL/13694121"
"https://www.vishay.com/docs/20047/rcge3.pdf","//mm.digikey.com/Volume0/opasdata/d220001/medias/images/2491/CRCW%200603%20%281608metric%29.jpg","541-1799-2-ND,541-1799-1-ND,541-1799-6-ND","RCG06031K00JNEA","Vishay Dale","Vishay Dale","RES 1K OHM 5% 1/10W 0603","90.476","0.08","0","1","Tape & Reel (TR),Cut Tape (CT),Digi-Reel®","RCG e3","Active","1 kOhms","±5%","0.1W, 1/10W","Thick Film","-","±200ppm/°C","-55°C ~ 155°C","0603 (1608 Metric)","0603","0.061"" L x 0.033"" W (1.55mm x 0.85mm)","0.020"" (0.50mm)","2","-","-","https://www.digikey.be/en/products/detail/vishay-dale/RCG06031K00JNEA/4172408"
"https://yageogroup.com/content/datasheet/asset/file/PYU-RC_GROUP_51_ROHS_L","//mm.digikey.com/Volume0/opasdata/d220001/medias/images/4842/Yageo-0201.jpg","13-RC0201JR-131KLTR-ND,13-RC0201JR-131KLCT-ND,13-RC0201JR-131KLDKR-ND","RC0201JR-131KL","YAGEO","YAGEO","RES 1K OHM 5% 1/20W 0201","90.202","0.08","0","1","Tape & Reel (TR),Cut Tape (CT),Digi-Reel®","RC_L","Active","1 kOhms","±5%","0.05W, 1/20W","Thick Film","Moisture Resistant","±200ppm/°C","-55°C ~ 125°C","0201 (0603 Metric)","0201","0.024"" L x 0.012"" W (0.60mm x 0.30mm)","0.010"" (0.26mm)","2","-","-","https://www.digikey.be/en/products/detail/yageo/RC0201JR-131KL/17017084"
"//mm.digikey.com/Volume0/opasdata/d220001/medias/docus/2582/PFR02S%20Series.pdf","//mm.digikey.com/Volume0/opasdata/d220001/medias/images/316/Delta-Cyntec-0402-%281005-Metric%29.jpg","2037-PFR02S-102-JNHTR-ND,2037-PFR02S-102-JNHCT-ND,2037-PFR02S-102-JNHDKR-ND","PFR02S-102-JNH","Delta Electronics/Cyntec","Delta Electronics/Cyntec","RES 1K OHM 5% 1/32W 01005","68.222","0.08","0","1","Tape & Reel (TR),Cut Tape (CT),Digi-Reel®","PFR02S","Active","1 kOhms","±5%","0.03W, 1/32W","Thick Film","-","±200ppm/°C","-55°C ~ 125°C","01005 (0402 Metric)","01005","0.016"" L x 0.008"" W (0.40mm x 0.20mm)","0.006"" (0.15mm)","2","-","-","https://www.digikey.be/en/products/detail/delta-electronics-cyntec/PFR02S-102-JNH/9761583"
"https://www.vishay.com/docs/28773/crcwce3.pdf","//mm.digikey.com/Volume0/opasdata/d220001/medias/images/2491/CRCW%200603%20%281608metric%29.jpg","541-CRCW06031K00JNECCTR-ND,541-CRCW06031K00JNECCCT-ND,541-CRCW06031K00JNECCDKR-ND","CRCW06031K00JNECC","Vishay Dale","Vishay Dale","RES 1K OHM 5% 1/10W 0603","67.870","0.08","0","1","Tape & Reel (TR),Cut Tape (CT),Digi-Reel®","CRCW-C","Active","1 kOhms","±5%","0.1W, 1/10W","Thick Film","-","±200ppm/°C","-55°C ~ 155°C","0603 (1608 Metric)","0603","0.063"" L x 0.031"" W (1.60mm x 0.80mm)","0.022"" (0.55mm)","2","-","-","https://www.digikey.be/en/products/detail/vishay-dale/CRCW06031K00JNECC/7925571"
"https://www.vishay.com/docs/28773/crcwce3.pdf","//mm.digikey.com/Volume0/opasdata/d220001/medias/images/2491/CRCW%200603%20%281608metric%29.jpg","541-CRCW06031K00JNEBCTR-ND,541-CRCW06031K00JNEBCCT-ND,541-CRCW06031K00JNEBCDKR-ND","CRCW06031K00JNEBC","Vishay Dale","Vishay Dale","RES 1K OHM 5% 1/10W 0603","58.696","0.08","0","1","Tape & Reel (TR),Cut Tape (CT),Digi-Reel®","CRCW-C","Active","1 kOhms","±5%","0.1W, 1/10W","Thick Film","-","±200ppm/°C","-55°C ~ 155°C","0603 (1608 Metric)","0603","0.063"" L x 0.031"" W (1.60mm x 0.80mm)","0.022"" (0.55mm)","2","-","-","https://www.digikey.be/en/products/detail/vishay-dale/CRCW06031K00JNEBC/7925459"
"https://yageogroup.com/content/datasheet/asset/file/PYU-RC_GROUP_51_ROHS_L","//mm.digikey.com/Volume0/opasdata/d220001/medias/images/4842/Yageo-0603.jpg","13-RC1206JR-131KLTR-ND,13-RC1206JR-131KLCT-ND,13-RC1206JR-131KLDKR-ND","RC1206JR-131KL","YAGEO","YAGEO","RES 1K OHM 5% 1/4W 1206","50.505","0.08","0","1","Tape & Reel (TR),Cut Tape (CT),Digi-Reel®","RC_L","Active","1 kOhms","±5%","0.25W, 1/4W","Thick Film","-","±100ppm/°C","-55°C ~ 155°C","1206 (3216 Metric)","1206","0.122"" L x 0.063"" W (3.10mm x 1.60mm)","0.026"" (0.65mm)","2","-","-","https://www.digikey.be/en/products/detail/yageo/RC1206JR-131KL/14286759"
"https://yageogroup.com/content/datasheet/asset/file/PYU-AC_51_ROHS_L","//mm.digikey.com/Volume0/opasdata/d220001/medias/images/4205/AC-Series--SMD-Chip-Resistor.jpg","13-AC0603JR-131KLTR-ND,13-AC0603JR-131KLCT-ND,13-AC0603JR-131KLDKR-ND","AC0603JR-131KL","YAGEO","YAGEO","RES 1K OHM 5% 1/10W 0603","45.512","0.08","0","1","Tape & Reel (TR),Cut Tape (CT),Digi-Reel®","AC","Active","1 kOhms","±5%","0.1W, 1/10W","Thick Film","Automotive AEC-Q200, Moisture Resistant","±100ppm/°C","-55°C ~ 155°C","0603 (1608 Metric)","0603","0.063"" L x 0.031"" W (1.60mm x 0.80mm)","0.022"" (0.55mm)","2","-","-","https://www.digikey.be/en/products/detail/yageo/AC0603JR-131KL/16982159"
"https://www.koaspeer.com/pdfs/RK73B.pdf","//mm.digikey.com/Volume0/opasdata/d220001/medias/images/319/RK73B-0402%281005%29%3B%3B1x0%2C5x0%2C4.JPG","2019-RK73B1ETTPS102JTR-ND,2019-RK73B1ETTPS102JCT-ND,2019-RK73B1ETTPS102JDKR-ND","RK73B1ETTPS102J","KOA Speer Electronics, Inc.","KOA Speer Electronics, Inc.","RESISTOR","37.920","0.08","0","1","Tape & Reel (TR),Cut Tape (CT),Digi-Reel®","RK73B","Active","1 kOhms","±5%","0.1W, 1/10W","Thick Film","Automotive AEC-Q200","±200ppm/°C","-55°C ~ 155°C","0402 (1005 Metric)","0402","0.039"" L x 0.020"" W (1.00mm x 0.50mm)","0.016"" (0.40mm)","2","-","-","https://www.digikey.be/en/products/detail/koa-speer-electronics-inc/RK73B1ETTPS102J/21679971"
"https://www.vishay.com/docs/20047/rcge3.pdf","//mm.digikey.com/Volume0/opasdata/d220001/medias/images/6808/RCG_0402-1005.jpg","541-1762-2-ND,541-1762-1-ND,541-1762-6-ND","RCG04021K00JNED","Vishay Dale","Vishay Dale","RES 1K OHM 5% 1/16W 0402","34.076","0.08","0","1","Tape & Reel (TR),Cut Tape (CT),Digi-Reel®","RCG e3","Active","1 kOhms","±5%","0.063W, 1/16W","Thick Film","-","±200ppm/°C","-55°C ~ 155°C","0402 (1005 Metric)","0402","0.039"" L x 0.020"" W (1.00mm x 0.50mm)","0.016"" (0.40mm)","2","-","-","https://www.digikey.be/en/products/detail/vishay-dale/RCG04021K00JNED/4172371"
"https://yageogroup.com/content/datasheet/asset/file/PYU-RC_GROUP_51_ROHS_L","//mm.digikey.com/Volume0/opasdata/d220001/medias/images/4848/13_0805-%282012-metric%29.jpg","13-RC0805JR-101KLTR-ND,13-RC0805JR-101KLCT-ND,13-RC0805JR-101KLDKR-ND","RC0805JR-101KL","YAGEO","YAGEO","RES 1K OHM 5% 1/8W 0805","33.485","0.08","0","1","Tape & Reel (TR),Cut Tape (CT),Digi-Reel®","RC_L","Active","1 kOhms","±5%","0.125W, 1/8W","Thick Film","-","±100ppm/°C","-55°C ~ 155°C","0805 (2012 Metric)","0805","0.079"" L x 0.049"" W (2.00mm x 1.25mm)","0.024"" (0.60mm)","2","-","-","https://www.digikey.be/en/products/detail/yageo/RC0805JR-101KL/14286650"
"https://www.te.com/commerce/DocumentDelivery/DDEController?Action=srchrtrv&DocNm=1773204-3&DocType=Data%20Sheet&DocLang=English&DocFormat=pdf&PartCntxt=4-2176338-3","//mm.digikey.com/Volume0/opasdata/d220001/medias/images/905/1206-Case-Chip-Resistor.jpg","A130177TR-ND,A130177CT-ND,A130177DKR-ND","CRGCQ1206J1K0","TE Connectivity Passive Product","TE Connectivity Passive Product","RES 1K OHM 5% 1/4W 1206","23.155","0.08","0","1","Tape & Reel (TR),Cut Tape (CT),Digi-Reel®","CRGCQ","Active","1 kOhms","±5%","0.25W, 1/4W","Thick Film","Automotive AEC-Q200, Moisture Resistant","±100ppm/°C","-55°C ~ 155°C","1206 (3216 Metric)","1206","0.122"" L x 0.061"" W (3.10mm x 1.55mm)","0.026"" (0.65mm)","2","-","-","https://www.digikey.be/en/products/detail/te-connectivity-passive-product/CRGCQ1206J1K0/8576779"
"https://www.koaspeer.com/pdfs/RK73B.pdf","//mm.digikey.com/Volume0/opasdata/d220001/medias/images/319/RK73B-0402%281005%29%3B%3B1x0%2C5x0%2C4.JPG","2019-RK73B1ETTPL102JTR-ND,2019-RK73B1ETTPL102JCT-ND,2019-RK73B1ETTPL102JDKR-ND","RK73B1ETTPL102J","KOA Speer Electronics, Inc.","KOA Speer Electronics, Inc.","RESISTOR","22.308","0.08","0","1","Tape & Reel (TR),Cut Tape (CT),Digi-Reel®","RK73B","Active","1 kOhms","±5%","0.1W, 1/10W","Thick Film","Automotive AEC-Q200","±200ppm/°C","-55°C ~ 155°C","0402 (1005 Metric)","0402","0.039"" L x 0.020"" W (1.00mm x 0.50mm)","0.016"" (0.40mm)","2","-","-","https://www.digikey.be/en/products/detail/koa-speer-electronics-inc/RK73B1ETTPL102J/21681647"
"http://www.passivecomponent.com/wp-content/uploads/chipR/ASC_WR02X.pdf","//mm.digikey.com/Volume0/opasdata/d220001/medias/images/6469/WR02X-0201-%280603-Metric%29.jpg","1292-WR02X102JALTR-ND,1292-WR02X102JALCT-ND,1292-WR02X102JALDKR-ND","WR02X102 JAL","Walsin Technology Corporation","Walsin Technology Corporation","RES 1K OHM 5% 1/20W 0201","21.899","0.08","0","1","Tape & Reel (TR),Cut Tape (CT),Digi-Reel®","WR02X","Active","1 kOhms","±5%","0.05W, 1/20W","Thick Film","-","±200ppm/°C","-55°C ~ 125°C","0201 (0603 Metric)","0201","0.024"" L x 0.012"" W (0.60mm x 0.30mm)","0.010"" (0.26mm)","2","-","-","https://www.digikey.be/en/products/detail/walsin-technology-corporation/WR02X102-JAL/13238943"
"https://yageogroup.com/content/datasheet/asset/file/PYU-RC_51_ROHS_P","//mm.digikey.com/Volume0/opasdata/d220001/medias/images/389/RC0603FR-0710RL.jpg","YAG1311TR-ND,YAG1311CT-ND,YAG1311DKR-ND","RC0603JR-071KP","YAGEO","YAGEO","RES 1K OHM 5% 1/10W 0603","18.179","0.08","0","1","Tape & Reel (TR),Cut Tape (CT),Digi-Reel®","RC_P","Active","1 kOhms","±5%","0.1W, 1/10W","Thick Film","-","±100ppm/°C","-55°C ~ 155°C","0603 (1608 Metric)","0603","0.063"" L x 0.031"" W (1.60mm x 0.80mm)","0.022"" (0.55mm)","2","-","7C1 RoHS w/out Exemption (100% Pb-Free)","https://www.digikey.be/en/products/detail/yageo/RC0603JR-071KP/4935326"
"https://yageogroup.com/content/Resource%20Library/Datasheet/PYU-AA_51_ROHS_L.pdf","//mm.digikey.com/Volume0/opasdata/d220001/medias/images/4019/0402-%281005-Metric%29-AA.jpg","13-AA0402JR-071KLTR-ND,13-AA0402JR-071KLCT-ND,13-AA0402JR-071KLDKR-ND","AA0402JR-071KL","YAGEO","YAGEO","RES SMD 1K OHM 5% 1/16W 0402","9.742","0.08","0","1","Tape & Reel (TR),Cut Tape (CT),Digi-Reel®","AA","Active","1 kOhms","±5%","0.063W, 1/16W","Thick Film","Anti-Sulfur, Automotive AEC-Q200, Moisture Resistant","±150ppm/°C","-55°C ~ 155°C","0402 (1005 Metric)","0402","0.039"" L x 0.020"" W (1.00mm x 0.50mm)","0.015"" (0.37mm)","2","-","-","https://www.digikey.be/en/products/detail/yageo/AA0402JR-071KL/5888553"
"https://yageogroup.com/content/Resource%20Library/Datasheet/PYU-AF_51_ROHS_L.pdf","//mm.digikey.com/Volume0/opasdata/d220001/medias/images/4848/13_0603-%281608-metric%29.jpg","13-AF0603JR-071KLTR-ND,13-AF0603JR-071KLCT-ND,13-AF0603JR-071KLDKR-ND","AF0603JR-071KL","YAGEO","YAGEO","RES SMD 1K OHM 5% 1/10W 0603","9.525","0.08","0","1","Tape & Reel (TR),Cut Tape (CT),Digi-Reel®","AF","Active","1 kOhms","±5%","0.1W, 1/10W","Thick Film","Anti-Sulfur, Automotive AEC-Q200","±100ppm/°C","-55°C ~ 155°C","0603 (1608 Metric)","0603","0.063"" L x 0.031"" W (1.60mm x 0.80mm)","0.022"" (0.55mm)","2","-","-","https://www.digikey.be/en/products/detail/yageo/AF0603JR-071KL/5901147"
"https://yageogroup.com/content/datasheet/asset/file/PYU-RC_GROUP_51_ROHS_L","//mm.digikey.com/Volume0/opasdata/d220001/medias/images/4843/YAGEOCHIPRES.jpg","13-RC0402JR-7W1KLTR-ND,13-RC0402JR-7W1KLCT-ND,13-RC0402JR-7W1KLDKR-ND","RC0402JR-7W1KL","YAGEO","YAGEO","RES 1K OHM 5% 1/8W 0402","9.298","0.08","0","1","Tape & Reel (TR),Cut Tape (CT),Digi-Reel®","RC_L","Active","1 kOhms","±5%","0.125W, 1/8W","Thick Film","Moisture Resistant","±200ppm/°C","-55°C ~ 155°C","0402 (1005 Metric)","0402","0.039"" L x 0.020"" W (1.00mm x 0.50mm)","0.016"" (0.40mm)","2","-","-","https://www.digikey.be/en/products/detail/yageo/RC0402JR-7W1KL/17016208"
"https://www.seielect.com/catalog/SEI-RMEF_RMEP.pdf","//mm.digikey.com/Volume0/opasdata/d220001/medias/images/4842/Stackpole0603.jpg","738-RMEF0603JT1K00TR-ND,738-RMEF0603JT1K00CT-ND,738-RMEF0603JT1K00DKR-ND","RMEF0603JT1K00","Stackpole Electronics Inc","Stackpole Electronics Inc","RES 1K OHM 5% 1/10W 0603","9.098","0.08","0","1","Tape & Reel (TR),Cut Tape (CT),Digi-Reel®","RMEF","Active","1 kOhms","±5%","0.1W, 1/10W","Thick Film","Automotive AEC-Q200","±100ppm/°C","-55°C ~ 155°C","0603 (1608 Metric)","0603","0.063"" L x 0.031"" W (1.60mm x 0.80mm)","0.020"" (0.50mm)","2","-","-","https://www.digikey.be/en/products/detail/stackpole-electronics-inc/RMEF0603JT1K00/16839609"
"https://www.koaspeer.com/pdfs/RK73B.pdf","//mm.digikey.com/Volume0/opasdata/d220001/medias/images/319/RK73B-0603%281608%29%3B%3B1%2C6x0%2C8x0%2C55.JPG","2019-RK73B1JTTDD102JTR-ND,2019-RK73B1JTTDD102JCT-ND,2019-RK73B1JTTDD102JDKR-ND","RK73B1JTTDD102J","KOA Speer Electronics, Inc.","KOA Speer Electronics, Inc.","RESISTOR","9.011","0.08","0","1","Tape & Reel (TR),Cut Tape (CT),Digi-Reel®","RK73B","Active","1 kOhms","±5%","0.125W, 1/8W","Thick Film","Automotive AEC-Q200","±200ppm/°C","-55°C ~ 155°C","0603 (1608 Metric)","0603","0.063"" L x 0.031"" W (1.60mm x 0.80mm)","0.022"" (0.55mm)","2","-","-","https://www.digikey.be/en/products/detail/koa-speer-electronics-inc/RK73B1JTTDD102J/21681878"
"https://yageogroup.com/content/datasheet/asset/file/PYU-RC_GROUP_51_ROHS_L","//mm.digikey.com/Volume0/opasdata/d220001/medias/images/4842/Yageo-0603.jpg","13-RC1206JR-101KLTR-ND,13-RC1206JR-101KLCT-ND,13-RC1206JR-101KLDKR-ND","RC1206JR-101KL","YAGEO","YAGEO","RES 1K OHM 5% 1/4W 1206","7.991","0.08","0","1","Tape & Reel (TR),Cut Tape (CT),Digi-Reel®","RC_L","Active","1 kOhms","±5%","0.25W, 1/4W","Thick Film","-","±100ppm/°C","-55°C ~ 155°C","1206 (3216 Metric)","1206","0.122"" L x 0.063"" W (3.10mm x 1.60mm)","0.026"" (0.65mm)","2","-","-","https://www.digikey.be/en/products/detail/yageo/RC1206JR-101KL/14286541"
"https://www.koaspeer.com/pdfs/RK73B.pdf","//mm.digikey.com/Volume0/opasdata/d220001/medias/images/308/KOA-Speer-RK73B-0805-%282012-Metric%29.jpg","2019-RK73B2ATTE102JTR-ND,2019-RK73B2ATTE102JCT-ND,2019-RK73B2ATTE102JDKR-ND","RK73B2ATTE102J","KOA Speer Electronics, Inc.","KOA Speer Electronics, Inc.","RESISTOR","6.790","0.08","0","1","Tape & Reel (TR),Cut Tape (CT),Digi-Reel®","RK73B","Active","1 kOhms","±5%","0.25W, 1/4W","Thick Film","Automotive AEC-Q200","±200ppm/°C","-55°C ~ 155°C","0805 (2012 Metric)","0805","0.079"" L x 0.049"" W (2.00mm x 1.25mm)","0.024"" (0.60mm)","2","-","-","https://www.digikey.be/en/products/detail/koa-speer-electronics-inc/RK73B2ATTE102J/21680237"
"https://www.koaspeer.com/pdfs/RK73B.pdf","//mm.digikey.com/Volume0/opasdata/d220001/medias/images/308/KOA-Speer-RK73B-0805-%282012-Metric%29.jpg","2019-RK73B2ATTDD102JTR-ND,2019-RK73B2ATTDD102JCT-ND,2019-RK73B2ATTDD102JDKR-ND","RK73B2ATTDD102J","KOA Speer Electronics, Inc.","KOA Speer Electronics, Inc.","RESISTOR","5.824","0.08","0","1","Tape & Reel (TR),Cut Tape (CT),Digi-Reel®","RK73B","Active","1 kOhms","±5%","0.25W, 1/4W","Thick Film","Automotive AEC-Q200","±200ppm/°C","-55°C ~ 155°C","0805 (2012 Metric)","0805","0.079"" L x 0.049"" W (2.00mm x 1.25mm)","0.024"" (0.60mm)","2","-","-","https://www.digikey.be/en/products/detail/koa-speer-electronics-inc/RK73B2ATTDD102J/21680774"
"https://download.datasheets.com/pdfs/2018/12/14/19/32/22/975901/cyn_/manual/cynts00024-1.pdf","//mm.digikey.com/Volume0/opasdata/d220001/medias/images/316/Delta-Cyntec-0402-%281005-Metric%29.jpg","2037-PFR05S-102-JNHTR-ND,2037-PFR05S-102-JNHCT-ND,2037-PFR05S-102-JNHDKR-ND","PFR05S-102-JNH","Delta Electronics/Cyntec","Delta Electronics/Cyntec","RES SMD 1 KOHM 5% 1/16W 0402","5.648","0.08","0","1","Tape & Reel (TR),Cut Tape (CT),Digi-Reel®","PFR05","Active","1 kOhms","±5%","0.063W, 1/16W","Thick Film","-","±200ppm/°C","-55°C ~ 125°C","0402 (1005 Metric)","0402","0.039"" L x 0.020"" W (1.00mm x 0.50mm)","0.016"" (0.40mm)","2","-","-","https://www.digikey.be/en/products/detail/delta-electronics-cyntec/PFR05S-102-JNH/9761533"
"https://yageogroup.com/content/Resource%20Library/Datasheet/PYU-AF_51_ROHS_L.pdf","//mm.digikey.com/Volume0/opasdata/d220001/medias/images/4848/13_0805-%282012-metric%29.jpg","13-AF0805JR-071KLTR-ND,13-AF0805JR-071KLCT-ND,13-AF0805JR-071KLDKR-ND","AF0805JR-071KL","YAGEO","YAGEO","RES SMD 1K OHM 5% 1/8W 0805","3.030","0.08","0","1","Tape & Reel (TR),Cut Tape (CT),Digi-Reel®","AF","Active","1 kOhms","±5%","0.125W, 1/8W","Thick Film","Anti-Sulfur, Automotive AEC-Q200","±100ppm/°C","-55°C ~ 155°C","0805 (2012 Metric)","0805","0.079"" L x 0.049"" W (2.00mm x 1.25mm)","0.024"" (0.60mm)","2","-","-","https://www.digikey.be/en/products/detail/yageo/AF0805JR-071KL/5901525"
"//mm.digikey.com/Volume0/opasdata/d220001/medias/docus/693/PFR03S-xxyy-xNH_Datasheet.pdf","//mm.digikey.com/Volume0/opasdata/d220001/medias/images/57/RLT-0306-xxxx-xNH.jpg","2037-PFR03S-102-JNHTR-ND,2037-PFR03S-102-JNHCT-ND,2037-PFR03S-102-JNHDKR-ND","PFR03S-102-JNH","Delta Electronics/Cyntec","Delta Electronics/Cyntec","RES SMD 1K OHM 5% 1/20W 0201","167.794","0.08","0","1","Tape & Reel (TR),Cut Tape (CT),Digi-Reel®","PFR03S","Active","1 kOhms","±5%","0.05W, 1/20W","Thick Film","-","±200ppm/°C","-55°C ~ 125°C","0201 (0603 Metric)","0201","0.024"" L x 0.012"" W (0.60mm x 0.30mm)","0.010"" (0.26mm)","2","-","-","https://www.digikey.be/en/products/detail/delta-electronics-cyntec/PFR03S-102-JNH/9761661"
"https://www.seielect.com/catalog/SEI-RMEF_RMEP.pdf","//mm.digikey.com/Volume0/opasdata/d220001/medias/images/6808/RMEFseries_0402-1005.jpg","738-RMEF0402JT1K00TR-ND,738-RMEF0402JT1K00CT-ND,738-RMEF0402JT1K00DKR-ND","RMEF0402JT1K00","Stackpole Electronics Inc","Stackpole Electronics Inc","RES 1K OHM 5% 1/16W 0402","25.476","0.08","0","1","Tape & Reel (TR),Cut Tape (CT),Digi-Reel®","RMEF","Active","1 kOhms","±5%","0.063W, 1/16W","Thick Film","Automotive AEC-Q200","±100ppm/°C","-55°C ~ 155°C","0402 (1005 Metric)","0402","0.039"" L x 0.020"" W (1.00mm x 0.50mm)","0.014"" (0.35mm)","2","-","-","https://www.digikey.be/en/products/detail/stackpole-electronics-inc/RMEF0402JT1K00/16839726"
"https://www.koaspeer.com/pdfs/RK73B.pdf","//mm.digikey.com/Volume0/opasdata/d220001/medias/images/319/RK73B-0603%281608%29%3B%3B1%2C6x0%2C8x0%2C55.JPG","2019-RK73B1JTTDB102JTR-ND,2019-RK73B1JTTDB102JCT-ND,2019-RK73B1JTTDB102JDKR-ND","RK73B1JTTDB102J","KOA Speer Electronics, Inc.","KOA Speer Electronics, Inc.","RESISTOR","22.081","0.08","0","1","Tape & Reel (TR),Cut Tape (CT),Digi-Reel®","RK73B","Active","1 kOhms","±5%","0.125W, 1/8W","Thick Film","Automotive AEC-Q200","±200ppm/°C","-55°C ~ 155°C","0603 (1608 Metric)","0603","0.063"" L x 0.031"" W (1.60mm x 0.80mm)","0.022"" (0.55mm)","2","-","-","https://www.digikey.be/en/products/detail/koa-speer-electronics-inc/RK73B1JTTDB102J/21681292"
"https://www.koaspeer.com/pdfs/RK73B.pdf","//mm.digikey.com/Volume0/opasdata/d220001/medias/images/696/KOA-Speer-RN73H-1206-%283216-Metric%29.jpg","2019-RK73B2BTTDD102JTR-ND,2019-RK73B2BTTDD102JCT-ND,2019-RK73B2BTTDD102JDKR-ND","RK73B2BTTDD102J","KOA Speer Electronics, Inc.","KOA Speer Electronics, Inc.","RESISTOR","9.955","0.08","0","1","Tape & Reel (TR),Cut Tape (CT),Digi-Reel®","RK73B","Active","1 kOhms","±5%","0.25W, 1/4W","Thick Film","Automotive AEC-Q200","±200ppm/°C","-55°C ~ 155°C","1206 (3216 Metric)","1206","0.126"" L x 0.063"" W (3.20mm x 1.60mm)","0.028"" (0.70mm)","2","-","-","https://www.digikey.be/en/products/detail/koa-speer-electronics-inc/RK73B2BTTDD102J/21681209"
"https://www.seielect.com/catalog/SEI-RMEF_RMEP.pdf","//mm.digikey.com/Volume0/opasdata/d220001/medias/images/6808/RMEFseries_0805-2012.jpg","738-RMEF0805JT1K00TR-ND,738-RMEF0805JT1K00CT-ND,738-RMEF0805JT1K00DKR-ND","RMEF0805JT1K00","Stackpole Electronics Inc","Stackpole Electronics Inc","RES 1K OHM 5% 1/8W 0805","5.000","0.08","0","1","Tape & Reel (TR),Cut Tape (CT),Digi-Reel®","RMEF","Active","1 kOhms","±5%","0.125W, 1/8W","Thick Film","Automotive AEC-Q200","±100ppm/°C","-55°C ~ 155°C","0805 (2012 Metric)","0805","0.079"" L x 0.049"" W (2.00mm x 1.25mm)","0.026"" (0.65mm)","2","-","-","https://www.digikey.be/en/products/detail/stackpole-electronics-inc/RMEF0805JT1K00/16839805"
"https://www.koaspeer.com/pdfs/RK73B.pdf","//mm.digikey.com/Volume0/opasdata/d220001/medias/images/696/KOA-Speer-RN73H-1206-%283216-Metric%29.jpg","2019-RK73B2BTTED102JTR-ND,2019-RK73B2BTTED102JCT-ND,2019-RK73B2BTTED102JDKR-ND","RK73B2BTTED102J","KOA Speer Electronics, Inc.","KOA Speer Electronics, Inc.","RESISTOR","4.905","0.08","0","1","Tape & Reel (TR),Cut Tape (CT),Digi-Reel®","RK73B","Active","1 kOhms","±5%","0.25W, 1/4W","Thick Film","Automotive AEC-Q200","±200ppm/°C","-55°C ~ 155°C","1206 (3216 Metric)","1206","0.126"" L x 0.063"" W (3.20mm x 1.60mm)","0.028"" (0.70mm)","2","-","-","https://www.digikey.be/en/products/detail/koa-speer-electronics-inc/RK73B2BTTED102J/21679451"
"https://yageogroup.com/content/datasheet/asset/file/PYU-AC_51_ROHS_L","//mm.digikey.com/Volume0/opasdata/d220001/medias/images/4205/AC-Series--SMD-Chip-Resistor.jpg","13-AC0402JR-131KLTR-ND,13-AC0402JR-131KLCT-ND,13-AC0402JR-131KLDKR-ND","AC0402JR-131KL","YAGEO","YAGEO","RES 1K OHM 5% 1/16W 0402","99.660","0.08","0","1","Tape & Reel (TR),Cut Tape (CT),Digi-Reel®","AC","Active","1 kOhms","±5%","0.063W, 1/16W","Thick Film","Automotive AEC-Q200, Moisture Resistant","±100ppm/°C","-55°C ~ 155°C","0402 (1005 Metric)","0402","0.039"" L x 0.020"" W (1.00mm x 0.50mm)","0.015"" (0.37mm)","2","-","-","https://www.digikey.be/en/products/detail/yageo/AC0402JR-131KL/16990476"
"https://www.vishay.com/docs/20132/rca-sre3.pdf","//mm.digikey.com/Volume0/opasdata/d220001/medias/images/7218/MFG_RCA-SR.jpg","541-RCA04021K00JNEDSRTR-ND,541-RCA04021K00JNEDSRCT-ND,541-RCA04021K00JNEDSRDKR-ND","RCA04021K00JNEDSR","Vishay Dale","Vishay Dale","RCA0402-SR 200 1K0 5% ET7 E3","19.885","0.08","0","1","Tape & Reel (TR),Cut Tape (CT),Digi-Reel®","RCA-SR e3","Active","1 kOhms","±5%","0.063W, 1/16W","Thick Film","Anti-Sulfur, Automotive AEC-Q200","±200ppm/°C","-55°C ~ 155°C","0402 (1005 Metric)","0402","0.039"" L x 0.020"" W (1.00mm x 0.50mm)","0.016"" (0.40mm)","2","-","AEC-Q200","https://www.digikey.be/en/products/detail/vishay-dale/RCA04021K00JNEDSR/27687778"
"https://www.seielect.com/catalog/SEI-RMCF_RMCP.pdf","//mm.digikey.com/Volume0/opasdata/d220001/medias/images/639/0805-RMCF-Series.jpg","738-RMCF0805JG1K00TR-ND,738-RMCF0805JG1K00CT-ND","RMCF0805JG1K00","Stackpole Electronics Inc","Stackpole Electronics Inc","RES 1K OHM 5% 1/8W 0805","9.916","0.08","0","1","Tape & Reel (TR),Cut Tape (CT)","RMCF","Active","1 kOhms","±5%","0.125W, 1/8W","Thick Film","Automotive AEC-Q200","±200ppm/°C","-55°C ~ 155°C","0805 (2012 Metric)","0805","0.079"" L x 0.049"" W (2.00mm x 1.25mm)","0.026"" (0.65mm)","2","-","-","https://www.digikey.be/en/products/detail/stackpole-electronics-inc/RMCF0805JG1K00/1711901"
"https://www.vishay.com/docs/20132/rca-sre3.pdf","//mm.digikey.com/Volume0/opasdata/d220001/medias/images/7218/MFG_RCA-SR.jpg","541-RCA08051K00JNEASRTR-ND,541-RCA08051K00JNEASRCT-ND,541-RCA08051K00JNEASRDKR-ND","RCA08051K00JNEASR","Vishay Dale","Vishay Dale","RCA0805-SR 200 1K0 5% ET1 E3","9.470","0.08","0","1","Tape & Reel (TR),Cut Tape (CT),Digi-Reel®","RCA-SR e3","Active","1 kOhms","±5%","0.125W, 1/8W","Thick Film","Anti-Sulfur, Automotive AEC-Q200","±200ppm/°C","-55°C ~ 155°C","0805 (2012 Metric)","0805","0.079"" L x 0.049"" W (2.00mm x 1.25mm)","0.024"" (0.60mm)","2","-","AEC-Q200","https://www.digikey.be/en/products/detail/vishay-dale/RCA08051K00JNEASR/27687796"
"https://www.we-online.com/components/products/datasheet/560112116016.pdf","//mm.digikey.com/Volume0/opasdata/d220001/medias/images/5874/MFG_WRIS-RSKS.jpg","732-560112116016TR-ND,732-560112116016CT-ND,732-560112116016DKR-ND","560112116016","Würth Elektronik","Würth Elektronik","RES 1K OHM 5% 1/10W 0603","9.096","0.08","0","1","Tape & Reel (TR),Cut Tape (CT),Digi-Reel®","WRIS-RSKS","Active","1 kOhms","±5%","0.1W, 1/10W","Thick Film","Anti-Sulfur","±100ppm/°C","-55°C ~ 155°C","0603 (1608 Metric)","0603","0.063"" L x 0.031"" W (1.60mm x 0.80mm)","0.024"" (0.60mm)","2","-","AEC-Q200","https://www.digikey.be/en/products/detail/würth-elektronik/560112116016/22230637"
"https://www.seielect.Com/catalog/SEI-RMCA.pdf","//mm.digikey.com/Volume0/opasdata/d220001/medias/images/8810/RMCA_0603-%281608-Metric%29.jpg","738-RMCA0603JT1K00-HPTR-ND,738-RMCA0603JT1K00-HPCT-ND,738-RMCA0603JT1K00-HPDKR-ND","RMCA0603JT1K00-HP","Stackpole Electronics Inc","Stackpole Electronics Inc","RES 0603 1 KOHM 5% 0.125W AUTO","4.970","0.08","0","1","Tape & Reel (TR),Cut Tape (CT),Digi-Reel®","RMCA","Active","1 kOhms","±5%","0.125W, 1/8W","Thick Film","Anti-Sulfur, Automotive AEC-Q200","±100ppm/°C","-55°C ~ 155°C","0603 (1608 Metric)","0603","0.063"" L x 0.031"" W (1.60mm x 0.80mm)","0.020"" (0.50mm)","2","-","AEC-Q200","https://www.digikey.be/en/products/detail/stackpole-electronics-inc/RMCA0603JT1K00-HP/27724710"
"https://www.seielect.Com/catalog/SEI-RMCA.pdf","//mm.digikey.com/Volume0/opasdata/d220001/medias/images/8810/RMCA_0805-%282012-Metric%29.jpg","738-RMCA0805JT1K00-HPTR-ND,738-RMCA0805JT1K00-HPCT-ND,738-RMCA0805JT1K00-HPDKR-ND","RMCA0805JT1K00-HP","Stackpole Electronics Inc","Stackpole Electronics Inc","RES 0805 1 KOHM 5% 0.25W AUTO","4.950","0.08","0","1","Tape & Reel (TR),Cut Tape (CT),Digi-Reel®","RMCA","Active","1 kOhms","±5%","0.25W, 1/4W","Thick Film","Anti-Sulfur, Automotive AEC-Q200","±100ppm/°C","-55°C ~ 155°C","0805 (2012 Metric)","0805","0.079"" L x 0.049"" W (2.00mm x 1.25mm)","0.026"" (0.65mm)","2","-","AEC-Q200","https://www.digikey.be/en/products/detail/stackpole-electronics-inc/RMCA0805JT1K00-HP/27719119"
"https://www.seielect.Com/catalog/SEI-RMCA.pdf","//mm.digikey.com/Volume0/opasdata/d220001/medias/images/8810/RMCA_1206-%283216-Metric%29.jpg","738-RMCA1206JT1K00-HPTR-ND,738-RMCA1206JT1K00-HPCT-ND,738-RMCA1206JT1K00-HPDKR-ND","RMCA1206JT1K00-HP","Stackpole Electronics Inc","Stackpole Electronics Inc","RES 1206 1 KOHM 5% 0.5W AUTO","4.930","0.08","0","1","Tape & Reel (TR),Cut Tape (CT),Digi-Reel®","RMCA","Active","1 kOhms","±5%","0.5W, 1/2W","Thick Film","Anti-Sulfur, Automotive AEC-Q200","±100ppm/°C","-55°C ~ 155°C","1206 (3216 Metric)","1206","0.120"" L x 0.063"" W (3.05mm x 1.60mm)","0.028"" (0.70mm)","2","-","AEC-Q200","https://www.digikey.be/en/products/detail/stackpole-electronics-inc/RMCA1206JT1K00-HP/27721541"
"https://yageogroup.com/content/datasheet/asset/file/PYU-AC_51_ROHS_L","//mm.digikey.com/Volume0/opasdata/d220001/medias/images/4843/YAGEOCHIPRES.jpg","13-AC0603JR-7W1KLTR-ND,13-AC0603JR-7W1KLCT-ND,13-AC0603JR-7W1KLDKR-ND","AC0603JR-7W1KL","YAGEO","YAGEO","RES 1K OHM 5% 1/5W 0603","4.660","0.08","0","1","Tape & Reel (TR),Cut Tape (CT),Digi-Reel®","AC","Active","1 kOhms","±5%","0.2W, 1/5W","Thick Film","Automotive AEC-Q200, Moisture Resistant","±100ppm/°C","-55°C ~ 155°C","0603 (1608 Metric)","0603","0.063"" L x 0.031"" W (1.60mm x 0.80mm)","0.022"" (0.55mm)","2","-","-","https://www.digikey.be/en/products/detail/yageo/AC0603JR-7W1KL/17010728"
"https://www.niccomp.com/wp-content/uploads/catalog/nrc.pdf","//mm.digikey.com/Volume0/opasdata/d220001/medias/images/5378/MFG_nrc.jpg","4988-NRC10J102TRFTR-ND,4988-NRC10J102TRFCT-ND,4988-NRC10J102TRFDKR-ND","NRC10J102TRF","NIC Components Corp","NIC Components Corp","RES SMT08051K","71.945","0.08","0","1","Tape & Reel (TR),Cut Tape (CT),Digi-Reel®","NRC","Active","1 kOhms","±5%","0.125W, 1/8W","Thick Film","Automotive AEC-Q200","±200ppm/°C","-55°C ~ 155°C","0805 (2012 Metric)","0805","0.079"" L x 0.049"" W (2.00mm x 1.25mm)","0.024"" (0.60mm)","2","-","-","https://www.digikey.be/en/products/detail/nic-components-corp/NRC10J102TRF/18895902"
"https://calchip.com/wp-content/uploads/2023/05/rm_series.pdf","//mm.digikey.com/Volume0/opasdata/d220001/medias/images/6167/MFG_RM-.jpg","4713-RM04J102CTTR-ND,4713-RM04J102CT-ND,4713-RM04J102CTDKR-ND","RM04J102CT","Cal-Chip Electronics, Inc.","Cal-Chip Electronics, Inc.","RES0402 5% 1K OHM","51.350","0.08","0","1","Tape & Reel (TR),Cut Tape (CT),Digi-Reel®","RM","Active","1 kOhms","±5%","0.063W, 1/16W","Thick Film","-","±100ppm/°C","-55°C ~ 155°C","0402 (1005 Metric)","0402","0.039"" L x 0.020"" W (1.00mm x 0.50mm)","0.016"" (0.40mm)","2","-","-","https://www.digikey.be/en/products/detail/cal-chip-electronics-inc/RM04J102CT/26766934"
"https://www.niccomp.com/wp-content/uploads/catalog/nrc.pdf","//mm.digikey.com/Volume0/opasdata/d220001/medias/images/5378/MFG_nrc.jpg","4988-NRC06J102TRFTR-ND,4988-NRC06J102TRFCT-ND,4988-NRC06J102TRFDKR-ND","NRC06J102TRF","NIC Components Corp","NIC Components Corp","RES SMT06031K","44.312","0.08","0","1","Tape & Reel (TR),Cut Tape (CT),Digi-Reel®","NRC","Active","1 kOhms","±5%","0.1W, 1/10W","Thick Film","Automotive AEC-Q200","±200ppm/°C","-55°C ~ 155°C","0603 (1608 Metric)","0603","0.063"" L x 0.031"" W (1.60mm x 0.80mm)","0.022"" (0.55mm)","2","-","-","https://www.digikey.be/en/products/detail/nic-components-corp/NRC06J102TRF/18896076"
"https://www.niccomp.com/wp-content/uploads/catalog/nrc.pdf","//mm.digikey.com/Volume0/opasdata/d220001/medias/images/5378/MFG_nrc.jpg","4988-NRC04J102TRFTR-ND,4988-NRC04J102TRFCT-ND,4988-NRC04J102TRFDKR-ND","NRC04J102TRF","NIC Components Corp","NIC Components Corp","RES SMT04021K","40.821","0.08","0","1","Tape & Reel (TR),Cut Tape (CT),Digi-Reel®","NRC","Active","1 kOhms","±5%","0.063W, 1/16W","Thick Film","Automotive AEC-Q200","±200ppm/°C","-55°C ~ 155°C","0402 (1005 Metric)","0402","0.039"" L x 0.020"" W (1.00mm x 0.50mm)","0.016"" (0.40mm)","2","-","-","https://www.digikey.be/en/products/detail/nic-components-corp/NRC04J102TRF/18895947"
"-","-","4713-RM06J102CTTR-ND,4713-RM06J102CT-ND,4713-RM06J102CTDKR-ND","RM06J102CT","Cal-Chip Electronics, Inc.","Cal-Chip Electronics, Inc.","RES0603 5% 1K OHM","17.881","0.08","0","1","Tape & Reel (TR),Cut Tape (CT),Digi-Reel®","RM","Active","1 kOhms","±5%","0.1W, 1/10W","Thick Film","-","±100ppm/°C","-55°C ~ 155°C","0603 (1608 Metric)","0603","0.063"" L x 0.031"" W (1.60mm x 0.80mm)","0.022"" (0.55mm)","2","-","-","https://www.digikey.be/en/products/detail/cal-chip-electronics-inc/RM06J102CT/21802031"
"https://www.vishay.com/docs/20035/dcrcwe3.pdf","//mm.digikey.com/Volume0/opasdata/d220001/medias/images/2491/CRCW%200603%20%281608metric%29.jpg","541-2988-2-ND,541-2988-1-ND,541-2988-6-ND","CRCW06031K00JNEB","Vishay Dale","Vishay Dale","RES SMD 1K OHM 5% 1/8W 0603","13.034","0.08","0","1","Tape & Reel (TR),Cut Tape (CT),Digi-Reel®","D/CRCW e3","Discontinued at DigiKey","1 kOhms","±5%","0.1W, 1/10W","Thick Film","Automotive AEC-Q200","±200ppm/°C","-55°C ~ 155°C","0603 (1608 Metric)","0603","0.061"" L x 0.033"" W (1.55mm x 0.85mm)","0.020"" (0.50mm)","2","-","-","https://www.digikey.be/en/products/detail/vishay-dale/CRCW06031K00JNEB/5071174"
"-","-","4713-RM02J102CTTR-ND,4713-RM02J102CT-ND,4713-RM02J102CTDKR-ND","RM02J102CT","Cal-Chip Electronics, Inc.","Cal-Chip Electronics, Inc.","RES0201 5% 1K OHM","11.690","0.08","0","1","Tape & Reel (TR),Cut Tape (CT),Digi-Reel®","RM","Active","1 kOhms","±5%","0.05W, 1/20W","Thick Film","-","±200ppm/°C","-55°C ~ 125°C","0201 (0603 Metric)","0201","0.024"" L x 0.012"" W (0.60mm x 0.30mm)","0.010"" (0.26mm)","2","-","-","https://www.digikey.be/en/products/detail/cal-chip-electronics-inc/RM02J102CT/26525704"
"https://www.vishay.com/docs/20035/dcrcwe3.pdf","//mm.digikey.com/Volume0/opasdata/d220001/medias/images/4849/541_CRCW-0805-%282125metric%29.jpg","541-CRCW08051K00JNEBTR-ND,541-CRCW08051K00JNEBCT-ND,541-CRCW08051K00JNEBDKR-ND","CRCW08051K00JNEB","Vishay Dale","Vishay Dale","RES SMD 1K OHM 5% 1/4W 0805","8.410","0.08","0","1","Tape & Reel (TR),Cut Tape (CT),Digi-Reel®","D/CRCW e3","Discontinued at DigiKey","1 kOhms","±5%","0.25W, 1/4W","Thick Film","Automotive AEC-Q200","±200ppm/°C","-55°C ~ 155°C","0805 (2012 Metric)","0805","0.079"" L x 0.049"" W (2.00mm x 1.25mm)","0.024"" (0.60mm)","2","-","-","https://www.digikey.be/en/products/detail/vishay-dale/CRCW08051K00JNEB/5074061"
"https://calchip.com/wp-content/uploads/2023/05/rm_series.pdf","//mm.digikey.com/Volume0/opasdata/d220001/medias/images/6167/MFG_RM-.jpg","4713-RM10J102CTTR-ND,4713-RM10J102CT-ND,4713-RM10J102CTDKR-ND","RM10J102CT","Cal-Chip Electronics, Inc.","Cal-Chip Electronics, Inc.","RES0805 5% 1K OHM","4.875","0.08","0","1","Tape & Reel (TR),Cut Tape (CT),Digi-Reel®","RM","Active","1 kOhms","±5%","0.125W, 1/8W","Thick Film","-","±100ppm/°C","-55°C ~ 155°C","0805 (2012 Metric)","0805","0.079"" L x 0.049"" W (2.00mm x 1.25mm)","0.024"" (0.60mm)","2","-","-","https://www.digikey.be/en/products/detail/cal-chip-electronics-inc/RM10J102CT/27569284"
"https://yageogroup.com/content/datasheet/asset/file/PYU-RC_51_ROHS_P","//mm.digikey.com/Volume0/opasdata/d220001/medias/images/4848/13_0805-%282012-metric%29.jpg","YAG1331TR-ND,YAG1331CT-ND,YAG1331DKR-ND","RC0805JR-071KP","YAGEO","YAGEO","RES 1K OHM 5% 1/8W 0805","174","0.08","0","1","Tape & Reel (TR),Cut Tape (CT),Digi-Reel®","RC_P","Active","1 kOhms","±5%","0.125W, 1/8W","Thick Film","-","±100ppm/°C","-55°C ~ 155°C","0805 (2012 Metric)","0805","0.079"" L x 0.049"" W (2.00mm x 1.25mm)","0.024"" (0.60mm)","2","-","7C1 RoHS w/out Exemption (100% Pb-Free)","https://www.digikey.be/en/products/detail/yageo/RC0805JR-071KP/4935346"
"https://yageogroup.com/content/Resource%20Library/Datasheet/PYU-AF_51_ROHS_L.pdf","//mm.digikey.com/Volume0/opasdata/d220001/medias/images/4849/13_0402-%281005-metric%29.jpg","13-AF0402JR-071KLTR-ND,13-AF0402JR-071KLCT-ND,13-AF0402JR-071KLDKR-ND","AF0402JR-071KL","YAGEO","YAGEO","RES SMD 1K OHM 5% 1/16W 0402","144","0.08","0","1","Tape & Reel (TR),Cut Tape (CT),Digi-Reel®","AF","Active","1 kOhms","±5%","0.063W, 1/16W","Thick Film","Anti-Sulfur, Automotive AEC-Q200","±100ppm/°C","-55°C ~ 155°C","0402 (1005 Metric)","0402","0.039"" L x 0.020"" W (1.00mm x 0.50mm)","0.015"" (0.37mm)","2","-","-","https://www.digikey.be/en/products/detail/yageo/AF0402JR-071KL/5900732"
"https://www.vishay.com/docs/20132/rca-sre3.pdf","//mm.digikey.com/Volume0/opasdata/d220001/medias/images/7218/MFG_RCA-SR.jpg","541-RCA02011K00JNEDSRTR-ND,541-RCA02011K00JNEDSRCT-ND,541-RCA02011K00JNEDSRDKR-ND","RCA02011K00JNEDSR","Vishay Dale","Vishay Dale","RCA0201-SR 200 1K0 5% ET7 E3","10.000","0.08","0","1","Tape & Reel (TR),Cut Tape (CT),Digi-Reel®","RCA-SR e3","Active","1 kOhms","±5%","0.05W, 1/20W","Thick Film","Anti-Sulfur, Automotive AEC-Q200","±200ppm/°C","-55°C ~ 155°C","0201 (0603 Metric)","0201","0.024"" L x 0.012"" W (0.60mm x 0.30mm)","0.010"" (0.26mm)","2","-","AEC-Q200","https://www.digikey.be/en/products/detail/vishay-dale/RCA02011K00JNEDSR/27687744"
"https://www.vishay.com/docs/20132/rca-sre3.pdf","//mm.digikey.com/Volume0/opasdata/d220001/medias/images/7218/MFG_RCA-SR.jpg","541-RCA06031K00JNEASRTR-ND,541-RCA06031K00JNEASRCT-ND,541-RCA06031K00JNEASRDKR-ND","RCA06031K00JNEASR","Vishay Dale","Vishay Dale","RCA0603-SR 200 1K0 5% ET1 E3","10.000","0.08","0","1","Tape & Reel (TR),Cut Tape (CT),Digi-Reel®","RCA-SR e3","Active","1 kOhms","±5%","0.1W, 1/10W","Thick Film","Anti-Sulfur, Automotive AEC-Q200","±200ppm/°C","-55°C ~ 155°C","0603 (1608 Metric)","0603","0.061"" L x 0.033"" W (1.55mm x 0.85mm)","0.020"" (0.50mm)","2","-","AEC-Q200","https://www.digikey.be/en/products/detail/vishay-dale/RCA06031K00JNEASR/27687807"
"https://www.vishay.com/docs/20131/crcw0201ate3.pdf","//mm.digikey.com/Volume0/opasdata/d220001/medias/images/7172/MFG_Vishay-CRCW.jpg","541-CRCW02011K00JNEDATTR-ND,541-CRCW02011K00JNEDATCT-ND,541-CRCW02011K00JNEDATDKR-ND","CRCW02011K00JNEDAT","Vishay Dale","Vishay Dale","CRCW0201-AT 200 1K0 5% ET7 E3","7.566","0.08","0","1","Tape & Reel (TR),Cut Tape (CT),Digi-Reel®","CRCW0201-AT e3","Active","1 kOhms","±5%","0.05W, 1/20W","Thick Film","Automotive AEC-Q200","±200ppm/°C","-55°C ~ 155°C","0201 (0603 Metric)","0201","0.024"" L x 0.012"" W (0.60mm x 0.30mm)","0.010"" (0.26mm)","2","-","AEC-Q200","https://www.digikey.be/en/products/detail/vishay-dale/CRCW02011K00JNEDAT/27381560"
"https://calchip.com/wp-content/uploads/2024/10/CAS-SERIES-1.pdf","//mm.digikey.com/Volume0/opasdata/d220001/medias/images/6167/MFG_RM-.jpg","4713-CAS04J102CTTR-ND,4713-CAS04J102CT-ND,4713-CAS04J102CTDKR-ND","CAS04J102CT","Cal-Chip Electronics, Inc.","Cal-Chip Electronics, Inc.","ANTISULF RES0402 5% 1K OHM","10.000","0.08","0","1","Tape & Reel (TR),Cut Tape (CT),Digi-Reel®","CAS","Active","1 kOhms","±5%","0.063W, 1/16W","Thick Film","Anti-Sulfur, Automotive AEC-Q200","±100ppm/°C","-55°C ~ 155°C","0402 (1005 Metric)","0402","0.039"" L x 0.020"" W (1.00mm x 0.50mm)","0.016"" (0.40mm)","2","-","-","https://www.digikey.be/en/products/detail/cal-chip-electronics-inc/CAS04J102CT/25845857"
"https://calchip.com/wp-content/uploads/2024/10/CAS-SERIES-1.pdf","//mm.digikey.com/Volume0/opasdata/d220001/medias/images/6167/MFG_RM-.jpg","4713-CAS06J102CTTR-ND,4713-CAS06J102CT-ND,4713-CAS06J102CTDKR-ND","CAS06J102CT","Cal-Chip Electronics, Inc.","Cal-Chip Electronics, Inc.","ANTISULF RES0603 5% 1K OHM","5.000","0.08","0","1","Tape & Reel (TR),Cut Tape (CT),Digi-Reel®","CAS","Active","1 kOhms","±5%","0.1W, 1/10W","Thick Film","Anti-Sulfur, Automotive AEC-Q200","±100ppm/°C","-55°C ~ 155°C","0603 (1608 Metric)","0603","0.063"" L x 0.031"" W (1.60mm x 0.80mm)","0.022"" (0.55mm)","2","-","-","https://www.digikey.be/en/products/detail/cal-chip-electronics-inc/CAS06J102CT/25963803"
"https://www.seielect.com/catalog/SEI-RMCS.pdf","//mm.digikey.com/Volume0/opasdata/d220001/medias/images/487/Stackpole-RMCS-0805.jpg","738-RMCS0805JT1K00TR-ND,738-RMCS0805JT1K00CT-ND,738-RMCS0805JT1K00DKR-ND","RMCS0805JT1K00","Stackpole Electronics Inc","Stackpole Electronics Inc","RES 1K OHM 5% 1/8W 0805","0","0.08","0","1","Tape & Reel (TR),Cut Tape (CT),Digi-Reel®","RMCS","Active","1 kOhms","±5%","0.125W, 1/8W","Thick Film","Anti-Sulfur","±100ppm/°C","-55°C ~ 155°C","0805 (2012 Metric)","0805","0.079"" L x 0.049"" W (2.00mm x 1.25mm)","0.024"" (0.60mm)","2","-","-","https://www.digikey.be/en/products/detail/stackpole-electronics-inc/RMCS0805JT1K00/6267399"
"https://yageogroup.com/content/datasheet/asset/file/YAGEO-MCF_DATASHEET","//mm.digikey.com/Volume0/opasdata/d220001/medias/images/389/MCP100JR-1K.jpg","13-MCF25SJR-1KTR-ND,13-MCF25SJR-1KCT-ND,13-MCF25SJR-1KDKR-ND","MCF25SJR-1K","YAGEO","YAGEO","RES SMD 1K OHM 5% 1/4W MELF","0","0.08","0","1","Tape & Reel (TR),Cut Tape (CT),Digi-Reel®","MCF","Active","1 kOhms","±5%","0.25W, 1/4W","Carbon Film","-","0/ -350ppm/°C","-55°C ~ 155°C","MELF, 0204","MELF","0.055"" Dia x 0.138"" L (1.40mm x 3.50mm)","-","2","-","-","https://www.digikey.be/en/products/detail/yageo/MCF25SJR-1K/2169123"
"//mm.digikey.com/Volume0/opasdata/d220001/medias/docus/1069/MCR006YRT_SeriesSpec.pdf","//mm.digikey.com/Volume0/opasdata/d220001/medias/images/1061/Rohm-MCR006YRTJ000.jpg","RHM1.0KCCTR-ND,RHM1.0KCCCT-ND,RHM1.0KCCDKR-ND","MCR006YRTJ102","Rohm Semiconductor","Rohm Semiconductor","RES SMD 1K OHM 5% 1/20W 0201","0","0.08","0","1","Tape & Reel (TR),Cut Tape (CT),Digi-Reel®","MCR","Discontinued at DigiKey","1 kOhms","±5%","0.05W, 1/20W","Thick Film","Automotive AEC-Q200","±250ppm/°C","-55°C ~ 125°C","0201 (0603 Metric)","0201","0.024"" L x 0.012"" W (0.60mm x 0.30mm)","0.010"" (0.26mm)","2","-","-","https://www.digikey.be/en/products/detail/rohm-semiconductor/MCR006YRTJ102/2796223"
"//mm.digikey.com/Volume0/opasdata/d220001/medias/docus/1136/MCR01MRT_SeriesSpec.pdf","//mm.digikey.com/Volume0/opasdata/d220001/medias/images/667/MCR006.jpg","RHM1.0KCETR-ND,RHM1.0KCECT-ND,RHM1.0KCEDKR-ND","MCR01MRTJ102","Rohm Semiconductor","Rohm Semiconductor","RES SMD 1K OHM 5% 1/16W 0402","0","0.08","0","1","Tape & Reel (TR),Cut Tape (CT),Digi-Reel®","MCR","Discontinued at DigiKey","1 kOhms","±5%","0.063W, 1/16W","Thick Film","Automotive AEC-Q200","±200ppm/°C","-55°C ~ 155°C","0402 (1005 Metric)","0402","0.039"" L x 0.020"" W (1.00mm x 0.50mm)","0.016"" (0.40mm)","2","-","-","https://www.digikey.be/en/products/detail/rohm-semiconductor/MCR01MRTJ102/2796260"
"https://fscdn.rohm.com/en/products/databook/datasheet/passive/resistor/chip_resistor/mcr-e.pdf","//mm.digikey.com/Volume0/opasdata/d220001/medias/images/667/MCR006.jpg","RHM1.0KCGTR-ND,RHM1.0KCGCT-ND,RHM1.0KCGDKR-ND","MCR03ERTJ102","Rohm Semiconductor","Rohm Semiconductor","RES SMD 1K OHM 5% 1/10W 0603","0","0.08","0","1","Tape & Reel (TR),Cut Tape (CT),Digi-Reel®","MCR","Discontinued at DigiKey","1 kOhms","±5%","0.1W, 1/10W","Thick Film","Automotive AEC-Q200","±200ppm/°C","-55°C ~ 155°C","0603 (1608 Metric)","0603","0.063"" L x 0.031"" W (1.60mm x 0.80mm)","0.022"" (0.55mm)","2","-","-","https://www.digikey.be/en/products/detail/rohm-semiconductor/MCR03ERTJ102/2796311"
"https://fscdn.rohm.com/en/products/databook/datasheet/passive/resistor/chip_resistor/mcr-e.pdf","//mm.digikey.com/Volume0/opasdata/d220001/medias/images/667/MCR006.jpg","RHM1.0KCPTR-ND,RHM1.0KCPCT-ND,RHM1.0KCPDKR-ND","MCR10ERTJ102","Rohm Semiconductor","Rohm Semiconductor","RES SMD 1K OHM 5% 1/8W 0805","0","0.08","0","1","Tape & Reel (TR),Cut Tape (CT),Digi-Reel®","MCR","Discontinued at DigiKey","1 kOhms","±5%","0.125W, 1/8W","Thick Film","Automotive AEC-Q200","±200ppm/°C","-55°C ~ 155°C","0805 (2012 Metric)","0805","0.079"" L x 0.049"" W (2.00mm x 1.25mm)","0.026"" (0.65mm)","2","-","-","https://www.digikey.be/en/products/detail/rohm-semiconductor/MCR10ERTJ102/2796361"
"//mm.digikey.com/Volume0/opasdata/d220001/medias/docus/705/MCR18_SeriesComparativeSpec.pdf","//mm.digikey.com/Volume0/opasdata/d220001/medias/images/667/MCR006.jpg","RHM1.0KCKTR-ND,RHM1.0KCKCT-ND,RHM1.0KCKDKR-ND","MCR18ERTJ102","Rohm Semiconductor","Rohm Semiconductor","RES SMD 1K OHM 5% 1/4W 1206","0","0.08","0","1","Tape & Reel (TR),Cut Tape (CT),Digi-Reel®","MCR","Discontinued at DigiKey","1 kOhms","±5%","0.25W, 1/4W","Thick Film","Automotive AEC-Q200","±200ppm/°C","-55°C ~ 155°C","1206 (3216 Metric)","1206","0.120"" L x 0.061"" W (3.05mm x 1.55mm)","0.026"" (0.65mm)","2","-","-","https://www.digikey.be/en/products/detail/rohm-semiconductor/MCR18ERTJ102/2796384"
"https://www.te.com/commerce/DocumentDelivery/DDEController?Action=srchrtrv&DocNm=1773204-1&DocType=DS&DocLang=English","-","1111-CRGH2010J1K0TR-ND","CRGH2010J1K0","TE Connectivity AMP Connectors","TE Connectivity","CRGH2010 5% 1K0 1W","0","0.07799","0","8000","Tape & Reel (TR)","CRGH, Neohm","Active","1 kOhms","±5%","1W","Thick Film","Automotive AEC-Q200","±100ppm/°C","-55°C ~ 155°C","2010 (5025 Metric)","2010","0.197"" L x 0.098"" W (5.00mm x 2.50mm)","-","2","-","-","https://www.digikey.be/en/products/detail/te-connectivity/CRGH2010J1K0/29235273"
"https://www.seielect.com/catalog/SEI-FRC.pdf","//mm.digikey.com/Volume0/opasdata/d220001/medias/images/3600/Kamaya-FRC20x.JPG","738-FRC1206JT1K00TR-ND","FRC1206JT1K00","Stackpole Electronics Inc","Stackpole Electronics Inc","RES 1K OHM 5% 1/4W 1206","0","0.07533","0","5000","Tape & Reel (TR)","FRC","Active","1 kOhms","±5%","0.25W, 1/4W","Thick Film","-","±200ppm/°C","-55°C ~ 155°C","1206 (3216 Metric)","1206","0.120"" L x 0.063"" W (3.05mm x 1.60mm)","0.028"" (0.70mm)","2","-","-","https://www.digikey.be/en/products/detail/stackpole-electronics-inc/FRC1206JT1K00/16190056"
"https://www.seielect.com/catalog/SEI-MLF_MLFM.pdf","//mm.digikey.com/Volume0/opasdata/d220001/medias/images/8442/MFG_738_MLFM.jpg","738-MLFM15JTD1K00TR-ND","MLFM15JTD1K00","Stackpole Electronics Inc","Stackpole Electronics Inc","RES, MELF, 0102, 1KOHM, 5%, 100","0","0.07529","0","3000","Tape & Reel (TR)","MLFM","Active","1 kOhms","±5%","0.2W, 1/5W","Thin Film","Anti-Sulfur, Pulse Withstanding","±100ppm/°C","-55°C ~ 155°C","MELF, 0102","0102","0.043"" Dia x 0.087"" L (1.10mm x 2.20mm)","-","2","-","-","https://www.digikey.be/en/products/detail/stackpole-electronics-inc/MLFM15JTD1K00/27617731"
"https://industrial.panasonic.com/ww/products/pt/anti-sulfurated-chip-resistors/models/ERJS14J102U","//mm.digikey.com/Volume0/opasdata/d220001/medias/images/2435/ERJ-1210%20Pkg.jpg","ERJ-S14J102U-ND","ERJ-S14J102U","Panasonic Industry","Panasonic Industry","RES 1K OHM 5% 1/2W 1210","0","0.07443","0","5000","Tape & Reel (TR)","ERJ-S14","Active","1 kOhms","±5%","0.5W, 1/2W","Thick Film","Anti-Sulfur, Automotive AEC-Q200","±200ppm/°C","-55°C ~ 155°C","1210 (3225 Metric)","1210","0.126"" L x 0.098"" W (3.20mm x 2.50mm)","0.028"" (0.70mm)","2","-","-","https://www.digikey.be/en/products/detail/panasonic-industry/ERJ-S14J102U/1162519"
"https://industrial.panasonic.com/cdbs/www-data/pdf/RDP0000/AOA0000C334.pdf","//mm.digikey.com/Volume0/opasdata/d220001/medias/images/2494/ERJ-2512%20Pkg.jpg","10-ERJ-U1TJ102UTR-ND","ERJ-U1TJ102U","Panasonic Industry","Panasonic Industry","RES 1K OHM 5% 1W 2512","0","0.07287","0","4000","Tape & Reel (TR)","ERJ-U1T","Active","1 kOhms","±5%","1W","Thick Film","Anti-Sulfur, Automotive AEC-Q200","±200ppm/°C","-55°C ~ 155°C","2512 (6332 Metric)","2512","0.252"" L x 0.126"" W (6.40mm x 3.20mm)","0.028"" (0.70mm)","2","-","-","https://www.digikey.be/en/products/detail/panasonic-industry/ERJ-U1TJ102U/11627190"
"https://www.seielect.com/catalog/SEI-MLFA.pdf","//mm.digikey.com/Volume0/opasdata/d220001/medias/images/8167/MFG_738-MFG_MLFA-Series.jpg","738-MLFA1JTD1K00TR-ND","MLFA1JTD1K00","Stackpole Electronics Inc","Stackpole Electronics Inc","RES 1K OHM 5% 1W MELF 0207","0","0.07217","0","2000","Tape & Reel (TR)","MLFA","Active","1 kOhms","±5%","1W","Thin Film","Automotive AEC-Q200, Pulse Withstanding","±100ppm/°C","-55°C ~ 155°C","MELF, 0207","0207","0.087"" Dia x 0.232"" L (2.20mm x 5.90mm)","-","2","-","-","https://www.digikey.be/en/products/detail/stackpole-electronics-inc/MLFA1JTD1K00/16194045"
"https://www.koaspeer.com/pdfs/WK73R.pdf","//mm.digikey.com/Volume0/opasdata/d220001/medias/images/694/KOA-Speer-RK73R-2010-%285025-Metric%29.jpg","2019-WK73R2HTTE102JTR-ND","WK73R2HTTE102J","KOA Speer Electronics, Inc.","KOA Speer Electronics, Inc.","RES 1K OHM 5% 1W 2010","0","0.07022","0","4000","Tape & Reel (TR)","WK73R","Active","1 kOhms","±5%","1W","Thick Film","Automotive AEC-Q200, Moisture Resistant","±100ppm/°C","-55°C ~ 155°C","Wide 2010 (5025 Metric), 1020","-","0.098"" L x 0.197"" W (2.50mm x 5.00mm)","0.028"" (0.70mm)","2","-","-","https://www.digikey.be/en/products/detail/koa-speer-electronics-inc/WK73R2HTTE102J/10278831"
"https://www.seielect.com/catalog/SEI-RPC.pdf","//mm.digikey.com/Volume0/opasdata/d220001/medias/images/4841/RPCSERIES.jpg","738-RPC2010JT1K00-HPTR-ND","RPC2010JT1K00-HP","Stackpole Electronics Inc","Stackpole Electronics Inc","RES 1K OHM 5% 1W 2010","0","0.07022","0","4000","Tape & Reel (TR)","RPC","Active","1 kOhms","±5%","1W","Thick Film","Automotive AEC-Q200, Pulse Withstanding","±100ppm/°C","-55°C ~ 155°C","2010 (5025 Metric)","2010","0.197"" L x 0.098"" W (5.00mm x 2.50mm)","0.026"" (0.65mm)","2","-","-","https://www.digikey.be/en/products/detail/stackpole-electronics-inc/RPC2010JT1K00-HP/16201714"
"https://yageogroup.com/content/Resource%20Library/Datasheet/PYU-AF_51_ROHS_L.pdf","//mm.digikey.com/Volume0/opasdata/d220001/medias/images/4850/13_2010-%285025-Metric%29.jpg","AF2010JK-071KL-ND","AF2010JK-071KL","YAGEO","YAGEO","RES SMD 1K OHM 5% 3/4W 2010","0","0.06973","0","4000","Tape & Reel (TR)","AF","Active","1 kOhms","±5%","0.75W, 3/4W","Thick Film","Anti-Sulfur, Automotive AEC-Q200","±100ppm/°C","-55°C ~ 155°C","2010 (5025 Metric)","2010","0.197"" L x 0.098"" W (5.00mm x 2.50mm)","0.026"" (0.65mm)","2","-","-","https://www.digikey.be/en/products/detail/yageo/AF2010JK-071KL/5904415"
"https://yageogroup.com/content/datasheet/asset/file/PYU-AC_51_ROHS_L","//mm.digikey.com/Volume0/opasdata/d220001/medias/images/5786/THICKFILMRESSMD.jpg","13-AC1020JK-071KL-ND","AC1020JK-071KL","YAGEO","YAGEO","RES 1K OHM 5% 1W 1020","0","0.06777","0","4000","Tape & Reel (TR)","AC","Active","1 kOhms","±5%","1W","Thick Film","Automotive AEC-Q200, Moisture Resistant","±100ppm/°C","-55°C ~ 155°C","Wide 2010 (5025 Metric), 1020","1020","0.098"" L x 0.197"" W (2.50mm x 5.00mm)","0.026"" (0.65mm)","2","-","-","https://www.digikey.be/en/products/detail/yageo/AC1020JK-071KL/17009574"
"https://yageogroup.com/content/datasheet/asset/file/PYU-RC_GROUP_51_ROHS_L","//mm.digikey.com/Volume0/opasdata/d220001/medias/images/4843/YAGEOCHIPRES.jpg","13-RC0075JS-7N1KL-ND","RC0075JS-7N1KL","YAGEO","YAGEO","RES 1K OHM 5% 0.02W 0075","0","0.06636","0","20000","Tape & Reel (TR)","RC_L","Active","1 kOhms","±5%","0.02W","Thick Film","Moisture Resistant","±200ppm/°C","-55°C ~ 125°C","009005 (0301 Metric)","0075","0.012"" L x 0.006"" W (0.30mm x 0.15mm)","0.006"" (0.14mm)","2","-","-","https://www.digikey.be/en/products/detail/yageo/RC0075JS-7N1KL/17009783"
"https://yageogroup.com/content/datasheet/asset/file/PYU-RV_51_ROHS_L","//mm.digikey.com/Volume0/opasdata/d220001/medias/images/1826/2512-%286432-Metric%29.jpg","13-RV2512JK-071KL-ND","RV2512JK-071KL","YAGEO","YAGEO","RES 1K OHM 5% 1W 2512","0","0.06522","0","4000","Tape & Reel (TR)","RV","Active","1 kOhms","±5%","1W","Thick Film","Automotive AEC-Q200, High Voltage, Moisture Resistant","±200ppm/°C","-55°C ~ 155°C","2512 (6332 Metric)","2512","0.250"" L x 0.122"" W (6.35mm x 3.10mm)","0.026"" (0.65mm)","2","-","-","https://www.digikey.be/en/products/detail/yageo/RV2512JK-071KL/17025840"
"https://www.koaspeer.com/pdfs/WK73R.pdf","//mm.digikey.com/Volume0/opasdata/d220001/medias/images/196/KOA-Speer-WK73R-Wide-1812-%284532-Metric%29.jpg","2019-WK73R2JTTE102JTR-ND","WK73R2JTTE102J","KOA Speer Electronics, Inc.","KOA Speer Electronics, Inc.","RES 1K OHM 5% 1W 1812","0","0.06389","0","4000","Tape & Reel (TR)","WK73R","Not For New Designs","1 kOhms","±5%","1W","Thick Film","Automotive AEC-Q200, Moisture Resistant","±100ppm/°C","-55°C ~ 155°C","Wide 1812 (4532 Metric), 1218","-","0.122"" L x 0.181"" W (3.10mm x 4.60mm)","0.028"" (0.70mm)","2","-","-","https://www.digikey.be/en/products/detail/koa-speer-electronics-inc/WK73R2JTTE102J/10275103"
"https://www.seielect.Com/catalog/SEI-RMCW.pdf","-","738-RMCW1020JT1K00-HPTR-ND","RMCW1020JT1K00-HP","Stackpole Electronics Inc","Stackpole Electronics Inc","RES, 1020, 1 KOHM, 5%, 2W","0","0.06389","0","4000","Tape & Reel (TR)","RMCW","Active","1 kOhms","±5%","2W","Thick Film","-","±100ppm/°C","-55°C ~ 155°C","Wide 2010 (5025 Metric), 1020","1020","0.098"" L x 0.197"" W (2.50mm x 5.00mm)","0.022"" (0.55mm)","2","-","AEC-Q200","https://www.digikey.be/en/products/detail/stackpole-electronics-inc/RMCW1020JT1K00-HP/27722146"
"https://www.vishay.com/docs/20046/rcle3.pdf","//mm.digikey.com/Volume0/opasdata/d220001/medias/images/404/RCL1218.jpg","RCL1.0KBTR-ND,RCL1.0KBCT-ND,RCL1.0KBDKR-ND","RCL12181K00JNEK","Vishay Dale","Vishay Dale","RES SMD 1K OHM 1W 1812 WIDE","0","0.06374","0","4000","Tape & Reel (TR),Cut Tape (CT),Digi-Reel®","RCL","Discontinued at DigiKey","1 kOhms","±5%","1W","Thick Film","Automotive AEC-Q200","±200ppm/°C","-55°C ~ 155°C","Wide 1812 (4532 Metric), 1218","1218","0.126"" L x 0.181"" W (3.20mm x 4.60mm)","0.024"" (0.60mm)","2","-","-","https://www.digikey.be/en/products/detail/vishay-dale/RCL12181K00JNEK/2556238"
"https://www.te.com/commerce/DocumentDelivery/DDEController?Action=srchrtrv&DocNm=9-1773463-8&DocType=Data%20Sheet&DocLang=English&DocFormat=pdf&PartCntxt=2176244-1","//mm.digikey.com/Volume0/opasdata/d220001/medias/images/696/TE-CRGS-Neohm-1206-%283216-Metric%29.jpg","CRGS1206J1K0-ND","CRGS1206J1K0","TE Connectivity Passive Product","TE Connectivity Passive Product","RES SMD 1K OHM 5% 0.6W 1206","0","0.06369","0","20000","Tape & Reel (TR)","CRGS, Neohm","Active","1 kOhms","±5%","0.6W","Thick Film","Pulse Withstanding","±100ppm/°C","-55°C ~ 155°C","1206 (3216 Metric)","1206","0.122"" L x 0.061"" W (3.10mm x 1.55mm)","0.026"" (0.65mm)","2","-","-","https://www.digikey.be/en/products/detail/te-connectivity-passive-product/CRGS1206J1K0/6043077"
"https://www.yageogroup.com/content/Resource%20Library/Datasheet/YAGEO-MCP_DATASHEET.pdf","//mm.digikey.com/Volume0/opasdata/d220001/medias/images/389/MCP100JR-1K.jpg","13-MCP100JR-1KTR-ND","MCP100JR-1K","YAGEO","YAGEO","RES SMD 1K OHM 5% 1W MELF","0","0.06309","0","6000","Tape & Reel (TR)","MCP","Active","1 kOhms","±5%","1W","Carbon Film","-","0/ -350ppm/°C","-55°C ~ 155°C","MELF, 0207","MELF","0.087"" Dia x 0.232"" L (2.20mm x 5.90mm)","-","2","-","-","https://www.digikey.be/en/products/detail/yageo/MCP100JR-1K/2169172"
"https://yageogroup.com/content/datasheet/asset/file/PYU-RV_51_ROHS_L","//mm.digikey.com/Volume0/opasdata/d220001/medias/images/4850/13_2010-%285025-Metric%29.jpg","13-RV2010JK-071KL-ND","RV2010JK-071KL","YAGEO","YAGEO","RES 1K OHM 5% 3/4W 2010","0","0.0618","0","4000","Tape & Reel (TR)","RV","Active","1 kOhms","±5%","0.75W, 3/4W","Thick Film","Automotive AEC-Q200, High Voltage, Moisture Resistant","±200ppm/°C","-55°C ~ 155°C","2010 (5025 Metric)","2010","0.197"" L x 0.098"" W (5.00mm x 2.50mm)","0.026"" (0.65mm)","2","-","-","https://www.digikey.be/en/products/detail/yageo/RV2010JK-071KL/17027915"
"https://www.seielect.com/catalog/SEI-RPCA.pdf","//mm.digikey.com/Volume0/opasdata/d220001/medias/images/5594/MFG_RPCA.jpg","738-RPCA1210JT1K00TR-ND","RPCA1210JT1K00","Stackpole Electronics Inc","Stackpole Electronics Inc","RES, PULSE, 1210, 1 KOHM, 5%, 0.","0","0.06158","0","5000","Tape & Reel (TR)","RPCA","Active","1 kOhms","±5%","0.5W, 1/2W","Thick Film","Anti-Sulfur, Automotive AEC-Q200, Pulse Withstanding","±100ppm/°C","-55°C ~ 155°C","1210 (3225 Metric)","1210","0.122"" L x 0.102"" W (3.10mm x 2.60mm)","0.026"" (0.65mm)","2","-","-","https://www.digikey.be/en/products/detail/stackpole-electronics-inc/RPCA1210JT1K00/21511730"
"https://industrial.panasonic.com/cdbs/www-data/pdf/RDP0000/AOA0000C334.pdf","//mm.digikey.com/Volume0/opasdata/d220001/medias/images/2502/ERJ-0805%20Pkg.jpg","10-ERJ-U1DJ102UTR-ND","ERJ-U1DJ102U","Panasonic Industry","Panasonic Industry","RES 1K OHM 5% 3/4W 2010","0","0.06007","0","5000","Tape & Reel (TR)","ERJ-U1D","Active","1 kOhms","±5%","0.75W, 3/4W","Thick Film","Anti-Sulfur, Automotive AEC-Q200","±200ppm/°C","-55°C ~ 155°C","2010 (5025 Metric)","2010","0.197"" L x 0.098"" W (5.00mm x 2.50mm)","0.028"" (0.70mm)","2","-","-","https://www.digikey.be/en/products/detail/panasonic-industry/ERJ-U1DJ102U/11641731"
"https://www.seielect.com/catalog/SEI-RMCS.pdf","//mm.digikey.com/Volume0/opasdata/d220001/medias/images/41/3512-Package%2C-H76mm.jpg","738-RMCS2512JT1K00TR-ND","RMCS2512JT1K00","Stackpole Electronics Inc","Stackpole Electronics Inc","RES 1K OHM 5% 1W 2512","0","0.06007","0","4000","Tape & Reel (TR)","RMCS","Active","1 kOhms","±5%","1W","Thick Film","Anti-Sulfur","±100ppm/°C","-55°C ~ 155°C","2512 (6332 Metric)","2512","0.250"" L x 0.122"" W (6.35mm x 3.10mm)","0.028"" (0.70mm)","2","-","-","https://www.digikey.be/en/products/detail/stackpole-electronics-inc/RMCS2512JT1K00/16209179"
"https://www.koaspeer.com/pdfs/SG73S2E1-RT.pdf","//mm.digikey.com/Volume0/opasdata/d220001/medias/images/4199/MFG_SG73S-RTseries.jpg","2019-SG73S2E1RTTD102JTR-ND","SG73S2E1RTTD102J","KOA Speer Electronics, Inc.","KOA Speer Electronics, Inc.","RES 1K OHM 5% 1W 1210","0","0.05917","0","5000","Tape & Reel (TR)","SG73S-RT","Active","1 kOhms","±5%","1W","Thick Film","Anti-Sulfur, Automotive AEC-Q200, Moisture Resistant, Pulse Withstanding","±200ppm/°C","-55°C ~ 155°C","1210 (3225 Metric)","1210","0.126"" L x 0.102"" W (3.20mm x 2.60mm)","0.028"" (0.70mm)","2","-","-","https://www.digikey.be/en/products/detail/koa-speer-electronics-inc/SG73S2E1RTTD102J/16834902"
"//mm.digikey.com/Volume0/opasdata/d220001/medias/docus/6402/SG73P-RT%209424.pdf","//mm.digikey.com/Volume0/opasdata/d220001/medias/images/4194/MFG_SG73P-RT.jpg","2019-SG73P2E1RTTD102JTR-ND","SG73P2E1RTTD102J","KOA Speer Electronics, Inc.","KOA Speer Electronics, Inc.","RES 1K OHM 5% 1W 1210","0","0.05917","0","5000","Tape & Reel (TR)","SG73P-RT","Active","1 kOhms","±5%","1W","Thick Film","Anti-Sulfur, Automotive AEC-Q200, Pulse Withstanding","±200ppm/°C","-55°C ~ 155°C","1210 (3225 Metric)","1210","0.126"" L x 0.102"" W (3.20mm x 2.60mm)","0.028"" (0.70mm)","2","-","-","https://www.digikey.be/en/products/detail/koa-speer-electronics-inc/SG73P2E1RTTD102J/16917521"
"https://industrial.panasonic.com/ww/products/pt/current-sensing-chip-resistors/models/ERJB2AJ102V","//mm.digikey.com/Volume0/opasdata/d220001/medias/images/506/ERJB2.jpg","ERJ-B2AJ102V-ND","ERJ-B2AJ102V","Panasonic Industry","Panasonic Industry","RES SMD 1K OHM 3/4W 1206 WIDE","0","0.05906","0","5000","Tape & Reel (TR)","ERJ-B2","Active","1 kOhms","±5%","0.75W, 3/4W","Thick Film","Automotive AEC-Q200, Current Sense","±200ppm/°C","-55°C ~ 155°C","Wide 1206 (3216 Metric), 0612","0612","0.063"" L x 0.126"" W (1.60mm x 3.20mm)","0.031"" (0.80mm)","2","-","-","https://www.digikey.be/en/products/detail/panasonic-industry/ERJ-B2AJ102V/2795303"
"https://www.te.com/commerce/DocumentDelivery/DDEController?Action=srchrtrv&DocNm=9-1773463-8&DocType=Data%20Sheet&DocLang=English&DocFormat=pdf&PartCntxt=2176244-1","-","1111-CRGS0603J1K0TR-ND","CRGS0603J1K0","TE Connectivity AMP Connectors","TE Connectivity","CRGS0603 5% 1K0","0","0.05906","0","5000","Tape & Reel (TR)","CRGS, Neohm","Active","1 kOhms","±5%","0.25W, 1/4W","Thick Film","Pulse Withstanding","±100ppm/°C","-55°C ~ 155°C","0603 (1608 Metric)","0603","0.063"" L x 0.031"" W (1.60mm x 0.80mm)","0.022"" (0.55mm)","2","-","-","https://www.digikey.be/en/products/detail/te-connectivity/CRGS0603J1K0/29223849"
"https://www.te.com/commerce/DocumentDelivery/DDEController?Action=srchrtrv&DocNm=1773204-1&DocType=DS&DocLang=English","//mm.digikey.com/Volume0/opasdata/d220001/medias/images/763/1210-Case-Chip-Resistor.jpg","CRGH2010J1K0-ND","CRGH2010J1K0","TE Connectivity Passive Product","TE Connectivity Passive Product","RES 1K OHM 5% 1W 2010","0","0.05845","0","12000","Tape & Reel (TR)","CRGH, Neohm","Active","1 kOhms","±5%","1W","Thick Film","Automotive AEC-Q200","±100ppm/°C","-55°C ~ 155°C","2010 (5025 Metric)","2010","0.197"" L x 0.098"" W (5.00mm x 2.50mm)","-","2","-","-","https://www.digikey.be/en/products/detail/te-connectivity-passive-product/CRGH2010J1K0/2385945"
"https://yageogroup.com/content/Resource%20Library/Datasheet/PYU-AA_51_ROHS_L.pdf","//mm.digikey.com/Volume0/opasdata/d220001/medias/images/4850/13_2010-%285025-Metric%29.jpg","AA2010JK-071KL-ND","AA2010JK-071KL","YAGEO","YAGEO","RES SMD 1K OHM 5% 3/4W 2010","0","0.05715","0","4000","Tape & Reel (TR)","AA","Active","1 kOhms","±5%","0.75W, 3/4W","Thick Film","Anti-Sulfur, Automotive AEC-Q200, Moisture Resistant","±150ppm/°C","-55°C ~ 155°C","2010 (5025 Metric)","2010","0.197"" L x 0.098"" W (5.00mm x 2.50mm)","0.026"" (0.65mm)","2","-","-","https://www.digikey.be/en/products/detail/yageo/AA2010JK-071KL/5893743"
"https://www.seielect.com/catalog/SEI-RPC.pdf","//mm.digikey.com/Volume0/opasdata/d220001/medias/images/4841/RPCSERIES.jpg","738-RPC1210JT1K00-HPTR-ND","RPC1210JT1K00-HP","Stackpole Electronics Inc","Stackpole Electronics Inc","RES 1K OHM 5% 3/4W 1210","0","0.05653","0","5000","Tape & Reel (TR)","RPC","Active","1 kOhms","±5%","0.75W, 3/4W","Thick Film","Automotive AEC-Q200, Pulse Withstanding","±100ppm/°C","-55°C ~ 155°C","1210 (3225 Metric)","1210","0.122"" L x 0.102"" W (3.10mm x 2.60mm)","0.026"" (0.65mm)","2","-","-","https://www.digikey.be/en/products/detail/stackpole-electronics-inc/RPC1210JT1K00-HP/16206123"
"https://www.seielect.com/catalog/SEI-RMEF_RMEP.pdf","//mm.digikey.com/Volume0/opasdata/d220001/medias/images/3600/Kamaya-FRC20x.JPG","738-RMEF1210JT1K00TR-ND","RMEF1210JT1K00","Stackpole Electronics Inc","Stackpole Electronics Inc","RES 1K OHM 5% 1/2W 1210","0","0.05653","0","5000","Tape & Reel (TR)","RMEF","Active","1 kOhms","±5%","0.5W, 1/2W","Thick Film","Automotive AEC-Q200","±100ppm/°C","-55°C ~ 155°C","1210 (3225 Metric)","1210","0.120"" L x 0.098"" W (3.05mm x 2.50mm)","0.028"" (0.70mm)","2","-","-","https://www.digikey.be/en/products/detail/stackpole-electronics-inc/RMEF1210JT1K00/17626685"
"https://www.seielect.com/catalog/SEI-RPCA.pdf","//mm.digikey.com/Volume0/opasdata/d220001/medias/images/5594/MFG_RPCA.jpg","738-RPCA1206JT1K00TR-ND","RPCA1206JT1K00","Stackpole Electronics Inc","Stackpole Electronics Inc","RES, PULSE, 1206, 1 KOHM, 5%, 0.","0","0.05653","0","5000","Tape & Reel (TR)","RPCA","Active","1 kOhms","±5%","0.333W, 1/3W","Thick Film","Anti-Sulfur, Automotive AEC-Q200, Pulse Withstanding","±100ppm/°C","-55°C ~ 155°C","1206 (3216 Metric)","1206","0.122"" L x 0.061"" W (3.10mm x 1.55mm)","0.026"" (0.65mm)","2","-","-","https://www.digikey.be/en/products/detail/stackpole-electronics-inc/RPCA1206JT1K00/21511504"
"https://yageogroup.com/content/datasheet/asset/file/PYU-AC_51_ROHS_L","//mm.digikey.com/Volume0/opasdata/d220001/medias/images/5786/THICKFILMRESSMD.jpg","13-AC2512JK-131KL-ND","AC2512JK-131KL","YAGEO","YAGEO","RES 1K OHM 5% 1W 2512","0","0.05536","0","16000","Tape & Reel (TR)","AC","Active","1 kOhms","±5%","1W","Thick Film","Automotive AEC-Q200, Moisture Resistant","±100ppm/°C","-55°C ~ 155°C","2512 (6332 Metric)","2512","0.250"" L x 0.122"" W (6.35mm x 3.10mm)","0.026"" (0.65mm)","2","-","-","https://www.digikey.be/en/products/detail/yageo/AC2512JK-131KL/17014867"
"https://www.koaspeer.com/pdfs/RK73-RT.pdf","//mm.digikey.com/Volume0/opasdata/d220001/medias/images/435/1210-%283225-Metric%29-RK73-RT-Series.jpg","2019-RK73B2ERTTD102JTR-ND,2019-RK73B2ERTTD102JCT-ND,2019-RK73B2ERTTD102JDKR-ND","RK73B2ERTTD102J","KOA Speer Electronics, Inc.","KOA Speer Electronics, Inc.","RES 1K OHM 5% 1/2W 1210","0","0.05399","0","5000","Tape & Reel (TR),Cut Tape (CT),Digi-Reel®","RK73-RT","Active","1 kOhms","±5%","0.5W, 1/2W","Thick Film","Anti-Sulfur, Automotive AEC-Q200","±200ppm/°C","-55°C ~ 155°C","1210 (3225 Metric)","1210","0.126"" L x 0.102"" W (3.20mm x 2.60mm)","0.028"" (0.70mm)","2","-","-","https://www.digikey.be/en/products/detail/koa-speer-electronics-inc/RK73B2ERTTD102J/11569263"
"https://www.seielect.com/catalog/SEI-FRC.pdf","//mm.digikey.com/Volume0/opasdata/d220001/medias/images/3600/Kamaya-FRC20x.JPG","738-FRC0603JT1K00TR-ND","FRC0603JT1K00","Stackpole Electronics Inc","Stackpole Electronics Inc","RES 1K OHM 5% 1/10W 0603","0","0.05399","0","5000","Tape & Reel (TR)","FRC","Active","1 kOhms","±5%","0.1W, 1/10W","Thick Film","-","±200ppm/°C","-55°C ~ 155°C","0603 (1608 Metric)","0603","0.063"" L x 0.031"" W (1.60mm x 0.80mm)","0.020"" (0.50mm)","2","-","-","https://www.digikey.be/en/products/detail/stackpole-electronics-inc/FRC0603JT1K00/16193855"
"https://industrial.panasonic.com/cdbs/www-data/pdf/RDP0000/AOA0000C334.pdf","//mm.digikey.com/Volume0/opasdata/d220001/medias/images/6808/ERJseries_1812-4532.jpg","10-ERJ-U12J102UTR-ND","ERJ-U12J102U","Panasonic Industry","Panasonic Industry","RES 1K OHM 5% 3/4W 1812","0","0.05323","0","5000","Tape & Reel (TR)","ERJ-U12","Active","1 kOhms","±5%","0.75W, 3/4W","Thick Film","Anti-Sulfur, Automotive AEC-Q200","±200ppm/°C","-55°C ~ 155°C","1812 (4532 Metric)","1812","0.177"" L x 0.126"" W (4.50mm x 3.20mm)","0.028"" (0.70mm)","2","-","-","https://www.digikey.be/en/products/detail/panasonic-industry/ERJ-U12J102U/11634701"
"//mm.digikey.com/Volume0/opasdata/d220001/medias/docus/6402/SG73P-RT%209424.pdf","//mm.digikey.com/Volume0/opasdata/d220001/medias/images/4194/MFG_SG73P-RT.jpg","2019-SG73P2ERTTD102JTR-ND","SG73P2ERTTD102J","KOA Speer Electronics, Inc.","KOA Speer Electronics, Inc.","RES 1K OHM 5% 3/4W 1210","0","0.05262","0","5000","Tape & Reel (TR)","SG73P-RT","Active","1 kOhms","±5%","0.75W, 3/4W","Thick Film","Anti-Sulfur, Automotive AEC-Q200, Pulse Withstanding","±200ppm/°C","-55°C ~ 155°C","1210 (3225 Metric)","1210","0.126"" L x 0.102"" W (3.20mm x 2.60mm)","0.028"" (0.70mm)","2","-","-","https://www.digikey.be/en/products/detail/koa-speer-electronics-inc/SG73P2ERTTD102J/16921748"
"https://www.seielect.com/catalog/SEI-RMCW.pdf","//mm.digikey.com/Volume0/opasdata/d220001/medias/images/4846/738_CRSM%20PT0603.jpg","738-RMCW1020JT1K00TR-ND","RMCW1020JT1K00","Stackpole Electronics Inc","Stackpole Electronics Inc","RES 1K OHM 5% 1W 1020","0","0.05109","0","4000","Tape & Reel (TR)","RMCW","Active","1 kOhms","±5%","1W","Thick Film","Automotive AEC-Q200","±100ppm/°C","-55°C ~ 155°C","Wide 2010 (5025 Metric), 1020","1020","0.098"" L x 0.197"" W (2.50mm x 5.00mm)","0.026"" (0.65mm)","2","-","-","https://www.digikey.be/en/products/detail/stackpole-electronics-inc/RMCW1020JT1K00/16192135"
"https://www.seielect.com/catalog/SEI-FRC.pdf","//mm.digikey.com/Volume0/opasdata/d220001/medias/images/3600/Kamaya-FRC20x.JPG","738-FRC0805JT1K00TR-ND","FRC0805JT1K00","Stackpole Electronics Inc","Stackpole Electronics Inc","RES 1K OHM 5% 1/8W 0805","0","0.05017","0","5000","Tape & Reel (TR)","FRC","Active","1 kOhms","±5%","0.125W, 1/8W","Thick Film","-","±200ppm/°C","-55°C ~ 155°C","0805 (2012 Metric)","0805","0.079"" L x 0.049"" W (2.00mm x 1.25mm)","0.026"" (0.65mm)","2","-","-","https://www.digikey.be/en/products/detail/stackpole-electronics-inc/FRC0805JT1K00/16208726"
"https://www.koaspeer.com/pdfs/SG73S-RT.pdf","//mm.digikey.com/Volume0/opasdata/d220001/medias/images/4199/MFG_SG73S-RTseries.jpg","2019-SG73S2ERTTD102JTR-ND","SG73S2ERTTD102J","KOA Speer Electronics, Inc.","KOA Speer Electronics, Inc.","RES 1K OHM 5% 1/2W 1210","0","0.05017","0","5000","Tape & Reel (TR)","SG73S-RT","Active","1 kOhms","±5%","0.5W, 1/2W","Thick Film","Anti-Sulfur, Automotive AEC-Q200, Moisture Resistant, Pulse Withstanding","±200ppm/°C","-55°C ~ 155°C","1210 (3225 Metric)","1210","0.126"" L x 0.102"" W (3.20mm x 2.60mm)","0.028"" (0.70mm)","2","-","-","https://www.digikey.be/en/products/detail/koa-speer-electronics-inc/SG73S2ERTTD102J/16835388"
"https://fscdn.rohm.com/en/products/databook/datasheet/passive/resistor/chip_resistor/ktr-e.pdf","//mm.digikey.com/Volume0/opasdata/d220001/medias/images/4847/846_0603-%281608-metric%29.jpg","KTR25JZPJ102-ND","KTR25JZPJ102","Rohm Semiconductor","Rohm Semiconductor","RES SMD 1K OHM 5% 1/3W 1210","0","0.0498","0","4000","Tape & Reel (TR)","KTR","Active","1 kOhms","±5%","0.333W, 1/3W","Thick Film","Automotive AEC-Q200, High Voltage","±200ppm/°C","-55°C ~ 155°C","1210 (3225 Metric)","1210","0.126"" L x 0.098"" W (3.20mm x 2.50mm)","0.026"" (0.65mm)","2","-","-","https://www.digikey.be/en/products/detail/rohm-semiconductor/KTR25JZPJ102/4008785"
"https://yageogroup.com/content/datasheet/asset/file/PYU-AC_51_ROHS_L","//mm.digikey.com/Volume0/opasdata/d220001/medias/images/4205/AC-Series--SMD-Chip-Resistor.jpg","13-AC1218JK-071KLTR-ND","AC1218JK-071KL","YAGEO","YAGEO","RES 1K OHM 5% 1W 1218","0","0.04894","0","4000","Tape & Reel (TR)","AC","Active","1 kOhms","±5%","1W","Thick Film","Automotive AEC-Q200, Moisture Resistant","±100ppm/°C","-55°C ~ 155°C","Wide 1812 (4532 Metric), 1218","1218","0.122"" L x 0.181"" W (3.10mm x 4.60mm)","0.026"" (0.65mm)","2","-","-","https://www.digikey.be/en/products/detail/yageo/AC1218JK-071KL/16988581"
"https://www.koaspeer.com/pdfs/SG73S-RT.pdf","//mm.digikey.com/Volume0/opasdata/d220001/medias/images/4199/MFG_SG73S-RTseries.jpg","2019-SG73S1ERTTP102JTR-ND","SG73S1ERTTP102J","KOA Speer Electronics, Inc.","KOA Speer Electronics, Inc.","RES 1K OHM 5% 1/8W 0402","0","0.04874","0","10000","Tape & Reel (TR)","SG73S-RT","Active","1 kOhms","±5%","0.125W, 1/8W","Thick Film","Anti-Sulfur, Automotive AEC-Q200, Moisture Resistant, Pulse Withstanding","±200ppm/°C","-55°C ~ 155°C","0402 (1005 Metric)","0402","0.039"" L x 0.020"" W (1.00mm x 0.50mm)","0.016"" (0.40mm)","2","-","-","https://www.digikey.be/en/products/detail/koa-speer-electronics-inc/SG73S1ERTTP102J/16832188"
"//mm.digikey.com/Volume0/opasdata/d220001/medias/docus/6402/SG73P-RT%209424.pdf","//mm.digikey.com/Volume0/opasdata/d220001/medias/images/4194/MFG_SG73P-RT.jpg","2019-SG73P1ERTTP102JTR-ND","SG73P1ERTTP102J","KOA Speer Electronics, Inc.","KOA Speer Electronics, Inc.","RES 1K OHM 5% 1/5W 0402","0","0.04874","0","10000","Tape & Reel (TR)","SG73P-RT","Active","1 kOhms","±5%","0.2W, 1/5W","Thick Film","Anti-Sulfur, Automotive AEC-Q200, Pulse Withstanding","±200ppm/°C","-55°C ~ 155°C","0402 (1005 Metric)","0402","0.039"" L x 0.020"" W (1.00mm x 0.50mm)","0.016"" (0.40mm)","2","-","-","https://www.digikey.be/en/products/detail/koa-speer-electronics-inc/SG73P1ERTTP102J/16920698"
"https://www.seielect.com/catalog/SEI-RMCW.pdf","//mm.digikey.com/Volume0/opasdata/d220001/medias/images/4846/738_CRSM%20PT0603.jpg","738-RMCW1218JT1K00TR-ND","RMCW1218JT1K00","Stackpole Electronics Inc","Stackpole Electronics Inc","RES 1K OHM 5% 1W 1218","0","0.0485","0","4000","Tape & Reel (TR)","RMCW","Active","1 kOhms","±5%","1W","Thick Film","Automotive AEC-Q200","±100ppm/°C","-55°C ~ 155°C","Wide 1812 (4532 Metric), 1218","1218","0.122"" L x 0.181"" W (3.10mm x 4.60mm)","0.024"" (0.60mm)","2","-","-","https://www.digikey.be/en/products/detail/stackpole-electronics-inc/RMCW1218JT1K00/16202153"
"https://yageogroup.com/content/datasheet/asset/file/PYU-AC_51_ROHS_L","//mm.digikey.com/Volume0/opasdata/d220001/medias/images/5786/THICKFILMRESSMD.jpg","13-AC2010JK-7W1KLTR-ND","AC2010JK-7W1KL","YAGEO","YAGEO","RES CHIP 2010","0","0.04825","0","4000","Tape & Reel (TR)","AC","Active","1 kOhms","±5%","1.25W","Thick Film","Automotive AEC-Q200, Moisture Resistant","±100ppm/°C","-55°C ~ 155°C","2010 (5025 Metric)","2010","0.197"" L x 0.098"" W (5.00mm x 2.50mm)","0.026"" (0.65mm)","2","-","-","https://www.digikey.be/en/products/detail/yageo/AC2010JK-7W1KL/21620508"
"https://www.seielect.com/catalog/SEI-MLF_MLFM.pdf","//mm.digikey.com/Volume0/opasdata/d220001/medias/images/8442/MFG_738_MLFM.jpg","738-MLF18JTD1K00TR-ND","MLF18JTD1K00","Stackpole Electronics Inc","Stackpole Electronics Inc","RES, MELF, 0102, 1KOHM, 5%, 100","0","0.04796","0","3000","Tape & Reel (TR)","MLF","Active","1 kOhms","±5%","0.125W, 1/8W","Thin Film","Anti-Sulfur, Pulse Withstanding","±100ppm/°C","-55°C ~ 155°C","MELF, 0102","0102","0.043"" Dia x 0.087"" L (1.10mm x 2.20mm)","-","2","-","-","https://www.digikey.be/en/products/detail/stackpole-electronics-inc/MLF18JTD1K00/27617245"
"https://www.kamaya.co.jp/upload/products_pdf/kamaya_products(RPC)_english_20170424_105407.pdf","-","2315-RPC35102JTETR-ND","RPC35102JTE","Kamaya Inc.","Kamaya Inc.","RES 1K OHM 1/2W 5% 1210","0","0.04771","0","4000","Tape & Reel (TR)","RPC","Active","1 kOhms","±5%","0.5W, 1/2W","Thick Film","Automotive AEC-Q200, Pulse Withstanding","±100ppm/°C","-55°C ~ 155°C","1210 (3225 Metric)","1210","0.122"" L x 0.098"" W (3.10mm x 2.50mm)","0.028"" (0.70mm)","2","-","-","https://www.digikey.be/en/products/detail/kamaya-inc/RPC35102JTE/12156774"
"https://www.bourns.com/docs/product-datasheets/cr-a-as.pdf","//mm.digikey.com/Volume0/opasdata/d220001/medias/images/7210/MFG_118_CRxxxxA_series.jpg","118-CR1210AJW-102EASTR-ND","CR1210AJW-102EAS","Bourns Inc.","Bourns Inc.","RESA-AS 1210 1K 5% 330MW TC200","0","0.0476","0","25000","Tape & Reel (TR)","CRxxxxA-AS","Active","1 kOhms","±5%","0.333W, 1/3W","Thick Film","Anti-Sulfur, Automotive AEC-Q200, Moisture Resistant","±200ppm/°C","-55°C ~ 125°C","1210 (3225 Metric)","1210","0.122"" L x 0.100"" W (3.10mm x 2.55mm)","0.028"" (0.70mm)","2","-","-","https://www.digikey.be/en/products/detail/bourns-inc/CR1210AJW-102EAS/16355967"
"https://www.vishay.com/docs/20035/dcrcwe3.pdf","//mm.digikey.com/Volume0/opasdata/d220001/medias/images/596/Vishay-CRCW-2512.jpg","CRCW25121K00JNEH-ND","CRCW25121K00JNEH","Vishay Dale","Vishay Dale","RES SMD 1K OHM 5% 1W 2512","0","0.04687","0","4000","Tape & Reel (TR)","D/CRCW e3","Active","1 kOhms","±5%","1W","Thick Film","Automotive AEC-Q200","±200ppm/°C","-55°C ~ 155°C","2512 (6332 Metric)","2512","0.248"" L x 0.124"" W (6.30mm x 3.15mm)","0.028"" (0.70mm)","2","-","-","https://www.digikey.be/en/products/detail/vishay-dale/CRCW25121K00JNEH/5079242"
"https://www.koaspeer.com/pdfs/SG73S-RT.pdf","//mm.digikey.com/Volume0/opasdata/d220001/medias/images/4199/MFG_SG73S-RTseries.jpg","2019-SG73S2BRTTD102JTR-ND","SG73S2BRTTD102J","KOA Speer Electronics, Inc.","KOA Speer Electronics, Inc.","RES 1K OHM 5% 1/3W 1206","0","0.04463","0","5000","Tape & Reel (TR)","SG73S-RT","Active","1 kOhms","±5%","0.333W, 1/3W","Thick Film","Anti-Sulfur, Automotive AEC-Q200, Moisture Resistant, Pulse Withstanding","±200ppm/°C","-55°C ~ 155°C","1206 (3216 Metric)","1206","0.126"" L x 0.063"" W (3.20mm x 1.60mm)","0.028"" (0.70mm)","2","-","-","https://www.digikey.be/en/products/detail/koa-speer-electronics-inc/SG73S2BRTTD102J/16827393"
"//mm.digikey.com/Volume0/opasdata/d220001/medias/docus/6402/SG73P-RT%209424.pdf","//mm.digikey.com/Volume0/opasdata/d220001/medias/images/4194/MFG_SG73P-RT.jpg","2019-SG73P2BRTTD102JTR-ND","SG73P2BRTTD102J","KOA Speer Electronics, Inc.","KOA Speer Electronics, Inc.","RES 1K OHM 5% 3/4W 1206","0","0.04463","0","5000","Tape & Reel (TR)","SG73P-RT","Active","1 kOhms","±5%","0.75W, 3/4W","Thick Film","Anti-Sulfur, Automotive AEC-Q200, Pulse Withstanding","±200ppm/°C","-55°C ~ 155°C","1206 (3216 Metric)","1206","0.126"" L x 0.063"" W (3.20mm x 1.60mm)","0.028"" (0.70mm)","2","-","-","https://www.digikey.be/en/products/detail/koa-speer-electronics-inc/SG73P2BRTTD102J/16920682"
"https://www.seielect.com/catalog/SEI-RMCF_RMCP.pdf","//mm.digikey.com/Volume0/opasdata/d220001/medias/images/2577/RMCP%20Series%202010.jpg","RMCP2010JT1K00-ND","RMCP2010JT1K00","Stackpole Electronics Inc","Stackpole Electronics Inc","RES 1K OHM 5% 1W 2010","0","0.0446","0","4000","Tape & Reel (TR)","RMCP","Active","1 kOhms","±5%","1W","Thick Film","Automotive AEC-Q200","±100ppm/°C","-55°C ~ 155°C","2010 (5025 Metric)","2010","0.197"" L x 0.098"" W (5.00mm x 2.50mm)","0.028"" (0.70mm)","2","-","-","https://www.digikey.be/en/products/detail/stackpole-electronics-inc/RMCP2010JT1K00/2502790"
"https://www.seielect.Com/catalog/SEI-RMCF_RMCP.pdf","//mm.digikey.com/Volume0/opasdata/d220001/medias/images/7347/MFG_738_RMCXXXXX.jpg","738-RMCP2010JT1K00-UPTR-ND","RMCP2010JT1K00-UP","Stackpole Electronics Inc","Stackpole Electronics Inc","RES, 1206, 1 KOHM, 5%, 1.5W","0","0.0446","0","4000","Tape & Reel (TR)","RMCP","Active","1 kOhms","±5%","1.5W","Thick Film","-","±150ppm/°C","-55°C ~ 155°C","2010 (5025 Metric)","2010","0.197"" L x 0.098"" W (5.00mm x 2.50mm)","0.022"" (0.55mm)","2","-","AEC-Q200","https://www.digikey.be/en/products/detail/stackpole-electronics-inc/RMCP2010JT1K00-UP/27722028"
"https://www.seielect.com/catalog/SEI-RPC.pdf","-","RPC1210JT1K00-ND","RPC1210JT1K00","Stackpole Electronics Inc","Stackpole Electronics Inc","RES 1K OHM 5% 1/2W 1210","0","0.04375","0","5000","Tape & Reel (TR)","RPC","Active","1 kOhms","±5%","0.5W, 1/2W","Thick Film","Automotive AEC-Q200, Pulse Withstanding","±100ppm/°C","-55°C ~ 155°C","1210 (3225 Metric)","1210","0.122"" L x 0.102"" W (3.10mm x 2.60mm)","0.026"" (0.65mm)","2","-","-","https://www.digikey.be/en/products/detail/stackpole-electronics-inc/RPC1210JT1K00/6268281"
"https://www.vishay.com/docs/20043/crcwhpe3.pdf","//mm.digikey.com/Volume0/opasdata/d220001/medias/images/57/MFG_CRCW-HP_e3_Series.jpg","CRCW12061K00JNEBHP-ND","CRCW12061K00JNEBHP","Vishay Dale","Vishay Dale","RES SMD 1K OHM 5% 3/4W 1206","0","0.04174","0","10000","Tape & Reel (TR)","CRCW-HP e3","Discontinued at DigiKey","1 kOhms","±5%","0.75W, 3/4W","Thick Film","Automotive AEC-Q200, Pulse Withstanding","±200ppm/°C","-55°C ~ 155°C","1206 (3216 Metric)","1206","0.122"" L x 0.063"" W (3.10mm x 1.60mm)","0.026"" (0.65mm)","2","-","-","https://www.digikey.be/en/products/detail/vishay-dale/CRCW12061K00JNEBHP/5076642"
"https://www.seielect.com/catalog/SEI-MLF_MLFM.pdf","//mm.digikey.com/Volume0/opasdata/d220001/medias/images/8442/MFG_738_MLFM.jpg","738-MLFM1JTD1K00TR-ND","MLFM1JTD1K00","Stackpole Electronics Inc","Stackpole Electronics Inc","RES 1K OHM 5% 1W MELF 0207","0","0.04162","0","2000","Tape & Reel (TR)","MLFM","Active","1 kOhms","±5%","1W","Thin Film","Pulse Withstanding","±100ppm/°C","-55°C ~ 155°C","MELF, 0207","0207","0.087"" Dia x 0.232"" L (2.20mm x 5.90mm)","-","2","-","-","https://www.digikey.be/en/products/detail/stackpole-electronics-inc/MLFM1JTD1K00/16210656"
"https://www.seielect.com/catalog/SEI-FRC.pdf","//mm.digikey.com/Volume0/opasdata/d220001/medias/images/8442/MFG_738_FRC.jpg","738-FRC0402JT1K00-ND","FRC0402JT1K00","Stackpole Electronics Inc","Stackpole Electronics Inc","RES 1K OHM 5% 1/16W 0402","0","0.04149","0","10000","Bulk","FRC","Active","1 kOhms","±5%","0.063W, 1/16W","Thick Film","Fusible, Safety","±200ppm/°C","-55°C ~ 155°C","0402 (1005 Metric)","0402","0.039"" L x 0.020"" W (1.00mm x 0.50mm)","0.014"" (0.35mm)","2","-","-","https://www.digikey.be/en/products/detail/stackpole-electronics-inc/FRC0402JT1K00/17623671"
"https://www.vishay.com/docs/20046/rcle3.pdf","//mm.digikey.com/Volume0/opasdata/d220001/medias/images/2582/RCL%20e3%20Series0612.jpg","RCL1.0KDTR-ND","RCL06121K00JNEA","Vishay Dale","Vishay Dale","RES 1K OHM 5% 1W 1206 WIDE","0","0.04119","0","5000","Tape & Reel (TR)","RCL","Active","1 kOhms","±5%","1W","Thick Film","Automotive AEC-Q200","±200ppm/°C","-55°C ~ 155°C","Wide 1206 (3216 Metric), 0612","0612","0.063"" L x 0.126"" W (1.60mm x 3.20mm)","0.026"" (0.65mm)","2","-","-","https://www.digikey.be/en/products/detail/vishay-dale/RCL06121K00JNEA/2587657"
"https://www.vishay.com/docs/20004/smm0204.pdf","//mm.digikey.com/Volume0/opasdata/d220001/medias/images/895/SMM02040B1001JB300.jpg","SMM02040B1001JB300-ND","SMM02040B1001JB300","Vishay","Vishay","RES 1K OHM 5% 1/4W MELF 0204","0","0.04056","0","3000","Tape & Reel (TR)","SMM0204","Active","1 kOhms","±5%","0.25W, 1/4W","Thin Film","Anti-Sulfur, Automotive AEC-Q200, Pulse Withstanding","±100ppm/°C","-55°C ~ 125°C","MELF, 0204","Mini MELF","0.055"" Dia x 0.142"" L (1.40mm x 3.60mm)","-","2","-","-","https://www.digikey.be/en/products/detail/vishay/SMM02040B1001JB300/8106285"
"https://www.seielect.com/catalog/SEI-RMCS.pdf","//mm.digikey.com/Volume0/opasdata/d220001/medias/images/6808/RMCSseries_2010-5025.jpg","RMCS2010JT1K00-ND","RMCS2010JT1K00","Stackpole Electronics Inc","Stackpole Electronics Inc","RES 1K OHM 5% 3/4W 2010","0","0.03934","0","4000","Tape & Reel (TR)","RMCS","Active","1 kOhms","±5%","0.75W, 3/4W","Thick Film","Anti-Sulfur","±100ppm/°C","-55°C ~ 155°C","2010 (5025 Metric)","2010","0.197"" L x 0.098"" W (5.00mm x 2.50mm)","0.026"" (0.65mm)","2","-","-","https://www.digikey.be/en/products/detail/stackpole-electronics-inc/RMCS2010JT1K00/6267649"
"https://www.te.com/commerce/DocumentDelivery/DDEController?Action=srchrtrv&DocNm=9-1773463-8&DocType=Data%20Sheet&DocLang=English&DocFormat=pdf&PartCntxt=2176244-1","//mm.digikey.com/Volume0/opasdata/d220001/medias/images/191/CRGS-0603.jpg","CRGS0603J1K0-ND","CRGS0603J1K0","TE Connectivity Passive Product","TE Connectivity Passive Product","RES SMD 1K OHM 5% 1/4W 0603","0","0.03885","0","20000","Tape & Reel (TR)","CRGS, Neohm","Active","1 kOhms","±5%","0.25W, 1/4W","Thick Film","Pulse Withstanding","±100ppm/°C","-55°C ~ 155°C","0603 (1608 Metric)","0603","0.063"" L x 0.031"" W (1.60mm x 0.80mm)","0.022"" (0.55mm)","2","-","-","https://www.digikey.be/en/products/detail/te-connectivity-passive-product/CRGS0603J1K0/6042907"
"https://yageogroup.com/content/Resource%20Library/Datasheet/PYU-SR_20105_ROHS_L.pdf","//mm.digikey.com/Volume0/opasdata/d220001/medias/images/728/0402-%281005-Metric%29-SR-Series.jpg","13-SR0402JR-071KL-ND","SR0402JR-071KL","YAGEO","YAGEO","RES 1K OHM 5% 1/16W 0402","0","0.03859","0","10000","Tape & Reel (TR)","SR","Active","1 kOhms","±5%","0.063W, 1/16W","Thick Film","Automotive AEC-Q200, Pulse Withstanding","±100ppm/°C","-55°C ~ 155°C","0402 (1005 Metric)","0402","0.039"" L x 0.020"" W (1.00mm x 0.50mm)","0.016"" (0.40mm)","2","-","-","https://www.digikey.be/en/products/detail/yageo/SR0402JR-071KL/17024786"
"https://yageogroup.com/content/Resource%20Library/Datasheet/PYU-SR_20105_ROHS_L.pdf","//mm.digikey.com/Volume0/opasdata/d220001/medias/images/728/0402-%281005-Metric%29-SR-Series.jpg","13-SR0402JR-7T1KL-ND","SR0402JR-7T1KL","YAGEO","YAGEO","RES 1K OHM 5% 1/5W 0402","0","0.03859","0","10000","Tape & Reel (TR)","SR","Active","1 kOhms","±5%","0.2W, 1/5W","Thick Film","Automotive AEC-Q200, Pulse Withstanding","±100ppm/°C","-55°C ~ 155°C","0402 (1005 Metric)","0402","0.039"" L x 0.020"" W (1.00mm x 0.50mm)","0.016"" (0.40mm)","2","-","-","https://www.digikey.be/en/products/detail/yageo/SR0402JR-7T1KL/17027427"
"https://industrial.panasonic.com/cdbs/www-data/pdf/RDO0000/RDO0000C334.pdf","//mm.digikey.com/Volume0/opasdata/d220001/medias/images/2435/ERJ-1210%20Pkg.jpg","ERJ-T14J102U-ND","ERJ-T14J102U","Panasonic Industry","Panasonic Industry","RES SMD 1K OHM 5% 1/2W 1210","0","0.03813","0","5000","Tape & Reel (TR)","ERJ-T14","Active","1 kOhms","±5%","0.5W, 1/2W","Thick Film","Automotive AEC-Q200, Pulse Withstanding","±200ppm/°C","-55°C ~ 155°C","1210 (3225 Metric)","1210","0.126"" L x 0.098"" W (3.20mm x 2.50mm)","0.028"" (0.70mm)","2","-","-","https://www.digikey.be/en/products/detail/panasonic-industry/ERJ-T14J102U/2340484"
"https://yageogroup.com/content/datasheet/asset/file/PYU-AR_51_ROHS_L","//mm.digikey.com/Volume0/opasdata/d220001/medias/images/4845/13_1206-%283216-metric%29.jpg","AR1206JR-071KL-ND","AR1206JR-071KL","YAGEO","YAGEO","RES SMD 1K OHM 5% 1/4W 1206","0","0.03641","0","5000","Tape & Reel (TR)","AR","Active","1 kOhms","±5%","0.25W, 1/4W","Thick Film","Moisture Resistant","±100ppm/°C","-55°C ~ 155°C","1206 (3216 Metric)","1206","0.122"" L x 0.063"" W (3.10mm x 1.60mm)","0.026"" (0.65mm)","2","-","-","https://www.digikey.be/en/products/detail/yageo/AR1206JR-071KL/5905699"
"https://www.seielect.com/catalog/SEI-RPCA.pdf","//mm.digikey.com/Volume0/opasdata/d220001/medias/images/5594/MFG_RPCA.jpg","738-RPCA0805JT1K00TR-ND","RPCA0805JT1K00","Stackpole Electronics Inc","Stackpole Electronics Inc","RES, PULSE, 0805, 1 KOHM, 5%, 0.","0","0.03594","0","5000","Tape & Reel (TR)","RPCA","Active","1 kOhms","±5%","0.25W, 1/4W","Thick Film","Anti-Sulfur, Automotive AEC-Q200, Pulse Withstanding","±100ppm/°C","-55°C ~ 155°C","0805 (2012 Metric)","0805","0.079"" L x 0.049"" W (2.00mm x 1.25mm)","0.024"" (0.60mm)","2","-","-","https://www.digikey.be/en/products/detail/stackpole-electronics-inc/RPCA0805JT1K00/21511534"
"https://yageogroup.com/content/datasheet/asset/file/YAGEO-MMP_DATASHEET","//mm.digikey.com/Volume0/opasdata/d220001/medias/images/8909/MMPx00-xxx5.jpg","13-MMP100JR-1KTR-ND","MMP100JR-1K","YAGEO","YAGEO","RES SMD 5% 1W MELF","0","0.03554","0","6000","Tape & Reel (TR)","MMP","Active","1 kOhms","±5%","1W","Metal Film","-","-","-55°C ~ 155°C","MELF, 0207","MELF","0.087"" Dia x 0.232"" L (2.20mm x 5.90mm)","-","2","-","-","https://www.digikey.be/en/products/detail/yageo/MMP100JR-1K/9159723"
"https://www.vishay.com/docs/20004/smm0204.pdf","//mm.digikey.com/Volume0/opasdata/d220001/medias/images/6808/MFG_series_MELF0204.jpg","749-SMM02040B1001JB000TR-ND","SMM02040B1001JB000","Vishay","Vishay","SMM0204 100 1K0 5% B0","0","0.03502","0","10000","Tape & Reel (TR)","SMM0204","Active","1 kOhms","±5%","0.25W, 1/4W","Thin Film","Anti-Sulfur, Automotive AEC-Q200, Pulse Withstanding","±100ppm/°C","-55°C ~ 155°C","MELF, 0204","0204","0.055"" Dia x 0.142"" L (1.40mm x 3.60mm)","-","2","-","-","https://www.digikey.be/en/products/detail/vishay/SMM02040B1001JB000/21338237"
"https://industrial.panasonic.com/ww/products/pt/anti-sulfurated-chip-resistors/models/ERJS02J102X","//mm.digikey.com/Volume0/opasdata/d220001/medias/images/957/ERJ-PA2-Series.jpg","ERJ-S02J102X-ND","ERJ-S02J102X","Panasonic Industry","Panasonic Industry","RES 1K OHM 5% 1/10W 0402","0","0.03501","0","10000","Tape & Reel (TR)","ERJ-S02","Active","1 kOhms","±5%","0.1W, 1/10W","Thick Film","Anti-Sulfur, Automotive AEC-Q200","±200ppm/°C","-55°C ~ 155°C","0402 (1005 Metric)","0402","0.039"" L x 0.020"" W (1.00mm x 0.50mm)","0.016"" (0.40mm)","2","-","-","https://www.digikey.be/en/products/detail/panasonic-industry/ERJ-S02J102X/1019484"
"https://www.te.com/commerce/DocumentDelivery/DDEController?Action=srchrtrv&DocNm=1773204-3&DocType=Data%20Sheet&DocLang=English&DocFormat=pdf&PartCntxt=4-2176338-3","-","1111-CRGCQ1210J1K0TR-ND","CRGCQ1210J1K0","TE Connectivity AMP Connectors","TE Connectivity","CRGCQ 1210 1K0 5%","0","0.03463","0","5000","Tape & Reel (TR)","CRGCQ","Active","1 kOhms","±5%","0.5W, 1/2W","Thick Film","Automotive AEC-Q200, Moisture Resistant","±100ppm/°C","-55°C ~ 155°C","1210 (3225 Metric)","1210","0.122"" L x 0.102"" W (3.10mm x 2.60mm)","0.026"" (0.65mm)","2","-","-","https://www.digikey.be/en/products/detail/te-connectivity/CRGCQ1210J1K0/29238041"
"https://yageogroup.com/content/Resource%20Library/Datasheet/PYU-AA_51_ROHS_L.pdf","//mm.digikey.com/Volume0/opasdata/d220001/medias/images/2579/RL%20Series%201210%283225%20Metric%29.jpg","AA1210JR-071KL-ND","AA1210JR-071KL","YAGEO","YAGEO","RES SMD 1K OHM 5% 1/2W 1210","0","0.03356","0","5000","Tape & Reel (TR)","AA","Active","1 kOhms","±5%","0.5W, 1/2W","Thick Film","Anti-Sulfur, Automotive AEC-Q200, Moisture Resistant","±150ppm/°C","-55°C ~ 155°C","1210 (3225 Metric)","1210","0.122"" L x 0.102"" W (3.10mm x 2.60mm)","0.024"" (0.60mm)","2","-","-","https://www.digikey.be/en/products/detail/yageo/AA1210JR-071KL/5891799"
"//mm.digikey.com/Volume0/opasdata/d220001/medias/docus/408/TRR_Series_DS.pdf","//mm.digikey.com/Volume0/opasdata/d220001/medias/images/391/TRR18-1206.jpg","TRR18EZPJ102-ND","TRR18EZPJ102","Rohm Semiconductor","Rohm Semiconductor","RES SMD 1K OHM 5% 1/4W 1206","0","0.03336","0","5000","Tape & Reel (TR)","TRR","Obsolete","1 kOhms","±5%","0.25W, 1/4W","Thick Film","Anti-Sulfur, Automotive AEC-Q200","±200ppm/°C","-55°C ~ 155°C","1206 (3216 Metric)","1206","0.126"" L x 0.063"" W (3.20mm x 1.60mm)","0.026"" (0.65mm)","2","-","-","https://www.digikey.be/en/products/detail/rohm-semiconductor/TRR18EZPJ102/4009431"
