Datasheet,Image,DK Part #,Mfr Part #,Mfr,Supplier,Description,Stock,Price,@ qty,Min Qty, Package,Series,Product Status,"Type","Frequency","Frequency Stability","Frequency Tolerance","Load Capacitance","ESR (Equivalent Series Resistance)","Operating Mode","Operating Temperature","Ratings","Mounting Type","Package / Case","Size / Dimension","Height - Seated (Max)","Supplier Device Package","URL"
"https://www.raltron.com/webproducts/specs/CRYSTAL/AS-12.000-18-3030-EXT-SMD-TR.pdf","//mm.digikey.com/Volume0/opasdata/d220001/medias/images/210/MFG_AS-SMD.jpg","2151-AS-12.000-18-3030-EXT-SMD-TR-ND,2151-AS-12.000-18-3030-EXT-SMD-TRCT-ND,2151-AS-12.000-18-3030-EXT-SMD-TRDKR-ND","AS-12.000-18-3030-EXT-SMD-TR","Raltron Electronics","Raltron Electronics","CRYSTAL 12.0000MHZ 18PF SMD","4.045","0.12","0","1","Tape & Reel (TR),Cut Tape (CT),Digi-Reel®","AS-SMD","Active","MHz Crystal","12 MHz","±30ppm","±30ppm","18pF","50 Ohms","Fundamental","-40°C ~ 85°C","-","Surface Mount","HC-49/US","0.472"" L x 0.189"" W (12.00mm x 4.80mm)","0.157"" (4.00mm)","-","https://www.digikey.be/en/products/detail/raltron-electronics/AS-12-000-18-3030-EXT-SMD-TR/13151062"
"https://www.raltron.com/webproducts/specs/CRYSTAL/AS-12.000-20-SMD-TR.pdf","//mm.digikey.com/Volume0/opasdata/d220001/medias/images/210/MFG_AS-SMD.jpg","2151-AS-12.000-20-SMD-TR-ND,2151-AS-12.000-20-SMD-TRCT-ND,2151-AS-12.000-20-SMD-TRDKR-ND","AS-12.000-20-SMD-TR","Raltron Electronics","Raltron Electronics","CRYSTAL 12.0000MHZ 20PF SMD","0","0.12","0","1","Tape & Reel (TR),Cut Tape (CT),Digi-Reel®","AS-SMD","Active","MHz Crystal","12 MHz","±50ppm","±30ppm","20pF","50 Ohms","Fundamental","-20°C ~ 70°C","-","Surface Mount","HC-49/US","0.472"" L x 0.189"" W (12.00mm x 4.80mm)","0.157"" (4.00mm)","-","https://www.digikey.be/en/products/detail/raltron-electronics/AS-12-000-20-SMD-TR/13150828"
"https://www.raltron.com/webproducts/specs/CRYSTAL/AS-12.000-20.pdf","//mm.digikey.com/Volume0/opasdata/d220001/medias/images/50/AS-12.00-20.jpg","2151-AS-12.000-20-ND","AS-12.000-20","Raltron Electronics","Raltron Electronics","CRYSTAL 12.0000MHZ 20PF TH","1.241","0.13","0","1","Bulk","AS","Active","MHz Crystal","12 MHz","±50ppm","±30ppm","20pF","50 Ohms","Fundamental","-20°C ~ 70°C","-","Through Hole","HC-49/US","0.447"" L x 0.197"" W (11.35mm x 5.00mm)","0.138"" (3.50mm)","-","https://www.digikey.be/en/products/detail/raltron-electronics/AS-12-000-20/10271756"
"-","//mm.digikey.com/Volume0/opasdata/d220001/medias/images/6846/MFG_535%7E4SMD-.80-3.2X2.5%7E%7E4.jpg","535-ABM8-12.000MHZ-16-R100-DY-T3TR-ND","ABM8-12.000MHZ-16-R100-DY-T3","Abracon LLC","Abracon LLC","XTAL 3225 4-SMD 12MHZ TOL 50PPM","0","0.1388","0","3000","Tape & Reel (TR)","ABM8","Active","MHz Crystal","12 MHz","±30ppm","±50ppm","16pF","120 Ohms","Fundamental","-40°C ~ 85°C","-","Surface Mount","4-SMD, No Lead","0.126"" L x 0.098"" W (3.20mm x 2.50mm)","0.031"" (0.80mm)","4-SMD (3.2x2.5)","https://www.digikey.be/en/products/detail/abracon-llc/ABM8-12-000MHZ-16-R100-DY-T3/26474014"
"https://abracon.com/Resonators/ABLS.pdf","//mm.digikey.com/Volume0/opasdata/d220001/medias/images/6845/535%7EHCUSSMD-4.2-11.4X4.7%7E%7E2.jpg","2266-ABLS-12.000MHZ-B2Y-TTR-ND,535-ABLS-12.000MHZ-B2Y-TTR-ND","ABLS-12.000MHZ-B2Y-T","Abracon LLC","WEC,Abracon LLC","CRYSTAL 12.0000MHZ 18PF SMD","0","0.1396","0","1000","Tape & Reel (TR),Tape & Reel (TR)","ABLS","Active","MHz Crystal","12 MHz","±30ppm","±20ppm","18pF","50 Ohms","Fundamental","-20°C ~ 70°C","-","Surface Mount","HC-49/US","0.449"" L x 0.185"" W (11.40mm x 4.70mm)","0.165"" (4.20mm)","HC-49/US","https://www.digikey.be/en/products/detail/abracon-llc/ABLS-12-000MHZ-B2Y-T/15995871"
"https://abracon.com/Resonators/ABLS.pdf","//mm.digikey.com/Volume0/opasdata/d220001/medias/images/6845/535%7EHCUSSMD-4.2-11.4X4.7%7E%7E2.jpg","535-14856-2-ND","ABLS-12.000MHZ-B4H-T","Abracon LLC","Abracon LLC","CRYSTAL 12.0000MHZ 18PF SMD","0","0.1396","0","1000","Tape & Reel (TR)","ABLS","Active","MHz Crystal","12 MHz","±35ppm","±30ppm","18pF","50 Ohms","Fundamental","-20°C ~ 70°C","-","Surface Mount","HC-49/US","0.449"" L x 0.185"" W (11.40mm x 4.70mm)","0.165"" (4.20mm)","HC-49/US","https://www.digikey.be/en/products/detail/abracon-llc/ABLS-12-000MHZ-B4H-T/9997764"
"https://abracon.com/Resonators/ABLS.pdf","//mm.digikey.com/Volume0/opasdata/d220001/medias/images/6845/535%7EHCUSSMD-4.2-11.4X4.7%7E%7E2.jpg","535-14870-2-ND","ABLS-12.000MHZ-20-D-4-H-T","Abracon LLC","Abracon LLC","CRYSTAL 12.0000MHZ 20PF SMD","0","0.1396","0","1000","Tape & Reel (TR)","ABLS","Active","MHz Crystal","12 MHz","±35ppm","±30ppm","20pF","50 Ohms","Fundamental","-40°C ~ 85°C","-","Surface Mount","HC-49/US","0.449"" L x 0.185"" W (11.40mm x 4.70mm)","0.165"" (4.20mm)","HC-49/US","https://www.digikey.be/en/products/detail/abracon-llc/ABLS-12-000MHZ-20-D-4-H-T/9997778"
"https://abracon.com/Resonators/ABLS.pdf","//mm.digikey.com/Volume0/opasdata/d220001/medias/images/6845/535%7EHCUSSMD-4.2-11.4X4.7%7E%7E2.jpg","535-14873-2-ND","ABLS-12.000MHZ-B-4-Y-T","Abracon LLC","Abracon LLC","CRYSTAL 12.0000MHZ 18PF SMD","0","0.1396","0","1000","Tape & Reel (TR)","ABLS","Active","MHz Crystal","12 MHz","±30ppm","±30ppm","18pF","50 Ohms","Fundamental","-20°C ~ 70°C","-","Surface Mount","HC-49/US","0.449"" L x 0.185"" W (11.40mm x 4.70mm)","0.165"" (4.20mm)","HC-49/US","https://www.digikey.be/en/products/detail/abracon-llc/ABLS-12-000MHZ-B-4-Y-T/9997781"
"https://abracon.com/Resonators/ABLS.pdf","//mm.digikey.com/Volume0/opasdata/d220001/medias/images/6845/535%7EHCUSSMD-4.2-11.4X4.7%7E%7E2.jpg","535-14872-2-ND","ABLS-12.000MHZ-32-B-4-Y-T","Abracon LLC","Abracon LLC","CRYSTAL 12.0000MHZ 32PF SMD","0","0.1396","0","1000","Tape & Reel (TR)","ABLS","Active","MHz Crystal","12 MHz","±30ppm","±30ppm","32pF","50 Ohms","Fundamental","-20°C ~ 70°C","-","Surface Mount","HC-49/US","0.449"" L x 0.185"" W (11.40mm x 4.70mm)","0.165"" (4.20mm)","HC-49/US","https://www.digikey.be/en/products/detail/abracon-llc/ABLS-12-000MHZ-32-B-4-Y-T/9997780"
"https://abracon.com/Resonators/ABLS.pdf","//mm.digikey.com/Volume0/opasdata/d220001/medias/images/6845/535%7EHCUSSMD-4.2-11.4X4.7%7E%7E2.jpg","535-ABLS-12.000MHZ-12-D4Y-TTR-ND","ABLS-12.000MHZ-12-D4Y-T","Abracon LLC","Abracon LLC","CRYSTAL 12.0000MHZ 12PF SMD","0","0.1396","0","1000","Tape & Reel (TR)","ABLS","Active","MHz Crystal","12 MHz","±30ppm","±30ppm","12pF","50 Ohms","Fundamental","-40°C ~ 85°C","-","Surface Mount","HC-49/US","0.449"" L x 0.185"" W (11.40mm x 4.70mm)","0.165"" (4.20mm)","HC-49/US","https://www.digikey.be/en/products/detail/abracon-llc/ABLS-12-000MHZ-12-D4Y-T/15996017"
"https://abracon.com/Resonators/ABLS.pdf","//mm.digikey.com/Volume0/opasdata/d220001/medias/images/6845/535%7EHCUSSMD-4.2-11.4X4.7%7E%7E2.jpg","535-14871-2-ND","ABLS-12.000MHZ-30-A-4-H-T","Abracon LLC","Abracon LLC","CRYSTAL 12.0000MHZ 30PF SMD","0","0.1396","0","1000","Tape & Reel (TR)","ABLS","Active","MHz Crystal","12 MHz","±35ppm","±30ppm","30pF","50 Ohms","Fundamental","-10°C ~ 60°C","-","Surface Mount","HC-49/US","0.449"" L x 0.185"" W (11.40mm x 4.70mm)","0.165"" (4.20mm)","HC-49/US","https://www.digikey.be/en/products/detail/abracon-llc/ABLS-12-000MHZ-30-A-4-H-T/9997779"
"//mm.digikey.com/Volume0/opasdata/d220001/medias/docus/7432/JQG_DB_Q-J32SMX_250618_online.pdf","//mm.digikey.com/Volume0/opasdata/d220001/medias/images/7197/MFG_J32SMX.jpg","1908-J32SMX-K-F-D-C-12M0TR-ND,1908-J32SMX-K-F-D-C-12M0CT-ND,1908-J32SMX-K-F-D-C-12M0DKR-ND","J32SMX-K-F-D-C-12M0","Jauch Quartz","Jauch Quartz","CRYSTAL 12,0MHZ 8PF SMD","3.000","0.14","0","1","Tape & Reel (TR),Cut Tape (CT),Digi-Reel®","J32SMX","Active","MHz Crystal","12 MHz","±20ppm","±10ppm","8pF","100 Ohms","Fundamental","-20°C ~ 70°C","-","Surface Mount","4-SMD, No Lead","0.126"" L x 0.098"" W (3.20mm x 2.50mm)","0.031"" (0.80mm)","4-SMD (3.2x2.5)","https://www.digikey.be/en/products/detail/jauch-quartz/J32SMX-K-F-D-C-12M0/27564704"
"//mm.digikey.com/Volume0/opasdata/d220001/medias/docus/7432/JQG_DB_Q-J32SMX_250618_online.pdf","//mm.digikey.com/Volume0/opasdata/d220001/medias/images/7197/MFG_J32SMX.jpg","1908-J32SMX-H-F-D-C-12M0TR-ND,1908-J32SMX-H-F-D-C-12M0CT-ND,1908-J32SMX-H-F-D-C-12M0DKR-ND","J32SMX-H-F-D-C-12M0","Jauch Quartz","Jauch Quartz","CRYSTAL 12,0MHZ 10PF SMD","3.000","0.14","0","1","Tape & Reel (TR),Cut Tape (CT),Digi-Reel®","J32SMX","Active","MHz Crystal","12 MHz","±20ppm","±10ppm","10pF","100 Ohms","Fundamental","-20°C ~ 70°C","-","Surface Mount","4-SMD, No Lead","0.126"" L x 0.098"" W (3.20mm x 2.50mm)","0.031"" (0.80mm)","4-SMD (3.2x2.5)","https://www.digikey.be/en/products/detail/jauch-quartz/J32SMX-H-F-D-C-12M0/27564729"
"//mm.digikey.com/Volume0/opasdata/d220001/medias/docus/7432/JQG_DB_Q-J32SMX_250618_online.pdf","//mm.digikey.com/Volume0/opasdata/d220001/medias/images/7197/MFG_J32SMX.jpg","1908-J32SMX-A-F-D-C-12M0TR-ND,1908-J32SMX-A-F-D-C-12M0CT-ND,1908-J32SMX-A-F-D-C-12M0DKR-ND","J32SMX-A-F-D-C-12M0","Jauch Quartz","Jauch Quartz","CRYSTAL 12,0MHZ 12PF SMD","2.996","0.14","0","1","Tape & Reel (TR),Cut Tape (CT),Digi-Reel®","J32SMX","Active","MHz Crystal","12 MHz","±20ppm","±10ppm","12pF","100 Ohms","Fundamental","-20°C ~ 70°C","-","Surface Mount","4-SMD, No Lead","0.126"" L x 0.098"" W (3.20mm x 2.50mm)","0.031"" (0.80mm)","4-SMD (3.2x2.5)","https://www.digikey.be/en/products/detail/jauch-quartz/J32SMX-A-F-D-C-12M0/27564641"
"//mm.digikey.com/Volume0/opasdata/d220001/medias/docus/7432/JQG_DB_Q-J32SMX_250618_online.pdf","//mm.digikey.com/Volume0/opasdata/d220001/medias/images/7197/MFG_J32SMX.jpg","1908-J32SMX-H-F-D-I-12M0TR-ND,1908-J32SMX-H-F-D-I-12M0CT-ND,1908-J32SMX-H-F-D-I-12M0DKR-ND","J32SMX-H-F-D-I-12M0","Jauch Quartz","Jauch Quartz","CRYSTAL 12,0MHZ 10PF SMD","2.980","0.14","0","1","Tape & Reel (TR),Cut Tape (CT),Digi-Reel®","J32SMX","Active","MHz Crystal","12 MHz","±20ppm","±10ppm","10pF","100 Ohms","Fundamental","-40°C ~ 85°C","-","Surface Mount","4-SMD, No Lead","0.126"" L x 0.098"" W (3.20mm x 2.50mm)","0.031"" (0.80mm)","4-SMD (3.2x2.5)","https://www.digikey.be/en/products/detail/jauch-quartz/J32SMX-H-F-D-I-12M0/27564610"
"//mm.digikey.com/Volume0/opasdata/d220001/medias/docus/7432/JQG_DB_Q-J32SMX_250618_online.pdf","//mm.digikey.com/Volume0/opasdata/d220001/medias/images/7197/MFG_J32SMX.jpg","1908-J32SMX-A-F-E-C-12M0TR-ND,1908-J32SMX-A-F-E-C-12M0CT-ND,1908-J32SMX-A-F-E-C-12M0DKR-ND","J32SMX-A-F-E-C-12M0","Jauch Quartz","Jauch Quartz","CRYSTAL 12,0MHZ 12PF SMD","2.977","0.14","0","1","Tape & Reel (TR),Cut Tape (CT),Digi-Reel®","J32SMX","Active","MHz Crystal","12 MHz","±15ppm","±10ppm","12pF","100 Ohms","Fundamental","-20°C ~ 70°C","-","Surface Mount","4-SMD, No Lead","0.126"" L x 0.098"" W (3.20mm x 2.50mm)","0.031"" (0.80mm)","4-SMD (3.2x2.5)","https://www.digikey.be/en/products/detail/jauch-quartz/J32SMX-A-F-E-C-12M0/27564663"
"//mm.digikey.com/Volume0/opasdata/d220001/medias/docus/7432/JQG_DB_Q-J32SMX_250618_online.pdf","//mm.digikey.com/Volume0/opasdata/d220001/medias/images/7197/MFG_J32SMX.jpg","1908-J32SMX-K-F-D-I-12M0TR-ND,1908-J32SMX-K-F-D-I-12M0CT-ND,1908-J32SMX-K-F-D-I-12M0DKR-ND","J32SMX-K-F-D-I-12M0","Jauch Quartz","Jauch Quartz","CRYSTAL 12,0MHZ 8PF SMD","2.975","0.14","0","1","Tape & Reel (TR),Cut Tape (CT),Digi-Reel®","J32SMX","Active","MHz Crystal","12 MHz","±20ppm","±10ppm","8pF","100 Ohms","Fundamental","-40°C ~ 85°C","-","Surface Mount","4-SMD, No Lead","0.126"" L x 0.098"" W (3.20mm x 2.50mm)","0.031"" (0.80mm)","4-SMD (3.2x2.5)","https://www.digikey.be/en/products/detail/jauch-quartz/J32SMX-K-F-D-I-12M0/27564674"
"//mm.digikey.com/Volume0/opasdata/d220001/medias/docus/7432/JQG_DB_Q-J32SMX_250618_online.pdf","//mm.digikey.com/Volume0/opasdata/d220001/medias/images/7197/MFG_J32SMX.jpg","1908-J32SMX-A-F-D-I-12M0TR-ND,1908-J32SMX-A-F-D-I-12M0CT-ND,1908-J32SMX-A-F-D-I-12M0DKR-ND","J32SMX-A-F-D-I-12M0","Jauch Quartz","Jauch Quartz","CRYSTAL 12,0MHZ 12PF SMD","2.975","0.14","0","1","Tape & Reel (TR),Cut Tape (CT),Digi-Reel®","J32SMX","Active","MHz Crystal","12 MHz","±20ppm","±10ppm","12pF","100 Ohms","Fundamental","-40°C ~ 85°C","-","Surface Mount","4-SMD, No Lead","0.126"" L x 0.098"" W (3.20mm x 2.50mm)","0.031"" (0.80mm)","4-SMD (3.2x2.5)","https://www.digikey.be/en/products/detail/jauch-quartz/J32SMX-A-F-D-I-12M0/27564719"
"//mm.digikey.com/Volume0/opasdata/d220001/medias/docus/7432/JQG_DB_Q-J32SMX_250618_online.pdf","//mm.digikey.com/Volume0/opasdata/d220001/medias/images/7197/MFG_J32SMX.jpg","1908-J32SMX-H-F-E-C-12M0TR-ND,1908-J32SMX-H-F-E-C-12M0CT-ND,1908-J32SMX-H-F-E-C-12M0DKR-ND","J32SMX-H-F-E-C-12M0","Jauch Quartz","Jauch Quartz","CRYSTAL 12,0MHZ 10PF SMD","2.956","0.14","0","1","Tape & Reel (TR),Cut Tape (CT),Digi-Reel®","J32SMX","Active","MHz Crystal","12 MHz","±15ppm","±10ppm","10pF","100 Ohms","Fundamental","-20°C ~ 70°C","-","Surface Mount","4-SMD, No Lead","0.126"" L x 0.098"" W (3.20mm x 2.50mm)","0.031"" (0.80mm)","4-SMD (3.2x2.5)","https://www.digikey.be/en/products/detail/jauch-quartz/J32SMX-H-F-E-C-12M0/27564923"
"//mm.digikey.com/Volume0/opasdata/d220001/medias/docus/7432/JQG_DB_Q-J32SMX_250618_online.pdf","//mm.digikey.com/Volume0/opasdata/d220001/medias/images/7197/MFG_J32SMX.jpg","1908-J32SMX-K-F-E-C-12M0TR-ND,1908-J32SMX-K-F-E-C-12M0CT-ND,1908-J32SMX-K-F-E-C-12M0DKR-ND","J32SMX-K-F-E-C-12M0","Jauch Quartz","Jauch Quartz","CRYSTAL 12,0MHZ 8PF SMD","0","0.14","0","1","Tape & Reel (TR),Cut Tape (CT),Digi-Reel®","J32SMX","Active","MHz Crystal","12 MHz","±15ppm","±10ppm","8pF","100 Ohms","Fundamental","-20°C ~ 70°C","-","Surface Mount","4-SMD, No Lead","0.126"" L x 0.098"" W (3.20mm x 2.50mm)","0.031"" (0.80mm)","4-SMD (3.2x2.5)","https://www.digikey.be/en/products/detail/jauch-quartz/J32SMX-K-F-E-C-12M0/27564900"
"https://www.raltron.com/webproducts/specs/CRYSTAL/AS-12.000-18-SMD-TR.pdf","//mm.digikey.com/Volume0/opasdata/d220001/medias/images/210/MFG_AS-SMD.jpg","2151-AS-12.000-18-SMD-TR-ND,2151-AS-12.000-18-SMD-TRCT-ND,2151-AS-12.000-18-SMD-TRDKR-ND","AS-12.000-18-SMD-TR","Raltron Electronics","Raltron Electronics","CRYSTAL 12.0000MHZ 18PF SMD","0","0.14","0","1","Tape & Reel (TR),Cut Tape (CT),Digi-Reel®","AS-SMD","Active","MHz Crystal","12 MHz","±50ppm","±30ppm","18pF","70 Ohms","Fundamental","-20°C ~ 70°C","-","Surface Mount","HC-49/US","0.472"" L x 0.189"" W (12.00mm x 4.80mm)","0.157"" (4.00mm)","-","https://www.digikey.be/en/products/detail/raltron-electronics/AS-12-000-18-SMD-TR/10271753"
"https://abracon.com/Resonators/ABLS.pdf","//mm.digikey.com/Volume0/opasdata/d220001/medias/images/6845/535%7EHCUSSMD-4.2-11.4X4.7%7E%7E2.jpg","535-14868-2-ND","ABLS-12.000MHZ-16-A-4-H-T","Abracon LLC","Abracon LLC","CRYSTAL 12.0000MHZ 16PF SMD","0","0.14062","0","1000","Tape & Reel (TR)","ABLS","Active","MHz Crystal","12 MHz","±35ppm","±30ppm","16pF","50 Ohms","Fundamental","-10°C ~ 60°C","-","Surface Mount","HC-49/US","0.449"" L x 0.185"" W (11.40mm x 4.70mm)","0.165"" (4.20mm)","HC-49/US","https://www.digikey.be/en/products/detail/abracon-llc/ABLS-12-000MHZ-16-A-4-H-T/9997776"
"//mm.digikey.com/Volume0/opasdata/d220001/medias/docus/7432/JQG_DB_Q-J32SMX_250618_online.pdf","//mm.digikey.com/Volume0/opasdata/d220001/medias/images/7197/MFG_J32SMX.jpg","1908-J32SMX-A-F-G-I-12M0TR-ND,1908-J32SMX-A-F-G-I-12M0CT-ND,1908-J32SMX-A-F-G-I-12M0DKR-ND","J32SMX-A-F-G-I-12M0","Jauch Quartz","Jauch Quartz","CRYSTAL 12,0MHZ 12PF SMD","3.000","0.15","0","1","Tape & Reel (TR),Cut Tape (CT),Digi-Reel®","J32SMX","Active","MHz Crystal","12 MHz","±30ppm","±10ppm","12pF","100 Ohms","Fundamental","-40°C ~ 85°C","-","Surface Mount","4-SMD, No Lead","0.126"" L x 0.098"" W (3.20mm x 2.50mm)","0.031"" (0.80mm)","4-SMD (3.2x2.5)","https://www.digikey.be/en/products/detail/jauch-quartz/J32SMX-A-F-G-I-12M0/27564633"
"//mm.digikey.com/Volume0/opasdata/d220001/medias/docus/7432/JQG_DB_Q-J32SMX_250618_online.pdf","//mm.digikey.com/Volume0/opasdata/d220001/medias/images/7197/MFG_J32SMX.jpg","1908-J32SMX-H-F-G-I-12M0TR-ND,1908-J32SMX-H-F-G-I-12M0CT-ND,1908-J32SMX-H-F-G-I-12M0DKR-ND","J32SMX-H-F-G-I-12M0","Jauch Quartz","Jauch Quartz","CRYSTAL 12,0MHZ 10PF SMD","3.000","0.15","0","1","Tape & Reel (TR),Cut Tape (CT),Digi-Reel®","J32SMX","Active","MHz Crystal","12 MHz","±30ppm","±10ppm","10pF","100 Ohms","Fundamental","-40°C ~ 85°C","-","Surface Mount","4-SMD, No Lead","0.126"" L x 0.098"" W (3.20mm x 2.50mm)","0.031"" (0.80mm)","4-SMD (3.2x2.5)","https://www.digikey.be/en/products/detail/jauch-quartz/J32SMX-H-F-G-I-12M0/27564635"
"//mm.digikey.com/Volume0/opasdata/d220001/medias/docus/7432/JQG_DB_Q-J32SMX_250618_online.pdf","//mm.digikey.com/Volume0/opasdata/d220001/medias/images/7197/MFG_J32SMX.jpg","1908-J32SMX-K-G-G-I-12M0TR-ND,1908-J32SMX-K-G-G-I-12M0CT-ND,1908-J32SMX-K-G-G-I-12M0DKR-ND","J32SMX-K-G-G-I-12M0","Jauch Quartz","Jauch Quartz","CRYSTAL 12,0MHZ 8PF SMD","3.000","0.15","0","1","Tape & Reel (TR),Cut Tape (CT),Digi-Reel®","J32SMX","Active","MHz Crystal","12 MHz","±30ppm","±30ppm","8pF","100 Ohms","Fundamental","-40°C ~ 85°C","-","Surface Mount","4-SMD, No Lead","0.126"" L x 0.098"" W (3.20mm x 2.50mm)","0.031"" (0.80mm)","4-SMD (3.2x2.5)","https://www.digikey.be/en/products/detail/jauch-quartz/J32SMX-K-G-G-I-12M0/27564655"
"//mm.digikey.com/Volume0/opasdata/d220001/medias/docus/7432/JQG_DB_Q-J32SMX_250618_online.pdf","//mm.digikey.com/Volume0/opasdata/d220001/medias/images/7197/MFG_J32SMX.jpg","1908-J32SMX-A-G-G-I-12M0TR-ND,1908-J32SMX-A-G-G-I-12M0CT-ND,1908-J32SMX-A-G-G-I-12M0DKR-ND","J32SMX-A-G-G-I-12M0","Jauch Quartz","Jauch Quartz","CRYSTAL 12,0MHZ 12PF SMD","3.000","0.15","0","1","Tape & Reel (TR),Cut Tape (CT),Digi-Reel®","J32SMX","Active","MHz Crystal","12 MHz","±30ppm","±30ppm","12pF","100 Ohms","Fundamental","-40°C ~ 85°C","-","Surface Mount","4-SMD, No Lead","0.126"" L x 0.098"" W (3.20mm x 2.50mm)","0.031"" (0.80mm)","4-SMD (3.2x2.5)","https://www.digikey.be/en/products/detail/jauch-quartz/J32SMX-A-G-G-I-12M0/27564762"
"//mm.digikey.com/Volume0/opasdata/d220001/medias/docus/7432/JQG_DB_Q-J32SMX_250618_online.pdf","//mm.digikey.com/Volume0/opasdata/d220001/medias/images/7197/MFG_J32SMX.jpg","1908-J32SMX-K-F-G-I-12M0TR-ND,1908-J32SMX-K-F-G-I-12M0CT-ND,1908-J32SMX-K-F-G-I-12M0DKR-ND","J32SMX-K-F-G-I-12M0","Jauch Quartz","Jauch Quartz","CRYSTAL 12,0MHZ 8PF SMD","3.000","0.15","0","1","Tape & Reel (TR),Cut Tape (CT),Digi-Reel®","J32SMX","Active","MHz Crystal","12 MHz","±30ppm","±10ppm","8pF","100 Ohms","Fundamental","-40°C ~ 85°C","-","Surface Mount","4-SMD, No Lead","0.126"" L x 0.098"" W (3.20mm x 2.50mm)","0.031"" (0.80mm)","4-SMD (3.2x2.5)","https://www.digikey.be/en/products/detail/jauch-quartz/J32SMX-K-F-G-I-12M0/27564825"
"//mm.digikey.com/Volume0/opasdata/d220001/medias/docus/7432/JQG_DB_Q-J32SMX_250618_online.pdf","//mm.digikey.com/Volume0/opasdata/d220001/medias/images/7197/MFG_J32SMX.jpg","1908-J32SMX-A-G-G-C-12M0TR-ND,1908-J32SMX-A-G-G-C-12M0CT-ND,1908-J32SMX-A-G-G-C-12M0DKR-ND","J32SMX-A-G-G-C-12M0","Jauch Quartz","Jauch Quartz","CRYSTAL 12,0MHZ 12PF SMD","3.000","0.15","0","1","Tape & Reel (TR),Cut Tape (CT),Digi-Reel®","J32SMX","Active","MHz Crystal","12 MHz","±30ppm","±30ppm","12pF","100 Ohms","Fundamental","-20°C ~ 70°C","-","Surface Mount","4-SMD, No Lead","0.126"" L x 0.098"" W (3.20mm x 2.50mm)","0.031"" (0.80mm)","4-SMD (3.2x2.5)","https://www.digikey.be/en/products/detail/jauch-quartz/J32SMX-A-G-G-C-12M0/27564842"
"//mm.digikey.com/Volume0/opasdata/d220001/medias/docus/7432/JQG_DB_Q-J32SMX_250618_online.pdf","//mm.digikey.com/Volume0/opasdata/d220001/medias/images/7197/MFG_J32SMX.jpg","1908-J32SMX-K-G-G-C-12M0TR-ND,1908-J32SMX-K-G-G-C-12M0CT-ND,1908-J32SMX-K-G-G-C-12M0DKR-ND","J32SMX-K-G-G-C-12M0","Jauch Quartz","Jauch Quartz","CRYSTAL 12,0MHZ 8PF SMD","3.000","0.15","0","1","Tape & Reel (TR),Cut Tape (CT),Digi-Reel®","J32SMX","Active","MHz Crystal","12 MHz","±30ppm","±30ppm","8pF","100 Ohms","Fundamental","-20°C ~ 70°C","-","Surface Mount","4-SMD, No Lead","0.126"" L x 0.098"" W (3.20mm x 2.50mm)","0.031"" (0.80mm)","4-SMD (3.2x2.5)","https://www.digikey.be/en/products/detail/jauch-quartz/J32SMX-K-G-G-C-12M0/27564884"
"//mm.digikey.com/Volume0/opasdata/d220001/medias/docus/7432/JQG_DB_Q-J32SMX_250618_online.pdf","//mm.digikey.com/Volume0/opasdata/d220001/medias/images/7197/MFG_J32SMX.jpg","1908-J32SMX-H-G-G-C-12M0TR-ND,1908-J32SMX-H-G-G-C-12M0CT-ND,1908-J32SMX-H-G-G-C-12M0DKR-ND","J32SMX-H-G-G-C-12M0","Jauch Quartz","Jauch Quartz","CRYSTAL 12,0MHZ 10PF SMD","3.000","0.15","0","1","Tape & Reel (TR),Cut Tape (CT),Digi-Reel®","J32SMX","Active","MHz Crystal","12 MHz","±30ppm","±30ppm","10pF","100 Ohms","Fundamental","-20°C ~ 70°C","-","Surface Mount","4-SMD, No Lead","0.126"" L x 0.098"" W (3.20mm x 2.50mm)","0.031"" (0.80mm)","4-SMD (3.2x2.5)","https://www.digikey.be/en/products/detail/jauch-quartz/J32SMX-H-G-G-C-12M0/27564922"
"//mm.digikey.com/Volume0/opasdata/d220001/medias/docus/7432/JQG_DB_Q-J32SMX_250618_online.pdf","//mm.digikey.com/Volume0/opasdata/d220001/medias/images/7197/MFG_J32SMX.jpg","1908-J32SMX-K-F-G-C-12M0TR-ND,1908-J32SMX-K-F-G-C-12M0CT-ND,1908-J32SMX-K-F-G-C-12M0DKR-ND","J32SMX-K-F-G-C-12M0","Jauch Quartz","Jauch Quartz","CRYSTAL 12,0MHZ 8PF SMD","3.000","0.15","0","1","Tape & Reel (TR),Cut Tape (CT),Digi-Reel®","J32SMX","Active","MHz Crystal","12 MHz","±30ppm","±10ppm","8pF","100 Ohms","Fundamental","-20°C ~ 70°C","-","Surface Mount","4-SMD, No Lead","0.126"" L x 0.098"" W (3.20mm x 2.50mm)","0.031"" (0.80mm)","4-SMD (3.2x2.5)","https://www.digikey.be/en/products/detail/jauch-quartz/J32SMX-K-F-G-C-12M0/27564956"
"//mm.digikey.com/Volume0/opasdata/d220001/medias/docus/7432/JQG_DB_Q-J32SMX_250618_online.pdf","//mm.digikey.com/Volume0/opasdata/d220001/medias/images/7197/MFG_J32SMX.jpg","1908-J32SMX-H-F-G-C-12M0TR-ND,1908-J32SMX-H-F-G-C-12M0CT-ND,1908-J32SMX-H-F-G-C-12M0DKR-ND","J32SMX-H-F-G-C-12M0","Jauch Quartz","Jauch Quartz","CRYSTAL 12,0MHZ 10PF SMD","3.000","0.15","0","1","Tape & Reel (TR),Cut Tape (CT),Digi-Reel®","J32SMX","Active","MHz Crystal","12 MHz","±30ppm","±10ppm","10pF","100 Ohms","Fundamental","-20°C ~ 70°C","-","Surface Mount","4-SMD, No Lead","0.126"" L x 0.098"" W (3.20mm x 2.50mm)","0.031"" (0.80mm)","4-SMD (3.2x2.5)","https://www.digikey.be/en/products/detail/jauch-quartz/J32SMX-H-F-G-C-12M0/27564967"
"//mm.digikey.com/Volume0/opasdata/d220001/medias/docus/7432/JQG_DB_Q-J32SMX_250618_online.pdf","//mm.digikey.com/Volume0/opasdata/d220001/medias/images/7197/MFG_J32SMX.jpg","1908-J32SMX-A-F-G-C-12M0TR-ND,1908-J32SMX-A-F-G-C-12M0CT-ND,1908-J32SMX-A-F-G-C-12M0DKR-ND","J32SMX-A-F-G-C-12M0","Jauch Quartz","Jauch Quartz","CRYSTAL 12,0MHZ 12PF SMD","2.984","0.15","0","1","Tape & Reel (TR),Cut Tape (CT),Digi-Reel®","J32SMX","Active","MHz Crystal","12 MHz","±30ppm","±10ppm","12pF","100 Ohms","Fundamental","-20°C ~ 70°C","-","Surface Mount","4-SMD, No Lead","0.126"" L x 0.098"" W (3.20mm x 2.50mm)","0.031"" (0.80mm)","4-SMD (3.2x2.5)","https://www.digikey.be/en/products/detail/jauch-quartz/J32SMX-A-F-G-C-12M0/27564932"
"//mm.digikey.com/Volume0/opasdata/d220001/medias/docus/7432/JQG_DB_Q-J32SMX_250618_online.pdf","//mm.digikey.com/Volume0/opasdata/d220001/medias/images/7197/MFG_J32SMX.jpg","1908-J32SMX-H-G-G-I-12M0TR-ND,1908-J32SMX-H-G-G-I-12M0CT-ND,1908-J32SMX-H-G-G-I-12M0DKR-ND","J32SMX-H-G-G-I-12M0","Jauch Quartz","Jauch Quartz","CRYSTAL 12,0MHZ 10PF SMD","2.890","0.15","0","1","Tape & Reel (TR),Cut Tape (CT),Digi-Reel®","J32SMX","Active","MHz Crystal","12 MHz","±30ppm","±30ppm","10pF","100 Ohms","Fundamental","-40°C ~ 85°C","-","Surface Mount","4-SMD, No Lead","0.126"" L x 0.098"" W (3.20mm x 2.50mm)","0.031"" (0.80mm)","4-SMD (3.2x2.5)","https://www.digikey.be/en/products/detail/jauch-quartz/J32SMX-H-G-G-I-12M0/27564765"
"https://www.raltron.com/webproducts/specs/CRYSTAL/RH100-12.000-10-2020-TR.pdf","//mm.digikey.com/Volume0/opasdata/d220001/medias/images/4850/MFG_2151_RH100.jpg","2151-RH100-12.000-10-2020-TR-ND,2151-RH100-12.000-10-2020-TRCT-ND,2151-RH100-12.000-10-2020-TRDKR-ND","RH100-12.000-10-2020-TR","Raltron Electronics","Raltron Electronics","CRYSTAL 12.0000MHZ 10PF SMD","3.000","0.15","0","1","Tape & Reel (TR),Cut Tape (CT),Digi-Reel®","RH100","Active","MHz Crystal","12 MHz","±20ppm","±20ppm","10pF","100 Ohms","Fundamental","-20°C ~ 70°C","-","Surface Mount","4-SMD, No Lead","0.126"" L x 0.098"" W (3.20mm x 2.50mm)","0.031"" (0.80mm)","4-SMD (3.2x2.5)","https://www.digikey.be/en/products/detail/raltron-electronics/RH100-12-000-10-2020-TR/13150840"
"https://www.raltron.com/webproducts/specs/CRYSTAL/RH100-12.000-18-3030-TR.pdf","//mm.digikey.com/Volume0/opasdata/d220001/medias/images/4850/MFG_2151_RH100.jpg","2151-RH100-12.000-18-3030-TR-ND,2151-RH100-12.000-18-3030-TRCT-ND,2151-RH100-12.000-18-3030-TRDKR-ND","RH100-12.000-18-3030-TR","Raltron Electronics","Raltron Electronics","CRYSTAL 12.0000MHZ 18PF SMD","2.982","0.15","0","1","Tape & Reel (TR),Cut Tape (CT),Digi-Reel®","RH100","Active","MHz Crystal","12 MHz","±30ppm","±30ppm","18pF","100 Ohms","Fundamental","-20°C ~ 70°C","-","Surface Mount","4-SMD, No Lead","0.126"" L x 0.098"" W (3.20mm x 2.50mm)","0.031"" (0.80mm)","4-SMD (3.2x2.5)","https://www.digikey.be/en/products/detail/raltron-electronics/RH100-12-000-18-3030-TR/13150904"
"https://www.raltron.com/webproducts/specs/CRYSTAL/RH100.pdf","//mm.digikey.com/Volume0/opasdata/d220001/medias/images/6145/MFG_RH100-16.000-12-2030-EXT-TR.jpg","2151-RH100-12.000-10-3030-TR-ND,2151-RH100-12.000-10-3030-TRCT-ND,2151-RH100-12.000-10-3030-TRDKR-ND","RH100-12.000-10-3030-TR","Raltron Electronics","Raltron Electronics","CRYSTAL 12.000MHZ 10PF SMD","1.476","0.15","0","1","Tape & Reel (TR),Cut Tape (CT),Digi-Reel®","RH100","Active","MHz Crystal","12 MHz","±30ppm","±30ppm","10pF","100 Ohms","Fundamental","-20°C ~ 70°C","-","Surface Mount","4-SMD, No Lead","0.126"" L x 0.098"" W (3.20mm x 2.50mm)","0.031"" (0.80mm)","4-SMD (3.2x2.5)","https://www.digikey.be/en/products/detail/raltron-electronics/RH100-12-000-10-3030-TR/22531213"
"https://www.raltron.com/webproducts/specs/CRYSTAL/RH100-12.000-18-2030-TR.pdf","//mm.digikey.com/Volume0/opasdata/d220001/medias/images/4850/MFG_2151_RH100.jpg","2151-RH100-12.000-18-2030-TR-ND,2151-RH100-12.000-18-2030-TRCT-ND,2151-RH100-12.000-18-2030-TRDKR-ND","RH100-12.000-18-2030-TR","Raltron Electronics","Raltron Electronics","CRYSTAL 12.0MHZ 18PF SMD","1.111","0.15","0","1","Tape & Reel (TR),Cut Tape (CT),Digi-Reel®","RH100","Active","MHz Crystal","12 MHz","±30ppm","±20ppm","18pF","100 Ohms","Fundamental","-20°C ~ 70°C","-","Surface Mount","4-SMD, No Lead","0.126"" L x 0.098"" W (3.20mm x 2.50mm)","0.031"" (0.80mm)","4-SMD (3.2x2.5)","https://www.digikey.be/en/products/detail/raltron-electronics/RH100-12-000-18-2030-TR/15963314"
"https://www.eaton.com/content/dam/eaton/products/electronic-components/resources/data-sheet/eaton-e3x-crystal-resonator-mhz-data-sheet-elx1387-en.pdf","//mm.digikey.com/Volume0/opasdata/d220001/medias/images/6453/MFG_Eaton_Crystal_Image.jpg","283-E3X120061X12TR-ND,283-E3X120061X12CT-ND,283-E3X120061X12DKR-ND","E3X120061X12","Eaton - Electronics Division","Eaton - Electronics Division","CRYSTAL 3225 12MHZ 6PF 10PPM","200","0.15","0","1","Tape & Reel (TR),Cut Tape (CT),Digi-Reel®","E3X","Active","MHz Crystal","12 MHz","±20ppm","±10ppm","6pF","80 Ohms","Fundamental","-40°C ~ 85°C","-","Surface Mount","4-SMD, No Lead","0.126"" L x 0.098"" W (3.20mm x 2.50mm)","0.031"" (0.80mm)","4-SMD (3.2x2.5)","https://www.digikey.be/en/products/detail/eaton-electronics-division/E3X120061X12/25655815"
"https://www.eaton.com/content/dam/eaton/products/electronic-components/resources/data-sheet/eaton-e3x-crystal-resonator-mhz-data-sheet-elx1387-en.pdf","//mm.digikey.com/Volume0/opasdata/d220001/medias/images/6453/MFG_Eaton_Crystal_Image.jpg","283-E3X120071X14TR-ND,283-E3X120071X14CT-ND,283-E3X120071X14DKR-ND","E3X120071X14","Eaton - Electronics Division","Eaton - Electronics Division","CRYSTAL 3225 12MHZ 7PF 10PPM","200","0.15","0","1","Tape & Reel (TR),Cut Tape (CT),Digi-Reel®","E3X","Active","MHz Crystal","12 MHz","±20ppm","±10ppm","7pF","80 Ohms","Fundamental","-40°C ~ 85°C","-","Surface Mount","4-SMD, No Lead","0.126"" L x 0.098"" W (3.20mm x 2.50mm)","0.031"" (0.80mm)","4-SMD (3.2x2.5)","https://www.digikey.be/en/products/detail/eaton-electronics-division/E3X120071X14/25655819"
"https://www.eaton.com/content/dam/eaton/products/electronic-components/resources/data-sheet/eaton-e3x-crystal-resonator-mhz-data-sheet-elx1387-en.pdf","//mm.digikey.com/Volume0/opasdata/d220001/medias/images/6453/MFG_Eaton_Crystal_Image.jpg","283-E3X120041X10TR-ND,283-E3X120041X10CT-ND,283-E3X120041X10DKR-ND","E3X120041X10","Eaton - Electronics Division","Eaton - Electronics Division","CRYSTAL 3225 12MHZ 4PF 10PPM","200","0.15","0","1","Tape & Reel (TR),Cut Tape (CT),Digi-Reel®","E3X","Active","MHz Crystal","12 MHz","±20ppm","±10ppm","4pF","80 Ohms","Fundamental","-40°C ~ 85°C","-","Surface Mount","4-SMD, No Lead","0.126"" L x 0.098"" W (3.20mm x 2.50mm)","0.031"" (0.80mm)","4-SMD (3.2x2.5)","https://www.digikey.be/en/products/detail/eaton-electronics-division/E3X120041X10/25655927"
"https://www.raltron.com/webproducts/specs/CRYSTAL/RH100-12.000-16-3030-TR.pdf","//mm.digikey.com/Volume0/opasdata/d220001/medias/images/4850/MFG_2151_RH100.jpg","2151-RH100-12.000-16-3030-TR-ND,2151-RH100-12.000-16-3030-TRCT-ND,2151-RH100-12.000-16-3030-TRDKR-ND","RH100-12.000-16-3030-TR","Raltron Electronics","Raltron Electronics","CRYSTAL 12.0MHZ 16PF SMD","608","0.15","0","1","Tape & Reel (TR),Cut Tape (CT),Digi-Reel®","RH100","Active","MHz Crystal","12 MHz","±30ppm","±30ppm","16pF","100 Ohms","Fundamental","-20°C ~ 70°C","-","Surface Mount","4-SMD, No Lead","0.126"" L x 0.098"" W (3.20mm x 2.50mm)","0.031"" (0.80mm)","4-SMD (3.2x2.5)","https://www.digikey.be/en/products/detail/raltron-electronics/RH100-12-000-16-3030-TR/15963316"
"https://www.raltron.com/webproducts/specs/CRYSTAL/RH100-12.000-20-3030-EXT-T-NS1.pdf","//mm.digikey.com/Volume0/opasdata/d220001/medias/images/4850/MFG_2151_RH100.jpg","2151-RH100-12.000-20-3030-EXT-T-NS1-ND","RH100-12.000-20-3030-EXT-T-NS1","Raltron Electronics","Raltron Electronics","CRYSTAL 12.0000MHZ 20PF SMD","0","0.15","0","1","Bulk","RH100","Active","MHz Crystal","12 MHz","±30ppm","±30ppm","20pF","100 Ohms","Fundamental","-40°C ~ 85°C","-","Surface Mount","4-SMD, No Lead","0.126"" L x 0.098"" W (3.20mm x 2.50mm)","0.031"" (0.80mm)","4-SMD (3.2x2.5)","https://www.digikey.be/en/products/detail/raltron-electronics/RH100-12-000-20-3030-EXT-T-NS1/13150794"
"https://www.raltron.com/webproducts/specs/CRYSTAL/RH100-12.000-12-3030-EXT-TR.pdf","//mm.digikey.com/Volume0/opasdata/d220001/medias/images/4850/MFG_2151_RH100.jpg","2151-RH100-12.000-12-3030-EXT-TR-ND,2151-RH100-12.000-12-3030-EXT-TRCT-ND,2151-RH100-12.000-12-3030-EXT-TRDKR-ND","RH100-12.000-12-3030-EXT-TR","Raltron Electronics","Raltron Electronics","CRYSTAL 12.0000MHZ 12PF SMD","71","0.15","0","1","Tape & Reel (TR),Cut Tape (CT),Digi-Reel®","RH100","Active","MHz Crystal","12 MHz","±30ppm","±30ppm","12pF","100 Ohms","Fundamental","-40°C ~ 85°C","-","Surface Mount","4-SMD, No Lead","0.126"" L x 0.098"" W (3.20mm x 2.50mm)","0.031"" (0.80mm)","4-SMD (3.2x2.5)","https://www.digikey.be/en/products/detail/raltron-electronics/RH100-12-000-12-3030-EXT-TR/13150821"
"https://www.raltron.com/webproducts/specs/CRYSTAL/RH100-12.000-12.5-5050-TR-NS2.pdf","//mm.digikey.com/Volume0/opasdata/d220001/medias/images/4850/MFG_2151_RH100.jpg","2151-RH100-12.000-12.5-5050-TR-NS2TR-ND,2151-RH100-12.000-12.5-5050-TR-NS2CT-ND,2151-RH100-12.000-12.5-5050-TR-NS2DKR-ND","RH100-12.000-12.5-5050-TR-NS2","Raltron Electronics","Raltron Electronics","CRYSTAL 12.0000MHZ 12.5PF SMD","0","0.15","0","1","Tape & Reel (TR),Cut Tape (CT),Digi-Reel®","RH100","Active","MHz Crystal","12 MHz","±50ppm","±50ppm","12.5pF","80 Ohms","Fundamental","-20°C ~ 70°C","-","Surface Mount","4-SMD, No Lead","0.126"" L x 0.098"" W (3.20mm x 2.50mm)","0.031"" (0.80mm)","4-SMD (3.2x2.5)","https://www.digikey.be/en/products/detail/raltron-electronics/RH100-12-000-12-5-5050-TR-NS2/13150814"
"https://www.raltron.com/webproducts/specs/CRYSTAL/RH100-12.000-18-3030-EXT-TR.pdf","//mm.digikey.com/Volume0/opasdata/d220001/medias/images/4850/MFG_2151_RH100.jpg","2151-RH100-12.000-18-3030-EXT-TR-ND,2151-RH100-12.000-18-3030-EXT-TRCT-ND,2151-RH100-12.000-18-3030-EXT-TRDKR-ND","RH100-12.000-18-3030-EXT-TR","Raltron Electronics","Raltron Electronics","CRYSTAL 12.0000MHZ 18PF SMD","0","0.15","0","1","Tape & Reel (TR),Cut Tape (CT),Digi-Reel®","RH100","Active","MHz Crystal","12 MHz","±30ppm","±30ppm","18pF","100 Ohms","Fundamental","-40°C ~ 85°C","-","Surface Mount","4-SMD, No Lead","0.126"" L x 0.098"" W (3.20mm x 2.50mm)","0.031"" (0.80mm)","4-SMD (3.2x2.5)","https://www.digikey.be/en/products/detail/raltron-electronics/RH100-12-000-18-3030-EXT-TR/13150975"
"http://www.txccrystal.com/images/pdf/9c.pdf","//mm.digikey.com/Volume0/opasdata/d220001/medias/images/366/9C-SERIES.jpg","887-2414-2-ND","9C-12.000MBBK-T","TXC CORPORATION","TXC CORPORATION","CRYSTAL 12.0000MHZ 20PF SMD","0","0.15108","0","1000","Tape & Reel (TR)","9C","Obsolete","MHz Crystal","12 MHz","±50ppm","±50ppm","20pF","40 Ohms","Fundamental","-20°C ~ 70°C","-","Surface Mount","HC-49/US","0.449"" L x 0.189"" W (11.40mm x 4.80mm)","0.161"" (4.10mm)","HC-49S","https://www.digikey.be/en/products/detail/txc-corporation/9C-12-000MBBK-T/3521923"
"http://www.txccrystal.com/images/pdf/9c.pdf","//mm.digikey.com/Volume0/opasdata/d220001/medias/images/366/9C-SERIES.jpg","9C12000008-ND","9C12000008","TXC CORPORATION","TXC CORPORATION","CRYSTAL 12.0000MHZ 16PF SMD","0","0.15108","0","1000","Tape & Reel (TR)","9C","Obsolete","MHz Crystal","12 MHz","±30ppm","±30ppm","16pF","40 Ohms","-","-40°C ~ 85°C","-","Surface Mount","HC-49/US","0.449"" L x 0.189"" W (11.40mm x 4.80mm)","0.161"" (4.10mm)","HC-49S","https://www.digikey.be/en/products/detail/txc-corporation/9C12000008/5954801"
"http://www.txccrystal.com/images/pdf/9c.pdf","//mm.digikey.com/Volume0/opasdata/d220001/medias/images/366/9C-SERIES.jpg","9C12000083-ND","9C12000083","TXC CORPORATION","TXC CORPORATION","CRYSTAL 12.0000MHZ 30PF SMD","0","0.15108","0","1000","Tape & Reel (TR)","9C","Obsolete","MHz Crystal","12 MHz","±30ppm","±20ppm","30pF","40 Ohms","-","-20°C ~ 70°C","-","Surface Mount","HC-49/US","0.449"" L x 0.189"" W (11.40mm x 4.80mm)","0.161"" (4.10mm)","HC-49S","https://www.digikey.be/en/products/detail/txc-corporation/9C12000083/5954804"
"http://www.txccrystal.com/images/pdf/9c.pdf","//mm.digikey.com/Volume0/opasdata/d220001/medias/images/366/9C-SERIES.jpg","9C12000289-ND","9C12000289","TXC CORPORATION","TXC CORPORATION","CRYSTAL 12.0000MHZ 18PF SMD","0","0.15108","0","1000","Tape & Reel (TR)","9C","Obsolete","MHz Crystal","12 MHz","±30ppm","±30ppm","18pF","40 Ohms","-","-20°C ~ 70°C","-","Surface Mount","HC-49/US","0.449"" L x 0.189"" W (11.40mm x 4.80mm)","0.161"" (4.10mm)","HC-49S","https://www.digikey.be/en/products/detail/txc-corporation/9C12000289/5954807"
"http://www.txccrystal.com/images/pdf/9c.pdf","//mm.digikey.com/Volume0/opasdata/d220001/medias/images/366/9C-SERIES.jpg","9C12000476-ND","9C12000476","TXC CORPORATION","TXC CORPORATION","CRYSTAL 12.0000MHZ 18PF SMD","0","0.15108","0","1000","Tape & Reel (TR)","9C","Obsolete","MHz Crystal","12 MHz","±30ppm","±30ppm","18pF","40 Ohms","-","-40°C ~ 85°C","-","Surface Mount","HC-49/US","0.449"" L x 0.189"" W (11.40mm x 4.80mm)","0.161"" (4.10mm)","HC-49S","https://www.digikey.be/en/products/detail/txc-corporation/9C12000476/5954809"
"http://www.txccrystal.com/images/pdf/9c.pdf","//mm.digikey.com/Volume0/opasdata/d220001/medias/images/366/9C-SERIES.jpg","9C12020001-ND","9C12020001","TXC CORPORATION","TXC CORPORATION","CRYSTAL 12.0000MHZ 18PF SMD","0","0.15108","0","1000","Tape & Reel (TR)","9C","Obsolete","MHz Crystal","12 MHz","±50ppm","±30ppm","18pF","40 Ohms","-","-20°C ~ 70°C","-","Surface Mount","HC-49/US","0.449"" L x 0.189"" W (11.40mm x 4.80mm)","0.161"" (4.10mm)","HC-49S","https://www.digikey.be/en/products/detail/txc-corporation/9C12020001/5954811"
"http://www.txccrystal.com/images/pdf/9c.pdf","//mm.digikey.com/Volume0/opasdata/d220001/medias/images/366/9C-SERIES.jpg","9C12070007-ND","9C12070007","TXC CORPORATION","TXC CORPORATION","CRYSTAL 12.0000MHZ 18PF SMD","0","0.15108","0","1000","Tape & Reel (TR)","9C","Obsolete","MHz Crystal","12 MHz","±30ppm","±30ppm","18pF","40 Ohms","-","-20°C ~ 70°C","-","Surface Mount","HC-49/US","0.449"" L x 0.189"" W (11.40mm x 4.80mm)","0.161"" (4.10mm)","HC-49S","https://www.digikey.be/en/products/detail/txc-corporation/9C12070007/5954812"
"http://www.txccrystal.com/images/pdf/9c.pdf","//mm.digikey.com/Volume0/opasdata/d220001/medias/images/366/9C-SERIES.jpg","9C12076001-ND","9C12076001","TXC CORPORATION","TXC CORPORATION","CRYSTAL 12.0000MHZ 18PF SMD","0","0.15108","0","1000","Tape & Reel (TR)","9C","Obsolete","MHz Crystal","12 MHz","±30ppm","±30ppm","18pF","40 Ohms","-","-40°C ~ 85°C","-","Surface Mount","HC-49/US","0.449"" L x 0.189"" W (11.40mm x 4.80mm)","0.161"" (4.10mm)","HC-49S","https://www.digikey.be/en/products/detail/txc-corporation/9C12076001/5954813"
"http://www.txccrystal.com/images/pdf/9c.pdf","//mm.digikey.com/Volume0/opasdata/d220001/medias/images/366/9C-SERIES.jpg","887-2413-2-ND","9C-12.000MAGJ-T","TXC CORPORATION","TXC CORPORATION","CRYSTAL 12.0000MHZ 18PF SMD","0","0.16481","0","1000","Tape & Reel (TR)","9C","Obsolete","MHz Crystal","12 MHz","±50ppm","±30ppm","18pF","40 Ohms","Fundamental","-40°C ~ 85°C","-","Surface Mount","HC-49/US","0.449"" L x 0.189"" W (11.40mm x 4.80mm)","0.161"" (4.10mm)","HC-49S","https://www.digikey.be/en/products/detail/txc-corporation/9C-12-000MAGJ-T/4475345"
"http://www.txccrystal.com/images/pdf/9c.pdf","//mm.digikey.com/Volume0/opasdata/d220001/medias/images/366/9C-SERIES.jpg","9C12000430-ND","9C12000430","TXC CORPORATION","TXC CORPORATION","CRYSTAL 12.0000MHZ 15PF SMD","0","0.16481","0","1000","Tape & Reel (TR)","9C","Obsolete","MHz Crystal","12 MHz","±10ppm","±10ppm","15pF","40 Ohms","-","-10°C ~ 60°C","-","Surface Mount","HC-49/US","0.449"" L x 0.189"" W (11.40mm x 4.80mm)","0.161"" (4.10mm)","HC-49S","https://www.digikey.be/en/products/detail/txc-corporation/9C12000430/5954808"
"http://www.txccrystal.com/images/pdf/9c.pdf","//mm.digikey.com/Volume0/opasdata/d220001/medias/images/366/9C-SERIES.jpg","9C-12.000MAHK-T-ND","9C-12.000MAHK-T","TXC CORPORATION","TXC CORPORATION","CRYSTAL 12.0000MHZ 20PF SMD","0","0.16481","0","1000","Tape & Reel (TR)","9C","Obsolete","MHz Crystal","12 MHz","±30ppm","±30ppm","20pF","40 Ohms","Fundamental","-40°C ~ 85°C","-","Surface Mount","HC-49/US","0.449"" L x 0.189"" W (11.40mm x 4.80mm)","0.161"" (4.10mm)","HC-49S","https://www.digikey.be/en/products/detail/txc-corporation/9C-12-000MAHK-T/7906576"
"https://www.vishay.com/doc?35063","//mm.digikey.com/Volume0/opasdata/d220001/medias/images/6634/MFG_20364.jpg","541-XT2318HGRGX12M00ETR-ND,541-XT2318HGRGX12M00ECT-ND,541-XT2318HGRGX12M00EDKR-ND","XT2318HGRGX12M00E","Vishay Dale","Vishay Dale","CRYSTAL, 3.2X2.5MM, +/-30PPM, -4","0","0.16648","0","3000","Tape & Reel (TR),Cut Tape (CT),Digi-Reel®","XT23","Active","MHz Crystal","12 MHz","±30ppm","±30ppm","18pF","100 Ohms","Fundamental","-40°C ~ 85°C","-","Surface Mount","4-SMD, No Lead","0.126"" L x 0.098"" W (3.20mm x 2.50mm)","0.031"" (0.80mm)","4-SMD (3.2x2.5)","https://www.digikey.be/en/products/detail/vishay-dale/XT2318HGRGX12M00E/26256471"
"https://abracon.com/datasheets/Ecliptek/E1S.pdf","//mm.digikey.com/Volume0/opasdata/d220001/medias/images/5407/E1S.jpg","2773-E1SHA18-12.000MTR-ND","E1SHA18-12.000M TR","Ecliptek","Ecliptek","CRYSTALS 12.000MHZ 15PPM 18PF PA","0","0.17173","0","1000","Tape & Reel (TR)","E1S","Active","MHz Crystal","12 MHz","±30ppm","±15ppm","18pF","70 Ohms","Fundamental","-20°C ~ 70°C","-","Surface Mount","HC-49/US","0.457"" L x 0.191"" W (11.60mm x 4.85mm)","0.126"" (3.20mm)","HC-49/UP","https://www.digikey.be/en/products/detail/ecliptek/E1SHA18-12-000M-TR/16028220"
"http://www.txccrystal.com/images/pdf/9c.pdf","//mm.digikey.com/Volume0/opasdata/d220001/medias/images/366/9C-SERIES.jpg","9C-12.000MAAE-T-ND","9C-12.000MAAE-T","TXC CORPORATION","TXC CORPORATION","CRYSTAL 12.0000MHZ 12PF SMD","0","0.17855","0","1000","Tape & Reel (TR)","9C","Obsolete","MHz Crystal","12 MHz","±30ppm","±30ppm","12pF","40 Ohms","Fundamental","-20°C ~ 70°C","-","Surface Mount","HC-49/US","0.449"" L x 0.189"" W (11.40mm x 4.80mm)","0.161"" (4.10mm)","HC-49S","https://www.digikey.be/en/products/detail/txc-corporation/9C-12-000MAAE-T/3674368"
"//mm.digikey.com/Volume0/opasdata/d220001/medias/docus/6402/J49SMH_Type_DS-1.pdf","//mm.digikey.com/Volume0/opasdata/d220001/medias/images/192/MFG_J49SMH.jpg","1908-J49SMH-F-G-G-K-12M0TR-ND,1908-J49SMH-F-G-G-K-12M0CT-ND,1908-J49SMH-F-G-G-K-12M0DKR-ND","J49SMH-F-G-G-K-12M0","Jauch Quartz","Jauch Quartz","CRYSTAL 12.0000MHZ 18PF SMD","20.755","0.18","0","1","Tape & Reel (TR),Cut Tape (CT),Digi-Reel®","J49SMH","Active","MHz Crystal","12 MHz","±30ppm","±30ppm","18pF","35 Ohms","Fundamental","-40°C ~ 85°C","-","Surface Mount","HC-49/US","0.461"" L x 0.189"" W (11.70mm x 4.80mm)","0.157"" (4.00mm)","-","https://www.digikey.be/en/products/detail/jauch-quartz/J49SMH-F-G-G-K-12M0/10416018"
"https://www.raltron.com/webproducts/specs/CRYSTAL/R2520-12.000-12-2030-EXT-TR-NS1.pdf","//mm.digikey.com/Volume0/opasdata/d220001/medias/images/6145/MFG_R2520-16.000-12-2030-EXT-TR-NS1.jpg","2151-R2520-12.000-12-2030-EXT-TR-NS1TR-ND,2151-R2520-12.000-12-2030-EXT-TR-NS1CT-ND,2151-R2520-12.000-12-2030-EXT-TR-NS1DKR-ND","R2520-12.000-12-2030-EXT-TR-NS1","Raltron Electronics","Raltron Electronics","CRYSTAL 12.000MHZ 12PF SMD","2.755","0.18","0","1","Tape & Reel (TR),Cut Tape (CT),Digi-Reel®","R2520","Active","MHz Crystal","12 MHz","±30ppm","±20ppm","12pF","150 Ohms","Fundamental","-40°C ~ 85°C","-","Surface Mount","4-SMD, No Lead","0.098"" L x 0.079"" W (2.50mm x 2.00mm)","0.026"" (0.65mm)","4-SMD (2.5x2)","https://www.digikey.be/en/products/detail/raltron-electronics/R2520-12-000-12-2030-EXT-TR-NS1/22531246"
"//mm.digikey.com/Volume0/opasdata/d220001/medias/docus/6402/J49SMH_Type_DS-1.pdf","//mm.digikey.com/Volume0/opasdata/d220001/medias/images/192/MFG_J49SMH.jpg","1908-J49SMH-A-G-G-K-12M0TR-ND,1908-J49SMH-A-G-G-K-12M0CT-ND,1908-J49SMH-A-G-G-K-12M0DKR-ND","J49SMH-A-G-G-K-12M0","Jauch Quartz","Jauch Quartz","CRYSTAL 12.0000MHZ 12PF SMD","2.468","0.18","0","1","Tape & Reel (TR),Cut Tape (CT),Digi-Reel®","J49SMH","Active","MHz Crystal","12 MHz","±30ppm","±30ppm","12pF","35 Ohms","Fundamental","-40°C ~ 85°C","-","Surface Mount","HC-49/US","0.461"" L x 0.189"" W (11.70mm x 4.80mm)","0.157"" (4.00mm)","-","https://www.digikey.be/en/products/detail/jauch-quartz/J49SMH-A-G-G-K-12M0/10416135"
"//mm.digikey.com/Volume0/opasdata/d220001/medias/docus/6402/J49SMH_Type_DS-1.pdf","//mm.digikey.com/Volume0/opasdata/d220001/medias/images/192/MFG_J49SMH.jpg","1908-J49SMH-P-G-G-K-12M0TR-ND,1908-J49SMH-P-G-G-K-12M0CT-ND,1908-J49SMH-P-G-G-K-12M0DKR-ND","J49SMH-P-G-G-K-12M0","Jauch Quartz","Jauch Quartz","CRYSTAL 12.0000MHZ 30PF SMD","2.160","0.18","0","1","Tape & Reel (TR),Cut Tape (CT),Digi-Reel®","J49SMH","Active","MHz Crystal","12 MHz","±30ppm","±30ppm","30pF","35 Ohms","Fundamental","-40°C ~ 85°C","-","Surface Mount","HC-49/US","0.461"" L x 0.189"" W (11.70mm x 4.80mm)","0.157"" (4.00mm)","-","https://www.digikey.be/en/products/detail/jauch-quartz/J49SMH-P-G-G-K-12M0/10415995"
"https://www.eaton.com/content/dam/eaton/products/electronic-components/resources/data-sheet/eaton-e3x-crystal-resonator-mhz-data-sheet-elx1387-en.pdf","//mm.digikey.com/Volume0/opasdata/d220001/medias/images/6453/MFG_Eaton_Crystal_Image.jpg","283-E3X120081X16TR-ND,283-E3X120081X16CT-ND,283-E3X120081X16DKR-ND","E3X120081X16","Eaton - Electronics Division","Eaton - Electronics Division","CRYSTAL 3225 12MHZ 8PF 10PPM","2.995","0.18","0","1","Tape & Reel (TR),Cut Tape (CT),Digi-Reel®","E3X","Active","MHz Crystal","12 MHz","±20ppm","±10ppm","8pF","80 Ohms","Fundamental","-40°C ~ 85°C","-","Surface Mount","4-SMD, No Lead","0.126"" L x 0.098"" W (3.20mm x 2.50mm)","0.031"" (0.80mm)","4-SMD (3.2x2.5)","https://www.digikey.be/en/products/detail/eaton-electronics-division/E3X120081X16/25655997"
"https://www.raltron.com/webproducts/specs/CRYSTAL/RH100-12.000-9-1515-TR.pdf","//mm.digikey.com/Volume0/opasdata/d220001/medias/images/4850/MFG_2151_RH100.jpg","2151-RH100-12.000-9-1515-TR-ND,2151-RH100-12.000-9-1515-TRCT-ND,2151-RH100-12.000-9-1515-TRDKR-ND","RH100-12.000-9-1515-TR","Raltron Electronics","Raltron Electronics","CRYSTAL 12.0000MHZ 9PF SMD","5.268","0.18","0","1","Tape & Reel (TR),Cut Tape (CT),Digi-Reel®","RH100","Active","MHz Crystal","12 MHz","±15ppm","±15ppm","9pF","100 Ohms","Fundamental","-20°C ~ 70°C","-","Surface Mount","4-SMD, No Lead","0.126"" L x 0.098"" W (3.20mm x 2.50mm)","0.031"" (0.80mm)","4-SMD (3.2x2.5)","https://www.digikey.be/en/products/detail/raltron-electronics/RH100-12-000-9-1515-TR/10272663"
"https://www.raltron.com/webproducts/specs/CRYSTAL/RH100-12.000-20-2030-TR.pdf","//mm.digikey.com/Volume0/opasdata/d220001/medias/images/4850/MFG_2151_RH100.jpg","2151-RH100-12.000-20-2030-TR-ND,2151-RH100-12.000-20-2030-TRCT-ND,2151-RH100-12.000-20-2030-TRDKR-ND","RH100-12.000-20-2030-TR","Raltron Electronics","Raltron Electronics","CRYSTAL 12.0000MHZ 20PF SMD","2.141","0.18","0","1","Tape & Reel (TR),Cut Tape (CT),Digi-Reel®","RH100","Active","MHz Crystal","12 MHz","±30ppm","±20ppm","20pF","100 Ohms","Fundamental","-20°C ~ 70°C","-","Surface Mount","4-SMD, No Lead","0.126"" L x 0.098"" W (3.20mm x 2.50mm)","0.031"" (0.80mm)","4-SMD (3.2x2.5)","https://www.digikey.be/en/products/detail/raltron-electronics/RH100-12-000-20-2030-TR/10272651"
"https://www.raltron.com/webproducts/specs/CRYSTAL/R2520-12.000-10-3050-EXT-TR-NS1.pdf","//mm.digikey.com/Volume0/opasdata/d220001/medias/images/6145/MFG_R2520-16.000-12-2030-EXT-TR-NS1.jpg","2151-R2520-12.000-10-3050-EXT-TR-NS1TR-ND,2151-R2520-12.000-10-3050-EXT-TR-NS1CT-ND,2151-R2520-12.000-10-3050-EXT-TR-NS1DKR-ND","R2520-12.000-10-3050-EXT-TR-NS1","Raltron Electronics","Raltron Electronics","CRYSTAL 12.000MHZ 10PF SMD","650","0.18","0","1","Tape & Reel (TR),Cut Tape (CT),Digi-Reel®","R2520","Active","MHz Crystal","12 MHz","±50ppm","±30ppm","10pF","150 Ohms","Fundamental","-40°C ~ 85°C","-","Surface Mount","4-SMD, No Lead","0.098"" L x 0.079"" W (2.50mm x 2.00mm)","0.030"" (0.75mm)","4-SMD (2.5x2)","https://www.digikey.be/en/products/detail/raltron-electronics/R2520-12-000-10-3050-EXT-TR-NS1/22531224"
"https://www.raltron.com/webproducts/specs/CRYSTAL/RH100-12.000-18-2030-EXT-TR.pdf","//mm.digikey.com/Volume0/opasdata/d220001/medias/images/4850/MFG_2151_RH100.jpg","2151-RH100-12.000-18-2030-EXT-TR-ND,2151-RH100-12.000-18-2030-EXT-TRCT-ND,2151-RH100-12.000-18-2030-EXT-TRDKR-ND","RH100-12.000-18-2030-EXT-TR","Raltron Electronics","Raltron Electronics","CRYSTAL 12.0000MHZ 18PF SMD","731","0.18","0","1","Tape & Reel (TR),Cut Tape (CT),Digi-Reel®","RH100","Active","MHz Crystal","12 MHz","±30ppm","±20ppm","18pF","100 Ohms","Fundamental","-40°C ~ 85°C","-","Surface Mount","4-SMD, No Lead","0.126"" L x 0.098"" W (3.20mm x 2.50mm)","0.031"" (0.80mm)","4-SMD (3.2x2.5)","https://www.digikey.be/en/products/detail/raltron-electronics/RH100-12-000-18-2030-EXT-TR/10272648"
"https://www.raltron.com/webproducts/specs/CRYSTAL/CKP/RH100-12.000-10-2020-EXT-TR.pdf","//mm.digikey.com/Volume0/opasdata/d220001/medias/images/4850/MFG_2151_RH100.jpg","2151-RH100-12.000-10-2020-EXT-TR-ND,2151-RH100-12.000-10-2020-EXT-TRCT-ND,2151-RH100-12.000-10-2020-EXT-TRDKR-ND","RH100-12.000-10-2020-EXT-TR","Raltron Electronics","Raltron Electronics","CRYSTAL 12.0000MHZ 10PF SMD","578","0.18","0","1","Tape & Reel (TR),Cut Tape (CT),Digi-Reel®","RH100","Active","MHz Crystal","12 MHz","±20ppm","±20ppm","10pF","100 Ohms","Fundamental","-40°C ~ 85°C","-","Surface Mount","4-SMD, No Lead","0.126"" L x 0.098"" W (3.20mm x 2.50mm)","0.031"" (0.80mm)","4-SMD (3.2x2.5)","https://www.digikey.be/en/products/detail/raltron-electronics/RH100-12-000-10-2020-EXT-TR/10272639"
"https://www.raltron.com/webproducts/specs/CRYSTAL/RH100-12.000-12-1010-EXT-TR.pdf","//mm.digikey.com/Volume0/opasdata/d220001/medias/images/4850/MFG_2151_RH100.jpg","2151-RH100-12.000-12-1010-EXT-TR-ND,2151-RH100-12.000-12-1010-EXT-TRCT-ND,2151-RH100-12.000-12-1010-EXT-TRDKR-ND","RH100-12.000-12-1010-EXT-TR","Raltron Electronics","Raltron Electronics","CRYSTAL 12.0000MHZ 12PF SMD","0","0.18","0","1","Tape & Reel (TR),Cut Tape (CT),Digi-Reel®","RH100","Active","MHz Crystal","12 MHz","±10ppm","±10ppm","12pF","100 Ohms","Fundamental","-40°C ~ 85°C","-","Surface Mount","4-SMD, No Lead","0.126"" L x 0.098"" W (3.20mm x 2.50mm)","0.031"" (0.80mm)","4-SMD (3.2x2.5)","https://www.digikey.be/en/products/detail/raltron-electronics/RH100-12-000-12-1010-EXT-TR/10272642"
"https://www.raltron.com/webproducts/specs/CRYSTAL/RH100-12.000-18-2020-TR.pdf","//mm.digikey.com/Volume0/opasdata/d220001/medias/images/4850/MFG_2151_RH100.jpg","2151-RH100-12.000-18-2020-TR-ND,2151-RH100-12.000-18-2020-TRCT-ND,2151-RH100-12.000-18-2020-TRDKR-ND","RH100-12.000-18-2020-TR","Raltron Electronics","Raltron Electronics","CRYSTAL 12.0000MHZ 18PF SMD","0","0.18","0","1","Tape & Reel (TR),Cut Tape (CT),Digi-Reel®","RH100","Active","MHz Crystal","12 MHz","±20ppm","±20ppm","18pF","100 Ohms","Fundamental","-20°C ~ 70°C","-","Surface Mount","4-SMD, No Lead","0.126"" L x 0.098"" W (3.20mm x 2.50mm)","0.031"" (0.80mm)","4-SMD (3.2x2.5)","https://www.digikey.be/en/products/detail/raltron-electronics/RH100-12-000-18-2020-TR/10272645"
"https://abracon.com/Resonators/ABLS2.pdf","//mm.digikey.com/Volume0/opasdata/d220001/medias/images/6845/535%7EHC49USSMD-3.3-11.4X4.7%7E%7E2.jpg","535-ABLS2-12.000MHZ-20-D3W-TTR-ND","ABLS2-12.000MHZ-20-D3W-T","Abracon LLC","Abracon LLC","CRYSTAL 12.0000MHZ 20PF SMD","0","0.18025","0","1000","Tape & Reel (TR)","ABLS2","Active","MHz Crystal","12 MHz","±25ppm","±25ppm","20pF","50 Ohms","Fundamental","-40°C ~ 85°C","-","Surface Mount","HC-49/US","0.449"" L x 0.185"" W (11.40mm x 4.70mm)","0.130"" (3.30mm)","HC-49/US","https://www.digikey.be/en/products/detail/abracon-llc/ABLS2-12-000MHZ-20-D3W-T/15996002"
"http://www.txccrystal.com/images/pdf/9c.pdf","//mm.digikey.com/Volume0/opasdata/d220001/medias/images/366/9C-SERIES.jpg","9C12000065-ND","9C12000065","TXC CORPORATION","TXC CORPORATION","CRYSTAL 12.0000MHZ 20PF SMD","0","0.18681","0","1000","Tape & Reel (TR)","9C","Obsolete","MHz Crystal","12 MHz","±30ppm","±30ppm","20pF","40 Ohms","-","-10°C ~ 60°C","-","Surface Mount","HC-49/US","0.449"" L x 0.189"" W (11.40mm x 4.80mm)","0.161"" (4.10mm)","HC-49S","https://www.digikey.be/en/products/detail/txc-corporation/9C12000065/5954803"
"https://www.eaton.com/content/dam/eaton/products/electronic-components/resources/data-sheet/eaton-e3x-crystal-resonator-mhz-data-sheet-elx1387-en.pdf","//mm.digikey.com/Volume0/opasdata/d220001/medias/images/6453/MFG_Eaton_Crystal_Image.jpg","283-E3X120101G03TR-ND,283-E3X120101G03CT-ND,283-E3X120101G03DKR-ND","E3X120101G03","Eaton - Electronics Division","Eaton - Electronics Division","CRYSTAL 3225 12MHZ 10PF 10PPM","3.036","0.19","0","1","Tape & Reel (TR),Cut Tape (CT),Digi-Reel®","E3X","Obsolete","MHz Crystal","12 MHz","±15ppm","±10ppm","10pF","80 Ohms","Fundamental","-40°C ~ 85°C","-","Surface Mount","4-SMD, No Lead","0.126"" L x 0.098"" W (3.20mm x 2.50mm)","0.031"" (0.80mm)","4-SMD (3.2x2.5)","https://www.digikey.be/en/products/detail/eaton-electronics-division/E3X120101G03/25655839"
"https://www.raltron.com/webproducts/specs/CRYSTAL/RH100-12.000-9-1015-TR-NS1.pdf","//mm.digikey.com/Volume0/opasdata/d220001/medias/images/4850/MFG_2151_RH100.jpg","2151-RH100-12.000-9-1015-TR-NS1TR-ND,2151-RH100-12.000-9-1015-TR-NS1CT-ND,2151-RH100-12.000-9-1015-TR-NS1DKR-ND","RH100-12.000-9-1015-TR-NS1","Raltron Electronics","Raltron Electronics","CRYSTAL 12.0000MHZ 9PF SMD","3.000","0.19","0","1","Tape & Reel (TR),Cut Tape (CT),Digi-Reel®","RH100","Active","MHz Crystal","12 MHz","±15ppm","±10ppm","9pF","100 Ohms","Fundamental","-20°C ~ 70°C","-","Surface Mount","4-SMD, No Lead","0.126"" L x 0.098"" W (3.20mm x 2.50mm)","0.031"" (0.80mm)","4-SMD (3.2x2.5)","https://www.digikey.be/en/products/detail/raltron-electronics/RH100-12-000-9-1015-TR-NS1/10272660"
"https://abracon.com/Resonators/ABLS.pdf","//mm.digikey.com/Volume0/opasdata/d220001/medias/images/6845/535%7EHCUSSMD-4.2-11.4X4.7%7E%7E2.jpg","535-10218-2-ND,535-10218-1-ND,535-10218-6-ND","ABLS-12.000MHZ-B4-T","Abracon LLC","Abracon LLC","CRYSTAL 12.0000MHZ 18PF SMD","653","0.19","0","1","Tape & Reel (TR),Cut Tape (CT),Digi-Reel®","ABLS","Active","MHz Crystal","12 MHz","±50ppm","±30ppm","18pF","50 Ohms","Fundamental","-20°C ~ 70°C","-","Surface Mount","HC-49/US","0.449"" L x 0.185"" W (11.40mm x 4.70mm)","0.165"" (4.20mm)","HC-49/US","https://www.digikey.be/en/products/detail/abracon-llc/ABLS-12-000MHZ-B4-T/2184161"
"https://www.ctscorp.com/Files/DataSheets/Passives/FCP/Crystals/crystals-ATS-ATSSM-datasheet.pdf","//mm.digikey.com/Volume0/opasdata/d220001/medias/images/2481/ATS%20Series.jpg","CTX1072-ND","ATS120C","CTS-Frequency Controls","CTS-Frequency Controls","CRYSTAL 12.0000MHZ 32PF TH","0","0.19164","0","1000","Bulk","ATS","Active","MHz Crystal","12 MHz","±50ppm","±30ppm","32pF","40 Ohms","Fundamental","-20°C ~ 70°C","-","Through Hole","HC-49/US","0.427"" L x 0.177"" W (10.85mm x 4.50mm)","0.145"" (3.68mm)","HC-49/US","https://www.digikey.be/en/products/detail/cts-frequency-controls/ATS120C/2640028"
"http://www.txccrystal.com/images/pdf/9c.pdf","//mm.digikey.com/Volume0/opasdata/d220001/medias/images/366/9C-SERIES.jpg","887-1053-2-ND","9C-12.000MAAJ-T","TXC CORPORATION","TXC CORPORATION","CRYSTAL 12.0000MHZ 18PF SMD","0","0.19228","0","1000","Tape & Reel (TR)","9C","Obsolete","MHz Crystal","12 MHz","±30ppm","±30ppm","18pF","40 Ohms","Fundamental","-20°C ~ 70°C","-","Surface Mount","HC-49/US","0.449"" L x 0.189"" W (11.40mm x 4.80mm)","0.161"" (4.10mm)","HC-49S","https://www.digikey.be/en/products/detail/txc-corporation/9C-12-000MAAJ-T/2118737"
"https://www.waldom.com/upload/parts/datasheets/mf-abr/abr-abls-12000mhz-b2-t.pdf","//mm.digikey.com/Volume0/opasdata/d220001/medias/images/6845/535%7EHCUSSMD-4.2-11.4X4.7%7E%7E2.jpg","535-9067-2-ND,535-9067-1-ND,535-9067-6-ND","ABLS-12.000MHZ-B2-T","Abracon LLC","Abracon LLC","CRYSTAL 12.0000MHZ 18PF SMD","51.890","0.2","0","1","Tape & Reel (TR),Cut Tape (CT),Digi-Reel®","ABLS","Active","MHz Crystal","12 MHz","±50ppm","±20ppm","18pF","50 Ohms","Fundamental","-20°C ~ 70°C","-","Surface Mount","HC-49/US","0.449"" L x 0.185"" W (11.40mm x 4.70mm)","0.165"" (4.20mm)","HC-49/US","https://www.digikey.be/en/products/detail/abracon-llc/ABLS-12-000MHZ-B2-T/675262"
"https://abracon.com/datasheets/Fox/FC4SD.pdf?utm_source=foxonline.com&utm_medium=301","//mm.digikey.com/Volume0/opasdata/d220001/medias/images/373/FOXSDLF11.7-SERIES.jpg","631-FC4SDCBMF12.0-T1TR-ND,631-FC4SDCBMF12.0-T1CT-ND,631-FC4SDCBMF12.0-T1DKR-ND","FC4SDCBMF12.0-T1","Fox Electronics","Fox Electronics","CRYSTAL 12.0000MHZ 20PF SMD","14.617","0.2","0","1","Tape & Reel (TR),Cut Tape (CT),Digi-Reel®","HC49SDLF","Active","MHz Crystal","12 MHz","±50ppm","±30ppm","20pF","60 Ohms","Fundamental","-20°C ~ 70°C","-","Surface Mount","HC-49/US","0.461"" L x 0.197"" W (11.70mm x 5.00mm)","0.177"" (4.50mm)","-","https://www.digikey.be/en/products/detail/fox-electronics/FC4SDCBMF12-0-T1/1024605"
"https://abracon.com/Resonators/ABLS.pdf","//mm.digikey.com/Volume0/opasdata/d220001/medias/images/6845/535%7EHCUSSMD-4.2-11.4X4.7%7E%7E2.jpg","535-9942-2-ND,535-9942-1-ND,535-9942-6-ND","ABLS-12.000MHZ-K4T","Abracon LLC","Abracon LLC","CRYSTAL 12.0000MHZ 18PF SMD","4.950","0.2","0","1","Tape & Reel (TR),Cut Tape (CT),Digi-Reel®","ABLS","Active","MHz Crystal","12 MHz","±50ppm","±30ppm","18pF","50 Ohms","Fundamental","-40°C ~ 125°C","-","Surface Mount","HC-49/US","0.449"" L x 0.185"" W (11.40mm x 4.70mm)","0.165"" (4.20mm)","HC-49/US","https://www.digikey.be/en/products/detail/abracon-llc/ABLS-12-000MHZ-K4T/2001309"
"https://abracon.com/Resonators/ABLS.pdf","//mm.digikey.com/Volume0/opasdata/d220001/medias/images/6845/535%7EHCUSSMD-4.2-11.4X4.7%7E%7E2.jpg","535-13433-2-ND,535-13433-1-ND,535-13433-6-ND","ABLS-12.000MHZ-D4Y-T","Abracon LLC","Abracon LLC","CRYSTAL 12.0000MHZ 18PF SMD","4.970","0.2","0","1","Tape & Reel (TR),Cut Tape (CT),Digi-Reel®","ABLS","Active","MHz Crystal","12 MHz","±30ppm","±30ppm","18pF","50 Ohms","Fundamental","-40°C ~ 85°C","-","Surface Mount","HC-49/US","0.449"" L x 0.185"" W (11.40mm x 4.70mm)","0.165"" (4.20mm)","HC-49/US","https://www.digikey.be/en/products/detail/abracon-llc/ABLS-12-000MHZ-D4Y-T/5980029"
"https://www.raltron.com/webproducts/specs/CRYSTAL/RH100-12.000-12-1010-X-TR-NS2.pdf","//mm.digikey.com/Volume0/opasdata/d220001/medias/images/4850/MFG_2151_RH100.jpg","2151-RH100-12.000-12-1010-X-TR-NS2TR-ND,2151-RH100-12.000-12-1010-X-TR-NS2CT-ND,2151-RH100-12.000-12-1010-X-TR-NS2DKR-ND","RH100-12.000-12-1010-X-TR-NS2","Raltron Electronics","Raltron Electronics","CRYSTAL 12.0MHZ 12PF SMD","1.376","0.2","0","1","Tape & Reel (TR),Cut Tape (CT),Digi-Reel®","RH100","Active","MHz Crystal","12 MHz","±10ppm","±10ppm","12pF","50 Ohms","Fundamental","-30°C ~ 85°C","-","Surface Mount","4-SMD, No Lead","0.126"" L x 0.098"" W (3.20mm x 2.50mm)","0.031"" (0.80mm)","4-SMD (3.2x2.5)","https://www.digikey.be/en/products/detail/raltron-electronics/RH100-12-000-12-1010-X-TR-NS2/15963328"
"//mm.digikey.com/Volume0/opasdata/d220001/medias/docus/7957/XT324.pdf","//mm.digikey.com/Volume0/opasdata/d220001/medias/images/2806/MFG_XT324.jpg","3155-12M20PI/XT324-10TR-ND,3155-12M20PI/XT324-10CT-ND,3155-12M20PI/XT324-10DKR-ND","12M20PI/XT324-10","YIC","YIC","CRYSTAL 12MHZ 20PF SMD 3.2X2.5MM","4.913","0.2","0","1","Tape & Reel (TR),Cut Tape (CT),Digi-Reel®","XT324","Active","MHz Crystal","12 MHz","±30ppm","±10ppm","20pF","100 Ohms","Fundamental","-40°C ~ 85°C","-","Surface Mount","4-SMD, No Lead","0.126"" L x 0.098"" W (3.20mm x 2.50mm)","0.031"" (0.80mm)","4-SMD (3.2x2.5)","https://www.digikey.be/en/products/detail/yic/12M20PI-XT324-10/15648600"
"//mm.digikey.com/Volume0/opasdata/d220001/medias/docus/7957/XT324.pdf","//mm.digikey.com/Volume0/opasdata/d220001/medias/images/3808/MFG_12M20P2_XT324-10_10.jpg","3155-12M20P2/XT324-10/10TR-ND,3155-12M20P2/XT324-10/10CT-ND,3155-12M20P2/XT324-10/10DKR-ND","12M20P2/XT324-10/10","YIC","YIC","CRYSTAL 12MHZ 20PF SMD 3.2X2.5MM","3.958","0.2","0","1","Tape & Reel (TR),Cut Tape (CT),Digi-Reel®","XT324","Active","MHz Crystal","12 MHz","±10ppm","±10ppm","20pF","100 Ohms","Fundamental","-20°C ~ 70°C","-","Surface Mount","4-SMD, No Lead","0.126"" L x 0.098"" W (3.20mm x 2.50mm)","0.031"" (0.80mm)","4-SMD (3.2x2.5)","https://www.digikey.be/en/products/detail/yic/12M20P2-XT324-10-10/13980875"
"//mm.digikey.com/Volume0/opasdata/d220001/medias/docus/7957/XT324.pdf","//mm.digikey.com/Volume0/opasdata/d220001/medias/images/3686/MFG_12M10PI_XT324-10_20.jpg","3155-12M10PI/XT324-10/20TR-ND,3155-12M10PI/XT324-10/20CT-ND,3155-12M10PI/XT324-10/20DKR-ND","12M10PI/XT324-10/20","YIC","YIC","CRYSTAL 12MHZ 10PF SMD 3.2X2.5MM","1.962","0.2","0","1","Tape & Reel (TR),Cut Tape (CT),Digi-Reel®","XT324","Active","MHz Crystal","12 MHz","±20ppm","±10ppm","10pF","100 Ohms","Fundamental","-40°C ~ 85°C","-","Surface Mount","4-SMD, No Lead","0.126"" L x 0.098"" W (3.20mm x 2.50mm)","0.031"" (0.80mm)","4-SMD (3.2x2.5)","https://www.digikey.be/en/products/detail/yic/12M10PI-XT324-10-20/13980860"
"https://abracon.com/datasheets/Fox/FC4SD.pdf?utm_source=foxonline.com&utm_medium=301","//mm.digikey.com/Volume0/opasdata/d220001/medias/images/373/FOXSDLF11.7-SERIES.jpg","631-FC4SDCBMM12.0-T1TR-ND,631-FC4SDCBMM12.0-T1CT-ND,631-FC4SDCBMM12.0-T1DKR-ND","FC4SDCBMM12.0-T1","Fox Electronics","Fox Electronics","CRYSTAL 12.0000MHZ 20PF SMD","834","0.2","0","1","Tape & Reel (TR),Cut Tape (CT),Digi-Reel®","HC49SDLF","Active","MHz Crystal","12 MHz","±50ppm","±30ppm","20pF","60 Ohms","Fundamental","-40°C ~ 85°C","-","Surface Mount","HC-49/US","0.461"" L x 0.197"" W (11.70mm x 5.00mm)","0.177"" (4.50mm)","-","https://www.digikey.be/en/products/detail/fox-electronics/FC4SDCBMM12-0-T1/4862573"
"https://www.eaton.com/content/dam/eaton/products/electronic-components/resources/data-sheet/eaton-e3x-crystal-resonator-mhz-data-sheet-elx1387-en.pdf","//mm.digikey.com/Volume0/opasdata/d220001/medias/images/6453/MFG_Eaton_Crystal_Image.jpg","283-E3X120101X02TR-ND,283-E3X120101X02CT-ND,283-E3X120101X02DKR-ND","E3X120101X02","Eaton - Electronics Division","Eaton - Electronics Division","CRYSTAL 3225 12MHZ 10PF 10PPM","170","0.2","0","1","Tape & Reel (TR),Cut Tape (CT),Digi-Reel®","E3X","Active","MHz Crystal","12 MHz","±20ppm","±10ppm","10pF","80 Ohms","Fundamental","-40°C ~ 85°C","-","Surface Mount","4-SMD, No Lead","0.126"" L x 0.098"" W (3.20mm x 2.50mm)","0.031"" (0.80mm)","4-SMD (3.2x2.5)","https://www.digikey.be/en/products/detail/eaton-electronics-division/E3X120101X02/25655923"
"https://www.eaton.com/content/dam/eaton/products/electronic-components/resources/data-sheet/eaton-e3x-crystal-resonator-mhz-data-sheet-elx1387-en.pdf","//mm.digikey.com/Volume0/opasdata/d220001/medias/images/6453/MFG_Eaton_Crystal_Image.jpg","283-E3X120182Y06TR-ND,283-E3X120182Y06CT-ND,283-E3X120182Y06DKR-ND","E3X120182Y06","Eaton - Electronics Division","Eaton - Electronics Division","CRYSTAL 3225 12MHZ 18PF 20PPM","109","0.2","0","1","Tape & Reel (TR),Cut Tape (CT),Digi-Reel®","E3X","Active","MHz Crystal","12 MHz","±30ppm","±20ppm","18pF","80 Ohms","Fundamental","-40°C ~ 85°C","-","Surface Mount","4-SMD, No Lead","0.126"" L x 0.098"" W (3.20mm x 2.50mm)","0.031"" (0.80mm)","4-SMD (3.2x2.5)","https://www.digikey.be/en/products/detail/eaton-electronics-division/E3X120182Y06/25655779"
"https://www.eaton.com/content/dam/eaton/products/electronic-components/resources/data-sheet/eaton-e3x-crystal-resonator-mhz-data-sheet-elx1387-en.pdf","//mm.digikey.com/Volume0/opasdata/d220001/medias/images/6453/MFG_Eaton_Crystal_Image.jpg","283-E3X120202Y09TR-ND,283-E3X120202Y09CT-ND,283-E3X120202Y09DKR-ND","E3X120202Y09","Eaton - Electronics Division","Eaton - Electronics Division","CRYSTAL 3225 12MHZ 20PF 20PPM","0","0.2","0","1","Tape & Reel (TR),Cut Tape (CT),Digi-Reel®","E3X","Active","MHz Crystal","12 MHz","±30ppm","±20ppm","20pF","80 Ohms","Fundamental","-40°C ~ 85°C","-","Surface Mount","4-SMD, No Lead","0.126"" L x 0.098"" W (3.20mm x 2.50mm)","0.031"" (0.80mm)","4-SMD (3.2x2.5)","https://www.digikey.be/en/products/detail/eaton-electronics-division/E3X120202Y09/25655913"
"https://www.diodes.com/assets/Datasheets/GB_GG.pdf","//mm.digikey.com/Volume0/opasdata/d220001/medias/images/1062/SaRonix-eCeraGB.jpg","GB1200022-ND","GB1200022","Diodes Incorporated","Diodes Incorporated","CRYSTAL 12.0000MHZ 18PF","0","0.20577","0","1000","Tape & Reel (TR)","SaRonix-eCera™ GB","Active","MHz Crystal","12 MHz","±10ppm","±10ppm","18pF","30 Ohms","Fundamental","-20°C ~ 70°C","-","-","-","-","-","-","https://www.digikey.be/en/products/detail/diodes-incorporated/GB1200022/9768349"
"https://www.diodes.com/assets/Datasheets/GB_GG.pdf","//mm.digikey.com/Volume0/opasdata/d220001/medias/images/1062/SaRonix-eCeraGB.jpg","GB1200050-ND","GB1200050","Diodes Incorporated","Diodes Incorporated","CRYSTAL 12.0000MHZ 18PF","0","0.20577","0","1000","Tape & Reel (TR)","SaRonix-eCera™ GB","Active","MHz Crystal","12 MHz","±20ppm","±20ppm","18pF","40 Ohms","Fundamental","-20°C ~ 70°C","-","-","-","-","-","-","https://www.digikey.be/en/products/detail/diodes-incorporated/GB1200050/9768354"
"https://www.diodes.com/assets/Datasheets/GB_GG.pdf","//mm.digikey.com/Volume0/opasdata/d220001/medias/images/1062/SaRonix-eCeraGB.jpg","GB1200053-ND","GB1200053","Diodes Incorporated","Diodes Incorporated","CRYSTAL 12.0000MHZ 18PF","0","0.20577","0","1000","Tape & Reel (TR)","SaRonix-eCera™ GB","Active","MHz Crystal","12 MHz","±10ppm","±10ppm","18pF","60 Ohms","Fundamental","-20°C ~ 70°C","-","-","-","-","-","-","https://www.digikey.be/en/products/detail/diodes-incorporated/GB1200053/9768356"
"https://www.diodes.com/assets/Datasheets/GB_GG.pdf","//mm.digikey.com/Volume0/opasdata/d220001/medias/images/1062/SaRonix-eCeraGB.jpg","GB1200054-ND","GB1200054","Diodes Incorporated","Diodes Incorporated","CRYSTAL 12.0000MHZ 18PF","0","0.20577","0","1000","Tape & Reel (TR)","SaRonix-eCera™ GB","Active","MHz Crystal","12 MHz","±10ppm","±10ppm","18pF","60 Ohms","Fundamental","-20°C ~ 70°C","-","-","-","-","-","-","https://www.digikey.be/en/products/detail/diodes-incorporated/GB1200054/9768357"
"https://abracon.com/Resonators/ABLS.pdf","//mm.digikey.com/Volume0/opasdata/d220001/medias/images/6845/535%7EHCUSSMD-4.2-11.4X4.7%7E%7E2.jpg","535-15006-2-ND,535-15006-1-ND,535-15006-6-ND","ABLS-12.000MHZ-20-B-3-H-T","Abracon LLC","Abracon LLC","CRYSTAL 12.0000MHZ 20PF SMD","3.639","0.21","0","1","Tape & Reel (TR),Cut Tape (CT),Digi-Reel®","ABLS","Active","MHz Crystal","12 MHz","±35ppm","±25ppm","20pF","50 Ohms","Fundamental","-20°C ~ 70°C","-","Surface Mount","HC-49/US","0.449"" L x 0.185"" W (11.40mm x 4.70mm)","0.165"" (4.20mm)","HC-49/US","https://www.digikey.be/en/products/detail/abracon-llc/ABLS-12-000MHZ-20-B-3-H-T/9997914"
"https://abracon.com/Resonators/ABLS.pdf","//mm.digikey.com/Volume0/opasdata/d220001/medias/images/6845/535%7EHCUSSMD-4.2-11.4X4.7%7E%7E2.jpg","535-9906-2-ND,535-9906-1-ND,535-9906-6-ND","ABLS-12.000MHZ-L4Q-T","Abracon LLC","Abracon LLC","CRYSTAL 12.0000MHZ 18PF SMD","17.043","0.21","0","1","Tape & Reel (TR),Cut Tape (CT),Digi-Reel®","ABLS","Active","MHz Crystal","12 MHz","±100ppm","±30ppm","18pF","50 Ohms","Fundamental","-55°C ~ 125°C","-","Surface Mount","HC-49/US","0.449"" L x 0.185"" W (11.40mm x 4.70mm)","0.165"" (4.20mm)","HC-49/US","https://www.digikey.be/en/products/detail/abracon-llc/ABLS-12-000MHZ-L4Q-T/2001273"
"https://www.raltron.com/webproducts/specs/CRYSTAL/RH100-12.000-18-2020-EXT-TR.pdf","//mm.digikey.com/Volume0/opasdata/d220001/medias/images/4850/MFG_2151_RH100.jpg","2151-RH100-12.000-18-2020-EXT-TR-ND,2151-RH100-12.000-18-2020-EXT-TRCT-ND,2151-RH100-12.000-18-2020-EXT-TRDKR-ND","RH100-12.000-18-2020-EXT-TR","Raltron Electronics","Raltron Electronics","CRYSTAL 12.0MHZ 18PF SMD","2.556","0.21","0","1","Tape & Reel (TR),Cut Tape (CT),Digi-Reel®","RH100","Active","MHz Crystal","12 MHz","±20ppm","±20ppm","18pF","100 Ohms","Fundamental","-40°C ~ 85°C","-","Surface Mount","4-SMD, No Lead","0.126"" L x 0.098"" W (3.20mm x 2.50mm)","0.031"" (0.80mm)","4-SMD (3.2x2.5)","https://www.digikey.be/en/products/detail/raltron-electronics/RH100-12-000-18-2020-EXT-TR/15963306"
"https://abracon.com/Resonators/ABLS.pdf","//mm.digikey.com/Volume0/opasdata/d220001/medias/images/6845/535%7EHCUSSMD-4.2-11.4X4.7%7E%7E2.jpg","535-14869-2-ND,535-14869-1-ND,535-14869-6-ND","ABLS-12.000MHZ-20-D-3-H-T","Abracon LLC","Abracon LLC","CRYSTAL 12.0000MHZ 20PF SMD","1.498","0.21","0","1","Tape & Reel (TR),Cut Tape (CT),Digi-Reel®","ABLS","Active","MHz Crystal","12 MHz","±35ppm","±25ppm","20pF","50 Ohms","Fundamental","-40°C ~ 85°C","-","Surface Mount","HC-49/US","0.449"" L x 0.185"" W (11.40mm x 4.70mm)","0.165"" (4.20mm)","HC-49/US","https://www.digikey.be/en/products/detail/abracon-llc/ABLS-12-000MHZ-20-D-3-H-T/9997777"
"https://abracon.com/Resonators/ABLS.pdf","//mm.digikey.com/Volume0/opasdata/d220001/medias/images/6845/535%7EHCUSSMD-4.2-11.4X4.7%7E%7E2.jpg","535-14855-2-ND,535-14855-1-ND,535-14855-6-ND","ABLS-12.000MHZ-20-B4Y-T","Abracon LLC","Abracon LLC","CRYSTAL 12.0000MHZ 20PF SMD","1.332","0.21","0","1","Tape & Reel (TR),Cut Tape (CT),Digi-Reel®","ABLS","Active","MHz Crystal","12 MHz","±30ppm","±30ppm","20pF","50 Ohms","Fundamental","-20°C ~ 70°C","-","Surface Mount","HC-49/US","0.449"" L x 0.185"" W (11.40mm x 4.70mm)","0.165"" (4.20mm)","HC-49/US","https://www.digikey.be/en/products/detail/abracon-llc/ABLS-12-000MHZ-20-B4Y-T/9997763"
"https://abracon.com/Resonators/ABLS.pdf","//mm.digikey.com/Volume0/opasdata/d220001/medias/images/6845/535%7EHCUSSMD-4.2-11.4X4.7%7E%7E2.jpg","535-ABLS-12.000MHZ-D4-TTR-ND,535-ABLS-12.000MHZ-D4-TCT-ND,535-ABLS-12.000MHZ-D4-TDKR-ND","ABLS-12.000MHZ-D4-T","Abracon LLC","Abracon LLC","CRYSTAL 12.0000MHZ 18PF SMD","64","0.21","0","1","Tape & Reel (TR),Cut Tape (CT),Digi-Reel®","ABLS","Active","MHz Crystal","12 MHz","±50ppm","±30ppm","18pF","50 Ohms","Fundamental","-40°C ~ 85°C","-","Surface Mount","HC-49/US","0.449"" L x 0.185"" W (11.40mm x 4.70mm)","0.165"" (4.20mm)","HC-49/US","https://www.digikey.be/en/products/detail/abracon-llc/ABLS-12-000MHZ-D4-T/10442589"
"https://abracon.com/Resonators/ABLS.pdf","//mm.digikey.com/Volume0/opasdata/d220001/medias/images/6845/535%7EHCUSSMD-4.2-11.4X4.7%7E%7E2.jpg","535-ABLS-12.000MHZ-D-TTR-ND,535-ABLS-12.000MHZ-D-TCT-ND,535-ABLS-12.000MHZ-D-TDKR-ND","ABLS-12.000MHZ-D-T","Abracon LLC","Abracon LLC","CRYSTAL 12.0000MHZ 18PF SMD","0","0.21","0","1","Tape & Reel (TR),Cut Tape (CT),Digi-Reel®","ABLS","Active","MHz Crystal","12 MHz","±50ppm","±50ppm","18pF","50 Ohms","Fundamental","-40°C ~ 85°C","-","Surface Mount","HC-49/US","0.449"" L x 0.185"" W (11.40mm x 4.70mm)","0.165"" (4.20mm)","HC-49/US","https://www.digikey.be/en/products/detail/abracon-llc/ABLS-12-000MHZ-D-T/15995860"
"https://www.jauch.com/downloadfile/5d5283ee24bc6cf48597071bde5f675e0/jauch_datasheet_j49sml.pdf","//mm.digikey.com/Volume0/opasdata/d220001/medias/images/192/MFG_J49SML.jpg","1908-J49SML-F-G-G-K-12M0TR-ND,1908-J49SML-F-G-G-K-12M0CT-ND,1908-J49SML-F-G-G-K-12M0DKR-ND","J49SML-F-G-G-K-12M0","Jauch Quartz","Jauch Quartz","CRYSTAL 12.0000MHZ 18PF SMD","22.010","0.22","0","1","Tape & Reel (TR),Cut Tape (CT),Digi-Reel®","J49SML","Active","MHz Crystal","12 MHz","±30ppm","±30ppm","18pF","35 Ohms","Fundamental","-40°C ~ 85°C","-","Surface Mount","HC-49/US","0.461"" L x 0.189"" W (11.70mm x 4.80mm)","0.118"" (3.00mm)","-","https://www.digikey.be/en/products/detail/jauch-quartz/J49SML-F-G-G-K-12M0/10416274"
"https://www.ctscorp.com/Files/DataSheets/Passives/FCP/Crystals/crystals-ATS-ATSSM-datasheet.pdf","//mm.digikey.com/Volume0/opasdata/d220001/medias/images/2529/ATS-SM%20Series.jpg","CTX510TR-ND,CTX510CT-ND,CTX510DKR-ND","ATS120SM-1","CTS-Frequency Controls","CTS-Frequency Controls","CRYSTAL 12.0000MHZ SERIES SMD","5.619","0.22","0","1","Tape & Reel (TR),Cut Tape (CT),Digi-Reel®","ATS-SM","Active","MHz Crystal","12 MHz","±50ppm","±30ppm","Series","40 Ohms","Fundamental","-20°C ~ 70°C","-","Surface Mount","HC-49/US","0.437"" L x 0.190"" W (11.10mm x 4.83mm)","0.169"" (4.30mm)","HC-49/US-SM","https://www.digikey.be/en/products/detail/cts-frequency-controls/ATS120SM-1/280228"
"https://www.jauch.com/downloadfile/5d5283ee24bc6cf48597071bde5f675e0/jauch_datasheet_j49sml.pdf","//mm.digikey.com/Volume0/opasdata/d220001/medias/images/192/MFG_J49SML.jpg","1908-J49SML-P-G-G-K-12M0TR-ND,1908-J49SML-P-G-G-K-12M0CT-ND,1908-J49SML-P-G-G-K-12M0DKR-ND","J49SML-P-G-G-K-12M0","Jauch Quartz","Jauch Quartz","CRYSTAL 12.0000MHZ 30PF SMD","4.862","0.22","0","1","Tape & Reel (TR),Cut Tape (CT),Digi-Reel®","J49SML","Active","MHz Crystal","12 MHz","±30ppm","±30ppm","30pF","35 Ohms","Fundamental","-40°C ~ 85°C","-","Surface Mount","HC-49/US","0.461"" L x 0.189"" W (11.70mm x 4.80mm)","0.118"" (3.00mm)","-","https://www.digikey.be/en/products/detail/jauch-quartz/J49SML-P-G-G-K-12M0/10416338"
"https://www.ecsxtal.com/store/pdf/ECS-33B2.pdf","//mm.digikey.com/Volume0/opasdata/d220001/medias/images/7180/MFG_ECS-271.2-10-33B2.jpg","50-ECS-120-12-33B2-JGP-TR-ND,50-ECS-120-12-33B2-JGP-TRCT-ND,50-ECS-120-12-33B2-JGP-TRDKR-ND","ECS-120-12-33B2-JGP-TR","ECS Inc.","ECS Inc.","CRYSTAL 12.000 MHZ 12PF SMD","2.945","0.22","0","1","Tape & Reel (TR),Cut Tape (CT),Digi-Reel®","ECS-33B2","Active","MHz Crystal","12 MHz","±30ppm","±20ppm","12pF","100 Ohms","Fundamental","-40°C ~ 105°C","-","Surface Mount","4-SMD, No Lead","0.126"" L x 0.098"" W (3.20mm x 2.50mm)","0.031"" (0.80mm)","4-SMD (3.2x2.5)","https://www.digikey.be/en/products/detail/ecs-inc/ECS-120-12-33B2-JGP-TR/27523459"
"https://www.jauch.com/downloadfile/5d5283ee24bc6cf48597071bde5f675e0/jauch_datasheet_j49sml.pdf","//mm.digikey.com/Volume0/opasdata/d220001/medias/images/192/MFG_J49SML.jpg","1908-J49SML-A-G-G-K-12M0TR-ND,1908-J49SML-A-G-G-K-12M0CT-ND,1908-J49SML-A-G-G-K-12M0DKR-ND","J49SML-A-G-G-K-12M0","Jauch Quartz","Jauch Quartz","CRYSTAL 12.0000MHZ 12PF SMD","578","0.22","0","1","Tape & Reel (TR),Cut Tape (CT),Digi-Reel®","J49SML","Active","MHz Crystal","12 MHz","±30ppm","±30ppm","12pF","35 Ohms","Fundamental","-40°C ~ 85°C","-","Surface Mount","HC-49/US","0.461"" L x 0.189"" W (11.70mm x 4.80mm)","0.118"" (3.00mm)","-","https://www.digikey.be/en/products/detail/jauch-quartz/J49SML-A-G-G-K-12M0/10416068"
"https://www.ctscorp.com/Files/DataSheets/Passives/FCP/Crystals/crystals-ATSSMTS-datasheet.pdf","-","TS120F23CDT-ND","TS120F23CDT","CTS-Frequency Controls","CTS-Frequency Controls","CRYSTAL 12.0000MHZ 18PF SMD","0","0.22395","0","1000","Tape & Reel (TR)","ATSSMTS","Active","MHz Crystal","12 MHz","±30ppm","±20ppm","18pF","40 Ohms","Fundamental","-20°C ~ 70°C","-","Surface Mount","HC-49/US","0.437"" L x 0.190"" W (11.10mm x 4.83mm)","0.169"" (4.30mm)","HC-49/US-SM","https://www.digikey.be/en/products/detail/cts-frequency-controls/TS120F23CDT/5229156"
"https://www.ctscorp.com/Files/DataSheets/Passives/FCP/Crystals/crystals-ATSSMTS-datasheet.pdf","-","TS120F23CET-ND","TS120F23CET","CTS-Frequency Controls","CTS-Frequency Controls","CRYSTAL 12.0000MHZ 20PF SMD","0","0.22395","0","1000","Tape & Reel (TR)","ATSSMTS","Active","MHz Crystal","12 MHz","±30ppm","±20ppm","20pF","40 Ohms","Fundamental","-20°C ~ 70°C","-","Surface Mount","HC-49/US","0.437"" L x 0.190"" W (11.10mm x 4.83mm)","0.169"" (4.30mm)","HC-49/US-SM","https://www.digikey.be/en/products/detail/cts-frequency-controls/TS120F23CET/5229157"
"//mm.digikey.com/Volume0/opasdata/d220001/medias/docus/6536/ABM8_Datasheet.pdf","//mm.digikey.com/Volume0/opasdata/d220001/medias/images/6846/MFG_535%7E4SMD-.80-3.2X2.5%7E%7E4.jpg","ABM8-12.000MHZ-B2-T3-ND","ABM8-12.000MHZ-B2-T3","Abracon LLC","Abracon LLC","CRYSTAL 12.0000MHZ 18PF SMD","0","0.22499","0","3000","Tape & Reel (TR)","ABM8","Active","MHz Crystal","12 MHz","±50ppm","±20ppm","18pF","120 Ohms","Fundamental","-20°C ~ 70°C","-","Surface Mount","4-SMD, No Lead","0.126"" L x 0.098"" W (3.20mm x 2.50mm)","0.031"" (0.80mm)","4-SMD (3.2x2.5)","https://www.digikey.be/en/products/detail/abracon-llc/ABM8-12-000MHZ-B2-T3/2637926"
"//mm.digikey.com/Volume0/opasdata/d220001/medias/docus/6256/443_Model.pdf","//mm.digikey.com/Volume0/opasdata/d220001/medias/images/4847/110_4-SMD.jpg","110-443I23D12M00000TR-ND","443I23D12M00000","CTS-Frequency Controls","CTS-Frequency Controls","12.000000 MHZ CRYSTAL","0","0.22976","0","3000","Tape & Reel (TR)","443","Active","MHz Crystal","12 MHz","±30ppm","±20ppm","18pF","100 Ohms","Fundamental","-40°C ~ 85°C","-","Surface Mount","4-SMD, No Lead","0.126"" L x 0.098"" W (3.20mm x 2.50mm)","0.035"" (0.90mm)","4-SMD (3.2x2.5)","https://www.digikey.be/en/products/detail/cts-frequency-controls/443I23D12M00000/24373679"
"https://ecsxtal.com/store/pdf/csm-7x.pdf","//mm.digikey.com/Volume0/opasdata/d220001/medias/images/189/MFG_ECS-CRYSTAL-HC-49-US.jpg","XC1289TR-ND,XC1289CT-ND,XC1289DKR-ND","ECS-120-18-5PX-TR","ECS Inc.","ECS Inc.","CRYSTAL 12.0000MHZ 18PF SMD","37.399","0.23","0","1","Tape & Reel (TR),Cut Tape (CT),Digi-Reel®","CSM-7X","Active","MHz Crystal","12 MHz","±50ppm","±30ppm","18pF","50 Ohms","Fundamental","-10°C ~ 70°C","-","Surface Mount","HC-49/US","0.449"" L x 0.189"" W (11.40mm x 4.80mm)","0.169"" (4.30mm)","-","https://www.digikey.be/en/products/detail/ecs-inc/ECS-120-18-5PX-TR/827395"
"https://www.yic.com.tw/wp-content/uploads/2019/05/YIC-49US-49SL-49SMT-49SLMT.pdf","//mm.digikey.com/Volume0/opasdata/d220001/medias/images/4303/MFG_49SMT.jpg","3155-12M20P2/49SMTTR-ND,3155-12M20P2/49SMTCT-ND,3155-12M20P2/49SMTDKR-ND","12M20P2/49SMT","YIC","YIC","CRYSTAL 12MHZ 20PF SMD","3.105","0.23","0","1","Tape & Reel (TR),Cut Tape (CT),Digi-Reel®","49SMT","Active","MHz Crystal","12 MHz","±30ppm","±30ppm","20pF","50 Ohms","Fundamental","-20°C ~ 70°C","-","Surface Mount","HC-49/US","0.449"" L x 0.189"" W (11.40mm x 4.80mm)","0.165"" (4.20mm)","HC-49/US","https://www.digikey.be/en/products/detail/yic/12M20P2-49SMT/15648605"
"https://www.raltron.com/webproducts/specs/CRYSTAL/RH100-12.000-8-EXT-TR.pdf","//mm.digikey.com/Volume0/opasdata/d220001/medias/images/4850/MFG_2151_RH100.jpg","2151-RH100-12.000-8-EXT-TR-ND,2151-RH100-12.000-8-EXT-TRCT-ND,2151-RH100-12.000-8-EXT-TRDKR-ND","RH100-12.000-8-EXT-TR","Raltron Electronics","Raltron Electronics","CRYSTAL 12.0000MHZ 8PF SMD","956","0.23","0","1","Tape & Reel (TR),Cut Tape (CT),Digi-Reel®","RH100","Active","MHz Crystal","12 MHz","±100ppm","±100ppm","8pF","100 Ohms","Fundamental","-40°C ~ 85°C","-","Surface Mount","4-SMD, No Lead","0.126"" L x 0.098"" W (3.20mm x 2.50mm)","0.031"" (0.80mm)","4-SMD (3.2x2.5)","https://www.digikey.be/en/products/detail/raltron-electronics/RH100-12-000-8-EXT-TR/10272657"
"https://www.raltron.com/webproducts/specs/CRYSTAL/RH100-12.000-20-3030-EXT-TR.pdf","//mm.digikey.com/Volume0/opasdata/d220001/medias/images/4850/MFG_2151_RH100.jpg","2151-RH100-12.000-20-3030-EXT-TR-ND,2151-RH100-12.000-20-3030-EXT-TRCT-ND,2151-RH100-12.000-20-3030-EXT-TRDKR-ND","RH100-12.000-20-3030-EXT-TR","Raltron Electronics","Raltron Electronics","CRYSTAL 12.0000MHZ 20PF SMD","470","0.23","0","1","Tape & Reel (TR),Cut Tape (CT),Digi-Reel®","RH100","Active","MHz Crystal","12 MHz","±30ppm","±30ppm","20pF","100 Ohms","Fundamental","-40°C ~ 85°C","-","Surface Mount","4-SMD, No Lead","0.126"" L x 0.098"" W (3.20mm x 2.50mm)","0.031"" (0.80mm)","4-SMD (3.2x2.5)","https://www.digikey.be/en/products/detail/raltron-electronics/RH100-12-000-20-3030-EXT-TR/10272654"
"https://www.ctscorp.com/Files/DataSheets/Passives/FCP/Crystals/crystals-ATSSMTS-datasheet.pdf","-","TS120F23IDT-ND","TS120F23IDT","CTS-Frequency Controls","CTS-Frequency Controls","CRYSTAL 12.0000MHZ 18PF SMD","0","0.23228","0","1000","Tape & Reel (TR)","ATSSMTS","Active","MHz Crystal","12 MHz","±30ppm","±20ppm","18pF","40 Ohms","Fundamental","-40°C ~ 85°C","-","Surface Mount","HC-49/US","0.437"" L x 0.190"" W (11.10mm x 4.83mm)","0.169"" (4.30mm)","HC-49/US-SM","https://www.digikey.be/en/products/detail/cts-frequency-controls/TS120F23IDT/5229158"
"https://www.ctscorp.com/Files/DataSheets/Passives/FCP/Crystals/crystals-ATSSMTS-datasheet.pdf","-","TS120F23IET-ND","TS120F23IET","CTS-Frequency Controls","CTS-Frequency Controls","CRYSTAL 12.0000MHZ 20PF SMD","0","0.23228","0","1000","Tape & Reel (TR)","ATSSMTS","Active","MHz Crystal","12 MHz","±30ppm","±20ppm","20pF","40 Ohms","Fundamental","-40°C ~ 85°C","-","Surface Mount","HC-49/US","0.437"" L x 0.190"" W (11.10mm x 4.83mm)","0.169"" (4.30mm)","HC-49/US-SM","https://www.digikey.be/en/products/detail/cts-frequency-controls/TS120F23IET/5229159"
"https://www.ctscorp.com/Files/DataSheets/Passives/FCP/Crystals/crystals-ATSSMTS-datasheet.pdf","-","TS120F33IDT-ND","TS120F33IDT","CTS-Frequency Controls","CTS-Frequency Controls","CRYSTAL 12.0000MHZ 18PF SMD","0","0.23228","0","1000","Tape & Reel (TR)","ATSSMTS","Active","MHz Crystal","12 MHz","±30ppm","±30ppm","18pF","40 Ohms","Fundamental","-40°C ~ 85°C","-","Surface Mount","HC-49/US","0.437"" L x 0.190"" W (11.10mm x 4.83mm)","0.169"" (4.30mm)","HC-49/US-SM","https://www.digikey.be/en/products/detail/cts-frequency-controls/TS120F33IDT/5229162"
"https://www.ctscorp.com/Files/DataSheets/Passives/FCP/Crystals/crystals-ATSSMTS-datasheet.pdf","-","TS120F33IET-ND","TS120F33IET","CTS-Frequency Controls","CTS-Frequency Controls","CRYSTAL 12.0000MHZ 20PF SMD","0","0.23228","0","1000","Tape & Reel (TR)","ATSSMTS","Active","MHz Crystal","12 MHz","±30ppm","±30ppm","20pF","40 Ohms","Fundamental","-40°C ~ 85°C","-","Surface Mount","HC-49/US","0.437"" L x 0.190"" W (11.10mm x 4.83mm)","0.169"" (4.30mm)","HC-49/US-SM","https://www.digikey.be/en/products/detail/cts-frequency-controls/TS120F33IET/5229163"
"//mm.digikey.com/Volume0/opasdata/d220001/medias/docus/317/GC%2CGF_Series.pdf","//mm.digikey.com/Volume0/opasdata/d220001/medias/images/1236/SaRonix-eCeraGC.jpg","GC1200067DI-ND","GC1200067","Diodes Incorporated","Diodes Incorporated","CRYSTAL 12.0000MHZ 30PF SMD","0","0.23366","0","1000","Tape & Reel (TR)","SaRonix-eCera™ GC","Active","MHz Crystal","12 MHz","±30ppm","±30ppm","30pF","60 Ohms","Fundamental","-40°C ~ 85°C","-","Surface Mount","HC-49/US","0.453"" L x 0.189"" W (11.50mm x 4.80mm)","0.165"" (4.20mm)","-","https://www.digikey.be/en/products/detail/diodes-incorporated/GC1200067/10295571"
"https://aker-usa.com/files/content/products/crystals/C3E-General-Specification.pdf","//mm.digikey.com/Volume0/opasdata/d220001/medias/images/2699/MFG_C3E-12.000-12-1015-R.jpg","3997-C3E-12.000-18-1015-X-RTR-ND","C3E-12.000-18-1015-X-R","Aker Technology Corp","Aker Technology Corp","CRYSTAL 12.0000MHZ 18PF SMD","0","0.23366","0","1000","Tape & Reel (TR)","C3E","Active","MHz Crystal","12 MHz","±15ppm","±10ppm","18pF","80 Ohms","Fundamental","-30°C ~ 85°C","-","Surface Mount","4-SMD, No Lead","0.126"" L x 0.098"" W (3.20mm x 2.50mm)","0.030"" (0.75mm)","4-SMD (3.2x2.5)","https://www.digikey.be/en/products/detail/aker-technology-corp/C3E-12-000-18-1015-X-R/12734698"
"https://www.diodes.com/fcpfile/fcpdatasheet?file=/GC/GC1200039.pdf","//mm.digikey.com/Volume0/opasdata/d220001/medias/images/1236/SaRonix-eCeraGC.jpg","GC1200039-ND","GC1200039","Diodes Incorporated","Diodes Incorporated","CRYSTAL 12.0000MHZ 20PF","0","0.23366","0","1000","Tape & Reel (TR)","SaRonix-eCera™ GC","Active","MHz Crystal","12 MHz","±30ppm","±30ppm","20pF","40 Ohms","Fundamental","-20°C ~ 70°C","-","-","-","-","-","-","https://www.digikey.be/en/products/detail/diodes-incorporated/GC1200039/9768494"
"https://www.diodes.com/fcpfile/fcpdatasheet?file=/GC/GC1200042.pdf","//mm.digikey.com/Volume0/opasdata/d220001/medias/images/1236/SaRonix-eCeraGC.jpg","GC1200042-ND","GC1200042","Diodes Incorporated","Diodes Incorporated","CRYSTAL 12.0000MHZ 20PF","0","0.23366","0","1000","Tape & Reel (TR)","SaRonix-eCera™ GC","Active","MHz Crystal","12 MHz","±30ppm","±30ppm","20pF","60 Ohms","Fundamental","-20°C ~ 70°C","-","-","-","-","-","-","https://www.digikey.be/en/products/detail/diodes-incorporated/GC1200042/9768495"
"//mm.digikey.com/Volume0/opasdata/d220001/medias/docus/317/GC%2CGF_Series.pdf","//mm.digikey.com/Volume0/opasdata/d220001/medias/images/1236/SaRonix-eCeraGC.jpg","GC1200043-ND","GC1200043","Diodes Incorporated","Diodes Incorporated","CRYSTAL 12.0000MHZ 12PF","0","0.23366","0","1000","Tape & Reel (TR)","SaRonix-eCera™ GC","Active","MHz Crystal","12 MHz","±30ppm","±30ppm","12pF","35 Ohms","Fundamental","-20°C ~ 70°C","-","-","-","-","-","-","https://www.digikey.be/en/products/detail/diodes-incorporated/GC1200043/9768496"
"//mm.digikey.com/Volume0/opasdata/d220001/medias/docus/317/GC%2CGF_Series.pdf","//mm.digikey.com/Volume0/opasdata/d220001/medias/images/1236/SaRonix-eCeraGC.jpg","GC1200047-ND","GC1200047","Diodes Incorporated","Diodes Incorporated","CRYSTAL 12.0000MHZ 18PF","0","0.23366","0","1000","Tape & Reel (TR)","SaRonix-eCera™ GC","Active","MHz Crystal","12 MHz","±30ppm","±30ppm","18pF","60 Ohms","Fundamental","-20°C ~ 70°C","-","-","-","-","-","-","https://www.digikey.be/en/products/detail/diodes-incorporated/GC1200047/9768497"
"//mm.digikey.com/Volume0/opasdata/d220001/medias/docus/317/GC%2CGF_Series.pdf","//mm.digikey.com/Volume0/opasdata/d220001/medias/images/1236/SaRonix-eCeraGC.jpg","GC1200049-ND","GC1200049","Diodes Incorporated","Diodes Incorporated","CRYSTAL 12.0000MHZ 18PF","0","0.23366","0","1000","Tape & Reel (TR)","SaRonix-eCera™ GC","Active","MHz Crystal","12 MHz","±50ppm","±30ppm","18pF","60 Ohms","Fundamental","-40°C ~ 85°C","-","-","-","-","-","-","https://www.digikey.be/en/products/detail/diodes-incorporated/GC1200049/9768498"
"//mm.digikey.com/Volume0/opasdata/d220001/medias/docus/317/GC%2CGF_Series.pdf","//mm.digikey.com/Volume0/opasdata/d220001/medias/images/1236/SaRonix-eCeraGC.jpg","GC1200054-ND","GC1200054","Diodes Incorporated","Diodes Incorporated","CRYSTAL 12.0000MHZ 15PF","0","0.23366","0","1000","Tape & Reel (TR)","SaRonix-eCera™ GC","Active","MHz Crystal","12 MHz","±50ppm","±50ppm","15pF","60 Ohms","Fundamental","-20°C ~ 85°C","-","-","-","-","-","-","https://www.digikey.be/en/products/detail/diodes-incorporated/GC1200054/9768499"
"//mm.digikey.com/Volume0/opasdata/d220001/medias/docus/317/GC%2CGF_Series.pdf","-","GF1200016-ND","GF1200016","Diodes Incorporated","Diodes Incorporated","CRYSTAL 12.0000MHZ 20PF","0","0.23366","0","1000","Tape & Reel (TR)","SaRonix-eCera™ GF","Active","MHz Crystal","12 MHz","±30ppm","±30ppm","20pF","40 Ohms","Fundamental","-20°C ~ 70°C","-","-","-","-","-","-","https://www.digikey.be/en/products/detail/diodes-incorporated/GF1200016/9768646"
"https://www.ctscorp.com/Files/DataSheets/Passives/FCP/Crystals/crystals-ATSSMLP-datasheet.pdf","-","LP120F23CDT-ND","LP120F23CDT","CTS-Frequency Controls","CTS-Frequency Controls","CRYSTAL 12.0000MHZ 18PF SMD","0","0.2392","0","1000","Tape & Reel (TR)","ATSSMLP","Active","MHz Crystal","12 MHz","±30ppm","±20ppm","18pF","40 Ohms","Fundamental","-20°C ~ 70°C","-","Surface Mount","HC-49/US","0.437"" L x 0.190"" W (11.10mm x 4.83mm)","0.126"" (3.20mm)","HC-49/US-SM","https://www.digikey.be/en/products/detail/cts-frequency-controls/LP120F23CDT/5230202"
"https://www.ctscorp.com/Files/DataSheets/Passives/FCP/Crystals/crystals-ATSSMLP-datasheet.pdf","-","LP120F23CET-ND","LP120F23CET","CTS-Frequency Controls","CTS-Frequency Controls","CRYSTAL 12.0000MHZ 20PF SMD","0","0.2392","0","1000","Tape & Reel (TR)","ATSSMLP","Active","MHz Crystal","12 MHz","±30ppm","±20ppm","20pF","40 Ohms","Fundamental","-20°C ~ 70°C","-","Surface Mount","HC-49/US","0.437"" L x 0.190"" W (11.10mm x 4.83mm)","0.126"" (3.20mm)","HC-49/US-SM","https://www.digikey.be/en/products/detail/cts-frequency-controls/LP120F23CET/5230203"
"https://www.ctscorp.com/Files/DataSheets/Passives/FCP/Crystals/crystals-ATSSMLP-datasheet.pdf","-","LP120F33CDT-ND","LP120F33CDT","CTS-Frequency Controls","CTS-Frequency Controls","CRYSTAL 12.0000MHZ 18PF SMD","0","0.2392","0","1000","Tape & Reel (TR)","ATSSMLP","Active","MHz Crystal","12 MHz","±30ppm","±30ppm","18pF","40 Ohms","Fundamental","-20°C ~ 70°C","-","Surface Mount","HC-49/US","0.437"" L x 0.190"" W (11.10mm x 4.83mm)","0.126"" (3.20mm)","HC-49/US-SM","https://www.digikey.be/en/products/detail/cts-frequency-controls/LP120F33CDT/5230206"
"https://www.ctscorp.com/Files/DataSheets/Passives/FCP/Crystals/crystals-ATSSMLP-datasheet.pdf","-","LP120F33CET-ND","LP120F33CET","CTS-Frequency Controls","CTS-Frequency Controls","CRYSTAL 12.0000MHZ 20PF SMD","0","0.2392","0","1000","Tape & Reel (TR)","ATSSMLP","Active","MHz Crystal","12 MHz","±30ppm","±30ppm","20pF","40 Ohms","Fundamental","-20°C ~ 70°C","-","Surface Mount","HC-49/US","0.437"" L x 0.190"" W (11.10mm x 4.83mm)","0.126"" (3.20mm)","HC-49/US-SM","https://www.digikey.be/en/products/detail/cts-frequency-controls/LP120F33CET/5230207"
"https://www.ctscorp.com/Files/DataSheets/Passives/FCP/Crystals/crystals-ATSSMLP-datasheet.pdf","-","LP120F35CDT-ND","LP120F35CDT","CTS-Frequency Controls","CTS-Frequency Controls","CRYSTAL 12.0000MHZ 18PF SMD","0","0.2392","0","1000","Tape & Reel (TR)","ATSSMLP","Active","MHz Crystal","12 MHz","±50ppm","±30ppm","18pF","40 Ohms","Fundamental","-20°C ~ 70°C","-","Surface Mount","HC-49/US","0.437"" L x 0.190"" W (11.10mm x 4.83mm)","0.126"" (3.20mm)","HC-49/US-SM","https://www.digikey.be/en/products/detail/cts-frequency-controls/LP120F35CDT/5230210"
"https://www.ctscorp.com/Files/DataSheets/Passives/FCP/Crystals/crystals-ATSSMLP-datasheet.pdf","-","LP120F35IDT-ND","LP120F35IDT","CTS-Frequency Controls","CTS-Frequency Controls","CRYSTAL 12.0000MHZ 18PF SMD","0","0.2392","0","1000","Tape & Reel (TR)","ATSSMLP","Active","MHz Crystal","12 MHz","±50ppm","±30ppm","18pF","40 Ohms","Fundamental","-40°C ~ 85°C","-","Surface Mount","HC-49/US","0.437"" L x 0.190"" W (11.10mm x 4.83mm)","0.126"" (3.20mm)","HC-49/US-SM","https://www.digikey.be/en/products/detail/cts-frequency-controls/LP120F35IDT/5230212"
"https://www.ctscorp.com/Files/DataSheets/Passives/FCP/Crystals/crystals-ATSSMLP-datasheet.pdf","-","LP120F35IET-ND","LP120F35IET","CTS-Frequency Controls","CTS-Frequency Controls","CRYSTAL 12.0000MHZ 20PF SMD","0","0.2392","0","1000","Tape & Reel (TR)","ATSSMLP","Active","MHz Crystal","12 MHz","±50ppm","±30ppm","20pF","40 Ohms","Fundamental","-40°C ~ 85°C","-","Surface Mount","HC-49/US","0.437"" L x 0.190"" W (11.10mm x 4.83mm)","0.126"" (3.20mm)","HC-49/US-SM","https://www.digikey.be/en/products/detail/cts-frequency-controls/LP120F35IET/5230213"
"https://abracon.com/datasheets/ILSI/HC49USM.pdf","//mm.digikey.com/Volume0/opasdata/d220001/medias/images/428/MFG_HC49USM-FF3F18-10.000MHZ.jpg","2780-HC49USM-FF3F18-12.000MHZTR-ND,2780-HC49USM-FF3F18-12.000MHZCT-ND,2780-HC49USM-FF3F18-12.000MHZDKR-ND","HC49USM-FF3F18-12.000 MHZ","ILSI","ILSI","CRYSTAL 12.0000MHZ 18PF SMD","878","0.24","0","1","Tape & Reel (TR),Cut Tape (CT),Digi-Reel®","HC49USM","Active","MHz Crystal","12 MHz","±30ppm","±30ppm","18pF","60 Ohms","Fundamental","-20°C ~ 70°C","-","Surface Mount","HC-49/US","0.449"" L x 0.186"" W (11.40mm x 4.73mm)","0.177"" (4.50mm)","-","https://www.digikey.be/en/products/detail/ilsi/HC49USM-FF3F18-12-000-MHZ/12608876"
"https://www.aker-usa.com/spec/CAA.pdf","//mm.digikey.com/Volume0/opasdata/d220001/medias/images/5781/MFG_CAA.jpg","3997-CAA-12.000-20-3050-X-RTR-ND,3997-CAA-12.000-20-3050-X-RCT-ND,3997-CAA-12.000-20-3050-X-RDKR-ND","CAA-12.000-20-3050-X-R","Aker Technology Corp","Aker Technology Corp","CRYSTAL 12MHZ 20PF SMD","945","0.24","0","1","Tape & Reel (TR),Cut Tape (CT),Digi-Reel®","CAA","Active","MHz Crystal","12 MHz","±50ppm","±30ppm","20pF","50 Ohms","Fundamental","-40°C ~ 85°C","-","Surface Mount","HC-49/US","0.449"" L x 0.185"" W (11.40mm x 4.70mm)","0.169"" (4.30mm)","-","https://www.digikey.be/en/products/detail/aker-technology-corp/CAA-12-000-20-3050-X-R/22129759"
"https://www.raltron.com/webproducts/specs/CRYSTAL/CKP/R2520-12.000-10-3030-TR.pdf","//mm.digikey.com/Volume0/opasdata/d220001/medias/images/210/MFG_R2520.jpg","2151-R2520-12.000-10-3030-TR-ND,2151-R2520-12.000-10-3030-TRCT-ND,2151-R2520-12.000-10-3030-TRDKR-ND","R2520-12.000-10-3030-TR","Raltron Electronics","Raltron Electronics","CRYSTAL 12.0000MHZ 10PF SMD","0","0.24","0","1","Tape & Reel (TR),Cut Tape (CT),Digi-Reel®","R2520","Active","MHz Crystal","12 MHz","±30ppm","±30ppm","10pF","180 Ohms","Fundamental","-10°C ~ 60°C","-","Surface Mount","4-SMD, No Lead","0.098"" L x 0.079"" W (2.50mm x 2.00mm)","0.026"" (0.65mm)","4-SMD (2.5x2)","https://www.digikey.be/en/products/detail/raltron-electronics/R2520-12-000-10-3030-TR/10272531"
"https://www.raltron.com/webproducts/specs/CRYSTAL/R2520-12.000-12-3030-EXT-TR.pdf","//mm.digikey.com/Volume0/opasdata/d220001/medias/images/210/MFG_R2520.jpg","2151-R2520-12.000-12-3030-EXT-TR-ND,2151-R2520-12.000-12-3030-EXT-TRCT-ND,2151-R2520-12.000-12-3030-EXT-TRDKR-ND","R2520-12.000-12-3030-EXT-TR","Raltron Electronics","Raltron Electronics","CRYSTAL 12.0000MHZ 12PF SMD","0","0.24","0","1","Tape & Reel (TR),Cut Tape (CT),Digi-Reel®","R2520","Active","MHz Crystal","12 MHz","±30ppm","±30ppm","12pF","180 Ohms","Fundamental","-40°C ~ 85°C","-","Surface Mount","4-SMD, No Lead","0.098"" L x 0.079"" W (2.50mm x 2.00mm)","0.026"" (0.65mm)","4-SMD (2.5x2)","https://www.digikey.be/en/products/detail/raltron-electronics/R2520-12-000-12-3030-EXT-TR/13150924"
"https://abracon.com/Resonators/abm8.pdf","//mm.digikey.com/Volume0/opasdata/d220001/medias/images/6846/MFG_535%7E4SMD-.80-3.2X2.5%7E%7E4.jpg","535-ABM8-12.000MHZ-R80-B4Y-TTR-ND","ABM8-12.000MHZ-R80-B4Y-T","Abracon LLC","Abracon LLC","CRYSTAL 12.0000MHZ 12.5PF SMD","0","0.24057","0","1000","Tape & Reel (TR)","ABM8","Active","MHz Crystal","12 MHz","±30ppm","±30ppm","18pF","80 Ohms","Fundamental","-20°C ~ 70°C","-","Surface Mount","4-SMD, No Lead","0.126"" L x 0.098"" W (3.20mm x 2.50mm)","0.031"" (0.80mm)","4-SMD (3.2x2.5)","https://www.digikey.be/en/products/detail/abracon-llc/ABM8-12-000MHZ-R80-B4Y-T/24637205"
"https://aker-usa.com/files/content/products/crystals/C3E-General-Specification.pdf","//mm.digikey.com/Volume0/opasdata/d220001/medias/images/2699/MFG_C3E-12.000-12-1015-R.jpg","3997-C3E-12.000-12-1015-X-RTR-ND","C3E-12.000-12-1015-X-R","Aker Technology Corp","Aker Technology Corp","CRYSTAL 12.0000MHZ 12PF SMD","1.000","0.24301","0","1000","Tape & Reel (TR)","C3E","Active","MHz Crystal","12 MHz","±15ppm","±10ppm","12pF","80 Ohms","Fundamental","-30°C ~ 85°C","-","Surface Mount","4-SMD, No Lead","0.126"" L x 0.098"" W (3.20mm x 2.50mm)","0.030"" (0.75mm)","4-SMD (3.2x2.5)","https://www.digikey.be/en/products/detail/aker-technology-corp/C3E-12-000-12-1015-X-R/12734399"
"http://www.txccrystal.com/images/pdf/7v.pdf","//mm.digikey.com/Volume0/opasdata/d220001/medias/images/367/7V-Series.jpg","7V-12.000MAHQ-T-ND","7V-12.000MAHQ-T","TXC CORPORATION","TXC CORPORATION","CRYSTAL 12.0000MHZ 10PF SMD","0","0.24464","0","3000","Tape & Reel (TR)","7V","Active","MHz Crystal","12 MHz","±30ppm","±30ppm","10pF","100 Ohms","Fundamental","-40°C ~ 85°C","-","Surface Mount","4-SMD, No Lead","0.126"" L x 0.098"" W (3.20mm x 2.50mm)","0.035"" (0.90mm)","4-SMD (3.2x2.5)","https://www.digikey.be/en/products/detail/txc-corporation/7V-12-000MAHQ-T/6131029"
"http://www.txccrystal.com/images/pdf/7v.pdf","//mm.digikey.com/Volume0/opasdata/d220001/medias/images/367/7V-Series.jpg","7V-12.000MAHV-T-ND","7V-12.000MAHV-T","TXC CORPORATION","TXC CORPORATION","CRYSTAL 12.0000MHZ 8PF SMD","0","0.24464","0","3000","Tape & Reel (TR)","7V","Active","MHz Crystal","12 MHz","±30ppm","±30ppm","8pF","100 Ohms","Fundamental","-40°C ~ 85°C","-","Surface Mount","4-SMD, No Lead","0.126"" L x 0.098"" W (3.20mm x 2.50mm)","0.035"" (0.90mm)","4-SMD (3.2x2.5)","https://www.digikey.be/en/products/detail/txc-corporation/7V-12-000MAHV-T/6131030"
"https://www.ctscorp.com/Files/DataSheets/Passives/FCP/Crystals/crystals-403-datasheet.pdf","//mm.digikey.com/Volume0/opasdata/d220001/medias/images/373/4033.2-SERIES.jpg","403C11J12M00000-ND","403C11J12M00000","CTS-Frequency Controls","CTS-Frequency Controls","CRYSTAL 12.0000MHZ 9PF SMD","0","0.24679","0","3000","Tape & Reel (TR)","403","Active","MHz Crystal","12 MHz","±10ppm","±10ppm","9pF","150 Ohms","Fundamental","-20°C ~ 70°C","-","Surface Mount","4-SMD, No Lead","0.126"" L x 0.098"" W (3.20mm x 2.50mm)","0.030"" (0.75mm)","4-SMD (3.2x2.5)","https://www.digikey.be/en/products/detail/cts-frequency-controls/403C11J12M00000/2636696"
"https://www.ctscorp.com/Files/DataSheets/Passives/FCP/Crystals/crystals-403-datasheet.pdf","//mm.digikey.com/Volume0/opasdata/d220001/medias/images/373/4033.2-SERIES.jpg","403I35E12M00000-ND","403I35E12M00000","CTS-Frequency Controls","CTS-Frequency Controls","CRYSTAL 12.0000MHZ 20PF SMD","0","0.24679","0","3000","Tape & Reel (TR)","403","Active","MHz Crystal","12 MHz","±50ppm","±30ppm","20pF","150 Ohms","Fundamental","-40°C ~ 85°C","-","Surface Mount","4-SMD, No Lead","0.126"" L x 0.098"" W (3.20mm x 2.50mm)","0.030"" (0.75mm)","4-SMD (3.2x2.5)","https://www.digikey.be/en/products/detail/cts-frequency-controls/403I35E12M00000/2636748"
"https://www.ctscorp.com/Files/DataSheets/Passives/FCP/Crystals/crystals-403-datasheet.pdf","-","403C35A12M00000-ND","403C35A12M00000","CTS-Frequency Controls","CTS-Frequency Controls","CRYSTAL 12.0000MHZ 10PF SMD","0","0.24679","0","3000","Tape & Reel (TR)","403","Active","MHz Crystal","12 MHz","±50ppm","±30ppm","10pF","150 Ohms","Fundamental","-20°C ~ 70°C","-","Surface Mount","4-SMD, No Lead","0.126"" L x 0.098"" W (3.20mm x 2.50mm)","0.030"" (0.75mm)","4-SMD (3.2x2.5)","https://www.digikey.be/en/products/detail/cts-frequency-controls/403C35A12M00000/5228029"
"https://www.ctscorp.com/Files/DataSheets/Passives/FCP/Crystals/crystals-403-datasheet.pdf","-","403I33D12M00000-ND","403I33D12M00000","CTS-Frequency Controls","CTS-Frequency Controls","CRYSTAL 12.0000MHZ 18PF SMD","0","0.24679","0","3000","Tape & Reel (TR)","403","Active","MHz Crystal","12 MHz","±30ppm","±30ppm","18pF","150 Ohms","Fundamental","-40°C ~ 85°C","-","Surface Mount","4-SMD, No Lead","0.126"" L x 0.098"" W (3.20mm x 2.50mm)","0.030"" (0.75mm)","4-SMD (3.2x2.5)","https://www.digikey.be/en/products/detail/cts-frequency-controls/403I33D12M00000/5228044"
"http://www.txccrystal.com/images/pdf/9c.pdf","//mm.digikey.com/Volume0/opasdata/d220001/medias/images/366/9C-SERIES.jpg","887-1268-2-ND","9C-12.000MEEJ-T","TXC CORPORATION","TXC CORPORATION","CRYSTAL 12.0000MHZ 18PF SMD","0","0.24722","0","1000","Tape & Reel (TR)","9C","Obsolete","MHz Crystal","12 MHz","±10ppm","±10ppm","18pF","40 Ohms","Fundamental","-20°C ~ 70°C","-","Surface Mount","HC-49/US","0.449"" L x 0.189"" W (11.40mm x 4.80mm)","0.161"" (4.10mm)","HC-49S","https://www.digikey.be/en/products/detail/txc-corporation/9C-12-000MEEJ-T/2207688"
"https://www.ctscorp.com/Files/DataSheets/Passives/FCP/Crystals/crystals-ATSSMGL-datasheet.pdf","-","GL120F23CDT-ND","GL120F23CDT","CTS-Frequency Controls","CTS-Frequency Controls","CRYSTAL 12.0000MHZ 18PF SMD","0","0.24746","0","1000","Tape & Reel (TR)","ATSSMGL","Active","MHz Crystal","12 MHz","±30ppm","±20ppm","18pF","40 Ohms","Fundamental","-20°C ~ 70°C","-","Surface Mount","HC-49/US - 3 Lead","0.461"" L x 0.197"" W (11.70mm x 5.00mm)","0.169"" (4.30mm)","HC-49/US-SM","https://www.digikey.be/en/products/detail/cts-frequency-controls/GL120F23CDT/5229806"
"https://www.ctscorp.com/Files/DataSheets/Passives/FCP/Crystals/crystals-ATSSMGL-datasheet.pdf","-","GL120F23CET-ND","GL120F23CET","CTS-Frequency Controls","CTS-Frequency Controls","CRYSTAL 12.0000MHZ 20PF SMD","0","0.24746","0","1000","Tape & Reel (TR)","ATSSMGL","Active","MHz Crystal","12 MHz","±30ppm","±20ppm","20pF","40 Ohms","Fundamental","-20°C ~ 70°C","-","Surface Mount","HC-49/US - 3 Lead","0.461"" L x 0.197"" W (11.70mm x 5.00mm)","0.169"" (4.30mm)","HC-49/US-SM","https://www.digikey.be/en/products/detail/cts-frequency-controls/GL120F23CET/5229807"
"https://www.ctscorp.com/Files/DataSheets/Passives/FCP/Crystals/crystals-ATSSMGL-datasheet.pdf","-","GL120F33CDT-ND","GL120F33CDT","CTS-Frequency Controls","CTS-Frequency Controls","CRYSTAL 12.0000MHZ 18PF SMD","0","0.24746","0","1000","Tape & Reel (TR)","ATSSMGL","Active","MHz Crystal","12 MHz","±30ppm","±30ppm","18pF","40 Ohms","Fundamental","-20°C ~ 70°C","-","Surface Mount","HC-49/US - 3 Lead","0.461"" L x 0.197"" W (11.70mm x 5.00mm)","0.169"" (4.30mm)","HC-49/US-SM","https://www.digikey.be/en/products/detail/cts-frequency-controls/GL120F33CDT/5229810"
"https://www.ctscorp.com/Files/DataSheets/Passives/FCP/Crystals/crystals-ATSSMGL-datasheet.pdf","-","GL120F33CET-ND","GL120F33CET","CTS-Frequency Controls","CTS-Frequency Controls","CRYSTAL 12.0000MHZ 20PF SMD","0","0.24746","0","1000","Tape & Reel (TR)","ATSSMGL","Active","MHz Crystal","12 MHz","±30ppm","±30ppm","20pF","40 Ohms","Fundamental","-20°C ~ 70°C","-","Surface Mount","HC-49/US - 3 Lead","0.461"" L x 0.197"" W (11.70mm x 5.00mm)","0.169"" (4.30mm)","HC-49/US-SM","https://www.digikey.be/en/products/detail/cts-frequency-controls/GL120F33CET/5229811"
"https://www.ctscorp.com/Files/DataSheets/Passives/FCP/Crystals/crystals-ATSSMGL-datasheet.pdf","-","GL120F35CDT-ND","GL120F35CDT","CTS-Frequency Controls","CTS-Frequency Controls","CRYSTAL 12.0000MHZ 18PF SMD","0","0.24746","0","1000","Tape & Reel (TR)","ATSSMGL","Active","MHz Crystal","12 MHz","±50ppm","±30ppm","18pF","40 Ohms","Fundamental","-20°C ~ 70°C","-","Surface Mount","HC-49/US - 3 Lead","0.461"" L x 0.197"" W (11.70mm x 5.00mm)","0.169"" (4.30mm)","HC-49/US-SM","https://www.digikey.be/en/products/detail/cts-frequency-controls/GL120F35CDT/5229814"
"https://www.ctscorp.com/Files/DataSheets/Passives/FCP/Crystals/crystals-ATSSMGL-datasheet.pdf","-","GL120F35CET-ND","GL120F35CET","CTS-Frequency Controls","CTS-Frequency Controls","CRYSTAL 12.0000MHZ 20PF SMD","0","0.24746","0","1000","Tape & Reel (TR)","ATSSMGL","Active","MHz Crystal","12 MHz","±50ppm","±30ppm","20pF","40 Ohms","Fundamental","-20°C ~ 70°C","-","Surface Mount","HC-49/US - 3 Lead","0.461"" L x 0.197"" W (11.70mm x 5.00mm)","0.169"" (4.30mm)","HC-49/US-SM","https://www.digikey.be/en/products/detail/cts-frequency-controls/GL120F35CET/5229815"
"https://www.ctscorp.com/Files/DataSheets/Passives/FCP/Crystals/crystals-ATSSMGL-datasheet.pdf","-","GL120F35IDT-ND","GL120F35IDT","CTS-Frequency Controls","CTS-Frequency Controls","CRYSTAL 12.0000MHZ 18PF SMD","0","0.24746","0","1000","Tape & Reel (TR)","ATSSMGL","Active","MHz Crystal","12 MHz","±50ppm","±30ppm","18pF","40 Ohms","Fundamental","-40°C ~ 85°C","-","Surface Mount","HC-49/US - 3 Lead","0.461"" L x 0.197"" W (11.70mm x 5.00mm)","0.169"" (4.30mm)","HC-49/US-SM","https://www.digikey.be/en/products/detail/cts-frequency-controls/GL120F35IDT/5229816"
"https://www.ctscorp.com/Files/DataSheets/Passives/FCP/Crystals/crystals-ATSSMGL-datasheet.pdf","-","GL120F35IET-ND","GL120F35IET","CTS-Frequency Controls","CTS-Frequency Controls","CRYSTAL 12.0000MHZ 20PF SMD","0","0.24746","0","1000","Tape & Reel (TR)","ATSSMGL","Active","MHz Crystal","12 MHz","±50ppm","±30ppm","20pF","40 Ohms","Fundamental","-40°C ~ 85°C","-","Surface Mount","HC-49/US - 3 Lead","0.461"" L x 0.197"" W (11.70mm x 5.00mm)","0.169"" (4.30mm)","HC-49/US-SM","https://www.digikey.be/en/products/detail/cts-frequency-controls/GL120F35IET/5229817"
"https://www.ctscorp.com/Files/DataSheets/Passives/FCP/Crystals/crystals-ATSSMLP-datasheet.pdf","-","LP120F23IDT-ND","LP120F23IDT","CTS-Frequency Controls","CTS-Frequency Controls","CRYSTAL 12.0000MHZ 18PF SMD","0","0.24746","0","1000","Tape & Reel (TR)","ATSSMLP","Active","MHz Crystal","12 MHz","±30ppm","±20ppm","18pF","40 Ohms","Fundamental","-40°C ~ 85°C","-","Surface Mount","HC-49/US","0.437"" L x 0.190"" W (11.10mm x 4.83mm)","0.126"" (3.20mm)","HC-49/US-SM","https://www.digikey.be/en/products/detail/cts-frequency-controls/LP120F23IDT/5230204"
"https://www.ctscorp.com/Files/DataSheets/Passives/FCP/Crystals/crystals-ATSSMLP-datasheet.pdf","-","LP120F23IET-ND","LP120F23IET","CTS-Frequency Controls","CTS-Frequency Controls","CRYSTAL 12.0000MHZ 20PF SMD","0","0.24746","0","1000","Tape & Reel (TR)","ATSSMLP","Active","MHz Crystal","12 MHz","±30ppm","±20ppm","20pF","40 Ohms","Fundamental","-40°C ~ 85°C","-","Surface Mount","HC-49/US","0.437"" L x 0.190"" W (11.10mm x 4.83mm)","0.126"" (3.20mm)","HC-49/US-SM","https://www.digikey.be/en/products/detail/cts-frequency-controls/LP120F23IET/5230205"
"https://www.ctscorp.com/Files/DataSheets/Passives/FCP/Crystals/crystals-ATSSMLP-datasheet.pdf","-","LP120F33IDT-ND","LP120F33IDT","CTS-Frequency Controls","CTS-Frequency Controls","CRYSTAL 12.0000MHZ 18PF SMD","0","0.24746","0","1000","Tape & Reel (TR)","ATSSMLP","Active","MHz Crystal","12 MHz","±30ppm","±30ppm","18pF","40 Ohms","Fundamental","-40°C ~ 85°C","-","Surface Mount","HC-49/US","0.437"" L x 0.190"" W (11.10mm x 4.83mm)","0.126"" (3.20mm)","HC-49/US-SM","https://www.digikey.be/en/products/detail/cts-frequency-controls/LP120F33IDT/5230208"
"https://www.ctscorp.com/Files/DataSheets/Passives/FCP/Crystals/crystals-ATSSMLP-datasheet.pdf","-","LP120F33IET-ND","LP120F33IET","CTS-Frequency Controls","CTS-Frequency Controls","CRYSTAL 12.0000MHZ 20PF SMD","0","0.24746","0","1000","Tape & Reel (TR)","ATSSMLP","Active","MHz Crystal","12 MHz","±30ppm","±30ppm","20pF","40 Ohms","Fundamental","-40°C ~ 85°C","-","Surface Mount","HC-49/US","0.437"" L x 0.190"" W (11.10mm x 4.83mm)","0.126"" (3.20mm)","HC-49/US-SM","https://www.digikey.be/en/products/detail/cts-frequency-controls/LP120F33IET/5230209"
"https://www.diodes.com/assets/Datasheets/GB_GG.pdf","//mm.digikey.com/Volume0/opasdata/d220001/medias/images/1062/SaRonix-eCeraGB.jpg","GB1200052-ND","GB1200052","Diodes Incorporated","Diodes Incorporated","CRYSTAL 12.0000MHZ 12PF","0","0.24883","0","1000","Tape & Reel (TR)","SaRonix-eCera™ GB","Active","MHz Crystal","12 MHz","±30ppm","±30ppm","12pF","40 Ohms","Fundamental","-40°C ~ 85°C","-","-","-","-","-","-","https://www.digikey.be/en/products/detail/diodes-incorporated/GB1200052/9768355"
"https://www.vishay.com/doc?35072","//mm.digikey.com/Volume0/opasdata/d220001/medias/images/6634/MFG_35551.jpg","541-XT2220HGRGX12M00ETR-ND,541-XT2220HGRGX12M00ECT-ND,541-XT2220HGRGX12M00EDKR-ND","XT2220HGRGX12M00E","Vishay Dale","Vishay Dale","CRYSTAL, 2.5X2.0MM, +/-30PPM, -4","0","0.24912","0","3000","Tape & Reel (TR),Cut Tape (CT),Digi-Reel®","XT22","Active","MHz Crystal","12 MHz","±30ppm","±30ppm","20pF","120 Ohms","Fundamental","-40°C ~ 85°C","-","Surface Mount","4-SMD, No Lead","0.100"" L x 0.081"" W (2.55mm x 2.05mm)","0.026"" (0.65mm)","4-SMD (2.55x2.05)","https://www.digikey.be/en/products/detail/vishay-dale/XT2220HGRGX12M00E/26256226"
"https://abracon.com/Resonators/ABLS2.pdf","//mm.digikey.com/Volume0/opasdata/d220001/medias/images/6845/535%7EHC49USSMD-3.3-11.4X4.7%7E%7E2.jpg","535-9869-2-ND,535-9869-1-ND,535-9869-6-ND","ABLS2-12.000MHZ-D4Y-T","Abracon LLC","Abracon LLC","CRYSTAL 12.0000MHZ 18PF SMD","16.747","0.25","0","1","Tape & Reel (TR),Cut Tape (CT),Digi-Reel®","ABLS2","Active","MHz Crystal","12 MHz","±30ppm","±30ppm","18pF","50 Ohms","Fundamental","-40°C ~ 85°C","-","Surface Mount","HC-49/US","0.449"" L x 0.185"" W (11.40mm x 4.70mm)","0.130"" (3.30mm)","HC-49/US","https://www.digikey.be/en/products/detail/abracon-llc/ABLS2-12-000MHZ-D4Y-T/2001236"
"https://ecsxtal.com/store/pdf/ECX-33B2Q.pdf","//mm.digikey.com/Volume0/opasdata/d220001/medias/images/6025/MFG_ECX-33B2Q.jpg","50-ECS-120-12-33B2Q-JES-TR3TR-ND,50-ECS-120-12-33B2Q-JES-TR3CT-ND,50-ECS-120-12-33B2Q-JES-TR3DKR-ND","ECS-120-12-33B2Q-JES-TR3","ECS Inc.","ECS Inc.","CRYSTAL 12.000 MHZ 12PF SMD","2.589","0.25","0","1","Tape & Reel (TR),Cut Tape (CT),Digi-Reel®","ECX-33B2Q","Active","MHz Crystal","12 MHz","±50ppm","±20ppm","12pF","100 Ohms","Fundamental","-40°C ~ 125°C","AEC-Q200","Surface Mount","4-SMD, No Lead","0.126"" L x 0.098"" W (3.20mm x 2.50mm)","0.031"" (0.80mm)","4-SMD (3.2x2.5)","https://www.digikey.be/en/products/detail/ecs-inc/ECS-120-12-33B2Q-JES-TR3/22464818"
"https://abracon.com/datasheets/Ecliptek/E1S.pdf","//mm.digikey.com/Volume0/opasdata/d220001/medias/images/5407/E1S.jpg","2773-E1SJA18-12.000MTR-ND,2773-E1SJA18-12.000MCT-ND,2773-E1SJA18-12.000MDKR-ND","E1SJA18-12.000M TR","Ecliptek","Ecliptek","CRYSTAL 12.0000MHZ 18PF SMD","129","0.25","0","1","Tape & Reel (TR),Cut Tape (CT),Digi-Reel®","E1S","Active","MHz Crystal","12 MHz","±30ppm","±15ppm","18pF","70 Ohms","Fundamental","-40°C ~ 85°C","-","Surface Mount","HC-49/US","0.457"" L x 0.191"" W (11.60mm x 4.85mm)","0.126"" (3.20mm)","HC-49/UP","https://www.digikey.be/en/products/detail/ecliptek/E1SJA18-12-000M-TR/12620074"
"https://abracon.com/datasheets/ILSI/HC49USM.pdf","//mm.digikey.com/Volume0/opasdata/d220001/medias/images/428/MFG_HC49USM-FF3F18-10.000MHZ.jpg","2780-HC49USM-FF5F18-12.000MHZTR-ND,2780-HC49USM-FF5F18-12.000MHZCT-ND,2780-HC49USM-FF5F18-12.000MHZDKR-ND","HC49USM-FF5F18-12.000 MHZ","ILSI","ILSI","CRYSTAL 12.0000MHZ 18PF SMD","1.995","0.25","0","1","Tape & Reel (TR),Cut Tape (CT),Digi-Reel®","HC49USM","Active","MHz Crystal","12 MHz","±30ppm","±30ppm","18pF","60 Ohms","Fundamental","-40°C ~ 85°C","-","Surface Mount","HC-49/US","0.449"" L x 0.186"" W (11.40mm x 4.73mm)","0.177"" (4.50mm)","-","https://www.digikey.be/en/products/detail/ilsi/HC49USM-FF5F18-12-000-MHZ/12608893"
"https://www.ctscorp.com/Files/DataSheets/Passives/FCP/Crystals/crystals-ATSSMGL-datasheet.pdf","-","GL120F23IDT-ND","GL120F23IDT","CTS-Frequency Controls","CTS-Frequency Controls","CRYSTAL 12.0000MHZ 18PF SMD","0","0.25432","0","1000","Tape & Reel (TR)","ATSSMGL","Active","MHz Crystal","12 MHz","±30ppm","±20ppm","18pF","40 Ohms","Fundamental","-40°C ~ 85°C","-","Surface Mount","HC-49/US - 3 Lead","0.461"" L x 0.197"" W (11.70mm x 5.00mm)","0.169"" (4.30mm)","HC-49/US-SM","https://www.digikey.be/en/products/detail/cts-frequency-controls/GL120F23IDT/5229808"
"https://www.ctscorp.com/Files/DataSheets/Passives/FCP/Crystals/crystals-ATSSMGL-datasheet.pdf","-","GL120F23IET-ND","GL120F23IET","CTS-Frequency Controls","CTS-Frequency Controls","CRYSTAL 12.0000MHZ 20PF SMD","0","0.25432","0","1000","Tape & Reel (TR)","ATSSMGL","Active","MHz Crystal","12 MHz","±30ppm","±20ppm","20pF","40 Ohms","Fundamental","-40°C ~ 85°C","-","Surface Mount","HC-49/US - 3 Lead","0.461"" L x 0.197"" W (11.70mm x 5.00mm)","0.169"" (4.30mm)","HC-49/US-SM","https://www.digikey.be/en/products/detail/cts-frequency-controls/GL120F23IET/5229809"
"https://www.ctscorp.com/Files/DataSheets/Passives/FCP/Crystals/crystals-ATSSMGL-datasheet.pdf","-","GL120F33IDT-ND","GL120F33IDT","CTS-Frequency Controls","CTS-Frequency Controls","CRYSTAL 12.0000MHZ 18PF SMD","0","0.25432","0","1000","Tape & Reel (TR)","ATSSMGL","Active","MHz Crystal","12 MHz","±30ppm","±30ppm","18pF","40 Ohms","Fundamental","-40°C ~ 85°C","-","Surface Mount","HC-49/US - 3 Lead","0.461"" L x 0.197"" W (11.70mm x 5.00mm)","0.169"" (4.30mm)","HC-49/US-SM","https://www.digikey.be/en/products/detail/cts-frequency-controls/GL120F33IDT/5229812"
"https://www.ctscorp.com/Files/DataSheets/Passives/FCP/Crystals/crystals-ATSSMGL-datasheet.pdf","-","GL120F33IET-ND","GL120F33IET","CTS-Frequency Controls","CTS-Frequency Controls","CRYSTAL 12.0000MHZ 20PF SMD","0","0.25432","0","1000","Tape & Reel (TR)","ATSSMGL","Active","MHz Crystal","12 MHz","±30ppm","±30ppm","20pF","40 Ohms","Fundamental","-40°C ~ 85°C","-","Surface Mount","HC-49/US - 3 Lead","0.461"" L x 0.197"" W (11.70mm x 5.00mm)","0.169"" (4.30mm)","HC-49/US-SM","https://www.digikey.be/en/products/detail/cts-frequency-controls/GL120F33IET/5229813"
"http://www.txccrystal.com/images/pdf/7v.pdf","//mm.digikey.com/Volume0/opasdata/d220001/medias/images/4106/MFG_7V-27.000MDDJ-T.jpg","887-7V-12.000MAAQ-TTR-ND","7V-12.000MAAQ-T","TXC CORPORATION","TXC CORPORATION","CRYSTAL 12.0000MHZ 10PF SMD","0","0.25696","0","3000","Tape & Reel (TR)","7V","Active","MHz Crystal","12 MHz","±30ppm","±30ppm","10pF","150 Ohms","Fundamental","-20°C ~ 70°C","-","Surface Mount","4-SMD, No Lead","0.126"" L x 0.098"" W (3.20mm x 2.50mm)","0.035"" (0.90mm)","4-SMD (3.2x2.5)","https://www.digikey.be/en/products/detail/txc-corporation/7V-12-000MAAQ-T/11587521"
"http://www.txccrystal.com/images/pdf/7v.pdf","//mm.digikey.com/Volume0/opasdata/d220001/medias/images/367/7V-Series.jpg","7V-12.000MAAJ-T-ND","7V-12.000MAAJ-T","TXC CORPORATION","TXC CORPORATION","CRYSTAL 12.0000MHZ 18PF SMD","0","0.25696","0","3000","Tape & Reel (TR)","7V","Active","MHz Crystal","12 MHz","±30ppm","±30ppm","18pF","100 Ohms","Fundamental","-40°C ~ 85°C","-","Surface Mount","4-SMD, No Lead","0.126"" L x 0.098"" W (3.20mm x 2.50mm)","0.035"" (0.90mm)","4-SMD (3.2x2.5)","https://www.digikey.be/en/products/detail/txc-corporation/7V-12-000MAAJ-T/2811931"
"https://abracon.com/AIGcrystals/ABM10AIG.pdf","//mm.digikey.com/Volume0/opasdata/d220001/medias/images/956/ABM10AIG.jpg","ABM10AIG-12.000MHZ-D2Z-T3-ND","ABM10AIG-12.000MHZ-D2Z-T3","Abracon LLC","Abracon LLC","CRYSTAL 12.0000MHZ 10PF SMD","0","0.25696","0","3000","Tape & Reel (TR)","ABM10AIG","Active","MHz Crystal","12 MHz","±50ppm","±20ppm","10pF","150 Ohms","Fundamental","-40°C ~ 85°C","AEC-Q200","Surface Mount","4-SMD, No Lead","0.100"" L x 0.081"" W (2.55mm x 2.05mm)","0.026"" (0.65mm)","4-SMD (2.55x2.05)","https://www.digikey.be/en/products/detail/abracon-llc/ABM10AIG-12-000MHZ-D2Z-T3/5819152"
"http://www.txccrystal.com/images/pdf/7v.pdf","//mm.digikey.com/Volume0/opasdata/d220001/medias/images/367/7V-Series.jpg","7V-12.000MAGJ-T-ND","7V-12.000MAGJ-T","TXC CORPORATION","TXC CORPORATION","CRYSTAL 12.0000MHZ 18PF SMD","0","0.25696","0","3000","Tape & Reel (TR)","7V","Active","MHz Crystal","12 MHz","±50ppm","±30ppm","18pF","150 Ohms","Fundamental","-40°C ~ 85°C","-","Surface Mount","4-SMD, No Lead","0.126"" L x 0.098"" W (3.20mm x 2.50mm)","0.035"" (0.90mm)","4-SMD (3.2x2.5)","https://www.digikey.be/en/products/detail/txc-corporation/7V-12-000MAGJ-T/5126405"
"http://www.txccrystal.com/images/pdf/7v.pdf","//mm.digikey.com/Volume0/opasdata/d220001/medias/images/367/7V-Series.jpg","7V-12.000MDDV-T-ND","7V-12.000MDDV-T","TXC CORPORATION","TXC CORPORATION","CRYSTAL 12.0000MHZ 8PF SMD","0","0.25752","0","3000","Tape & Reel (TR)","7V","Active","MHz Crystal","12 MHz","±20ppm","±20ppm","8pF","150 Ohms","Fundamental","-20°C ~ 70°C","-","Surface Mount","4-SMD, No Lead","0.126"" L x 0.098"" W (3.20mm x 2.50mm)","0.035"" (0.90mm)","4-SMD (3.2x2.5)","https://www.digikey.be/en/products/detail/txc-corporation/7V-12-000MDDV-T/5126407"
"https://abracon.com/datasheets/ILSI/ILCX13.pdf","//mm.digikey.com/Volume0/opasdata/d220001/medias/images/428/MFG_ILCX13-FF5F10-12.288MHZ.jpg","2780-ILCX13-FF5F18-12.000MHZTR-ND","ILCX13-FF5F18-12.000 MHZ","ILSI","ILSI","CRYSTAL SMD 12.000 MHZ","0","0.2595","0","3000","Tape & Reel (TR)","ILCX13","Active","MHz Crystal","12 MHz","±30ppm","±30ppm","18pF","100 Ohms","Fundamental","-40°C ~ 85°C","-","Surface Mount","4-SMD, No Lead","0.126"" L x 0.098"" W (3.20mm x 2.50mm)","0.035"" (0.90mm)","4-SMD (3.2x2.5)","https://www.digikey.be/en/products/detail/ilsi/ILCX13-FF5F18-12-000-MHZ/24638808"
"https://ecsxtal.com/store/pdf/CSM-3X.pdf","//mm.digikey.com/Volume0/opasdata/d220001/medias/images/379/ECS-270-20-3X-EN-TR.jpg","XC1770TR-ND,XC1770CT-ND,XC1770DKR-ND","ECS-120-20-3X-TR","ECS Inc.","ECS Inc.","CRYSTAL 12.0000MHZ 20PF SMD","49.578","0.26","0","1","Tape & Reel (TR),Cut Tape (CT),Digi-Reel®","CSM-3X","Active","MHz Crystal","12 MHz","±50ppm","±30ppm","20pF","60 Ohms","Fundamental","-10°C ~ 70°C","-","Surface Mount","HC-49/US","0.276"" L x 0.161"" W (7.00mm x 4.10mm)","0.091"" (2.30mm)","-","https://www.digikey.be/en/products/detail/ecs-inc/ECS-120-20-3X-TR/2676600"
"https://www.vishay.com/doc?35063","//mm.digikey.com/Volume0/opasdata/d220001/medias/images/6689/MFG_XT23.jpg","541-XT2318HJRGX12M00ETR-ND,541-XT2318HJRGX12M00ECT-ND,541-XT2318HJRGX12M00EDKR-ND","XT2318HJRGX12M00E","Vishay Dale","Vishay Dale","CRYSTAL, 3.2X2.5MM, +/-30PPM, -4","1.683","0.26","0","1","Tape & Reel (TR),Cut Tape (CT),Digi-Reel®","XT23","Active","MHz Crystal","12 MHz","±30ppm","±10ppm","18pF","100 Ohms","Fundamental","-40°C ~ 85°C","-","Surface Mount","4-SMD, No Lead","0.126"" L x 0.098"" W (3.20mm x 2.50mm)","0.031"" (0.80mm)","4-SMD (3.2x2.5)","https://www.digikey.be/en/products/detail/vishay-dale/XT2318HJRGX12M00E/26472755"
"http://cfd.citizen.co.jp/cms/cfd/pdf/english/HC-49_U-S_E.pdf","//mm.digikey.com/Volume0/opasdata/d220001/medias/images/2593/HC49US%20series.jpg","HC-49/U-S12000000BBQB-ND","HC-49/U-S12000000BBQB","Citizen Finedevice Co Ltd","Citizen Finedevice Co Ltd","CRYSTAL 12.0000MHZ 10PF TH","0","0.26006","0","1000","Bulk","HC-49/U-S","Active","MHz Crystal","12 MHz","±50ppm","±50ppm","10pF","80 Ohms","Fundamental","-10°C ~ 60°C","-","Through Hole","HC-49/US","0.453"" L x 0.183"" W (11.50mm x 4.65mm)","0.138"" (3.50mm)","-","https://www.digikey.be/en/products/detail/citizen-finedevice-co-ltd/HC-49-U-S12000000BBQB/5970772"
"http://cfd.citizen.co.jp/cms/cfd/pdf/english/HC-49_U-S_E.pdf","//mm.digikey.com/Volume0/opasdata/d220001/medias/images/2593/HC49US%20series.jpg","HC-49/U-S12000000BBQT-ND","HC-49/U-S12000000BBQT","Citizen Finedevice Co Ltd","Citizen Finedevice Co Ltd","CRYSTAL 12.0000MHZ 10PF TH","0","0.26006","0","1000","Bulk","HC-49/U-S","Active","MHz Crystal","12 MHz","±50ppm","±50ppm","10pF","80 Ohms","Fundamental","-10°C ~ 60°C","-","Through Hole","HC-49/US","0.453"" L x 0.183"" W (11.50mm x 4.65mm)","0.138"" (3.50mm)","-","https://www.digikey.be/en/products/detail/citizen-finedevice-co-ltd/HC-49-U-S12000000BBQT/5970773"
"https://www.cardinalxtal.com/wp-content/uploads/2023/03/csm1-4-5_revb.pdf","//mm.digikey.com/Volume0/opasdata/d220001/medias/images/2420/CSM1%20SERIES.JPG","370-1094-2-ND","CSM1Z-A0B2C3-80-12.0D18","Cardinal Components Inc.","Cardinal Components Inc.","CRYSTAL 12.0000MHZ 18PF SMD","0","0.26095","0","1000","Tape & Reel (TR)","CSM1","Active","MHz Crystal","12 MHz","±50ppm","±30ppm","18pF","80 Ohms","Fundamental","-10°C ~ 60°C","-","Surface Mount","HC-49/US","0.457"" L x 0.185"" W (11.60mm x 4.70mm)","0.181"" (4.60mm)","-","https://www.digikey.be/en/products/detail/cardinal-components-inc/CSM1Z-A0B2C3-80-12-0D18/3748423"
"https://www.cardinalxtal.com/wp-content/uploads/2023/03/csm1-4-5_revb.pdf","//mm.digikey.com/Volume0/opasdata/d220001/medias/images/2420/CSM1%20SERIES.JPG","370-1108-2-ND","CSM1Z-A5B2C3-40-12.0D18","Cardinal Components Inc.","Cardinal Components Inc.","CRYSTAL 12.0000MHZ 18PF SMD","0","0.26095","0","1000","Tape & Reel (TR)","CSM1","Active","MHz Crystal","12 MHz","±50ppm","±30ppm","18pF","40 Ohms","Fundamental","-20°C ~ 70°C","-","Surface Mount","HC-49/US","0.457"" L x 0.185"" W (11.60mm x 4.70mm)","0.181"" (4.60mm)","-","https://www.digikey.be/en/products/detail/cardinal-components-inc/CSM1Z-A5B2C3-40-12-0D18/3748462"
"https://www.cardinalxtal.com/wp-content/uploads/2023/03/csm1-4-5_revb.pdf","//mm.digikey.com/Volume0/opasdata/d220001/medias/images/2420/CSM1%20SERIES.JPG","370-1156-2-ND","CSM1Z-A5B2C5-40-12.0D18","Cardinal Components Inc.","Cardinal Components Inc.","CRYSTAL 12.0000MHZ 18PF SMD","0","0.26095","0","1000","Tape & Reel (TR)","CSM1","Active","MHz Crystal","12 MHz","±50ppm","±20ppm","18pF","40 Ohms","Fundamental","-20°C ~ 70°C","-","Surface Mount","HC-49/US","0.457"" L x 0.185"" W (11.60mm x 4.70mm)","0.181"" (4.60mm)","-","https://www.digikey.be/en/products/detail/cardinal-components-inc/CSM1Z-A5B2C5-40-12-0D18/3749216"
"https://www.ctscorp.com/Files/DataSheets/Passives/FCP/Crystals/crystals-ATSSMTS-datasheet.pdf","-","TS120F11CDT-ND","TS120F11CDT","CTS-Frequency Controls","CTS-Frequency Controls","CRYSTAL 12.0000MHZ 18PF SMD","0","0.26115","0","1000","Tape & Reel (TR)","ATSSMTS","Active","MHz Crystal","12 MHz","±10ppm","±10ppm","18pF","40 Ohms","Fundamental","-20°C ~ 70°C","-","Surface Mount","HC-49/US","0.437"" L x 0.190"" W (11.10mm x 4.83mm)","0.169"" (4.30mm)","HC-49/US-SM","https://www.digikey.be/en/products/detail/cts-frequency-controls/TS120F11CDT/5229154"
"https://www.ctscorp.com/Files/DataSheets/Passives/FCP/Crystals/crystals-ATSSMTS-datasheet.pdf","-","TS120F11CET-ND","TS120F11CET","CTS-Frequency Controls","CTS-Frequency Controls","CRYSTAL 12.0000MHZ 20PF SMD","0","0.26115","0","1000","Tape & Reel (TR)","ATSSMTS","Active","MHz Crystal","12 MHz","±10ppm","±10ppm","20pF","40 Ohms","Fundamental","-20°C ~ 70°C","-","Surface Mount","HC-49/US","0.437"" L x 0.190"" W (11.10mm x 4.83mm)","0.169"" (4.30mm)","HC-49/US-SM","https://www.digikey.be/en/products/detail/cts-frequency-controls/TS120F11CET/5229155"
"//mm.digikey.com/Volume0/opasdata/d220001/medias/docus/18/FQ3225BR-12.000.pdf","//mm.digikey.com/Volume0/opasdata/d220001/medias/images/891/FQ3225B-12.JPG","631-1412-2-ND","FC3BQBBMM12.0-T1","Fox Electronics","Fox Electronics","CRYSTAL 12.0000MHZ 20PF SMD","0","0.26653","0","1000","Tape & Reel (TR)","FQ3225B","Obsolete","MHz Crystal","12 MHz","±50ppm","±50ppm","20pF","100 Ohms","Fundamental","-40°C ~ 85°C","-","Surface Mount","4-SMD, No Lead","0.126"" L x 0.098"" W (3.20mm x 2.50mm)","0.043"" (1.10mm)","4-SMD (3.2x2.5)","https://www.digikey.be/en/products/detail/fox-electronics/FC3BQBBMM12-0-T1/4862583"
"https://abracon.com/Resonators/ABL.pdf","//mm.digikey.com/Volume0/opasdata/d220001/medias/images/6844/MFG_535%7EHC49US-3.5-11.5X5%7E%7E2.jpg","535-9037-ND","ABL-12.000MHZ-B2","Abracon LLC","Abracon LLC","CRYSTAL 12.0000MHZ 18PF TH","327","0.27","0","1","Bulk","ABL","Active","MHz Crystal","12 MHz","±50ppm","±20ppm","18pF","50 Ohms","Fundamental","-20°C ~ 70°C","-","Through Hole","HC-49/US","0.453"" L x 0.197"" W (11.50mm x 5.00mm)","0.138"" (3.50mm)","HC-49/US","https://www.digikey.be/en/products/detail/abracon-llc/ABL-12-000MHZ-B2/675232"
"https://abracon.com/Resonators/ABLS2.pdf","//mm.digikey.com/Volume0/opasdata/d220001/medias/images/6845/535%7EHC49USSMD-3.3-11.4X4.7%7E%7E2.jpg","535-ABLS2-12.000MHZ-B4Y-TTR-ND,535-ABLS2-12.000MHZ-B4Y-TCT-ND,535-ABLS2-12.000MHZ-B4Y-TDKR-ND","ABLS2-12.000MHZ-B4Y-T","Abracon LLC","Abracon LLC","CRYSTAL 12.0000MHZ 18PF SMD","831","0.27","0","1","Tape & Reel (TR),Cut Tape (CT),Digi-Reel®","ABLS2","Active","MHz Crystal","12 MHz","±30ppm","±30ppm","18pF","50 Ohms","Fundamental","-20°C ~ 70°C","-","Surface Mount","HC-49/US","0.449"" L x 0.185"" W (11.40mm x 4.70mm)","0.130"" (3.30mm)","HC-49/US","https://www.digikey.be/en/products/detail/abracon-llc/ABLS2-12-000MHZ-B4Y-T/4866048"
"https://abracon.com/Resonators/ABL.pdf","//mm.digikey.com/Volume0/opasdata/d220001/medias/images/6844/MFG_535%7EHC49US-3.5-11.5X5%7E%7E2.jpg","535-ABL-12.000MHZ-B4Y-TTR-ND,535-ABL-12.000MHZ-B4Y-TCT-ND","ABL-12.000MHZ-B4Y-T","Abracon LLC","Abracon LLC","CRYSTAL 12.0000MHZ 18PF TH","503","0.27","0","1","Tape & Reel (TR),Cut Tape (CT)","ABL","Active","MHz Crystal","12 MHz","±30ppm","±30ppm","18pF","50 Ohms","Fundamental","-20°C ~ 70°C","-","Through Hole","HC-49/US","0.453"" L x 0.197"" W (11.50mm x 5.00mm)","0.138"" (3.50mm)","HC-49/US","https://www.digikey.be/en/products/detail/abracon-llc/ABL-12-000MHZ-B4Y-T/4865979"
"https://abracon.com/Resonators/ABL.pdf","//mm.digikey.com/Volume0/opasdata/d220001/medias/images/6844/MFG_535%7EHC49US-3.5-11.5X5%7E%7E2.jpg","535-ABL-12.000MHZ-N2X-TTR-ND,535-ABL-12.000MHZ-N2X-TCT-ND","ABL-12.000MHZ-N2X-T","Abracon LLC","Abracon LLC","CRYSTAL 12.0000MHZ 18PF TH","149","0.27","0","1","Tape & Reel (TR),Cut Tape (CT)","ABL","Active","MHz Crystal","12 MHz","±20ppm","±20ppm","18pF","50 Ohms","Fundamental","-30°C ~ 85°C","-","Through Hole","HC-49/US","0.453"" L x 0.197"" W (11.50mm x 5.00mm)","0.138"" (3.50mm)","HC-49/US","https://www.digikey.be/en/products/detail/abracon-llc/ABL-12-000MHZ-N2X-T/8581958"
"https://www.yic.com.tw/wp-content/uploads/2019/05/YIC-49US-49SL-49SMT-49SLMT.pdf","//mm.digikey.com/Volume0/opasdata/d220001/medias/images/4176/MFG_49US.jpg","3155-12M20P2/49US-ND","12M20P2/49US","YIC","YIC","CRYSTAL 12MHZ 20PF DIP","129","0.27","0","1","Bulk","49US","Active","MHz Crystal","12 MHz","±30ppm","±30ppm","20pF","50 Ohms","Fundamental","-20°C ~ 70°C","-","Through Hole","HC-49/US","0.453"" L x 0.183"" W (11.50mm x 4.65mm)","0.138"" (3.50mm)","HC-49/US","https://www.digikey.be/en/products/detail/yic/12M20P2-49US/15648617"
"https://abracon.com/datasheets/ABM3BN.pdf","//mm.digikey.com/Volume0/opasdata/d220001/medias/images/6705/MFG_ABM3BN.jpg","535-ABM3BN-12.000MHZ-18-K4Z-TTR-ND","ABM3BN-12.000MHZ-18-K4Z-T","Abracon LLC","Abracon LLC","CRYSTAL 12.0000MHZ 18PF SMD","0","0.27476","0","1000","Tape & Reel (TR)","ABM3BN","Active","MHz Crystal","12 MHz","±50ppm","±30ppm","18pF","70 Ohms","Fundamental","-40°C ~ 125°C","-","Surface Mount","4-SMD, No Lead","0.197"" L x 0.126"" W (5.00mm x 3.20mm)","0.043"" (1.10mm)","4-SMD (5x3.2)","https://www.digikey.be/en/products/detail/abracon-llc/ABM3BN-12-000MHZ-18-K4Z-T/26483419"
"https://abracon.com/datasheets/ABM3BN.pdf","//mm.digikey.com/Volume0/opasdata/d220001/medias/images/6705/MFG_ABM3BN.jpg","535-ABM3BN-12.000MHZ-10-K4Z-TTR-ND","ABM3BN-12.000MHZ-10-K4Z-T","Abracon LLC","Abracon LLC","CRYSTAL 12.0000MHZ 10PF SMD","0","0.27476","0","1000","Tape & Reel (TR)","ABM3BN","Active","MHz Crystal","12 MHz","±50ppm","±30ppm","10pF","70 Ohms","Fundamental","-40°C ~ 125°C","-","Surface Mount","4-SMD, No Lead","0.197"" L x 0.126"" W (5.00mm x 3.20mm)","0.043"" (1.10mm)","4-SMD (5x3.2)","https://www.digikey.be/en/products/detail/abracon-llc/ABM3BN-12-000MHZ-10-K4Z-T/26483501"
"https://abracon.com/datasheets/ABM3BN.pdf","//mm.digikey.com/Volume0/opasdata/d220001/medias/images/6705/MFG_ABM3BN.jpg","535-ABM3BN-12.000MHZ-8-K4Z-TTR-ND","ABM3BN-12.000MHZ-8-K4Z-T","Abracon LLC","Abracon LLC","CRYSTAL 12.0000MHZ 8PF SMD","0","0.27476","0","1000","Tape & Reel (TR)","ABM3BN","Active","MHz Crystal","12 MHz","±50ppm","±30ppm","8pF","70 Ohms","Fundamental","-40°C ~ 125°C","-","Surface Mount","4-SMD, No Lead","0.197"" L x 0.126"" W (5.00mm x 3.20mm)","0.043"" (1.10mm)","4-SMD (5x3.2)","https://www.digikey.be/en/products/detail/abracon-llc/ABM3BN-12-000MHZ-8-K4Z-T/26483849"
"https://abracon.com/datasheets/ABM3BN.pdf","//mm.digikey.com/Volume0/opasdata/d220001/medias/images/6705/MFG_ABM3BN.jpg","535-ABM3BN-12.000MHZ-10-D4Y-TTR-ND","ABM3BN-12.000MHZ-10-D4Y-T","Abracon LLC","Abracon LLC","CRYSTAL 12.0000MHZ 10PF SMD","0","0.27476","0","1000","Tape & Reel (TR)","ABM3BN","Active","MHz Crystal","12 MHz","±30ppm","±30ppm","10pF","70 Ohms","Fundamental","-40°C ~ 85°C","-","Surface Mount","4-SMD, No Lead","0.197"" L x 0.126"" W (5.00mm x 3.20mm)","0.043"" (1.10mm)","4-SMD (5x3.2)","https://www.digikey.be/en/products/detail/abracon-llc/ABM3BN-12-000MHZ-10-D4Y-T/26483998"
"https://abracon.com/datasheets/ABM3BN.pdf","//mm.digikey.com/Volume0/opasdata/d220001/medias/images/6705/MFG_ABM3BN.jpg","535-ABM3BN-12.000MHZ-8-D4Y-TTR-ND","ABM3BN-12.000MHZ-8-D4Y-T","Abracon LLC","Abracon LLC","CRYSTAL 12.0000MHZ 8PF SMD","0","0.27476","0","1000","Tape & Reel (TR)","ABM3BN","Active","MHz Crystal","12 MHz","±30ppm","±30ppm","8pF","70 Ohms","Fundamental","-40°C ~ 85°C","-","Surface Mount","4-SMD, No Lead","0.197"" L x 0.126"" W (5.00mm x 3.20mm)","0.043"" (1.10mm)","4-SMD (5x3.2)","https://www.digikey.be/en/products/detail/abracon-llc/ABM3BN-12-000MHZ-8-D4Y-T/26484078"
"https://abracon.com/datasheets/ABM3BN.pdf","//mm.digikey.com/Volume0/opasdata/d220001/medias/images/6705/MFG_ABM3BN.jpg","535-ABM3BN-12.000MHZ-12-K4Z-TTR-ND","ABM3BN-12.000MHZ-12-K4Z-T","Abracon LLC","Abracon LLC","CRYSTAL 12.0000MHZ 12PF SMD","0","0.27476","0","1000","Tape & Reel (TR)","ABM3BN","Active","MHz Crystal","12 MHz","±50ppm","±30ppm","12pF","70 Ohms","Fundamental","-40°C ~ 125°C","-","Surface Mount","4-SMD, No Lead","0.197"" L x 0.126"" W (5.00mm x 3.20mm)","0.043"" (1.10mm)","4-SMD (5x3.2)","https://www.digikey.be/en/products/detail/abracon-llc/ABM3BN-12-000MHZ-12-K4Z-T/26484101"
"https://abracon.com/datasheets/ABM3BN.pdf","//mm.digikey.com/Volume0/opasdata/d220001/medias/images/6705/MFG_ABM3BN.jpg","535-ABM3BN-12.000MHZ-18-D4Y-TTR-ND","ABM3BN-12.000MHZ-18-D4Y-T","Abracon LLC","Abracon LLC","CRYSTAL 12.0000MHZ 18PF SMD","0","0.27476","0","1000","Tape & Reel (TR)","ABM3BN","Active","MHz Crystal","12 MHz","±30ppm","±30ppm","18pF","70 Ohms","Fundamental","-40°C ~ 85°C","-","Surface Mount","4-SMD, No Lead","0.197"" L x 0.126"" W (5.00mm x 3.20mm)","0.043"" (1.10mm)","4-SMD (5x3.2)","https://www.digikey.be/en/products/detail/abracon-llc/ABM3BN-12-000MHZ-18-D4Y-T/26484117"
"https://abracon.com/datasheets/ABM3BN.pdf","//mm.digikey.com/Volume0/opasdata/d220001/medias/images/6705/MFG_ABM3BN.jpg","535-ABM3BN-12.000MHZ-12-D4Y-TTR-ND","ABM3BN-12.000MHZ-12-D4Y-T","Abracon LLC","Abracon LLC","CRYSTAL 12.0000MHZ 12PF SMD","0","0.27476","0","1000","Tape & Reel (TR)","ABM3BN","Active","MHz Crystal","12 MHz","±30ppm","±30ppm","12pF","70 Ohms","Fundamental","-40°C ~ 85°C","-","Surface Mount","4-SMD, No Lead","0.197"" L x 0.126"" W (5.00mm x 3.20mm)","0.043"" (1.10mm)","4-SMD (5x3.2)","https://www.digikey.be/en/products/detail/abracon-llc/ABM3BN-12-000MHZ-12-D4Y-T/26484390"
"//mm.digikey.com/Volume0/opasdata/d220001/medias/docus/1055/GC1200052_B.pdf","//mm.digikey.com/Volume0/opasdata/d220001/medias/images/1236/SaRonix-eCeraGC.jpg","GC1200052TR-ND","GC1200052","Diodes Incorporated","Diodes Incorporated","CRYSTAL 12.0000MHZ 18PF SMD","0","0.27476","0","1000","Tape & Reel (TR)","SaRonix-eCera™ GC","Active","MHz Crystal","12 MHz","±20ppm","±20ppm","18pF","60 Ohms","Fundamental","-40°C ~ 85°C","-","Surface Mount","HC-49/US","0.461"" L x 0.189"" W (11.70mm x 4.80mm)","0.165"" (4.20mm)","-","https://www.digikey.be/en/products/detail/diodes-incorporated/GC1200052/6096558"
"//mm.digikey.com/Volume0/opasdata/d220001/medias/docus/1184/GC1200056_B.pdf","//mm.digikey.com/Volume0/opasdata/d220001/medias/images/1236/SaRonix-eCeraGC.jpg","GC1200056TR-ND","GC1200056","Diodes Incorporated","Diodes Incorporated","CRYSTAL 12.0000MHZ 18PF SMD","0","0.27476","0","1000","Tape & Reel (TR)","SaRonix-eCera™ GC","Active","MHz Crystal","12 MHz","±30ppm","±20ppm","18pF","60 Ohms","Fundamental","-20°C ~ 70°C","-","Surface Mount","HC-49/US","0.461"" L x 0.189"" W (11.70mm x 4.80mm)","0.165"" (4.20mm)","-","https://www.digikey.be/en/products/detail/diodes-incorporated/GC1200056/6096559"
"https://www.ctscorp.com/files/datasheets/passives/fcp/crystals/crystals-403w-datasheet.pdf","//mm.digikey.com/Volume0/opasdata/d220001/medias/images/2393/4-SMD%20402%20Series.jpg","110-403WF12012IKRTR-ND","403WF12012IKR","CTS-Frequency Controls","CTS-Frequency Controls","3.2MM X 2.5MM IOT ENHANCED QUART","0","0.27652","0","6000","Tape & Reel (TR)","403W","Active","MHz Crystal","12 MHz","±20ppm","±10ppm","8pF","100 Ohms","Fundamental","-40°C ~ 85°C","-","Surface Mount","4-SMD, No Lead","0.126"" L x 0.098"" W (3.20mm x 2.50mm)","0.030"" (0.75mm)","4-SMD (3.2x2.5)","https://www.digikey.be/en/products/detail/cts-frequency-controls/403WF12012IKR/17034654"
"https://abracon.com/AIGcrystals/ABM10AIG.pdf","//mm.digikey.com/Volume0/opasdata/d220001/medias/images/2149/ABM-Series.jpg","535-14781-2-ND","ABM10AIG-12.000MHZ-7-D2Z-T","Abracon LLC","Abracon LLC","CRYSTAL 12.0000MHZ 4PF SMD","0","0.27695","0","1000","Tape & Reel (TR)","ABM10AIG","Active","MHz Crystal","12 MHz","±50ppm","±20ppm","4pF","150 Ohms","Fundamental","-40°C ~ 85°C","AEC-Q200","Surface Mount","4-SMD, No Lead","0.100"" L x 0.081"" W (2.55mm x 2.05mm)","0.026"" (0.65mm)","4-SMD (2.55x2.05)","https://www.digikey.be/en/products/detail/abracon-llc/ABM10AIG-12-000MHZ-7-D2Z-T/9818377"
"https://abracon.com/datasheets/ABM8W.pdf","//mm.digikey.com/Volume0/opasdata/d220001/medias/images/6846/MFG_535%7E4SMD-.80-3.2X2.5%7E%7E4.jpg","535-ABM8W-12.0000MHZ-8-D1G-T3TR-ND","ABM8W-12.0000MHZ-8-D1G-T3","Abracon LLC","Abracon LLC","CRYSTAL 12.0000MHZ 8PF SMD","0","0.27716","0","3000","Tape & Reel (TR)","ABM8W","Active","MHz Crystal","12 MHz","±15ppm","±10ppm","8pF","100 Ohms","Fundamental","-40°C ~ 85°C","-","Surface Mount","4-SMD, No Lead","0.126"" L x 0.098"" W (3.20mm x 2.50mm)","0.031"" (0.80mm)","4-SMD (3.2x2.5)","https://www.digikey.be/en/products/detail/abracon-llc/ABM8W-12-0000MHZ-8-D1G-T3/15995975"
"https://ecsxtal.com/store/pdf/ECX-2236.pdf","//mm.digikey.com/Volume0/opasdata/d220001/medias/images/3979/MFG_ECS-120-12-36-AGN-TR3.jpg","50-ECS-120-8-36-CKM-TR3TR-ND,50-ECS-120-8-36-CKM-TR3CT-ND,50-ECS-120-8-36-CKM-TR3DKR-ND","ECS-120-8-36-CKM-TR3","ECS Inc.","ECS Inc.","CRYSTAL 12.0000MHZ 8PF SMD","6.537","0.28","0","1","Tape & Reel (TR),Cut Tape (CT),Digi-Reel®","ECX-2236","Active","MHz Crystal","12 MHz","±10ppm","±10ppm","8pF","150 Ohms","Fundamental","-20°C ~ 70°C","-","Surface Mount","4-SMD, No Lead","0.098"" L x 0.079"" W (2.50mm x 2.00mm)","0.024"" (0.60mm)","4-SMD (2.5x2)","https://www.digikey.be/en/products/detail/ecs-inc/ECS-120-8-36-CKM-TR3/14825133"
"https://www.raltron.com/webproducts/specs/CRYSTAL/R2520-12.000-8-1030-EXT-TR.pdf","//mm.digikey.com/Volume0/opasdata/d220001/medias/images/210/MFG_R2520.jpg","2151-R2520-12.000-8-1030-EXT-TR-ND,2151-R2520-12.000-8-1030-EXT-TRCT-ND,2151-R2520-12.000-8-1030-EXT-TRDKR-ND","R2520-12.000-8-1030-EXT-TR","Raltron Electronics","Raltron Electronics","CRYSTAL 12.0000MHZ 8PF SMD","1.269","0.28","0","1","Tape & Reel (TR),Cut Tape (CT),Digi-Reel®","R2520","Active","MHz Crystal","12 MHz","±30ppm","±10ppm","8pF","180 Ohms","Fundamental","-40°C ~ 85°C","-","Surface Mount","4-SMD, No Lead","0.098"" L x 0.079"" W (2.50mm x 2.00mm)","0.026"" (0.65mm)","4-SMD (2.5x2)","https://www.digikey.be/en/products/detail/raltron-electronics/R2520-12-000-8-1030-EXT-TR/10272534"
"https://abracon.com/Resonators/ABLS7M.pdf","//mm.digikey.com/Volume0/opasdata/d220001/medias/images/4440/MFG_ABLS7M.jpg","535-ABLS7M-12.000MHZ-20-B4-TTR-ND,535-ABLS7M-12.000MHZ-20-B4-TCT-ND,535-ABLS7M-12.000MHZ-20-B4-TDKR-ND","ABLS7M-12.000MHZ-20-B4-T","Abracon LLC","Abracon LLC","CRYSTAL 12.0000MHZ 20PF SMD","2.592","0.28","0","1","Tape & Reel (TR),Cut Tape (CT),Digi-Reel®","ABLS7M","Active","MHz Crystal","12 MHz","±50ppm","±30ppm","20pF","60 Ohms","Fundamental","-20°C ~ 70°C","-","Surface Mount","2-SMD, Flat Lead","0.276"" L x 0.161"" W (7.00mm x 4.10mm)","0.091"" (2.30mm)","-","https://www.digikey.be/en/products/detail/abracon-llc/ABLS7M-12-000MHZ-20-B4-T/15908932"
"https://abracon.com/Resonators/ABLS7M.pdf","//mm.digikey.com/Volume0/opasdata/d220001/medias/images/16/ABLS7M2-SERIES.jpg","535-13415-2-ND,535-13415-1-ND,535-13415-6-ND","ABLS7M-12.000MHZ-B-2-T","Abracon LLC","Abracon LLC","CRYSTAL 12.0000MHZ 18PF SMD","74","0.28","0","1","Tape & Reel (TR),Cut Tape (CT),Digi-Reel®","ABLS7M","Active","MHz Crystal","12 MHz","±50ppm","±20ppm","18pF","60 Ohms","Fundamental","-20°C ~ 70°C","-","Surface Mount","2-SMD, Flat Lead","0.276"" L x 0.161"" W (7.00mm x 4.10mm)","0.091"" (2.30mm)","-","https://www.digikey.be/en/products/detail/abracon-llc/ABLS7M-12-000MHZ-B-2-T/5138409"
"http://www.txccrystal.com/images/pdf/7v.pdf","//mm.digikey.com/Volume0/opasdata/d220001/medias/images/4106/MFG_7V-27.000MDDJ-T.jpg","887-7V-12.000MDHV-TTR-ND","7V-12.000MDHV-T","TXC CORPORATION","TXC CORPORATION","CRYSTAL 12.0000MHZ 8PF SMD","0","0.28218","0","3000","Tape & Reel (TR)","7V","Active","MHz Crystal","12 MHz","±30ppm","±20ppm","8pF","150 Ohms","Fundamental","-40°C ~ 85°C","-","Surface Mount","4-SMD, No Lead","0.126"" L x 0.098"" W (3.20mm x 2.50mm)","0.035"" (0.90mm)","4-SMD (3.2x2.5)","https://www.digikey.be/en/products/detail/txc-corporation/7V-12-000MDHV-T/11587545"
"https://abracon.com/datasheets/ABM3BN.pdf","//mm.digikey.com/Volume0/opasdata/d220001/medias/images/6705/MFG_ABM3BN.jpg","535-ABM3BN-12.000MHZ-8-D2X-TTR-ND","ABM3BN-12.000MHZ-8-D2X-T","Abracon LLC","Abracon LLC","CRYSTAL 12.0000MHZ 8PF SMD","0","0.28828","0","1000","Tape & Reel (TR)","ABM3BN","Active","MHz Crystal","12 MHz","±20ppm","±20ppm","8pF","70 Ohms","Fundamental","-40°C ~ 85°C","-","Surface Mount","4-SMD, No Lead","0.197"" L x 0.126"" W (5.00mm x 3.20mm)","0.043"" (1.10mm)","4-SMD (5x3.2)","https://www.digikey.be/en/products/detail/abracon-llc/ABM3BN-12-000MHZ-8-D2X-T/26483288"
"https://abracon.com/datasheets/ABM3BN.pdf","//mm.digikey.com/Volume0/opasdata/d220001/medias/images/6705/MFG_ABM3BN.jpg","535-ABM3BN-12.000MHZ-10-D2X-TTR-ND","ABM3BN-12.000MHZ-10-D2X-T","Abracon LLC","Abracon LLC","CRYSTAL 12.0000MHZ 10PF SMD","0","0.28828","0","1000","Tape & Reel (TR)","ABM3BN","Active","MHz Crystal","12 MHz","±20ppm","±20ppm","10pF","70 Ohms","Fundamental","-40°C ~ 85°C","-","Surface Mount","4-SMD, No Lead","0.197"" L x 0.126"" W (5.00mm x 3.20mm)","0.043"" (1.10mm)","4-SMD (5x3.2)","https://www.digikey.be/en/products/detail/abracon-llc/ABM3BN-12-000MHZ-10-D2X-T/26483463"
"https://abracon.com/datasheets/ABM3BN.pdf","//mm.digikey.com/Volume0/opasdata/d220001/medias/images/6705/MFG_ABM3BN.jpg","535-ABM3BN-12.000MHZ-12-D2X-TTR-ND","ABM3BN-12.000MHZ-12-D2X-T","Abracon LLC","Abracon LLC","CRYSTAL 12.0000MHZ 12PF SMD","0","0.28828","0","1000","Tape & Reel (TR)","ABM3BN","Active","MHz Crystal","12 MHz","±20ppm","±20ppm","12pF","70 Ohms","Fundamental","-40°C ~ 85°C","-","Surface Mount","4-SMD, No Lead","0.197"" L x 0.126"" W (5.00mm x 3.20mm)","0.043"" (1.10mm)","4-SMD (5x3.2)","https://www.digikey.be/en/products/detail/abracon-llc/ABM3BN-12-000MHZ-12-D2X-T/26483505"
"https://abracon.com/datasheets/ABM3BN.pdf","//mm.digikey.com/Volume0/opasdata/d220001/medias/images/6705/MFG_ABM3BN.jpg","535-ABM3BN-12.000MHZ-10-D2Y-TTR-ND","ABM3BN-12.000MHZ-10-D2Y-T","Abracon LLC","Abracon LLC","CRYSTAL 12.0000MHZ 10PF SMD","0","0.28828","0","1000","Tape & Reel (TR)","ABM3BN","Active","MHz Crystal","12 MHz","±30ppm","±20ppm","10pF","70 Ohms","Fundamental","-40°C ~ 85°C","-","Surface Mount","4-SMD, No Lead","0.197"" L x 0.126"" W (5.00mm x 3.20mm)","0.043"" (1.10mm)","4-SMD (5x3.2)","https://www.digikey.be/en/products/detail/abracon-llc/ABM3BN-12-000MHZ-10-D2Y-T/26483827"
"https://abracon.com/datasheets/ABM3BN.pdf","//mm.digikey.com/Volume0/opasdata/d220001/medias/images/6705/MFG_ABM3BN.jpg","535-ABM3BN-12.000MHZ-8-D2Y-TTR-ND","ABM3BN-12.000MHZ-8-D2Y-T","Abracon LLC","Abracon LLC","CRYSTAL 12.0000MHZ 8PF SMD","0","0.28828","0","1000","Tape & Reel (TR)","ABM3BN","Active","MHz Crystal","12 MHz","±30ppm","±20ppm","8pF","70 Ohms","Fundamental","-40°C ~ 85°C","-","Surface Mount","4-SMD, No Lead","0.197"" L x 0.126"" W (5.00mm x 3.20mm)","0.043"" (1.10mm)","4-SMD (5x3.2)","https://www.digikey.be/en/products/detail/abracon-llc/ABM3BN-12-000MHZ-8-D2Y-T/26483951"
"https://abracon.com/datasheets/ABM3BN.pdf","//mm.digikey.com/Volume0/opasdata/d220001/medias/images/6705/MFG_ABM3BN.jpg","535-ABM3BN-12.000MHZ-18-D2X-TTR-ND","ABM3BN-12.000MHZ-18-D2X-T","Abracon LLC","Abracon LLC","CRYSTAL 12.0000MHZ 18PF SMD","0","0.28828","0","1000","Tape & Reel (TR)","ABM3BN","Active","MHz Crystal","12 MHz","±20ppm","±20ppm","18pF","70 Ohms","Fundamental","-40°C ~ 85°C","-","Surface Mount","4-SMD, No Lead","0.197"" L x 0.126"" W (5.00mm x 3.20mm)","0.043"" (1.10mm)","4-SMD (5x3.2)","https://www.digikey.be/en/products/detail/abracon-llc/ABM3BN-12-000MHZ-18-D2X-T/26483979"
"https://abracon.com/datasheets/ABM3BN.pdf","//mm.digikey.com/Volume0/opasdata/d220001/medias/images/6705/MFG_ABM3BN.jpg","535-ABM3BN-12.000MHZ-12-D2Y-TTR-ND","ABM3BN-12.000MHZ-12-D2Y-T","Abracon LLC","Abracon LLC","CRYSTAL 12.0000MHZ 12PF SMD","0","0.28828","0","1000","Tape & Reel (TR)","ABM3BN","Active","MHz Crystal","12 MHz","±30ppm","±20ppm","12pF","70 Ohms","Fundamental","-40°C ~ 85°C","-","Surface Mount","4-SMD, No Lead","0.197"" L x 0.126"" W (5.00mm x 3.20mm)","0.043"" (1.10mm)","4-SMD (5x3.2)","https://www.digikey.be/en/products/detail/abracon-llc/ABM3BN-12-000MHZ-12-D2Y-T/26484370"
"https://www.taitien.com/tw/wp-content/uploads/sites/2/2016/01/AT-0002_XX.pdf","//mm.digikey.com/Volume0/opasdata/d220001/medias/images/5032/MFG_XXseries.jpg","XXCCCCNANF-12.000000-ND","XXCCCCNANF-12.000000","Taitien","Taitien","CRYSTAL 12.0000MHZ 10PF SMD","0","0.28828","0","1000","Tape & Reel (TR)","XX","Active","MHz Crystal","12 MHz","±20ppm","±20ppm","10pF","150 Ohms","Fundamental","-20°C ~ 70°C","AEC-Q200","Surface Mount","4-SMD, No Lead","0.126"" L x 0.098"" W (3.20mm x 2.50mm)","0.030"" (0.75mm)","4-SMD (3.2x2.5)","https://www.digikey.be/en/products/detail/taitien/XXCCCCNANF-12-000000/6109877"
"https://www.taitien.com/tw/wp-content/uploads/sites/2/2016/01/AT-0002_XX.pdf","//mm.digikey.com/Volume0/opasdata/d220001/medias/images/5032/MFG_XXseries.jpg","XXCGGLNANF-12.000000-ND","XXCGGLNANF-12.000000","Taitien","Taitien","CRYSTAL 12.0000MHZ 10PF SMD","0","0.28828","0","1000","Tape & Reel (TR)","XX","Active","MHz Crystal","12 MHz","±50ppm","±50ppm","10pF","150 Ohms","Fundamental","-40°C ~ 85°C","AEC-Q200","Surface Mount","4-SMD, No Lead","0.126"" L x 0.098"" W (3.20mm x 2.50mm)","0.030"" (0.75mm)","4-SMD (3.2x2.5)","https://www.digikey.be/en/products/detail/taitien/XXCGGLNANF-12-000000/6109878"
"https://www.taitien.com/tw/wp-content/uploads/sites/2/2016/01/AT-0002_XX.pdf","//mm.digikey.com/Volume0/opasdata/d220001/medias/images/5032/MFG_XXseries.jpg","XXHEELNANF-12.000000-ND","XXHEELNANF-12.000000","Taitien","Taitien","CRYSTAL 12.0000MHZ 20PF SMD","0","0.28828","0","1000","Tape & Reel (TR)","XX","Active","MHz Crystal","12 MHz","±30ppm","±30ppm","20pF","150 Ohms","Fundamental","-40°C ~ 85°C","AEC-Q200","Surface Mount","4-SMD, No Lead","0.126"" L x 0.098"" W (3.20mm x 2.50mm)","0.030"" (0.75mm)","4-SMD (3.2x2.5)","https://www.digikey.be/en/products/detail/taitien/XXHEELNANF-12-000000/6109881"
"https://www.taitien.com/tw/wp-content/uploads/sites/2/2016/01/AT-0002_XX.pdf","//mm.digikey.com/Volume0/opasdata/d220001/medias/images/5032/MFG_XXseries.jpg","XXCBELNANF-12.000000-ND","XXCBELNANF-12.000000","Taitien","Taitien","CRYSTAL 12.0000MHZ 10PF SMD","0","0.28828","0","1000","Tape & Reel (TR)","XX","Active","MHz Crystal","12 MHz","±30ppm","±10ppm","10pF","150 Ohms","Fundamental","-40°C ~ 85°C","AEC-Q200","Surface Mount","4-SMD, No Lead","0.126"" L x 0.098"" W (3.20mm x 2.50mm)","0.030"" (0.75mm)","4-SMD (3.2x2.5)","https://www.digikey.be/en/products/detail/taitien/XXCBELNANF-12-000000/6110032"
"http://cfd.citizen.co.jp/cms/cfd/pdf/english/HC-49_U-S_E.pdf","//mm.digikey.com/Volume0/opasdata/d220001/medias/images/2593/HC49US%20series.jpg","HC-49/U-S12000000ABEB-ND","HC-49/U-S12000000ABEB","Citizen Finedevice Co Ltd","Citizen Finedevice Co Ltd","CRYSTAL 12.0000MHZ 12PF TH","0","0.28857","0","1000","Bulk","HC-49/U-S","Active","MHz Crystal","12 MHz","±50ppm","±30ppm","12pF","80 Ohms","Fundamental","-10°C ~ 60°C","-","Through Hole","HC-49/US","0.453"" L x 0.183"" W (11.50mm x 4.65mm)","0.138"" (3.50mm)","-","https://www.digikey.be/en/products/detail/citizen-finedevice-co-ltd/HC-49-U-S12000000ABEB/5970770"
"http://cfd.citizen.co.jp/cms/cfd/pdf/english/HC-49_U-S_E.pdf","//mm.digikey.com/Volume0/opasdata/d220001/medias/images/2593/HC49US%20series.jpg","HC-49/U-S12000000ABIT-ND","HC-49/U-S12000000ABIT","Citizen Finedevice Co Ltd","Citizen Finedevice Co Ltd","CRYSTAL 12.0000MHZ 16PF TH","0","0.28857","0","1000","Bulk","HC-49/U-S","Active","MHz Crystal","12 MHz","±50ppm","±30ppm","16pF","80 Ohms","Fundamental","-10°C ~ 60°C","-","Through Hole","HC-49/US","0.453"" L x 0.183"" W (11.50mm x 4.65mm)","0.138"" (3.50mm)","-","https://www.digikey.be/en/products/detail/citizen-finedevice-co-ltd/HC-49-U-S12000000ABIT/5970771"
"http://cfd.citizen.co.jp/cms/cfd/pdf/english/HCM49_E.pdf","//mm.digikey.com/Volume0/opasdata/d220001/medias/images/2604/HCM49%20seris.jpg","HCM4912000000BBET-ND","HCM4912000000BBET","Citizen Finedevice Co Ltd","Citizen Finedevice Co Ltd","CRYSTAL 12.0000MHZ 12PF SMD","0","0.28857","0","1000","Tape & Reel (TR)","HCM49","Active","MHz Crystal","12 MHz","±50ppm","±50ppm","12pF","80 Ohms","Fundamental","-10°C ~ 60°C","-","Surface Mount","HC-49/US","0.449"" L x 0.185"" W (11.40mm x 4.70mm)","0.169"" (4.30mm)","-","https://www.digikey.be/en/products/detail/citizen-finedevice-co-ltd/HCM4912000000BBET/5970866"
"http://cfd.citizen.co.jp/cms/cfd/pdf/english/HCM49_E.pdf","//mm.digikey.com/Volume0/opasdata/d220001/medias/images/2604/HCM49%20seris.jpg","HCM4912000000BBIT-ND","HCM4912000000BBIT","Citizen Finedevice Co Ltd","Citizen Finedevice Co Ltd","CRYSTAL 12.0000MHZ 16PF SMD","0","0.28857","0","1000","Tape & Reel (TR)","HCM49","Active","MHz Crystal","12 MHz","±50ppm","±50ppm","16pF","80 Ohms","Fundamental","-10°C ~ 60°C","-","Surface Mount","HC-49/US","0.449"" L x 0.185"" W (11.40mm x 4.70mm)","0.169"" (4.30mm)","-","https://www.digikey.be/en/products/detail/citizen-finedevice-co-ltd/HCM4912000000BBIT/5970867"
"https://abracon.com/Resonators/ABLS7M2.pdf","//mm.digikey.com/Volume0/opasdata/d220001/medias/images/16/ABLS7M2-SERIES.jpg","535-ABLS7M2-12.000MHZ-D2Y-TTR-ND,535-ABLS7M2-12.000MHZ-D2Y-TCT-ND,535-ABLS7M2-12.000MHZ-D2Y-TDKR-ND","ABLS7M2-12.000MHZ-D2Y-T","Abracon LLC","Abracon LLC","CRYSTAL 12.0000MHZ 18PF SMD","2.043","0.29","0","1","Tape & Reel (TR),Cut Tape (CT),Digi-Reel®","ABLS7M2","Active","MHz Crystal","12 MHz","±30ppm","±20ppm","18pF","60 Ohms","Fundamental","-40°C ~ 85°C","-","Surface Mount","2-SMD, Flat Lead","0.276"" L x 0.161"" W (7.00mm x 4.10mm)","0.079"" (2.00mm)","-","https://www.digikey.be/en/products/detail/abracon-llc/ABLS7M2-12-000MHZ-D2Y-T/5135052"
"//mm.digikey.com/Volume0/opasdata/d220001/medias/docus/8458/VXM7-9013-25M0000000.pdf","//mm.digikey.com/Volume0/opasdata/d220001/medias/common/3019/MFG_VC-XXX-XXX-XXXX-XXXXXXX.jpeg","150-VXM7-9057-12M0000000TR-ND,150-VXM7-9057-12M0000000TRCT-ND,150-VXM7-9057-12M0000000TRDKR-ND","VXM7-9057-12M0000000TR","Microchip Technology","Microchip Technology","VXM7-9057-12M0000000TR","6.000","0.29","0","1","Tape & Reel (TR),Cut Tape (CT),Digi-Reel®","VXM7","Active","MHz Crystal","12 MHz","-","±20ppm","-","100 Ohms","Fundamental","-","-","Surface Mount","4-SMD, No Lead","0.126"" L x 0.098"" W (3.20mm x 2.50mm)","0.031"" (0.80mm)","-","https://www.digikey.be/en/products/detail/microchip-technology/VXM7-9057-12M0000000TR/16551634"
"//mm.digikey.com/Volume0/opasdata/d220001/medias/docus/3684/E3SB_Series.pdf","//mm.digikey.com/Volume0/opasdata/d220001/medias/images/5047/MFG_3SB.jpg","3186-E3SB12E000022ETR-ND,3186-E3SB12E000022ECT-ND,3186-E3SB12E000022EDKR-ND","E3SB12E000022E","Hosonic Electronic Co., Ltd","Hosonic Electronic Co., Ltd","XTAL 3225 12MHZ, 18PF","2.157","0.29","0","1","Tape & Reel (TR),Cut Tape (CT),Digi-Reel®","E3SB","Active","MHz Crystal","12 MHz","±30ppm","±30ppm","18pF","100 Ohms","Fundamental","-20°C ~ 70°C","-","Surface Mount","4-SMD, No Lead","0.126"" L x 0.098"" W (3.20mm x 2.50mm)","0.030"" (0.75mm)","4-SMD (3.2x2.5)","https://www.digikey.be/en/products/detail/hosonic-electronic-co-ltd/E3SB12E000022E/17374476"
"//mm.digikey.com/Volume0/opasdata/d220001/medias/docus/3684/E3SB_Series.pdf","//mm.digikey.com/Volume0/opasdata/d220001/medias/images/3710/MFG_E3SB12E00004EE.jpg","3186-E3SB12E00004EETR-ND,3186-E3SB12E00004EECT-ND,3186-E3SB12E00004EEDKR-ND","E3SB12E00004EE","Hosonic Electronic Co., Ltd","Hosonic Electronic Co., Ltd","XTAL 3225 12MHZ, 12PF","1.159","0.29","0","1","Tape & Reel (TR),Cut Tape (CT),Digi-Reel®","E3SB","Active","MHz Crystal","12 MHz","±35ppm","±8ppm","12pF","100 Ohms","Fundamental","-40°C ~ 120°C","-","Surface Mount","4-SMD, No Lead","0.126"" L x 0.098"" W (3.20mm x 2.50mm)","0.030"" (0.75mm)","4-SMD (3.2x2.5)","https://www.digikey.be/en/products/detail/hosonic-electronic-co-ltd/E3SB12E00004EE/16187668"
"https://ecsxtal.com/store/pdf/hc-49usx.pdf","//mm.digikey.com/Volume0/opasdata/d220001/medias/images/5034/MFG_ECS-120-20-4X-EM.jpg","50-ECS-120-20-4X-EM-ND","ECS-120-20-4X-EM","ECS Inc.","ECS Inc.","CRYSTAL 12 MHZ 20PF SMD","824","0.29","0","1","Bulk","HC-49USX","Active","MHz Crystal","12 MHz","±50ppm","±30ppm","20pF","60 Ohms","Fundamental","-20°C ~ 70°C","-","Through Hole","HC-49/US","0.447"" L x 0.183"" W (11.35mm x 4.65mm)","0.138"" (3.50mm)","-","https://www.digikey.be/en/products/detail/ecs-inc/ECS-120-20-4X-EM/18108760"
"https://abracon.com/datasheets/MMD/D.pdf","//mm.digikey.com/Volume0/opasdata/d220001/medias/images/428/MFG_DF18CC1-10.240MHZ-T.jpg","2775-DF18CC1-12.000MHZ-TCT-ND","DF18CC1-12.000MHZ-T","MMD","MMD","CRYSTAL 12.0000MHZ 18PF SMD","0","Active","0","1","Cut Tape (CT)","D","Active","MHz Crystal","12 MHz","±30ppm","±15ppm","18pF","50 Ohms","Fundamental","-40°C ~ 85°C","-","Surface Mount","HC-49/US","0.461"" L x 0.197"" W (11.70mm x 5.00mm)","0.177"" (4.50mm)","HC-49/US","https://www.digikey.be/en/products/detail/mmd/DF18CC1-12-000MHZ-T/12627047"
"https://abracon.com/datasheets/ABM8N.pdf","//mm.digikey.com/Volume0/opasdata/d220001/medias/images/6846/MFG_535%7E4SMD-.80-3.2X2.5%7E%7E4.jpg","535-ABM8N-12.0000MHZ-9-K4Z-T3TR-ND","ABM8N-12.0000MHZ-9-K4Z-T3","Abracon LLC","Abracon LLC","CRYSTAL 12.0000MHZ 9PF SMD","0","0.29219","0","3000","Tape & Reel (TR)","ABM8N","Active","MHz Crystal","12 MHz","±50ppm","±30ppm","9pF","100 Ohms","Fundamental","-40°C ~ 125°C","-","Surface Mount","4-SMD, No Lead","0.126"" L x 0.098"" W (3.20mm x 2.50mm)","0.031"" (0.80mm)","4-SMD (3.2x2.5)","https://www.digikey.be/en/products/detail/abracon-llc/ABM8N-12-0000MHZ-9-K4Z-T3/26483030"
"https://abracon.com/datasheets/ABM8N.pdf","//mm.digikey.com/Volume0/opasdata/d220001/medias/images/6846/MFG_535%7E4SMD-.80-3.2X2.5%7E%7E4.jpg","535-ABM8N-12.0000MHZ-10-D4Y-T3TR-ND","ABM8N-12.0000MHZ-10-D4Y-T3","Abracon LLC","Abracon LLC","CRYSTAL 12.0000MHZ 10PF SMD","0","0.29219","0","3000","Tape & Reel (TR)","ABM8N","Active","MHz Crystal","12 MHz","±30ppm","±30ppm","10pF","100 Ohms","Fundamental","-40°C ~ 85°C","-","Surface Mount","4-SMD, No Lead","0.126"" L x 0.098"" W (3.20mm x 2.50mm)","0.031"" (0.80mm)","4-SMD (3.2x2.5)","https://www.digikey.be/en/products/detail/abracon-llc/ABM8N-12-0000MHZ-10-D4Y-T3/26483129"
"https://abracon.com/datasheets/ABM8N.pdf","//mm.digikey.com/Volume0/opasdata/d220001/medias/images/6846/MFG_535%7E4SMD-.80-3.2X2.5%7E%7E4.jpg","535-ABM8N-12.0000MHZ-18-K4Z-T3TR-ND","ABM8N-12.0000MHZ-18-K4Z-T3","Abracon LLC","Abracon LLC","CRYSTAL 12.0000MHZ 18PF SMD","0","0.29219","0","3000","Tape & Reel (TR)","ABM8N","Active","MHz Crystal","12 MHz","±50ppm","±30ppm","18pF","100 Ohms","Fundamental","-40°C ~ 125°C","-","Surface Mount","4-SMD, No Lead","0.126"" L x 0.098"" W (3.20mm x 2.50mm)","0.031"" (0.80mm)","4-SMD (3.2x2.5)","https://www.digikey.be/en/products/detail/abracon-llc/ABM8N-12-0000MHZ-18-K4Z-T3/26483146"
"https://abracon.com/datasheets/ABM8N.pdf","//mm.digikey.com/Volume0/opasdata/d220001/medias/images/6846/MFG_535%7E4SMD-.80-3.2X2.5%7E%7E4.jpg","535-ABM8N-12.0000MHZ-9-D4Y-T3TR-ND","ABM8N-12.0000MHZ-9-D4Y-T3","Abracon LLC","Abracon LLC","CRYSTAL 12.0000MHZ 9PF SMD","0","0.29219","0","3000","Tape & Reel (TR)","ABM8N","Active","MHz Crystal","12 MHz","±30ppm","±30ppm","9pF","100 Ohms","Fundamental","-40°C ~ 85°C","-","Surface Mount","4-SMD, No Lead","0.126"" L x 0.098"" W (3.20mm x 2.50mm)","0.031"" (0.80mm)","4-SMD (3.2x2.5)","https://www.digikey.be/en/products/detail/abracon-llc/ABM8N-12-0000MHZ-9-D4Y-T3/26483152"
"https://abracon.com/datasheets/ABM8N.pdf","//mm.digikey.com/Volume0/opasdata/d220001/medias/images/6846/MFG_535%7E4SMD-.80-3.2X2.5%7E%7E4.jpg","535-ABM8N-12.0000MHZ-12-K4Z-T3TR-ND","ABM8N-12.0000MHZ-12-K4Z-T3","Abracon LLC","Abracon LLC","CRYSTAL 12.0000MHZ 12PF SMD","0","0.29219","0","3000","Tape & Reel (TR)","ABM8N","Active","MHz Crystal","12 MHz","±50ppm","±30ppm","12pF","100 Ohms","Fundamental","-40°C ~ 125°C","-","Surface Mount","4-SMD, No Lead","0.126"" L x 0.098"" W (3.20mm x 2.50mm)","0.031"" (0.80mm)","4-SMD (3.2x2.5)","https://www.digikey.be/en/products/detail/abracon-llc/ABM8N-12-0000MHZ-12-K4Z-T3/26483281"
"https://abracon.com/datasheets/ABM8N.pdf","//mm.digikey.com/Volume0/opasdata/d220001/medias/images/6846/MFG_535%7E4SMD-.80-3.2X2.5%7E%7E4.jpg","535-ABM8N-12.0000MHZ-12-D4Y-T3TR-ND","ABM8N-12.0000MHZ-12-D4Y-T3","Abracon LLC","Abracon LLC","CRYSTAL 12.0000MHZ 12PF SMD","0","0.29219","0","3000","Tape & Reel (TR)","ABM8N","Active","MHz Crystal","12 MHz","±30ppm","±30ppm","12pF","100 Ohms","Fundamental","-40°C ~ 85°C","-","Surface Mount","4-SMD, No Lead","0.126"" L x 0.098"" W (3.20mm x 2.50mm)","0.031"" (0.80mm)","4-SMD (3.2x2.5)","https://www.digikey.be/en/products/detail/abracon-llc/ABM8N-12-0000MHZ-12-D4Y-T3/26483330"
"https://abracon.com/datasheets/ABM8N.pdf","//mm.digikey.com/Volume0/opasdata/d220001/medias/images/6846/MFG_535%7E4SMD-.80-3.2X2.5%7E%7E4.jpg","535-ABM8N-12.0000MHZ-18-D4Y-T3TR-ND","ABM8N-12.0000MHZ-18-D4Y-T3","Abracon LLC","Abracon LLC","CRYSTAL 12.0000MHZ 18PF SMD","0","0.29219","0","3000","Tape & Reel (TR)","ABM8N","Active","MHz Crystal","12 MHz","±30ppm","±30ppm","18pF","100 Ohms","Fundamental","-40°C ~ 85°C","-","Surface Mount","4-SMD, No Lead","0.126"" L x 0.098"" W (3.20mm x 2.50mm)","0.031"" (0.80mm)","4-SMD (3.2x2.5)","https://www.digikey.be/en/products/detail/abracon-llc/ABM8N-12-0000MHZ-18-D4Y-T3/26483366"
"https://abracon.com/datasheets/ABM8N.pdf","//mm.digikey.com/Volume0/opasdata/d220001/medias/images/6846/MFG_535%7E4SMD-.80-3.2X2.5%7E%7E4.jpg","535-ABM8N-12.0000MHZ-8-D4Y-T3TR-ND","ABM8N-12.0000MHZ-8-D4Y-T3","Abracon LLC","Abracon LLC","CRYSTAL 12.0000MHZ 8PF SMD","0","0.29219","0","3000","Tape & Reel (TR)","ABM8N","Active","MHz Crystal","12 MHz","±30ppm","±30ppm","8pF","100 Ohms","Fundamental","-40°C ~ 85°C","-","Surface Mount","4-SMD, No Lead","0.126"" L x 0.098"" W (3.20mm x 2.50mm)","0.031"" (0.80mm)","4-SMD (3.2x2.5)","https://www.digikey.be/en/products/detail/abracon-llc/ABM8N-12-0000MHZ-8-D4Y-T3/26483595"
"https://abracon.com/datasheets/ABM8N.pdf","//mm.digikey.com/Volume0/opasdata/d220001/medias/images/6846/MFG_535%7E4SMD-.80-3.2X2.5%7E%7E4.jpg","535-ABM8N-12.0000MHZ-8-K4Z-T3TR-ND","ABM8N-12.0000MHZ-8-K4Z-T3","Abracon LLC","Abracon LLC","CRYSTAL 12.0000MHZ 8PF SMD","0","0.29219","0","3000","Tape & Reel (TR)","ABM8N","Active","MHz Crystal","12 MHz","±50ppm","±30ppm","8pF","100 Ohms","Fundamental","-40°C ~ 125°C","-","Surface Mount","4-SMD, No Lead","0.126"" L x 0.098"" W (3.20mm x 2.50mm)","0.031"" (0.80mm)","4-SMD (3.2x2.5)","https://www.digikey.be/en/products/detail/abracon-llc/ABM8N-12-0000MHZ-8-K4Z-T3/26483838"
"https://abracon.com/datasheets/ABM8N.pdf","//mm.digikey.com/Volume0/opasdata/d220001/medias/images/6846/MFG_535%7E4SMD-.80-3.2X2.5%7E%7E4.jpg","535-ABM8N-12.0000MHZ-10-K4Z-T3TR-ND","ABM8N-12.0000MHZ-10-K4Z-T3","Abracon LLC","Abracon LLC","CRYSTAL 12.0000MHZ 10PF SMD","0","0.29219","0","3000","Tape & Reel (TR)","ABM8N","Active","MHz Crystal","12 MHz","±50ppm","±30ppm","10pF","100 Ohms","Fundamental","-40°C ~ 125°C","-","Surface Mount","4-SMD, No Lead","0.126"" L x 0.098"" W (3.20mm x 2.50mm)","0.031"" (0.80mm)","4-SMD (3.2x2.5)","https://www.digikey.be/en/products/detail/abracon-llc/ABM8N-12-0000MHZ-10-K4Z-T3/26484126"
"https://abracon.com/Resonators/ABM3.pdf","//mm.digikey.com/Volume0/opasdata/d220001/medias/images/2452/ABM3%20Series.jpg","535-ABM3-12.000MHZ-B2H-TTR-ND","ABM3-12.000MHZ-B2H-T","Abracon LLC","Abracon LLC","CRYSTAL 12.0000MHZ 18PF SMD","0","0.29298","0","1000","Tape & Reel (TR)","ABM3","Active","MHz Crystal","12 MHz","±35ppm","±20ppm","18pF","60 Ohms","Fundamental","-20°C ~ 70°C","-","Surface Mount","2-SMD, No Lead","0.197"" L x 0.126"" W (5.00mm x 3.20mm)","0.051"" (1.30mm)","-","https://www.digikey.be/en/products/detail/abracon-llc/ABM3-12-000MHZ-B2H-T/15996069"
"//mm.digikey.com/Volume0/opasdata/d220001/medias/docus/7318/FL.pdf","//mm.digikey.com/Volume0/opasdata/d220001/medias/images/6537/31%7E4SMD-.78-3.2X2.5%7E%7E4.jpg","FL1200055DI-ND","FL1200055","Diodes Incorporated","Diodes Incorporated","CRYSTAL 12.0000MHZ 8PF SMD","0","0.29468","0","3000","Tape & Reel (TR)","SaRonix-eCera™ FL","Active","MHz Crystal","12 MHz","±20ppm","±20ppm","8pF","100 Ohms","Fundamental","-20°C ~ 70°C","-","Surface Mount","4-SMD, No Lead","0.126"" L x 0.098"" W (3.20mm x 2.50mm)","0.031"" (0.78mm)","4-SMD (3.2x2.5)","https://www.digikey.be/en/products/detail/diodes-incorporated/FL1200055/10295466"
"//mm.digikey.com/Volume0/opasdata/d220001/medias/docus/7318/FL.pdf","//mm.digikey.com/Volume0/opasdata/d220001/medias/images/6537/31%7E4SMD-.78-3.2X2.5%7E%7E4.jpg","FL1200171DI-ND","FL1200171","Diodes Incorporated","Diodes Incorporated","CRYSTAL 12.0000MHZ 10PF SMD","0","0.29468","0","3000","Tape & Reel (TR)","SaRonix-eCera™ FL","Active","MHz Crystal","12 MHz","±10ppm","±10ppm","10pF","80 Ohms","Fundamental","-20°C ~ 70°C","-","Surface Mount","4-SMD, No Lead","0.126"" L x 0.098"" W (3.20mm x 2.50mm)","0.031"" (0.78mm)","4-SMD (3.2x2.5)","https://www.digikey.be/en/products/detail/diodes-incorporated/FL1200171/10295467"
"//mm.digikey.com/Volume0/opasdata/d220001/medias/docus/7318/FL.pdf","//mm.digikey.com/Volume0/opasdata/d220001/medias/images/6537/31%7E4SMD-.78-3.2X2.5%7E%7E4.jpg","FL1200231DI-ND","FL1200231","Diodes Incorporated","Diodes Incorporated","CRYSTAL 12.0000MHZ 15PF SMD","0","0.29468","0","3000","Tape & Reel (TR)","SaRonix-eCera™ FL","Active","MHz Crystal","12 MHz","±20ppm","±10ppm","15pF","80 Ohms","Fundamental","-40°C ~ 85°C","-","Surface Mount","4-SMD, No Lead","0.126"" L x 0.098"" W (3.20mm x 2.50mm)","0.031"" (0.78mm)","4-SMD (3.2x2.5)","https://www.digikey.be/en/products/detail/diodes-incorporated/FL1200231/10295468"
"-","//mm.digikey.com/Volume0/opasdata/d220001/medias/images/6537/31%7E4SMD-.78-3.2X2.5%7E%7E4.jpg","FL1200232DI-ND","FL1200232","Diodes Incorporated","Diodes Incorporated","CRYSTAL 12.0000MHZ 10PF SMD","0","0.29468","0","3000","Tape & Reel (TR)","SaRonix-eCera™ FL","Active","MHz Crystal","12 MHz","±20ppm","±10ppm","10pF","80 Ohms","Fundamental","-40°C ~ 85°C","-","Surface Mount","4-SMD, No Lead","0.126"" L x 0.098"" W (3.20mm x 2.50mm)","0.031"" (0.78mm)","4-SMD (3.2x2.5)","https://www.digikey.be/en/products/detail/diodes-incorporated/FL1200232/10295469"
"//mm.digikey.com/Volume0/opasdata/d220001/medias/docus/7318/FL.pdf","//mm.digikey.com/Volume0/opasdata/d220001/medias/images/6537/31%7E4SMD-.78-3.2X2.5%7E%7E4.jpg","31-FL1200217TR-ND","FL1200217","Diodes Incorporated","Diodes Incorporated","CRYSTAL 12.0000MHZ 12PF SMD","0","0.29468","0","3000","Tape & Reel (TR)","SaRonix-eCera™ FL","Active","MHz Crystal","12 MHz","±20ppm","±10ppm","12pF","80 Ohms","Fundamental","-40°C ~ 105°C","-","Surface Mount","4-SMD, No Lead","0.126"" L x 0.098"" W (3.20mm x 2.50mm)","0.031"" (0.78mm)","4-SMD (3.2x2.5)","https://www.digikey.be/en/products/detail/diodes-incorporated/FL1200217/10491484"
"https://www.diodes.com/assets/Datasheets/FL.pdf","//mm.digikey.com/Volume0/opasdata/d220001/medias/images/6537/31%7E4SMD-.78-3.2X2.5%7E%7E4.jpg","FL1200044-ND","FL1200044","Diodes Incorporated","Diodes Incorporated","CRYSTAL 12.0000MHZ 18PF SMD","0","0.29468","0","3000","Tape & Reel (TR)","SaRonix-eCera™ FL","Active","MHz Crystal","12 MHz","±30ppm","±30ppm","18pF","100 Ohms","Fundamental","-20°C ~ 85°C","-","Surface Mount","4-SMD, No Lead","0.126"" L x 0.098"" W (3.20mm x 2.50mm)","0.031"" (0.78mm)","4-SMD (3.2x2.5)","https://www.digikey.be/en/products/detail/diodes-incorporated/FL1200044/9766585"
"https://www.diodes.com/assets/Datasheets/FL.pdf","//mm.digikey.com/Volume0/opasdata/d220001/medias/images/6537/31%7E4SMD-.78-3.2X2.5%7E%7E4.jpg","FL1200046-ND","FL1200046","Diodes Incorporated","Diodes Incorporated","CRYSTAL 12.0000MHZ 18PF SMD","0","0.29468","0","3000","Tape & Reel (TR)","SaRonix-eCera™ FL","Active","MHz Crystal","12 MHz","±20ppm","±20ppm","18pF","100 Ohms","Fundamental","-20°C ~ 70°C","-","Surface Mount","4-SMD, No Lead","0.126"" L x 0.098"" W (3.20mm x 2.50mm)","0.031"" (0.78mm)","4-SMD (3.2x2.5)","https://www.digikey.be/en/products/detail/diodes-incorporated/FL1200046/9766586"
"https://www.diodes.com/assets/Datasheets/FL.pdf","//mm.digikey.com/Volume0/opasdata/d220001/medias/images/6537/31%7E4SMD-.78-3.2X2.5%7E%7E4.jpg","FL1200048-ND","FL1200048","Diodes Incorporated","Diodes Incorporated","CRYSTAL 12.0000MHZ 18PF SMD","0","0.29468","0","3000","Tape & Reel (TR)","SaRonix-eCera™ FL","Active","MHz Crystal","12 MHz","±20ppm","±20ppm","18pF","100 Ohms","Fundamental","-40°C ~ 85°C","-","Surface Mount","4-SMD, No Lead","0.126"" L x 0.098"" W (3.20mm x 2.50mm)","0.031"" (0.78mm)","4-SMD (3.2x2.5)","https://www.digikey.be/en/products/detail/diodes-incorporated/FL1200048/9766587"
"https://www.diodes.com/assets/Datasheets/FL.pdf","//mm.digikey.com/Volume0/opasdata/d220001/medias/images/6537/31%7E4SMD-.78-3.2X2.5%7E%7E4.jpg","FL1200051-ND","FL1200051","Diodes Incorporated","Diodes Incorporated","CRYSTAL 12.0000MHZ 18PF SMD","0","0.29468","0","3000","Tape & Reel (TR)","SaRonix-eCera™ FL","Active","MHz Crystal","12 MHz","±20ppm","±20ppm","18pF","80 Ohms","Fundamental","-30°C ~ 85°C","-","Surface Mount","4-SMD, No Lead","0.126"" L x 0.098"" W (3.20mm x 2.50mm)","0.031"" (0.78mm)","4-SMD (3.2x2.5)","https://www.digikey.be/en/products/detail/diodes-incorporated/FL1200051/9766589"
"https://www.diodes.com/assets/Datasheets/FL.pdf","//mm.digikey.com/Volume0/opasdata/d220001/medias/images/6537/31%7E4SMD-.78-3.2X2.5%7E%7E4.jpg","FL1200053-ND","FL1200053","Diodes Incorporated","Diodes Incorporated","CRYSTAL 12.0000MHZ 12PF SMD","0","0.29468","0","3000","Tape & Reel (TR)","SaRonix-eCera™ FL","Active","MHz Crystal","12 MHz","±20ppm","±20ppm","12pF","100 Ohms","Fundamental","-20°C ~ 70°C","-","Surface Mount","4-SMD, No Lead","0.126"" L x 0.098"" W (3.20mm x 2.50mm)","0.031"" (0.78mm)","4-SMD (3.2x2.5)","https://www.digikey.be/en/products/detail/diodes-incorporated/FL1200053/9766590"
"https://www.diodes.com/assets/Datasheets/FL.pdf","//mm.digikey.com/Volume0/opasdata/d220001/medias/images/6537/31%7E4SMD-.78-3.2X2.5%7E%7E4.jpg","FL1200059-ND","FL1200059","Diodes Incorporated","Diodes Incorporated","CRYSTAL 12.0000MHZ 8PF SMD","0","0.29468","0","3000","Tape & Reel (TR)","SaRonix-eCera™ FL","Active","MHz Crystal","12 MHz","±10ppm","±10ppm","8pF","80 Ohms","Fundamental","-20°C ~ 70°C","-","Surface Mount","4-SMD, No Lead","0.126"" L x 0.098"" W (3.20mm x 2.50mm)","0.031"" (0.78mm)","4-SMD (3.2x2.5)","https://www.digikey.be/en/products/detail/diodes-incorporated/FL1200059/9766591"
"https://www.diodes.com/assets/Datasheets/FL.pdf","//mm.digikey.com/Volume0/opasdata/d220001/medias/images/6537/31%7E4SMD-.78-3.2X2.5%7E%7E4.jpg","FL1200061-ND","FL1200061","Diodes Incorporated","Diodes Incorporated","CRYSTAL 12.0000MHZ 10PF SMD","0","0.29468","0","3000","Tape & Reel (TR)","SaRonix-eCera™ FL","Active","MHz Crystal","12 MHz","±9ppm","±9ppm","10pF","80 Ohms","Fundamental","-20°C ~ 70°C","-","Surface Mount","4-SMD, No Lead","0.126"" L x 0.098"" W (3.20mm x 2.50mm)","0.031"" (0.78mm)","4-SMD (3.2x2.5)","https://www.digikey.be/en/products/detail/diodes-incorporated/FL1200061/9766592"
"https://www.diodes.com/assets/Datasheets/FL.pdf","//mm.digikey.com/Volume0/opasdata/d220001/medias/images/6537/31%7E4SMD-.78-3.2X2.5%7E%7E4.jpg","FL1200062-ND","FL1200062","Diodes Incorporated","Diodes Incorporated","CRYSTAL 12.0000MHZ 10PF SMD","0","0.29468","0","3000","Tape & Reel (TR)","SaRonix-eCera™ FL","Active","MHz Crystal","12 MHz","±20ppm","±20ppm","10pF","80 Ohms","Fundamental","-10°C ~ 70°C","-","Surface Mount","4-SMD, No Lead","0.126"" L x 0.098"" W (3.20mm x 2.50mm)","0.031"" (0.78mm)","4-SMD (3.2x2.5)","https://www.digikey.be/en/products/detail/diodes-incorporated/FL1200062/9766593"
"https://www.diodes.com/assets/Datasheets/FL.pdf","//mm.digikey.com/Volume0/opasdata/d220001/medias/images/6537/31%7E4SMD-.78-3.2X2.5%7E%7E4.jpg","FL1200063-ND","FL1200063","Diodes Incorporated","Diodes Incorporated","CRYSTAL 12.0000MHZ 10PF SMD","0","0.29468","0","3000","Tape & Reel (TR)","SaRonix-eCera™ FL","Active","MHz Crystal","12 MHz","±30ppm","±30ppm","10pF","100 Ohms","Fundamental","-20°C ~ 70°C","-","Surface Mount","4-SMD, No Lead","0.126"" L x 0.098"" W (3.20mm x 2.50mm)","0.031"" (0.78mm)","4-SMD (3.2x2.5)","https://www.digikey.be/en/products/detail/diodes-incorporated/FL1200063/9766594"
"https://www.diodes.com/assets/Datasheets/FL.pdf","//mm.digikey.com/Volume0/opasdata/d220001/medias/images/6537/31%7E4SMD-.78-3.2X2.5%7E%7E4.jpg","FL1200068-ND","FL1200068","Diodes Incorporated","Diodes Incorporated","CRYSTAL 12.0000MHZ 9PF SMD","0","0.29468","0","3000","Tape & Reel (TR)","SaRonix-eCera™ FL","Active","MHz Crystal","12 MHz","±10ppm","±10ppm","9pF","100 Ohms","Fundamental","-10°C ~ 70°C","-","Surface Mount","4-SMD, No Lead","0.126"" L x 0.098"" W (3.20mm x 2.50mm)","0.031"" (0.78mm)","4-SMD (3.2x2.5)","https://www.digikey.be/en/products/detail/diodes-incorporated/FL1200068/9766595"
"https://www.diodes.com/assets/Datasheets/FL.pdf","//mm.digikey.com/Volume0/opasdata/d220001/medias/images/6537/31%7E4SMD-.78-3.2X2.5%7E%7E4.jpg","FL1200075-ND","FL1200075","Diodes Incorporated","Diodes Incorporated","CRYSTAL 12.0000MHZ 12PF SMD","0","0.29468","0","3000","Tape & Reel (TR)","SaRonix-eCera™ FL","Active","MHz Crystal","12 MHz","±20ppm","±20ppm","12pF","80 Ohms","Fundamental","-40°C ~ 85°C","-","Surface Mount","4-SMD, No Lead","0.126"" L x 0.098"" W (3.20mm x 2.50mm)","0.031"" (0.78mm)","4-SMD (3.2x2.5)","https://www.digikey.be/en/products/detail/diodes-incorporated/FL1200075/9766597"
"https://www.diodes.com/assets/Datasheets/FL.pdf","//mm.digikey.com/Volume0/opasdata/d220001/medias/images/6537/31%7E4SMD-.78-3.2X2.5%7E%7E4.jpg","FL1200076-ND","FL1200076","Diodes Incorporated","Diodes Incorporated","CRYSTAL 12.0000MHZ 10PF SMD","0","0.29468","0","3000","Tape & Reel (TR)","SaRonix-eCera™ FL","Active","MHz Crystal","12 MHz","±10ppm","±10ppm","10pF","100 Ohms","Fundamental","-20°C ~ 70°C","-","Surface Mount","4-SMD, No Lead","0.126"" L x 0.098"" W (3.20mm x 2.50mm)","0.031"" (0.78mm)","4-SMD (3.2x2.5)","https://www.digikey.be/en/products/detail/diodes-incorporated/FL1200076/9766598"
"https://www.diodes.com/assets/Datasheets/FL.pdf","//mm.digikey.com/Volume0/opasdata/d220001/medias/images/6537/31%7E4SMD-.78-3.2X2.5%7E%7E4.jpg","FL1200078-ND","FL1200078","Diodes Incorporated","Diodes Incorporated","CRYSTAL 12.0000MHZ 8PF SMD","0","0.29468","0","3000","Tape & Reel (TR)","SaRonix-eCera™ FL","Active","MHz Crystal","12 MHz","±30ppm","±30ppm","8pF","100 Ohms","Fundamental","-40°C ~ 85°C","-","Surface Mount","4-SMD, No Lead","0.126"" L x 0.098"" W (3.20mm x 2.50mm)","0.031"" (0.78mm)","4-SMD (3.2x2.5)","https://www.digikey.be/en/products/detail/diodes-incorporated/FL1200078/9766599"
"https://www.diodes.com/assets/Datasheets/FL.pdf","//mm.digikey.com/Volume0/opasdata/d220001/medias/images/6537/31%7E4SMD-.78-3.2X2.5%7E%7E4.jpg","FL1200083-ND","FL1200083","Diodes Incorporated","Diodes Incorporated","CRYSTAL 12.0000MHZ 9PF SMD","0","0.29468","0","3000","Tape & Reel (TR)","SaRonix-eCera™ FL","Active","MHz Crystal","12 MHz","±20ppm","±20ppm","9pF","100 Ohms","Fundamental","-20°C ~ 70°C","-","Surface Mount","4-SMD, No Lead","0.126"" L x 0.098"" W (3.20mm x 2.50mm)","0.031"" (0.78mm)","4-SMD (3.2x2.5)","https://www.digikey.be/en/products/detail/diodes-incorporated/FL1200083/9766600"
"https://www.diodes.com/assets/Datasheets/FL.pdf","//mm.digikey.com/Volume0/opasdata/d220001/medias/images/6537/31%7E4SMD-.78-3.2X2.5%7E%7E4.jpg","FL1200084-ND","FL1200084","Diodes Incorporated","Diodes Incorporated","CRYSTAL 12.0000MHZ 18PF SMD","0","0.29468","0","3000","Tape & Reel (TR)","SaRonix-eCera™ FL","Active","MHz Crystal","12 MHz","±50ppm","±50ppm","18pF","100 Ohms","Fundamental","-20°C ~ 70°C","-","Surface Mount","4-SMD, No Lead","0.126"" L x 0.098"" W (3.20mm x 2.50mm)","0.031"" (0.78mm)","4-SMD (3.2x2.5)","https://www.digikey.be/en/products/detail/diodes-incorporated/FL1200084/9766601"
"https://www.diodes.com/assets/Datasheets/FL.pdf","//mm.digikey.com/Volume0/opasdata/d220001/medias/images/6537/31%7E4SMD-.78-3.2X2.5%7E%7E4.jpg","FL1200091-ND","FL1200091","Diodes Incorporated","Diodes Incorporated","CRYSTAL 12.0000MHZ 15PF SMD","0","0.29468","0","3000","Tape & Reel (TR)","SaRonix-eCera™ FL","Active","MHz Crystal","12 MHz","±10ppm","±10ppm","15pF","100 Ohms","Fundamental","-20°C ~ 70°C","-","Surface Mount","4-SMD, No Lead","0.126"" L x 0.098"" W (3.20mm x 2.50mm)","0.031"" (0.78mm)","4-SMD (3.2x2.5)","https://www.digikey.be/en/products/detail/diodes-incorporated/FL1200091/9766603"
"https://www.diodes.com/assets/Datasheets/FL.pdf","//mm.digikey.com/Volume0/opasdata/d220001/medias/images/6537/31%7E4SMD-.78-3.2X2.5%7E%7E4.jpg","FL1200092-ND","FL1200092","Diodes Incorporated","Diodes Incorporated","CRYSTAL 12.0000MHZ 20PF SMD","0","0.29468","0","3000","Tape & Reel (TR)","SaRonix-eCera™ FL","Active","MHz Crystal","12 MHz","±20ppm","±20ppm","20pF","100 Ohms","Fundamental","-20°C ~ 70°C","-","Surface Mount","4-SMD, No Lead","0.126"" L x 0.098"" W (3.20mm x 2.50mm)","0.031"" (0.78mm)","4-SMD (3.2x2.5)","https://www.digikey.be/en/products/detail/diodes-incorporated/FL1200092/9766604"
"https://www.diodes.com/assets/Datasheets/FL.pdf","//mm.digikey.com/Volume0/opasdata/d220001/medias/images/6537/31%7E4SMD-.78-3.2X2.5%7E%7E4.jpg","FL1200101-ND","FL1200101","Diodes Incorporated","Diodes Incorporated","CRYSTAL 12.0000MHZ 15PF SMD","0","0.29468","0","3000","Tape & Reel (TR)","SaRonix-eCera™ FL","Active","MHz Crystal","12 MHz","±30ppm","±30ppm","15pF","80 Ohms","Fundamental","-40°C ~ 85°C","-","Surface Mount","4-SMD, No Lead","0.126"" L x 0.098"" W (3.20mm x 2.50mm)","0.031"" (0.78mm)","4-SMD (3.2x2.5)","https://www.digikey.be/en/products/detail/diodes-incorporated/FL1200101/9766605"
"https://www.diodes.com/assets/Datasheets/FL.pdf","//mm.digikey.com/Volume0/opasdata/d220001/medias/images/6537/31%7E4SMD-.78-3.2X2.5%7E%7E4.jpg","FL1200103-ND","FL1200103","Diodes Incorporated","Diodes Incorporated","CRYSTAL 12.0000MHZ 12PF SMD","0","0.29468","0","3000","Tape & Reel (TR)","SaRonix-eCera™ FL","Active","MHz Crystal","12 MHz","±20ppm","±20ppm","12pF","100 Ohms","Fundamental","-20°C ~ 85°C","-","Surface Mount","4-SMD, No Lead","0.126"" L x 0.098"" W (3.20mm x 2.50mm)","0.031"" (0.78mm)","4-SMD (3.2x2.5)","https://www.digikey.be/en/products/detail/diodes-incorporated/FL1200103/9766606"
"https://www.diodes.com/assets/Datasheets/FL.pdf","//mm.digikey.com/Volume0/opasdata/d220001/medias/images/6537/31%7E4SMD-.78-3.2X2.5%7E%7E4.jpg","FL1200105-ND","FL1200105","Diodes Incorporated","Diodes Incorporated","CRYSTAL 12.0000MHZ 7PF SMD","0","0.29468","0","3000","Tape & Reel (TR)","SaRonix-eCera™ FL","Active","MHz Crystal","12 MHz","±25ppm","±25ppm","7pF","100 Ohms","Fundamental","-20°C ~ 70°C","-","Surface Mount","4-SMD, No Lead","0.126"" L x 0.098"" W (3.20mm x 2.50mm)","0.031"" (0.78mm)","4-SMD (3.2x2.5)","https://www.digikey.be/en/products/detail/diodes-incorporated/FL1200105/9766607"
"https://www.diodes.com/assets/Datasheets/FL.pdf","//mm.digikey.com/Volume0/opasdata/d220001/medias/images/6537/31%7E4SMD-.78-3.2X2.5%7E%7E4.jpg","FL1200109-ND","FL1200109","Diodes Incorporated","Diodes Incorporated","CRYSTAL 12.0000MHZ 12PF SMD","0","0.29468","0","3000","Tape & Reel (TR)","SaRonix-eCera™ FL","Active","MHz Crystal","12 MHz","±15ppm","±10ppm","12pF","100 Ohms","Fundamental","-40°C ~ 85°C","-","Surface Mount","4-SMD, No Lead","0.126"" L x 0.098"" W (3.20mm x 2.50mm)","0.031"" (0.78mm)","4-SMD (3.2x2.5)","https://www.digikey.be/en/products/detail/diodes-incorporated/FL1200109/9766608"
"https://www.diodes.com/assets/Datasheets/FL.pdf","//mm.digikey.com/Volume0/opasdata/d220001/medias/images/6537/31%7E4SMD-.78-3.2X2.5%7E%7E4.jpg","FL1200113Z-ND","FL1200113Z","Diodes Incorporated","Diodes Incorporated","CRYSTAL 12.0000MHZ 30PF SMD","0","0.29468","0","3000","Tape & Reel (TR)","SaRonix-eCera™ FL","Active","MHz Crystal","12 MHz","±30ppm","±30ppm","30pF","80 Ohms","Fundamental","-20°C ~ 70°C","-","Surface Mount","4-SMD, No Lead","0.126"" L x 0.098"" W (3.20mm x 2.50mm)","0.031"" (0.78mm)","4-SMD (3.2x2.5)","https://www.digikey.be/en/products/detail/diodes-incorporated/FL1200113Z/9766609"
"https://www.diodes.com/assets/Datasheets/FL.pdf","//mm.digikey.com/Volume0/opasdata/d220001/medias/images/6537/31%7E4SMD-.78-3.2X2.5%7E%7E4.jpg","FL1200118-ND","FL1200118","Diodes Incorporated","Diodes Incorporated","CRYSTAL 12.0000MHZ 8PF SMD","0","0.29468","0","3000","Tape & Reel (TR)","SaRonix-eCera™ FL","Active","MHz Crystal","12 MHz","±30ppm","±10ppm","8pF","80 Ohms","Fundamental","-40°C ~ 85°C","-","Surface Mount","4-SMD, No Lead","0.126"" L x 0.098"" W (3.20mm x 2.50mm)","0.031"" (0.78mm)","4-SMD (3.2x2.5)","https://www.digikey.be/en/products/detail/diodes-incorporated/FL1200118/9766610"
"https://www.diodes.com/assets/Datasheets/FL.pdf","//mm.digikey.com/Volume0/opasdata/d220001/medias/images/6537/31%7E4SMD-.78-3.2X2.5%7E%7E4.jpg","FL1200122-ND","FL1200122","Diodes Incorporated","Diodes Incorporated","CRYSTAL 12.0000MHZ 20PF SMD","0","0.29468","0","3000","Tape & Reel (TR)","SaRonix-eCera™ FL","Active","MHz Crystal","12 MHz","±20ppm","±20ppm","20pF","100 Ohms","Fundamental","-20°C ~ 70°C","-","Surface Mount","4-SMD, No Lead","0.126"" L x 0.098"" W (3.20mm x 2.50mm)","0.031"" (0.78mm)","4-SMD (3.2x2.5)","https://www.digikey.be/en/products/detail/diodes-incorporated/FL1200122/9766611"
"https://www.diodes.com/assets/Datasheets/FL.pdf","//mm.digikey.com/Volume0/opasdata/d220001/medias/images/6537/31%7E4SMD-.78-3.2X2.5%7E%7E4.jpg","FL1200123-ND","FL1200123","Diodes Incorporated","Diodes Incorporated","CRYSTAL 12.0000MHZ 8PF SMD","0","0.29468","0","3000","Tape & Reel (TR)","SaRonix-eCera™ FL","Active","MHz Crystal","12 MHz","±40ppm","±40ppm","8pF","100 Ohms","Fundamental","-40°C ~ 90°C","-","Surface Mount","4-SMD, No Lead","0.126"" L x 0.098"" W (3.20mm x 2.50mm)","0.031"" (0.78mm)","4-SMD (3.2x2.5)","https://www.digikey.be/en/products/detail/diodes-incorporated/FL1200123/9766612"
"https://www.diodes.com/assets/Datasheets/FL.pdf","//mm.digikey.com/Volume0/opasdata/d220001/medias/images/6537/31%7E4SMD-.78-3.2X2.5%7E%7E4.jpg","FL1200125-ND","FL1200125","Diodes Incorporated","Diodes Incorporated","CRYSTAL 12.0000MHZ 18PF SMD","0","0.29468","0","3000","Tape & Reel (TR)","SaRonix-eCera™ FL","Active","MHz Crystal","12 MHz","±20ppm","±15ppm","18pF","80 Ohms","Fundamental","-25°C ~ 85°C","-","Surface Mount","4-SMD, No Lead","0.126"" L x 0.098"" W (3.20mm x 2.50mm)","0.031"" (0.78mm)","4-SMD (3.2x2.5)","https://www.digikey.be/en/products/detail/diodes-incorporated/FL1200125/9766613"
"https://www.diodes.com/assets/Datasheets/FL.pdf","//mm.digikey.com/Volume0/opasdata/d220001/medias/images/6537/31%7E4SMD-.78-3.2X2.5%7E%7E4.jpg","FL1200126-ND","FL1200126","Diodes Incorporated","Diodes Incorporated","CRYSTAL 12.0000MHZ 16PF SMD","0","0.29468","0","3000","Tape & Reel (TR)","SaRonix-eCera™ FL","Active","MHz Crystal","12 MHz","±10ppm","±10ppm","16pF","80 Ohms","Fundamental","-20°C ~ 70°C","-","Surface Mount","4-SMD, No Lead","0.126"" L x 0.098"" W (3.20mm x 2.50mm)","0.031"" (0.78mm)","4-SMD (3.2x2.5)","https://www.digikey.be/en/products/detail/diodes-incorporated/FL1200126/9766614"
"https://www.diodes.com/assets/Datasheets/FL.pdf","//mm.digikey.com/Volume0/opasdata/d220001/medias/images/6537/31%7E4SMD-.78-3.2X2.5%7E%7E4.jpg","FL1200128-ND","FL1200128","Diodes Incorporated","Diodes Incorporated","CRYSTAL 12.0000MHZ 22PF SMD","0","0.29468","0","3000","Tape & Reel (TR)","SaRonix-eCera™ FL","Active","MHz Crystal","12 MHz","±20ppm","±20ppm","22pF","100 Ohms","Fundamental","-40°C ~ 85°C","-","Surface Mount","4-SMD, No Lead","0.126"" L x 0.098"" W (3.20mm x 2.50mm)","0.031"" (0.78mm)","4-SMD (3.2x2.5)","https://www.digikey.be/en/products/detail/diodes-incorporated/FL1200128/9766615"
"https://www.diodes.com/assets/Datasheets/FL.pdf","//mm.digikey.com/Volume0/opasdata/d220001/medias/images/6537/31%7E4SMD-.78-3.2X2.5%7E%7E4.jpg","FL1200130-ND","FL1200130","Diodes Incorporated","Diodes Incorporated","CRYSTAL 12.0000MHZ 10PF SMD","0","0.29468","0","3000","Tape & Reel (TR)","SaRonix-eCera™ FL","Active","MHz Crystal","12 MHz","±15ppm","±10ppm","10pF","100 Ohms","Fundamental","-40°C ~ 85°C","-","Surface Mount","4-SMD, No Lead","0.126"" L x 0.098"" W (3.20mm x 2.50mm)","0.031"" (0.78mm)","4-SMD (3.2x2.5)","https://www.digikey.be/en/products/detail/diodes-incorporated/FL1200130/9766617"
"https://www.diodes.com/assets/Datasheets/FL.pdf","//mm.digikey.com/Volume0/opasdata/d220001/medias/images/6537/31%7E4SMD-.78-3.2X2.5%7E%7E4.jpg","FL1200131-ND","FL1200131","Diodes Incorporated","Diodes Incorporated","CRYSTAL 12.0000MHZ 18PF SMD","0","0.29468","0","3000","Tape & Reel (TR)","SaRonix-eCera™ FL","Active","MHz Crystal","12 MHz","±30ppm","±30ppm","18pF","100 Ohms","Fundamental","-40°C ~ 85°C","-","Surface Mount","4-SMD, No Lead","0.126"" L x 0.098"" W (3.20mm x 2.50mm)","0.031"" (0.78mm)","4-SMD (3.2x2.5)","https://www.digikey.be/en/products/detail/diodes-incorporated/FL1200131/9766618"
"https://www.diodes.com/assets/Datasheets/FL.pdf","//mm.digikey.com/Volume0/opasdata/d220001/medias/images/6537/31%7E4SMD-.78-3.2X2.5%7E%7E4.jpg","FL1200132-ND","FL1200132","Diodes Incorporated","Diodes Incorporated","CRYSTAL 12.0000MHZ 15PF SMD","0","0.29468","0","3000","Tape & Reel (TR)","SaRonix-eCera™ FL","Active","MHz Crystal","12 MHz","±15ppm","±15ppm","15pF","100 Ohms","Fundamental","-40°C ~ 85°C","-","Surface Mount","4-SMD, No Lead","0.126"" L x 0.098"" W (3.20mm x 2.50mm)","0.031"" (0.78mm)","4-SMD (3.2x2.5)","https://www.digikey.be/en/products/detail/diodes-incorporated/FL1200132/9766619"
"https://www.diodes.com/assets/Datasheets/FL.pdf","//mm.digikey.com/Volume0/opasdata/d220001/medias/images/6537/31%7E4SMD-.78-3.2X2.5%7E%7E4.jpg","FL1200134-ND","FL1200134","Diodes Incorporated","Diodes Incorporated","CRYSTAL 12.0000MHZ 16PF SMD","0","0.29468","0","3000","Tape & Reel (TR)","SaRonix-eCera™ FL","Active","MHz Crystal","12 MHz","±50ppm","±30ppm","16pF","100 Ohms","Fundamental","-20°C ~ 70°C","-","Surface Mount","4-SMD, No Lead","0.126"" L x 0.098"" W (3.20mm x 2.50mm)","0.031"" (0.78mm)","4-SMD (3.2x2.5)","https://www.digikey.be/en/products/detail/diodes-incorporated/FL1200134/9766620"
"https://www.diodes.com/assets/Datasheets/FL.pdf","//mm.digikey.com/Volume0/opasdata/d220001/medias/images/6537/31%7E4SMD-.78-3.2X2.5%7E%7E4.jpg","FL1200136-ND","FL1200136","Diodes Incorporated","Diodes Incorporated","CRYSTAL 12.0000MHZ 18PF SMD","0","0.29468","0","3000","Tape & Reel (TR)","SaRonix-eCera™ FL","Active","MHz Crystal","12 MHz","±20ppm","±20ppm","18pF","70 Ohms","Fundamental","-40°C ~ 85°C","-","Surface Mount","4-SMD, No Lead","0.126"" L x 0.098"" W (3.20mm x 2.50mm)","0.031"" (0.78mm)","4-SMD (3.2x2.5)","https://www.digikey.be/en/products/detail/diodes-incorporated/FL1200136/9766621"
"https://www.diodes.com/assets/Datasheets/FL.pdf","//mm.digikey.com/Volume0/opasdata/d220001/medias/images/6537/31%7E4SMD-.78-3.2X2.5%7E%7E4.jpg","FL1200137-ND","FL1200137","Diodes Incorporated","Diodes Incorporated","CRYSTAL 12.0000MHZ 16PF SMD","0","0.29468","0","3000","Tape & Reel (TR)","SaRonix-eCera™ FL","Active","MHz Crystal","12 MHz","±15ppm","±15ppm","16pF","100 Ohms","Fundamental","-30°C ~ 85°C","-","Surface Mount","4-SMD, No Lead","0.126"" L x 0.098"" W (3.20mm x 2.50mm)","0.031"" (0.78mm)","4-SMD (3.2x2.5)","https://www.digikey.be/en/products/detail/diodes-incorporated/FL1200137/9766622"
"https://www.diodes.com/assets/Datasheets/FL.pdf","//mm.digikey.com/Volume0/opasdata/d220001/medias/images/6537/31%7E4SMD-.78-3.2X2.5%7E%7E4.jpg","FL1200141-ND","FL1200141","Diodes Incorporated","Diodes Incorporated","CRYSTAL 12.0000MHZ 14PF SMD","0","0.29468","0","3000","Tape & Reel (TR)","SaRonix-eCera™ FL","Active","MHz Crystal","12 MHz","±20ppm","±20ppm","14pF","100 Ohms","Fundamental","-40°C ~ 85°C","-","Surface Mount","4-SMD, No Lead","0.126"" L x 0.098"" W (3.20mm x 2.50mm)","0.031"" (0.78mm)","4-SMD (3.2x2.5)","https://www.digikey.be/en/products/detail/diodes-incorporated/FL1200141/9766623"
"https://www.diodes.com/assets/Datasheets/FL.pdf","//mm.digikey.com/Volume0/opasdata/d220001/medias/images/6537/31%7E4SMD-.78-3.2X2.5%7E%7E4.jpg","FL1200156-ND","FL1200156","Diodes Incorporated","Diodes Incorporated","CRYSTAL 12.0000MHZ 22PF SMD","0","0.29468","0","3000","Tape & Reel (TR)","SaRonix-eCera™ FL","Active","MHz Crystal","12 MHz","±50ppm","±50ppm","22pF","60 Ohms","Fundamental","-20°C ~ 70°C","-","Surface Mount","4-SMD, No Lead","0.126"" L x 0.098"" W (3.20mm x 2.50mm)","0.031"" (0.78mm)","4-SMD (3.2x2.5)","https://www.digikey.be/en/products/detail/diodes-incorporated/FL1200156/9766625"
"https://www.diodes.com/assets/Datasheets/FL.pdf","//mm.digikey.com/Volume0/opasdata/d220001/medias/images/6537/31%7E4SMD-.78-3.2X2.5%7E%7E4.jpg","FL1200167-ND","FL1200167","Diodes Incorporated","Diodes Incorporated","CRYSTAL 12.0000MHZ 12PF SMD","0","0.29468","0","3000","Tape & Reel (TR)","SaRonix-eCera™ FL","Active","MHz Crystal","12 MHz","±20ppm","±20ppm","12pF","100 Ohms","Fundamental","-20°C ~ 100°C","-","Surface Mount","4-SMD, No Lead","0.126"" L x 0.098"" W (3.20mm x 2.50mm)","0.031"" (0.78mm)","4-SMD (3.2x2.5)","https://www.digikey.be/en/products/detail/diodes-incorporated/FL1200167/9766628"
"https://www.diodes.com/assets/Datasheets/FL.pdf","//mm.digikey.com/Volume0/opasdata/d220001/medias/images/6537/31%7E4SMD-.78-3.2X2.5%7E%7E4.jpg","FL1200180-ND","FL1200180","Diodes Incorporated","Diodes Incorporated","CRYSTAL 12.0000MHZ 16PF SMD","0","0.29468","0","3000","Tape & Reel (TR)","SaRonix-eCera™ FL","Active","MHz Crystal","12 MHz","±30ppm","±30ppm","16pF","60 Ohms","Fundamental","-40°C ~ 85°C","-","Surface Mount","4-SMD, No Lead","0.126"" L x 0.098"" W (3.20mm x 2.50mm)","0.031"" (0.78mm)","4-SMD (3.2x2.5)","https://www.digikey.be/en/products/detail/diodes-incorporated/FL1200180/9766629"
"https://www.raltron.com/webproducts/specs/CRYSTAL/H10S-12.000-18-2020-TR-NS1.pdf","//mm.digikey.com/Volume0/opasdata/d220001/medias/images/210/MFG_H10S.jpg","2151-H10S-12.000-18-2020-TR-NS1TR-ND","H10S-12.000-18-2020-TR-NS1","Raltron Electronics","Raltron Electronics","CRYSTAL 12.0000MHZ 18PF SMD","0","0.29916","0","1000","Tape & Reel (TR)","H10S","Obsolete","MHz Crystal","12 MHz","±20ppm","±20ppm","18pF","50 Ohms","Fundamental","-10°C ~ 60°C","-","Surface Mount","4-SMD, No Lead","0.236"" L x 0.138"" W (6.00mm x 3.50mm)","0.047"" (1.20mm)","4-SMD (6x3.5)","https://www.digikey.be/en/products/detail/raltron-electronics/H10S-12-000-18-2020-TR-NS1/10272205"
"https://www.raltron.com/webproducts/specs/CRYSTAL/H10S-12.000-18-5050-EXT-TR.pdf","//mm.digikey.com/Volume0/opasdata/d220001/medias/images/210/MFG_H10S.jpg","2151-H10S-12.000-18-5050-EXT-TR-ND","H10S-12.000-18-5050-EXT-TR","Raltron Electronics","Raltron Electronics","CRYSTAL 12.0000MHZ 18PF SMD","0","0.29916","0","1000","Tape & Reel (TR)","H10S","Obsolete","MHz Crystal","12 MHz","±50ppm","±50ppm","18pF","130 Ohms","Fundamental","-40°C ~ 85°C","-","Surface Mount","4-SMD, No Lead","0.236"" L x 0.138"" W (6.00mm x 3.50mm)","0.047"" (1.20mm)","4-SMD (6x3.5)","https://www.digikey.be/en/products/detail/raltron-electronics/H10S-12-000-18-5050-EXT-TR/10272208"
"https://ecsxtal.com/store/pdf/ecx-32.pdf","//mm.digikey.com/Volume0/opasdata/d220001/medias/images/189/MFG_ECS-CRYSTAL-4SMD-NOLEADS.jpg","XC2911TR-ND,XC2911CT-ND,XC2911DKR-ND","ECS-120-20-33-AEL-TR","ECS Inc.","ECS Inc.","CRYSTAL 12.0000MHZ 20PF SMD","22.152","0.3","0","1","Tape & Reel (TR),Cut Tape (CT),Digi-Reel®","ECX-32","Active","MHz Crystal","12 MHz","±50ppm","±25ppm","20pF","100 Ohms","Fundamental","-10°C ~ 70°C","-","Surface Mount","4-SMD, No Lead","0.126"" L x 0.098"" W (3.20mm x 2.50mm)","0.031"" (0.80mm)","4-SMD (3.2x2.5)","https://www.digikey.be/en/products/detail/ecs-inc/ECS-120-20-33-AEL-TR/9648808"
"https://ecsxtal.com/store/pdf/ECX-2236B2.pdf","//mm.digikey.com/Volume0/opasdata/d220001/medias/images/4103/MFG_ECS-120-10-36B2-CWY-TR.jpg","50-ECS-120-10-36B2-CWY-TR-ND,50-ECS-120-10-36B2-CWY-TRCT-ND,50-ECS-120-10-36B2-CWY-TRDKR-ND","ECS-120-10-36B2-CWY-TR","ECS Inc.","ECS Inc.","CRYSTAL 12.0000MHZ 10PF SMD","11.083","0.3","0","1","Tape & Reel (TR),Cut Tape (CT),Digi-Reel®","ECX-2236B2","Active","MHz Crystal","12 MHz","±15ppm","±10ppm","10pF","130 Ohms","Fundamental","-30°C ~ 85°C","-","Surface Mount","4-SMD, No Lead","0.098"" L x 0.079"" W (2.50mm x 2.00mm)","0.024"" (0.60mm)","4-SMD (2.5x2)","https://www.digikey.be/en/products/detail/ecs-inc/ECS-120-10-36B2-CWY-TR/14548848"
"https://ecsxtal.com/store/pdf/csm-7x.pdf","//mm.digikey.com/Volume0/opasdata/d220001/medias/images/2523/CSM-7%20CRYSTAL.jpg","XC2080TR-ND,XC2080CT-ND,XC2080DKR-ND","ECS-120-20-5PX-TR","ECS Inc.","ECS Inc.","CRYSTAL 12.0000MHZ 20PF SMD","2.503","0.3","0","1","Tape & Reel (TR),Cut Tape (CT),Digi-Reel®","CSM-7X","Active","MHz Crystal","12 MHz","±50ppm","±30ppm","20pF","50 Ohms","Fundamental","-10°C ~ 70°C","-","Surface Mount","HC-49/US","0.449"" L x 0.189"" W (11.40mm x 4.80mm)","0.169"" (4.30mm)","-","https://www.digikey.be/en/products/detail/ecs-inc/ECS-120-20-5PX-TR/5875509"
"https://www.ctscorp.com/Files/DataSheets/Passives/FCP/Crystals/crystals-ATS-ATSSM-datasheet.pdf","//mm.digikey.com/Volume0/opasdata/d220001/medias/images/2529/ATS-SM%20Series.jpg","CTX1076TR-ND,CTX1076CT-ND,CTX1076DKR-ND","ATS120SM-1E","CTS-Frequency Controls","CTS-Frequency Controls","CRYSTAL 12.0000MHZ SERIES SMD","1.767","0.3","0","1","Tape & Reel (TR),Cut Tape (CT),Digi-Reel®","ATS-SM","Active","MHz Crystal","12 MHz","±50ppm","±30ppm","Series","40 Ohms","Fundamental","-40°C ~ 85°C","-","Surface Mount","HC-49/US","0.437"" L x 0.190"" W (11.10mm x 4.83mm)","0.169"" (4.30mm)","HC-49/US-SM","https://www.digikey.be/en/products/detail/cts-frequency-controls/ATS120SM-1E/2640148"
"https://portal.iqdfrequencyproducts.com/products/pn/LFXTAL085861.pdf","//mm.digikey.com/Volume0/opasdata/d220001/medias/images/4849/MFG_1923_CFPX-180.jpg","1923-LFXTAL085861TR-ND","LFXTAL085861","IQD Frequency Products","IQD Frequency Products","CRYSTAL 12.0MHZ -40 TO 125C 18PF","0","0.30091","0","3000","Tape & Reel (TR)","CFPX-180","Active","MHz Crystal","12 MHz","±50ppm","±20ppm","18pF","120 Ohms","Fundamental","-40°C ~ 125°C","-","Surface Mount","4-SMD, No Lead","0.126"" L x 0.098"" W (3.20mm x 2.50mm)","0.031"" (0.80mm)","4-SMD (3.2x2.5)","https://www.digikey.be/en/products/detail/iqd-frequency-products/LFXTAL085861/17372799"
"https://abracon.com/datasheets/ABM3BN.pdf","//mm.digikey.com/Volume0/opasdata/d220001/medias/images/6705/MFG_ABM3BN.jpg","535-ABM3BN-12.000MHZ-8-B1U-TTR-ND","ABM3BN-12.000MHZ-8-B1U-T","Abracon LLC","Abracon LLC","CRYSTAL 12.0000MHZ 8PF SMD","0","0.30171","0","1000","Tape & Reel (TR)","ABM3BN","Active","MHz Crystal","12 MHz","±10ppm","±10ppm","8pF","70 Ohms","Fundamental","-20°C ~ 70°C","-","Surface Mount","4-SMD, No Lead","0.197"" L x 0.126"" W (5.00mm x 3.20mm)","0.043"" (1.10mm)","4-SMD (5x3.2)","https://www.digikey.be/en/products/detail/abracon-llc/ABM3BN-12-000MHZ-8-B1U-T/26483091"
"https://abracon.com/datasheets/ABM3BN.pdf","//mm.digikey.com/Volume0/opasdata/d220001/medias/images/6705/MFG_ABM3BN.jpg","535-ABM3BN-12.000MHZ-12-B1U-TTR-ND","ABM3BN-12.000MHZ-12-B1U-T","Abracon LLC","Abracon LLC","CRYSTAL 12.0000MHZ 12PF SMD","0","0.30171","0","1000","Tape & Reel (TR)","ABM3BN","Active","MHz Crystal","12 MHz","±10ppm","±10ppm","12pF","70 Ohms","Fundamental","-20°C ~ 70°C","-","Surface Mount","4-SMD, No Lead","0.197"" L x 0.126"" W (5.00mm x 3.20mm)","0.043"" (1.10mm)","4-SMD (5x3.2)","https://www.digikey.be/en/products/detail/abracon-llc/ABM3BN-12-000MHZ-12-B1U-T/26483319"
"https://abracon.com/datasheets/ABM3BN.pdf","//mm.digikey.com/Volume0/opasdata/d220001/medias/images/6705/MFG_ABM3BN.jpg","535-ABM3BN-12.000MHZ-12-D1G-TTR-ND","ABM3BN-12.000MHZ-12-D1G-T","Abracon LLC","Abracon LLC","CRYSTAL 12.0000MHZ 12PF SMD","0","0.30171","0","1000","Tape & Reel (TR)","ABM3BN","Active","MHz Crystal","12 MHz","±15ppm","±10ppm","12pF","70 Ohms","Fundamental","-40°C ~ 85°C","-","Surface Mount","4-SMD, No Lead","0.197"" L x 0.126"" W (5.00mm x 3.20mm)","0.043"" (1.10mm)","4-SMD (5x3.2)","https://www.digikey.be/en/products/detail/abracon-llc/ABM3BN-12-000MHZ-12-D1G-T/26483889"
"https://abracon.com/datasheets/ABM3BN.pdf","//mm.digikey.com/Volume0/opasdata/d220001/medias/images/6705/MFG_ABM3BN.jpg","535-ABM3BN-12.000MHZ-8-D1X-TTR-ND","ABM3BN-12.000MHZ-8-D1X-T","Abracon LLC","Abracon LLC","CRYSTAL 12.0000MHZ 8PF SMD","0","0.30171","0","1000","Tape & Reel (TR)","ABM3BN","Active","MHz Crystal","12 MHz","±20ppm","±10ppm","8pF","70 Ohms","Fundamental","-40°C ~ 85°C","-","Surface Mount","4-SMD, No Lead","0.197"" L x 0.126"" W (5.00mm x 3.20mm)","0.043"" (1.10mm)","4-SMD (5x3.2)","https://www.digikey.be/en/products/detail/abracon-llc/ABM3BN-12-000MHZ-8-D1X-T/26483892"
"https://abracon.com/datasheets/ABM3BN.pdf","//mm.digikey.com/Volume0/opasdata/d220001/medias/images/6705/MFG_ABM3BN.jpg","535-ABM3BN-12.000MHZ-12-D1X-TTR-ND","ABM3BN-12.000MHZ-12-D1X-T","Abracon LLC","Abracon LLC","CRYSTAL 12.0000MHZ 12PF SMD","0","0.30171","0","1000","Tape & Reel (TR)","ABM3BN","Active","MHz Crystal","12 MHz","±20ppm","±10ppm","12pF","70 Ohms","Fundamental","-40°C ~ 85°C","-","Surface Mount","4-SMD, No Lead","0.197"" L x 0.126"" W (5.00mm x 3.20mm)","0.043"" (1.10mm)","4-SMD (5x3.2)","https://www.digikey.be/en/products/detail/abracon-llc/ABM3BN-12-000MHZ-12-D1X-T/26483911"
"https://abracon.com/datasheets/ABM3BN.pdf","//mm.digikey.com/Volume0/opasdata/d220001/medias/images/6705/MFG_ABM3BN.jpg","535-ABM3BN-12.000MHZ-10-D1X-TTR-ND","ABM3BN-12.000MHZ-10-D1X-T","Abracon LLC","Abracon LLC","CRYSTAL 12.0000MHZ 10PF SMD","0","0.30171","0","1000","Tape & Reel (TR)","ABM3BN","Active","MHz Crystal","12 MHz","±20ppm","±10ppm","10pF","70 Ohms","Fundamental","-40°C ~ 85°C","-","Surface Mount","4-SMD, No Lead","0.197"" L x 0.126"" W (5.00mm x 3.20mm)","0.043"" (1.10mm)","4-SMD (5x3.2)","https://www.digikey.be/en/products/detail/abracon-llc/ABM3BN-12-000MHZ-10-D1X-T/26483964"
"https://abracon.com/datasheets/ABM3BN.pdf","//mm.digikey.com/Volume0/opasdata/d220001/medias/images/6705/MFG_ABM3BN.jpg","535-ABM3BN-12.000MHZ-10-D1G-TTR-ND","ABM3BN-12.000MHZ-10-D1G-T","Abracon LLC","Abracon LLC","CRYSTAL 12.0000MHZ 10PF SMD","0","0.30171","0","1000","Tape & Reel (TR)","ABM3BN","Active","MHz Crystal","12 MHz","±15ppm","±10ppm","10pF","70 Ohms","Fundamental","-40°C ~ 85°C","-","Surface Mount","4-SMD, No Lead","0.197"" L x 0.126"" W (5.00mm x 3.20mm)","0.043"" (1.10mm)","4-SMD (5x3.2)","https://www.digikey.be/en/products/detail/abracon-llc/ABM3BN-12-000MHZ-10-D1G-T/26483991"
"https://abracon.com/datasheets/ABM3BN.pdf","//mm.digikey.com/Volume0/opasdata/d220001/medias/images/6705/MFG_ABM3BN.jpg","535-ABM3BN-12.000MHZ-18-D1X-TTR-ND","ABM3BN-12.000MHZ-18-D1X-T","Abracon LLC","Abracon LLC","CRYSTAL 12.0000MHZ 18PF SMD","0","0.30171","0","1000","Tape & Reel (TR)","ABM3BN","Active","MHz Crystal","12 MHz","±20ppm","±10ppm","18pF","70 Ohms","Fundamental","-40°C ~ 85°C","-","Surface Mount","4-SMD, No Lead","0.197"" L x 0.126"" W (5.00mm x 3.20mm)","0.043"" (1.10mm)","4-SMD (5x3.2)","https://www.digikey.be/en/products/detail/abracon-llc/ABM3BN-12-000MHZ-18-D1X-T/26484064"
"https://abracon.com/datasheets/ABM3BN.pdf","//mm.digikey.com/Volume0/opasdata/d220001/medias/images/6705/MFG_ABM3BN.jpg","535-ABM3BN-12.000MHZ-18-D1G-TTR-ND","ABM3BN-12.000MHZ-18-D1G-T","Abracon LLC","Abracon LLC","CRYSTAL 12.0000MHZ 18PF SMD","0","0.30171","0","1000","Tape & Reel (TR)","ABM3BN","Active","MHz Crystal","12 MHz","±15ppm","±10ppm","18pF","70 Ohms","Fundamental","-40°C ~ 85°C","-","Surface Mount","4-SMD, No Lead","0.197"" L x 0.126"" W (5.00mm x 3.20mm)","0.043"" (1.10mm)","4-SMD (5x3.2)","https://www.digikey.be/en/products/detail/abracon-llc/ABM3BN-12-000MHZ-18-D1G-T/26484076"
"https://abracon.com/datasheets/ABM3BN.pdf","//mm.digikey.com/Volume0/opasdata/d220001/medias/images/6705/MFG_ABM3BN.jpg","535-ABM3BN-12.000MHZ-8-D1G-TTR-ND","ABM3BN-12.000MHZ-8-D1G-T","Abracon LLC","Abracon LLC","CRYSTAL 12.0000MHZ 8PF SMD","0","0.30171","0","1000","Tape & Reel (TR)","ABM3BN","Active","MHz Crystal","12 MHz","±15ppm","±10ppm","8pF","70 Ohms","Fundamental","-40°C ~ 85°C","-","Surface Mount","4-SMD, No Lead","0.197"" L x 0.126"" W (5.00mm x 3.20mm)","0.043"" (1.10mm)","4-SMD (5x3.2)","https://www.digikey.be/en/products/detail/abracon-llc/ABM3BN-12-000MHZ-8-D1G-T/26484249"
"https://abracon.com/datasheets/ABM3BN.pdf","//mm.digikey.com/Volume0/opasdata/d220001/medias/images/6705/MFG_ABM3BN.jpg","535-ABM3BN-12.000MHZ-10-B1U-TTR-ND","ABM3BN-12.000MHZ-10-B1U-T","Abracon LLC","Abracon LLC","CRYSTAL 12.0000MHZ 10PF SMD","0","0.30171","0","1000","Tape & Reel (TR)","ABM3BN","Active","MHz Crystal","12 MHz","±10ppm","±10ppm","10pF","70 Ohms","Fundamental","-20°C ~ 70°C","-","Surface Mount","4-SMD, No Lead","0.197"" L x 0.126"" W (5.00mm x 3.20mm)","0.043"" (1.10mm)","4-SMD (5x3.2)","https://www.digikey.be/en/products/detail/abracon-llc/ABM3BN-12-000MHZ-10-B1U-T/26484256"
"https://abracon.com/datasheets/ABM3BN.pdf","//mm.digikey.com/Volume0/opasdata/d220001/medias/images/6705/MFG_ABM3BN.jpg","535-ABM3BN-12.000MHZ-18-B1U-TTR-ND","ABM3BN-12.000MHZ-18-B1U-T","Abracon LLC","Abracon LLC","CRYSTAL 12.0000MHZ 18PF SMD","0","0.30171","0","1000","Tape & Reel (TR)","ABM3BN","Active","MHz Crystal","12 MHz","±10ppm","±10ppm","18pF","70 Ohms","Fundamental","-20°C ~ 70°C","-","Surface Mount","4-SMD, No Lead","0.197"" L x 0.126"" W (5.00mm x 3.20mm)","0.043"" (1.10mm)","4-SMD (5x3.2)","https://www.digikey.be/en/products/detail/abracon-llc/ABM3BN-12-000MHZ-18-B1U-T/26484402"
"https://txccrystal.com/images/pdf/7a.pdf","//mm.digikey.com/Volume0/opasdata/d220001/medias/images/4846/MFG_3003_7A.jpg","887-2628-2-ND","7A-12.000MAAV-T","TXC CORPORATION","TXC CORPORATION","CRYSTAL 12.0000MHZ 8PF SMD","0","0.30216","0","1000","Tape & Reel (TR)","7A","Obsolete","MHz Crystal","12 MHz","±30ppm","±30ppm","8pF","80 Ohms","Fundamental","-20°C ~ 70°C","-","Surface Mount","2-SMD, No Lead","0.197"" L x 0.126"" W (5.00mm x 3.20mm)","0.053"" (1.35mm)","-","https://www.digikey.be/en/products/detail/txc-corporation/7A-12-000MAAV-T/6130662"
"https://txccrystal.com/images/pdf/7a.pdf","//mm.digikey.com/Volume0/opasdata/d220001/medias/images/653/7A-5.0mmX3.2mm.JPG","7A-12.000MBBK-T-ND","7A-12.000MBBK-T","TXC CORPORATION","TXC CORPORATION","CRYSTAL 12.0000MHZ 20PF SMD","0","0.30216","0","1000","Tape & Reel (TR)","7A","Obsolete","MHz Crystal","12 MHz","±50ppm","±50ppm","20pF","80 Ohms","Fundamental","-20°C ~ 70°C","-","Surface Mount","2-SMD, No Lead","0.197"" L x 0.126"" W (5.00mm x 3.20mm)","0.053"" (1.35mm)","-","https://www.digikey.be/en/products/detail/txc-corporation/7A-12-000MBBK-T/3522082"
"https://txccrystal.com/images/pdf/7a.pdf","//mm.digikey.com/Volume0/opasdata/d220001/medias/images/653/7A-5.0mmX3.2mm.JPG","7A12000001-ND","7A12000001","TXC CORPORATION","TXC CORPORATION","CRYSTAL 12.0000MHZ 16PF SMD","0","0.30216","0","1000","Tape & Reel (TR)","7A","Obsolete","MHz Crystal","12 MHz","±20ppm","±20ppm","16pF","80 Ohms","Fundamental","-30°C ~ 85°C","-","Surface Mount","2-SMD, No Lead","0.197"" L x 0.126"" W (5.00mm x 3.20mm)","0.053"" (1.35mm)","-","https://www.digikey.be/en/products/detail/txc-corporation/7A12000001/5954209"
"https://txccrystal.com/images/pdf/7a.pdf","//mm.digikey.com/Volume0/opasdata/d220001/medias/images/653/7A-5.0mmX3.2mm.JPG","7A12000008-ND","7A12000008","TXC CORPORATION","TXC CORPORATION","CRYSTAL 12.0000MHZ 18PF SMD","0","0.30216","0","1000","Tape & Reel (TR)","7A","Obsolete","MHz Crystal","12 MHz","±30ppm","±30ppm","18pF","80 Ohms","Fundamental","-20°C ~ 70°C","-","Surface Mount","2-SMD, No Lead","0.197"" L x 0.126"" W (5.00mm x 3.20mm)","0.053"" (1.35mm)","-","https://www.digikey.be/en/products/detail/txc-corporation/7A12000008/5954211"
"https://txccrystal.com/images/pdf/7a.pdf","//mm.digikey.com/Volume0/opasdata/d220001/medias/images/653/7A-5.0mmX3.2mm.JPG","7A12000026-ND","7A12000026","TXC CORPORATION","TXC CORPORATION","CRYSTAL 12.0000MHZ 16PF SMD","0","0.30216","0","1000","Tape & Reel (TR)","7A","Obsolete","MHz Crystal","12 MHz","±30ppm","±30ppm","16pF","80 Ohms","Fundamental","-10°C ~ 70°C","-","Surface Mount","2-SMD, No Lead","0.197"" L x 0.126"" W (5.00mm x 3.20mm)","0.053"" (1.35mm)","-","https://www.digikey.be/en/products/detail/txc-corporation/7A12000026/5954212"
"https://txccrystal.com/images/pdf/7a.pdf","//mm.digikey.com/Volume0/opasdata/d220001/medias/images/653/7A-5.0mmX3.2mm.JPG","7A12000044-ND","7A12000044","TXC CORPORATION","TXC CORPORATION","CRYSTAL 12.0000MHZ 20PF SMD","0","0.30216","0","1000","Tape & Reel (TR)","7A","Obsolete","MHz Crystal","12 MHz","±30ppm","±30ppm","20pF","80 Ohms","Fundamental","-10°C ~ 70°C","-","Surface Mount","2-SMD, No Lead","0.197"" L x 0.126"" W (5.00mm x 3.20mm)","0.053"" (1.35mm)","-","https://www.digikey.be/en/products/detail/txc-corporation/7A12000044/5954213"
"https://txccrystal.com/images/pdf/7a.pdf","//mm.digikey.com/Volume0/opasdata/d220001/medias/images/653/7A-5.0mmX3.2mm.JPG","7A12000062-ND","7A12000062","TXC CORPORATION","TXC CORPORATION","CRYSTAL 12.0000MHZ 18PF SMD","0","0.30216","0","1000","Tape & Reel (TR)","7A","Obsolete","MHz Crystal","12 MHz","±20ppm","±20ppm","18pF","80 Ohms","Fundamental","-10°C ~ 70°C","-","Surface Mount","2-SMD, No Lead","0.197"" L x 0.126"" W (5.00mm x 3.20mm)","0.053"" (1.35mm)","-","https://www.digikey.be/en/products/detail/txc-corporation/7A12000062/5954214"
"https://txccrystal.com/images/pdf/7a.pdf","//mm.digikey.com/Volume0/opasdata/d220001/medias/images/653/7A-5.0mmX3.2mm.JPG","7A12020001-ND","7A12020001","TXC CORPORATION","TXC CORPORATION","CRYSTAL 12.0000MHZ 18PF SMD","0","0.30216","0","1000","Tape & Reel (TR)","7A","Obsolete","MHz Crystal","12 MHz","±30ppm","±30ppm","18pF","80 Ohms","Fundamental","-40°C ~ 85°C","-","Surface Mount","2-SMD, No Lead","0.197"" L x 0.126"" W (5.00mm x 3.20mm)","0.053"" (1.35mm)","-","https://www.digikey.be/en/products/detail/txc-corporation/7A12020001/5954215"
"https://txccrystal.com/images/pdf/7a.pdf","//mm.digikey.com/Volume0/opasdata/d220001/medias/images/653/7A-5.0mmX3.2mm.JPG","7A12070002-ND","7A12070002","TXC CORPORATION","TXC CORPORATION","CRYSTAL 12.0000MHZ 18PF SMD","0","0.30216","0","1000","Tape & Reel (TR)","7A","Obsolete","MHz Crystal","12 MHz","±30ppm","±30ppm","18pF","80 Ohms","Fundamental","-20°C ~ 70°C","-","Surface Mount","2-SMD, No Lead","0.197"" L x 0.126"" W (5.00mm x 3.20mm)","0.053"" (1.35mm)","-","https://www.digikey.be/en/products/detail/txc-corporation/7A12070002/5954216"
"https://txccrystal.com/images/pdf/7a.pdf","//mm.digikey.com/Volume0/opasdata/d220001/medias/images/653/7A-5.0mmX3.2mm.JPG","7A12070007-ND","7A12070007","TXC CORPORATION","TXC CORPORATION","CRYSTAL 12.0000MHZ 18PF SMD","0","0.30216","0","1000","Tape & Reel (TR)","7A","Obsolete","MHz Crystal","12 MHz","±50ppm","±30ppm","18pF","80 Ohms","Fundamental","-20°C ~ 70°C","-","Surface Mount","2-SMD, No Lead","0.197"" L x 0.126"" W (5.00mm x 3.20mm)","0.053"" (1.35mm)","-","https://www.digikey.be/en/products/detail/txc-corporation/7A12070007/5954217"
"https://txccrystal.com/images/pdf/7a.pdf","//mm.digikey.com/Volume0/opasdata/d220001/medias/images/653/7A-5.0mmX3.2mm.JPG","7A-12.000MAAI-T-ND","7A-12.000MAAI-T","TXC CORPORATION","TXC CORPORATION","CRYSTAL 12.0000MHZ 16PF SMD","0","0.30216","0","1000","Tape & Reel (TR)","7A","Obsolete","MHz Crystal","12 MHz","±30ppm","±30ppm","16pF","80 Ohms","Fundamental","-20°C ~ 70°C","-","Surface Mount","2-SMD, No Lead","0.197"" L x 0.126"" W (5.00mm x 3.20mm)","0.053"" (1.35mm)","-","https://www.digikey.be/en/products/detail/txc-corporation/7A-12-000MAAI-T/6130885"
"https://txccrystal.com/images/pdf/7a.pdf","//mm.digikey.com/Volume0/opasdata/d220001/medias/images/653/7A-5.0mmX3.2mm.JPG","7A-12-.000MAAK-T-ND","7A-12-.000MAAK-T","TXC CORPORATION","TXC CORPORATION","CRYSTAL 12.0000MHZ 20PF SMD","0","0.30216","0","1000","Tape & Reel (TR)","7A","Obsolete","MHz Crystal","12 MHz","±30ppm","±30ppm","20pF","80 Ohms","Fundamental","-20°C ~ 70°C","-","Surface Mount","2-SMD, No Lead","0.197"" L x 0.126"" W (5.00mm x 3.20mm)","0.053"" (1.35mm)","-","https://www.digikey.be/en/products/detail/txc-corporation/7A-12-000MAAK-T/6130886"
"https://txccrystal.com/images/pdf/7a.pdf","//mm.digikey.com/Volume0/opasdata/d220001/medias/images/653/7A-5.0mmX3.2mm.JPG","7A-12.000MAAQ-T-ND","7A-12.000MAAQ-T","TXC CORPORATION","TXC CORPORATION","CRYSTAL 12.0000MHZ 10PF SMD","0","0.30216","0","1000","Tape & Reel (TR)","7A","Obsolete","MHz Crystal","12 MHz","±30ppm","±30ppm","10pF","80 Ohms","Fundamental","-20°C ~ 70°C","-","Surface Mount","2-SMD, No Lead","0.197"" L x 0.126"" W (5.00mm x 3.20mm)","0.053"" (1.35mm)","-","https://www.digikey.be/en/products/detail/txc-corporation/7A-12-000MAAQ-T/6130887"
"https://txccrystal.com/images/pdf/7a.pdf","//mm.digikey.com/Volume0/opasdata/d220001/medias/images/653/7A-5.0mmX3.2mm.JPG","7A-12.000MAAK-T-ND","7A-12.000MAAK-T","TXC CORPORATION","TXC CORPORATION","CRYSTAL 12.0000MHZ 20PF SMD","0","0.30216","0","1000","Tape & Reel (TR)","7A","Obsolete","MHz Crystal","12 MHz","±30ppm","±30ppm","20pF","80 Ohms","Fundamental","-20°C ~ 70°C","-","Surface Mount","2-SMD, No Lead","0.197"" L x 0.126"" W (5.00mm x 3.20mm)","0.053"" (1.35mm)","-","https://www.digikey.be/en/products/detail/txc-corporation/7A-12-000MAAK-T/7906143"
"http://cfd.citizen.co.jp/cms/cfd/pdf/english/HC-49_U-S_E.pdf","//mm.digikey.com/Volume0/opasdata/d220001/medias/images/2593/HC49US%20series.jpg","HC-49/U-S12000000AAIB-ND","HC-49/U-S12000000AAIB","Citizen Finedevice Co Ltd","Citizen Finedevice Co Ltd","CRYSTAL 12.0000MHZ 16PF TH","0","0.30268","0","1000","Bulk","HC-49/U-S","Active","MHz Crystal","12 MHz","±30ppm","±30ppm","16pF","80 Ohms","Fundamental","-10°C ~ 60°C","-","Through Hole","HC-49/US","0.453"" L x 0.183"" W (11.50mm x 4.65mm)","0.138"" (3.50mm)","-","https://www.digikey.be/en/products/detail/citizen-finedevice-co-ltd/HC-49-U-S12000000AAIB/5970769"
"https://abracon.com/datasheets/ABM8N.pdf","//mm.digikey.com/Volume0/opasdata/d220001/medias/images/6846/MFG_535%7E4SMD-.80-3.2X2.5%7E%7E4.jpg","535-ABM8N-12.0000MHZ-18-D2X-T3TR-ND","ABM8N-12.0000MHZ-18-D2X-T3","Abracon LLC","Abracon LLC","CRYSTAL 12.0000MHZ 18PF SMD","0","0.30588","0","3000","Tape & Reel (TR)","ABM8N","Active","MHz Crystal","12 MHz","±20ppm","±20ppm","18pF","100 Ohms","Fundamental","-40°C ~ 85°C","-","Surface Mount","4-SMD, No Lead","0.126"" L x 0.098"" W (3.20mm x 2.50mm)","0.031"" (0.80mm)","4-SMD (3.2x2.5)","https://www.digikey.be/en/products/detail/abracon-llc/ABM8N-12-0000MHZ-18-D2X-T3/26483643"
"https://abracon.com/datasheets/ABM8N.pdf","//mm.digikey.com/Volume0/opasdata/d220001/medias/images/6846/MFG_535%7E4SMD-.80-3.2X2.5%7E%7E4.jpg","535-ABM8N-12.0000MHZ-8-D2X-T3TR-ND","ABM8N-12.0000MHZ-8-D2X-T3","Abracon LLC","Abracon LLC","CRYSTAL 12.0000MHZ 8PF SMD","0","0.30588","0","3000","Tape & Reel (TR)","ABM8N","Active","MHz Crystal","12 MHz","±20ppm","±20ppm","8pF","100 Ohms","Fundamental","-40°C ~ 85°C","-","Surface Mount","4-SMD, No Lead","0.126"" L x 0.098"" W (3.20mm x 2.50mm)","0.031"" (0.80mm)","4-SMD (3.2x2.5)","https://www.digikey.be/en/products/detail/abracon-llc/ABM8N-12-0000MHZ-8-D2X-T3/26483870"
"https://abracon.com/datasheets/ABM8N.pdf","//mm.digikey.com/Volume0/opasdata/d220001/medias/images/6846/MFG_535%7E4SMD-.80-3.2X2.5%7E%7E4.jpg","535-ABM8N-12.0000MHZ-10-D2X-T3TR-ND","ABM8N-12.0000MHZ-10-D2X-T3","Abracon LLC","Abracon LLC","CRYSTAL 12.0000MHZ 10PF SMD","0","0.30588","0","3000","Tape & Reel (TR)","ABM8N","Active","MHz Crystal","12 MHz","±20ppm","±20ppm","10pF","100 Ohms","Fundamental","-40°C ~ 85°C","-","Surface Mount","4-SMD, No Lead","0.126"" L x 0.098"" W (3.20mm x 2.50mm)","0.031"" (0.80mm)","4-SMD (3.2x2.5)","https://www.digikey.be/en/products/detail/abracon-llc/ABM8N-12-0000MHZ-10-D2X-T3/26483909"
"https://abracon.com/datasheets/ABM8N.pdf","//mm.digikey.com/Volume0/opasdata/d220001/medias/images/6846/MFG_535%7E4SMD-.80-3.2X2.5%7E%7E4.jpg","535-ABM8N-12.0000MHZ-18-D2Y-T3TR-ND","ABM8N-12.0000MHZ-18-D2Y-T3","Abracon LLC","Abracon LLC","CRYSTAL 12.0000MHZ 18PF SMD","0","0.30588","0","3000","Tape & Reel (TR)","ABM8N","Active","MHz Crystal","12 MHz","±30ppm","±20ppm","18pF","100 Ohms","Fundamental","-40°C ~ 85°C","-","Surface Mount","4-SMD, No Lead","0.126"" L x 0.098"" W (3.20mm x 2.50mm)","0.031"" (0.80mm)","4-SMD (3.2x2.5)","https://www.digikey.be/en/products/detail/abracon-llc/ABM8N-12-0000MHZ-18-D2Y-T3/26483928"
"https://abracon.com/datasheets/ABM8N.pdf","//mm.digikey.com/Volume0/opasdata/d220001/medias/images/6846/MFG_535%7E4SMD-.80-3.2X2.5%7E%7E4.jpg","535-ABM8N-12.0000MHZ-12-D2X-T3TR-ND","ABM8N-12.0000MHZ-12-D2X-T3","Abracon LLC","Abracon LLC","CRYSTAL 12.0000MHZ 12PF SMD","0","0.30588","0","3000","Tape & Reel (TR)","ABM8N","Active","MHz Crystal","12 MHz","±20ppm","±20ppm","12pF","100 Ohms","Fundamental","-40°C ~ 85°C","-","Surface Mount","4-SMD, No Lead","0.126"" L x 0.098"" W (3.20mm x 2.50mm)","0.031"" (0.80mm)","4-SMD (3.2x2.5)","https://www.digikey.be/en/products/detail/abracon-llc/ABM8N-12-0000MHZ-12-D2X-T3/26483976"
"https://abracon.com/datasheets/ABM8N.pdf","//mm.digikey.com/Volume0/opasdata/d220001/medias/images/6846/MFG_535%7E4SMD-.80-3.2X2.5%7E%7E4.jpg","535-ABM8N-12.0000MHZ-9-D2X-T3TR-ND","ABM8N-12.0000MHZ-9-D2X-T3","Abracon LLC","Abracon LLC","CRYSTAL 12.0000MHZ 9PF SMD","0","0.30588","0","3000","Tape & Reel (TR)","ABM8N","Active","MHz Crystal","12 MHz","±20ppm","±20ppm","9pF","100 Ohms","Fundamental","-40°C ~ 85°C","-","Surface Mount","4-SMD, No Lead","0.126"" L x 0.098"" W (3.20mm x 2.50mm)","0.031"" (0.80mm)","4-SMD (3.2x2.5)","https://www.digikey.be/en/products/detail/abracon-llc/ABM8N-12-0000MHZ-9-D2X-T3/26484278"
"https://abracon.com/datasheets/ABM8N.pdf","//mm.digikey.com/Volume0/opasdata/d220001/medias/images/6846/MFG_535%7E4SMD-.80-3.2X2.5%7E%7E4.jpg","535-ABM8N-12.0000MHZ-9-D2Y-T3TR-ND","ABM8N-12.0000MHZ-9-D2Y-T3","Abracon LLC","Abracon LLC","CRYSTAL 12.0000MHZ 9PF SMD","0","0.30588","0","3000","Tape & Reel (TR)","ABM8N","Active","MHz Crystal","12 MHz","±30ppm","±20ppm","9pF","100 Ohms","Fundamental","-40°C ~ 85°C","-","Surface Mount","4-SMD, No Lead","0.126"" L x 0.098"" W (3.20mm x 2.50mm)","0.031"" (0.80mm)","4-SMD (3.2x2.5)","https://www.digikey.be/en/products/detail/abracon-llc/ABM8N-12-0000MHZ-9-D2Y-T3/26484469"
"-","-","FH1200011DI-ND","FH1200011","Diodes Incorporated","Diodes Incorporated","CRYSTAL 12.0000MHZ 8PF SMD","0","0.30712","0","3000","Tape & Reel (TR)","SaRonix-eCera™ FH","Active","MHz Crystal","12 MHz","±15ppm","±15ppm","8pF","150 Ohms","Fundamental","-20°C ~ 70°C","-","Surface Mount","4-SMD, No Lead","0.098"" L x 0.079"" W (2.50mm x 2.00mm)","0.028"" (0.70mm)","4-SMD (2.5x2)","https://www.digikey.be/en/products/detail/diodes-incorporated/FH1200011/10295425"
"//mm.digikey.com/Volume0/opasdata/d220001/medias/docus/8439/FH.pdf","-","FH1200026DI-ND","FH1200026","Diodes Incorporated","Diodes Incorporated","CRYSTAL 12.0000MHZ 10PF SMD","0","0.30712","0","3000","Tape & Reel (TR)","SaRonix-eCera™ FH","Active","MHz Crystal","12 MHz","±20ppm","±20ppm","10pF","150 Ohms","Fundamental","-40°C ~ 85°C","-","Surface Mount","4-SMD, No Lead","0.098"" L x 0.079"" W (2.50mm x 2.00mm)","0.028"" (0.70mm)","4-SMD (2.5x2)","https://www.digikey.be/en/products/detail/diodes-incorporated/FH1200026/10295426"
"//mm.digikey.com/Volume0/opasdata/d220001/medias/docus/8439/FH.pdf","-","FH1200059DI-ND","FH1200059","Diodes Incorporated","Diodes Incorporated","CRYSTAL 12.0000MHZ 27PF SMD","0","0.30712","0","3000","Tape & Reel (TR)","SaRonix-eCera™ FH","Active","MHz Crystal","12 MHz","±20ppm","±15ppm","27pF","140 Ohms","Fundamental","-40°C ~ 85°C","-","Surface Mount","4-SMD, No Lead","0.098"" L x 0.079"" W (2.50mm x 2.00mm)","0.028"" (0.70mm)","4-SMD (2.5x2)","https://www.digikey.be/en/products/detail/diodes-incorporated/FH1200059/10295427"
"http://www.txccrystal.com/images/pdf/7m.pdf","//mm.digikey.com/Volume0/opasdata/d220001/medias/images/2482/7M%20Series.jpg","7M-12.000MBBK-T-ND","7M-12.000MBBK-T","TXC CORPORATION","TXC CORPORATION","CRYSTAL 12.0000MHZ 20PF SMD","0","0.30712","0","3000","Tape & Reel (TR)","7M","Active","MHz Crystal","12 MHz","±50ppm","±50ppm","20pF","100 Ohms","Fundamental","-20°C ~ 70°C","-","Surface Mount","4-SMD, No Lead","0.126"" L x 0.098"" W (3.20mm x 2.50mm)","0.031"" (0.80mm)","4-SMD (3.2x2.5)","https://www.digikey.be/en/products/detail/txc-corporation/7M-12-000MBBK-T/3674338"
"https://www.diodes.com/assets/Datasheets/FH.pdf","//mm.digikey.com/Volume0/opasdata/d220001/medias/images/695/Diodes-4-SMT-2%2C50mmx2%2C00mm.jpg","FH1200002-ND","FH1200002","Diodes Incorporated","Diodes Incorporated","CRYSTAL 12.0000MHZ 18PF SMD","0","0.30712","0","3000","Tape & Reel (TR)","SaRonix-eCera™ FH","Active","MHz Crystal","12 MHz","±30ppm","±30ppm","18pF","150 Ohms","Fundamental","-20°C ~ 70°C","-","Surface Mount","4-SMD, No Lead","0.098"" L x 0.079"" W (2.50mm x 2.00mm)","0.028"" (0.70mm)","4-SMD (2.5x2)","https://www.digikey.be/en/products/detail/diodes-incorporated/FH1200002/9766072"
"https://www.diodes.com/assets/Datasheets/FH.pdf","//mm.digikey.com/Volume0/opasdata/d220001/medias/images/695/Diodes-4-SMT-2%2C50mmx2%2C00mm.jpg","FH1200006-ND","FH1200006","Diodes Incorporated","Diodes Incorporated","CRYSTAL 12.0000MHZ 10PF SMD","0","0.30712","0","3000","Tape & Reel (TR)","SaRonix-eCera™ FH","Active","MHz Crystal","12 MHz","±20ppm","±10ppm","10pF","150 Ohms","Fundamental","-20°C ~ 70°C","-","Surface Mount","4-SMD, No Lead","0.098"" L x 0.079"" W (2.50mm x 2.00mm)","0.028"" (0.70mm)","4-SMD (2.5x2)","https://www.digikey.be/en/products/detail/diodes-incorporated/FH1200006/9766073"
"https://www.diodes.com/assets/Datasheets/FH.pdf","//mm.digikey.com/Volume0/opasdata/d220001/medias/images/695/Diodes-4-SMT-2%2C50mmx2%2C00mm.jpg","FH1200008-ND","FH1200008","Diodes Incorporated","Diodes Incorporated","CRYSTAL 12.0000MHZ 12PF SMD","0","0.30712","0","3000","Tape & Reel (TR)","SaRonix-eCera™ FH","Active","MHz Crystal","12 MHz","±30ppm","±30ppm","12pF","150 Ohms","Fundamental","-40°C ~ 85°C","-","Surface Mount","4-SMD, No Lead","0.098"" L x 0.079"" W (2.50mm x 2.00mm)","0.028"" (0.70mm)","4-SMD (2.5x2)","https://www.digikey.be/en/products/detail/diodes-incorporated/FH1200008/9766074"
"https://www.diodes.com/assets/Datasheets/FH.pdf","//mm.digikey.com/Volume0/opasdata/d220001/medias/images/695/Diodes-4-SMT-2%2C50mmx2%2C00mm.jpg","FH1200012-ND","FH1200012","Diodes Incorporated","Diodes Incorporated","CRYSTAL 12.0000MHZ 10PF SMD","0","0.30712","0","3000","Tape & Reel (TR)","SaRonix-eCera™ FH","Active","MHz Crystal","12 MHz","±30ppm","±20ppm","10pF","150 Ohms","Fundamental","-40°C ~ 85°C","-","Surface Mount","4-SMD, No Lead","0.098"" L x 0.079"" W (2.50mm x 2.00mm)","0.028"" (0.70mm)","4-SMD (2.5x2)","https://www.digikey.be/en/products/detail/diodes-incorporated/FH1200012/9766075"
"https://www.diodes.com/assets/Datasheets/FH.pdf","//mm.digikey.com/Volume0/opasdata/d220001/medias/images/695/Diodes-4-SMT-2%2C50mmx2%2C00mm.jpg","FH1200018-ND","FH1200018","Diodes Incorporated","Diodes Incorporated","CRYSTAL 12.0000MHZ 18PF SMD","0","0.30712","0","3000","Tape & Reel (TR)","SaRonix-eCera™ FH","Active","MHz Crystal","12 MHz","±30ppm","±20ppm","18pF","150 Ohms","Fundamental","-40°C ~ 85°C","-","Surface Mount","4-SMD, No Lead","0.098"" L x 0.079"" W (2.50mm x 2.00mm)","0.028"" (0.70mm)","4-SMD (2.5x2)","https://www.digikey.be/en/products/detail/diodes-incorporated/FH1200018/9766078"
"https://www.diodes.com/assets/Datasheets/FH.pdf","//mm.digikey.com/Volume0/opasdata/d220001/medias/images/695/Diodes-4-SMT-2%2C50mmx2%2C00mm.jpg","FH1200027-ND","FH1200027","Diodes Incorporated","Diodes Incorporated","CRYSTAL 12.0000MHZ 18PF SMD","0","0.30712","0","3000","Tape & Reel (TR)","SaRonix-eCera™ FH","Active","MHz Crystal","12 MHz","±30ppm","±30ppm","18pF","150 Ohms","Fundamental","-20°C ~ 90°C","-","Surface Mount","4-SMD, No Lead","0.098"" L x 0.079"" W (2.50mm x 2.00mm)","0.028"" (0.70mm)","4-SMD (2.5x2)","https://www.digikey.be/en/products/detail/diodes-incorporated/FH1200027/9766080"
"https://www.diodes.com/assets/Datasheets/FH.pdf","//mm.digikey.com/Volume0/opasdata/d220001/medias/images/695/Diodes-4-SMT-2%2C50mmx2%2C00mm.jpg","FH1200048Z-ND","FH1200048Z","Diodes Incorporated","Diodes Incorporated","CRYSTAL 12.0000MHZ 27PF SMD","0","0.30712","0","3000","Tape & Reel (TR)","SaRonix-eCera™ FH","Active","MHz Crystal","12 MHz","±30ppm","±30ppm","27pF","140 Ohms","Fundamental","-40°C ~ 85°C","-","Surface Mount","4-SMD, No Lead","0.098"" L x 0.079"" W (2.50mm x 2.00mm)","0.028"" (0.70mm)","4-SMD (2.5x2)","https://www.digikey.be/en/products/detail/diodes-incorporated/FH1200048Z/9766081"
"https://www.ctscorp.com/Files/DataSheets/Passives/FCP/Crystals/crystals-SA254-datasheet.pdf","//mm.digikey.com/Volume0/opasdata/d220001/medias/images/495/MFG_SA164_SA204_SA254_SA532.jpg","110-SA254120F35HARTR-ND","SA254120F35HAR","CTS-Frequency Controls","CTS-Frequency Controls","CRYSTAL 12.0000MHZ 10PF SMD","0","0.3096","0","3000","Tape & Reel (TR)","SA254","Active","MHz Crystal","12 MHz","±50ppm","±30ppm","10pF","180 Ohms","Fundamental","-40°C ~ 125°C","AEC-Q200","Surface Mount","4-SMD, No Lead","0.098"" L x 0.079"" W (2.50mm x 2.00mm)","0.026"" (0.65mm)","4-SMD (2.5x2)","https://www.digikey.be/en/products/detail/cts-frequency-controls/SA254120F35HAR/12172473"
"https://ecsxtal.com/store/pdf/ecx-32.pdf","//mm.digikey.com/Volume0/opasdata/d220001/medias/images/189/MFG_ECS-CRYSTAL-4SMD-NOLEADS.jpg","50-ECS-120-8-33-JGN-TR3TR-ND,50-ECS-120-8-33-JGN-TR3CT-ND,50-ECS-120-8-33-JGN-TR3DKR-ND","ECS-120-8-33-JGN-TR3","ECS Inc.","ECS Inc.","CRYSTAL 12.0000MHZ 8PF SMD","52.997","0.31","0","1","Tape & Reel (TR),Cut Tape (CT),Digi-Reel®","ECX-32","Active","MHz Crystal","12 MHz","±30ppm","±20ppm","8pF","100 Ohms","Fundamental","-40°C ~ 85°C","-","Surface Mount","4-SMD, No Lead","0.126"" L x 0.098"" W (3.20mm x 2.50mm)","0.031"" (0.80mm)","4-SMD (3.2x2.5)","https://www.digikey.be/en/products/detail/ecs-inc/ECS-120-8-33-JGN-TR3/14825162"
"https://ecsxtal.com/store/pdf/ECX-2236.pdf","//mm.digikey.com/Volume0/opasdata/d220001/medias/images/3979/MFG_ECS-120-12-36-AGN-TR3.jpg","50-ECS-120-12-36-AGN-TR3TR-ND,50-ECS-120-12-36-AGN-TR3CT-ND,50-ECS-120-12-36-AGN-TR3DKR-ND","ECS-120-12-36-AGN-TR3","ECS Inc.","ECS Inc.","CRYSTAL 12.0000MHZ 12PF SMD","8.370","0.31","0","1","Tape & Reel (TR),Cut Tape (CT),Digi-Reel®","ECX-2236","Active","MHz Crystal","12 MHz","±30ppm","±25ppm","12pF","150 Ohms","Fundamental","-40°C ~ 85°C","-","Surface Mount","4-SMD, No Lead","0.098"" L x 0.079"" W (2.50mm x 2.00mm)","0.024"" (0.60mm)","4-SMD (2.5x2)","https://www.digikey.be/en/products/detail/ecs-inc/ECS-120-12-36-AGN-TR3/14825160"
"https://ecsxtal.com/store/pdf/CSM-3X.pdf","//mm.digikey.com/Volume0/opasdata/d220001/medias/images/379/ECS-270-20-3X-EN-TR.jpg","XC1787TR-ND,XC1787CT-ND,XC1787DKR-ND","ECS-120-20-3X-EN-TR","ECS Inc.","ECS Inc.","CRYSTAL 12.0000MHZ 20PF SMD","506.344","0.31","0","1","Tape & Reel (TR),Cut Tape (CT),Digi-Reel®","CSM-3X","Active","MHz Crystal","12 MHz","±50ppm","±30ppm","20pF","60 Ohms","Fundamental","-40°C ~ 85°C","-","Surface Mount","HC-49/US","0.276"" L x 0.161"" W (7.00mm x 4.10mm)","0.091"" (2.30mm)","-","https://www.digikey.be/en/products/detail/ecs-inc/ECS-120-20-3X-EN-TR/2676617"
"https://ecsxtal.com/store/pdf/ecx-32.pdf","//mm.digikey.com/Volume0/opasdata/d220001/medias/images/189/MFG_ECS-CRYSTAL-4SMD-NOLEADS.jpg","50-ECS-120-18-33-AGN-TR3TR-ND,50-ECS-120-18-33-AGN-TR3CT-ND,50-ECS-120-18-33-AGN-TR3DKR-ND","ECS-120-18-33-AGN-TR3","ECS Inc.","ECS Inc.","CRYSTAL 12.0000MHZ 18PF SMD","18.792","0.31","0","1","Tape & Reel (TR),Cut Tape (CT),Digi-Reel®","ECX-32","Active","MHz Crystal","12 MHz","±30ppm","±25ppm","18pF","100 Ohms","Fundamental","-40°C ~ 85°C","-","Surface Mount","4-SMD, No Lead","0.126"" L x 0.098"" W (3.20mm x 2.50mm)","0.031"" (0.80mm)","4-SMD (3.2x2.5)","https://www.digikey.be/en/products/detail/ecs-inc/ECS-120-18-33-AGN-TR3/14825158"
"https://ecsxtal.com/store/pdf/ECX-2236B2.pdf","//mm.digikey.com/Volume0/opasdata/d220001/medias/images/4027/MFG_ECS-120-10-36B2-JTN-TR.jpg","50-ECS-120-10-36B2-JTN-TR-ND,50-ECS-120-10-36B2-JTN-TRCT-ND,50-ECS-120-10-36B2-JTN-TRDKR-ND","ECS-120-10-36B2-JTN-TR","ECS Inc.","ECS Inc.","CRYSTAL 12 MHZ 10PF SMD","1.338","0.31","0","1","Tape & Reel (TR),Cut Tape (CT),Digi-Reel®","ECX-2236B2","Active","MHz Crystal","12 MHz","±20ppm","±20ppm","10pF","130 Ohms","Fundamental","-40°C ~ 85°C","-","Surface Mount","4-SMD, No Lead","0.098"" L x 0.079"" W (2.50mm x 2.00mm)","0.024"" (0.60mm)","4-SMD (2.5x2)","https://www.digikey.be/en/products/detail/ecs-inc/ECS-120-10-36B2-JTN-TR/14663300"
"https://ecsxtal.com/store/pdf/csm-7x.pdf","//mm.digikey.com/Volume0/opasdata/d220001/medias/images/189/MFG_ECS-CRYSTAL-HC-49-US.jpg","XC1249TR-ND,XC1249CT-ND,XC1249DKR-ND","ECS-120-S-5PX-TR","ECS Inc.","ECS Inc.","CRYSTAL 12.0000MHZ SERIES SMD","5.196","0.31","0","1","Tape & Reel (TR),Cut Tape (CT),Digi-Reel®","CSM-7X","Active","MHz Crystal","12 MHz","±50ppm","±30ppm","Series","50 Ohms","Fundamental","-10°C ~ 70°C","-","Surface Mount","HC-49/US","0.449"" L x 0.189"" W (11.40mm x 4.80mm)","0.169"" (4.30mm)","-","https://www.digikey.be/en/products/detail/ecs-inc/ECS-120-S-5PX-TR/827357"
"https://ecsxtal.com/store/pdf/ECX-33B2Q.pdf","//mm.digikey.com/Volume0/opasdata/d220001/medias/images/6025/MFG_ECX-33B2Q.jpg","50-ECS-120-8-33B2Q-JVY-TR3TR-ND,50-ECS-120-8-33B2Q-JVY-TR3CT-ND,50-ECS-120-8-33B2Q-JVY-TR3DKR-ND","ECS-120-8-33B2Q-JVY-TR3","ECS Inc.","ECS Inc.","CRYSTAL 12.000 MHZ 8PF SMD","1.538","0.31","0","1","Tape & Reel (TR),Cut Tape (CT),Digi-Reel®","ECX-33B2Q","Active","MHz Crystal","12 MHz","±150ppm","±20ppm","8pF","100 Ohms","Fundamental","-40°C ~ 150°C","AEC-Q200","Surface Mount","4-SMD, No Lead","0.126"" L x 0.098"" W (3.20mm x 2.50mm)","0.031"" (0.80mm)","4-SMD (3.2x2.5)","https://www.digikey.be/en/products/detail/ecs-inc/ECS-120-8-33B2Q-JVY-TR3/22464826"
"//mm.digikey.com/Volume0/opasdata/d220001/medias/docus/8458/VXM7-9013-25M0000000.pdf","//mm.digikey.com/Volume0/opasdata/d220001/medias/common/3019/MFG_VC-XXX-XXX-XXXX-XXXXXXX.jpeg","150-VXM7-9055-12M0000000TR-ND,150-VXM7-9055-12M0000000TRCT-ND,150-VXM7-9055-12M0000000TRDKR-ND","VXM7-9055-12M0000000TR","Microchip Technology","Microchip Technology","VXM7-9055-12M0000000TR","5.928","0.31","0","1","Tape & Reel (TR),Cut Tape (CT),Digi-Reel®","VXM7","Active","MHz Crystal","12 MHz","-","±20ppm","-","100 Ohms","Fundamental","-","-","Surface Mount","4-SMD, No Lead","0.126"" L x 0.098"" W (3.20mm x 2.50mm)","0.031"" (0.80mm)","-","https://www.digikey.be/en/products/detail/microchip-technology/VXM7-9055-12M0000000TR/16572193"
"//mm.digikey.com/Volume0/opasdata/d220001/medias/docus/8899/QT325G.pdf","//mm.digikey.com/Volume0/opasdata/d220001/medias/images/4884/MFG_QT325G-26.000MAAE-T.jpg","4981-QT325G-12.000MAHE-TTR-ND,4981-QT325G-12.000MAHE-TCT-ND,4981-QT325G-12.000MAHE-TDKR-ND","QT325G-12.000MAHE-T","QST","QST","3.2X2.5 30PPM @25C 30PPM (-40 TO","3.000","0.31","0","1","Tape & Reel (TR),Cut Tape (CT),Digi-Reel®","QT325G","Active","MHz Crystal","12 MHz","±30ppm","±30ppm","12pF","100 Ohms","Fundamental","-40°C ~ 85°C","-","Surface Mount","4-SMD, No Lead","0.126"" L x 0.098"" W (3.20mm x 2.50mm)","0.035"" (0.90mm)","-","https://www.digikey.be/en/products/detail/qst/QT325G-12-000MAHE-T/13423262"
"https://www.we-online.com/components/products/datasheet/830033580.pdf","//mm.digikey.com/Volume0/opasdata/d220001/medias/images/2652/MFG_XTAL_HC49_4HSMX.jpg","1923-830033580TR-ND,1923-830033580CT-ND,1923-830033580DKR-ND","830033580","Würth Elektronik","Würth Elektronik","WE-XTAL QUARTZ CRYSTAL 12.0 MHZ;","1.154","0.31","0","1","Tape & Reel (TR),Cut Tape (CT),Digi-Reel®","HC49/4HSMX","Active","MHz Crystal","12 MHz","±50ppm","±30ppm","18pF","40 Ohms","Fundamental","-20°C ~ 70°C","-","Surface Mount","HC-49/US","0.449"" L x 0.193"" W (11.40mm x 4.90mm)","0.169"" (4.30mm)","-","https://www.digikey.be/en/products/detail/würth-elektronik/830033580/13900339"
"https://ecsxtal.com/store/pdf/HC-46X.pdf","//mm.digikey.com/Volume0/opasdata/d220001/medias/images/379/ECS-135.6-20-46X.jpg","XC1753-ND","ECS-120-20-46X","ECS Inc.","ECS Inc.","CRYSTAL 12.0000MHZ 20PF TH","979","0.31","0","1","Bulk","HC-46X","Active","MHz Crystal","12 MHz","±50ppm","±30ppm","20pF","60 Ohms","Fundamental","-10°C ~ 70°C","-","Through Hole","HC-46/X","0.260"" L x 0.157"" W (6.60mm x 4.00mm)","0.071"" (1.80mm)","-","https://www.digikey.be/en/products/detail/ecs-inc/ECS-120-20-46X/2676583"
"https://www.diodes.com/assets/Datasheets/GB_GG.pdf","//mm.digikey.com/Volume0/opasdata/d220001/medias/images/1062/SaRonix-eCeraGB.jpg","31-GB1200038TR-ND,31-GB1200038CT-ND,31-GB1200038DKR-ND","GB1200038","Diodes Incorporated","Diodes Incorporated","CRYSTAL 12.0000MHZ 12PF","998","0.31","0","1","Tape & Reel (TR),Cut Tape (CT),Digi-Reel®","SaRonix-eCera™ GB","Active","MHz Crystal","12 MHz","±30ppm","±30ppm","12pF","40 Ohms","Fundamental","-20°C ~ 70°C","-","-","-","-","-","-","https://www.digikey.be/en/products/detail/diodes-incorporated/GB1200038/9768352"
"https://portal.iqdfrequencyproducts.com/products/pn/LFXTAL033580.pdf","//mm.digikey.com/Volume0/opasdata/d220001/medias/images/799/MFG_hc49-4hsmx.jpg","1923-LFXTAL033580TR-ND,1923-LFXTAL033580CT-ND,1923-LFXTAL033580DKR-ND","LFXTAL033580","IQD Frequency Products","IQD Frequency Products","CRYSTAL 12.0000MHZ 18PF SMD","900","0.31","0","1","Tape & Reel (TR),Cut Tape (CT),Digi-Reel®","HC49/4HSMX","Active","MHz Crystal","12 MHz","±50ppm","±30ppm","18pF","40 Ohms","Fundamental","-20°C ~ 70°C","-","Surface Mount","HC49/4HSMX","0.528"" L x 0.193"" W (13.40mm x 4.90mm)","0.169"" (4.30mm)","HC49/4HSMX","https://www.digikey.be/en/products/detail/iqd-frequency-products/LFXTAL033580/8633812"
"https://portal.iqdfrequencyproducts.com/products/pn/LFXTAL036356.pdf","//mm.digikey.com/Volume0/opasdata/d220001/medias/images/799/MFG_hc49-4hsmx.jpg","1923-LFXTAL036356TR-ND,1923-LFXTAL036356CT-ND,1923-LFXTAL036356DKR-ND","LFXTAL036356","IQD Frequency Products","IQD Frequency Products","CRYSTAL 12.0000MHZ 18PF SMD","676","0.31","0","1","Tape & Reel (TR),Cut Tape (CT),Digi-Reel®","HC49/4HSMX","Active","MHz Crystal","12 MHz","±50ppm","±20ppm","18pF","40 Ohms","Fundamental","-20°C ~ 70°C","-","Surface Mount","HC-49/US","0.445"" L x 0.185"" W (11.30mm x 4.70mm)","0.177"" (4.50mm)","-","https://www.digikey.be/en/products/detail/iqd-frequency-products/LFXTAL036356/8633818"
"https://www.we-online.com/components/products/datasheet/830010043.pdf","//mm.digikey.com/Volume0/opasdata/d220001/medias/images/2652/MFG_XTAL_HC49_4HSMX.jpg","732-830010043TR-ND,732-830010043CT-ND,732-830010043DKR-ND","830010043","Würth Elektronik","Würth Elektronik","WE-XTAL QUARTZ CRYSTAL 12.0 MHZ;","396","0.31","0","1","Tape & Reel (TR),Cut Tape (CT),Digi-Reel®","HC49/4HSMX","Active","MHz Crystal","12 MHz","±50ppm","±30ppm","30pF","40 Ohms","Fundamental","-10°C ~ 60°C","-","Surface Mount","HC-49/US","0.445"" L x 0.185"" W (11.30mm x 4.70mm)","0.169"" (4.30mm)","-","https://www.digikey.be/en/products/detail/würth-elektronik/830010043/13900206"
"https://abracon.com/datasheets/ILSI/HC49US.pdf","//mm.digikey.com/Volume0/opasdata/d220001/medias/images/428/MFG_HC49US-FF5F18-10.000MHZ.jpg","2780-HC49US-FF5F18-12.000MHZ-ND","HC49US-FF5F18-12.000 MHZ","ILSI","ILSI","CRYSTAL 12.0000MHZ 18PF TH","15","0.31","0","1","Bulk","HC49US","Obsolete","MHz Crystal","12 MHz","±30ppm","±30ppm","18pF","60 Ohms","Fundamental","-40°C ~ 85°C","-","Through Hole","HC-49/US","0.437"" L x 0.185"" W (11.10mm x 4.70mm)","0.138"" (3.50mm)","HC-49/US","https://www.digikey.be/en/products/detail/ilsi/HC49US-FF5F18-12-000-MHZ/12617505"
"https://abracon.com/datasheets/ABM8W.pdf","//mm.digikey.com/Volume0/opasdata/d220001/medias/images/6846/MFG_535%7E4SMD-.80-3.2X2.5%7E%7E4.jpg","ABM8W-12.0000MHZ-4-B2U-T3-ND","ABM8W-12.0000MHZ-4-B2U-T3","Abracon LLC","Abracon LLC","CRYSTAL 12.0000MHZ 4PF SMD","0","0.31084","0","3000","Tape & Reel (TR)","ABM8W","Active","MHz Crystal","12 MHz","±10ppm","±20ppm","4pF","100 Ohms","Fundamental","-20°C ~ 70°C","-","Surface Mount","4-SMD, No Lead","0.126"" L x 0.098"" W (3.20mm x 2.50mm)","0.031"" (0.80mm)","4-SMD (3.2x2.5)","https://www.digikey.be/en/products/detail/abracon-llc/ABM8W-12-0000MHZ-4-B2U-T3/7169073"
"https://abracon.com/datasheets/ABM8W.pdf","//mm.digikey.com/Volume0/opasdata/d220001/medias/images/6846/MFG_535%7E4SMD-.80-3.2X2.5%7E%7E4.jpg","ABM8W-12.0000MHZ-8-K2Z-T3-ND","ABM8W-12.0000MHZ-8-K2Z-T3","Abracon LLC","Abracon LLC","CRYSTAL 12.0000MHZ 8PF SMD","0","0.31084","0","3000","Tape & Reel (TR)","ABM8W","Active","MHz Crystal","12 MHz","±50ppm","±20ppm","8pF","100 Ohms","Fundamental","-40°C ~ 125°C","-","Surface Mount","4-SMD, No Lead","0.126"" L x 0.098"" W (3.20mm x 2.50mm)","0.031"" (0.80mm)","4-SMD (3.2x2.5)","https://www.digikey.be/en/products/detail/abracon-llc/ABM8W-12-0000MHZ-8-K2Z-T3/7169092"
"//mm.digikey.com/Volume0/opasdata/d220001/medias/docus/2539/CX2520DB_USY1M-H1-16429-00_Spec.pdf","//mm.digikey.com/Volume0/opasdata/d220001/medias/images/3108/CX2520DB2.5-SERIES.jpg","478-CX2520DB12000H0FLJC1TR-ND","CX2520DB12000H0FLJC1","KYOCERA AVX","KYOCERA AVX","CRYSTAL 12.0000MHZ 12PF SMD","0","0.31117","0","3000","Tape & Reel (TR)","CX2520DB, Kyocera","Obsolete","MHz Crystal","12 MHz","±15ppm","±10ppm","12pF","150 Ohms","Fundamental","-30°C ~ 85°C","-","Surface Mount","4-SMD, No Lead","0.098"" L x 0.079"" W (2.50mm x 2.00mm)","0.022"" (0.55mm)","4-SMD (2.5x2)","https://www.digikey.be/en/products/detail/kyocera-avx/CX2520DB12000H0FLJC1/6123276"
"//mm.digikey.com/Volume0/opasdata/d220001/medias/docus/2513/CX2520DB_USY1M-H1-16428-00_Spec.pdf","//mm.digikey.com/Volume0/opasdata/d220001/medias/images/3108/CX2520DB2.5-SERIES.jpg","478-CX2520DB12000D0GPSC1-ND","CX2520DB12000D0GPSC1","KYOCERA AVX","KYOCERA AVX","CRYSTAL 12.0000MHZ 8PF SMD","0","0.31117","0","3000","Tape & Reel (TR)","CX2520DB, Kyocera","Obsolete","MHz Crystal","12 MHz","±50ppm","±15ppm","8pF","150 Ohms","Fundamental","-40°C ~ 85°C","-","Surface Mount","4-SMD, No Lead","0.098"" L x 0.079"" W (2.50mm x 2.00mm)","0.022"" (0.55mm)","4-SMD (2.5x2)","https://www.digikey.be/en/products/detail/kyocera-avx/CX2520DB12000D0GPSC1/6123534"
"https://txccrystal.com/images/pdf/7a.pdf","//mm.digikey.com/Volume0/opasdata/d220001/medias/images/653/7A-5.0mmX3.2mm.JPG","887-1743-2-ND","7A-12.000MAAE-T","TXC CORPORATION","TXC CORPORATION","CRYSTAL 12.0000MHZ 12PF SMD","0","0.31589","0","1000","Tape & Reel (TR)","7A","Obsolete","MHz Crystal","12 MHz","±30ppm","±30ppm","12pF","80 Ohms","Fundamental","-20°C ~ 70°C","-","Surface Mount","2-SMD, No Lead","0.197"" L x 0.126"" W (5.00mm x 3.20mm)","0.053"" (1.35mm)","-","https://www.digikey.be/en/products/detail/txc-corporation/7A-12-000MAAE-T/2811843"
"https://txccrystal.com/images/pdf/7a.pdf","//mm.digikey.com/Volume0/opasdata/d220001/medias/images/653/7A-5.0mmX3.2mm.JPG","7A-12.00MAHJ-T-ND","7A-12.00MAHJ-T","TXC CORPORATION","TXC CORPORATION","CRYSTAL 12.0000MHZ 8PF SMD","0","0.31589","0","1000","Tape & Reel (TR)","7A","Obsolete","MHz Crystal","12 MHz","±30ppm","±30ppm","8pF","80 Ohms","Fundamental","-40°C ~ 85°C","-","Surface Mount","2-SMD, No Lead","0.197"" L x 0.126"" W (5.00mm x 3.20mm)","0.053"" (1.35mm)","-","https://www.digikey.be/en/products/detail/txc-corporation/7A-12-00MAHJ-T/6130888"
"https://txccrystal.com/images/pdf/7a.pdf","//mm.digikey.com/Volume0/opasdata/d220001/medias/images/653/7A-5.0mmX3.2mm.JPG","7A-12.000MAHJ-T-ND","7A-12.000MAHJ-T","TXC CORPORATION","TXC CORPORATION","CRYSTAL 12.0000MHZ 18PF SMD","0","0.31589","0","1000","Tape & Reel (TR)","7A","Obsolete","MHz Crystal","12 MHz","±30ppm","±30ppm","18pF","80 Ohms","Fundamental","-40°C ~ 85°C","-","Surface Mount","2-SMD, No Lead","0.197"" L x 0.126"" W (5.00mm x 3.20mm)","0.053"" (1.35mm)","-","https://www.digikey.be/en/products/detail/txc-corporation/7A-12-000MAHJ-T/7906144"
"https://txccrystal.com/images/pdf/7a.pdf","//mm.digikey.com/Volume0/opasdata/d220001/medias/images/653/7A-5.0mmX3.2mm.JPG","7A-12.000MAHK-T-ND","7A-12.000MAHK-T","TXC CORPORATION","TXC CORPORATION","CRYSTAL 12.0000MHZ 20PF SMD","0","0.31589","0","1000","Tape & Reel (TR)","7A","Obsolete","MHz Crystal","12 MHz","±30ppm","±30ppm","20pF","80 Ohms","Fundamental","-40°C ~ 85°C","-","Surface Mount","2-SMD, No Lead","0.197"" L x 0.126"" W (5.00mm x 3.20mm)","0.053"" (1.35mm)","-","https://www.digikey.be/en/products/detail/txc-corporation/7A-12-000MAHK-T/7906145"
"http://www.txccrystal.com/images/pdf/at-automotive.pdf","//mm.digikey.com/Volume0/opasdata/d220001/medias/images/2500/AT%20SERIES.JPG","887-1603-2-ND","AT-12.000MAGK-T","TXC CORPORATION","TXC CORPORATION","CRYSTAL 12.0000MHZ 20PF SMD","0","0.31671","0","1000","Tape & Reel (TR)","AT","Obsolete","MHz Crystal","12 MHz","±50ppm","±30ppm","20pF","60 Ohms","Fundamental","-40°C ~ 85°C","AEC-Q200","Surface Mount","HC-49/US","0.449"" L x 0.189"" W (11.40mm x 4.80mm)","0.161"" (4.10mm)","HC-49S","https://www.digikey.be/en/products/detail/txc-corporation/AT-12-000MAGK-T/3182311"
"http://cfd.citizen.co.jp/cms/cfd/pdf/english/HCM49_E.pdf","//mm.digikey.com/Volume0/opasdata/d220001/medias/images/2604/HCM49%20seris.jpg","HCM4912000000ABAT-ND","HCM4912000000ABAT","Citizen Finedevice Co Ltd","Citizen Finedevice Co Ltd","CRYSTAL 12.0000MHZ SERIES SMD","0","0.31671","0","1000","Tape & Reel (TR)","HCM49","Active","MHz Crystal","12 MHz","±50ppm","±30ppm","Series","80 Ohms","Fundamental","-10°C ~ 60°C","-","Surface Mount","HC-49/US","0.449"" L x 0.185"" W (11.40mm x 4.70mm)","0.169"" (4.30mm)","-","https://www.digikey.be/en/products/detail/citizen-finedevice-co-ltd/HCM4912000000ABAT/5970862"
"http://cfd.citizen.co.jp/cms/cfd/pdf/english/HCM49_E.pdf","//mm.digikey.com/Volume0/opasdata/d220001/medias/images/2604/HCM49%20seris.jpg","HCM4912000000ABIT-ND","HCM4912000000ABIT","Citizen Finedevice Co Ltd","Citizen Finedevice Co Ltd","CRYSTAL 12.0000MHZ 16PF SMD","0","0.31671","0","1000","Tape & Reel (TR)","HCM49","Active","MHz Crystal","12 MHz","±50ppm","±30ppm","16pF","80 Ohms","Fundamental","-10°C ~ 60°C","-","Surface Mount","HC-49/US","0.449"" L x 0.185"" W (11.40mm x 4.70mm)","0.169"" (4.30mm)","-","https://www.digikey.be/en/products/detail/citizen-finedevice-co-ltd/HCM4912000000ABIT/5970863"
"//mm.digikey.com/Volume0/opasdata/d220001/medias/docus/8439/FLQ.pdf","//mm.digikey.com/Volume0/opasdata/d220001/medias/images/6537/31%7E4SMD-.78-3.2X2.5%7E%7E4.jpg","31-FL1200261QTR-ND","FL1200261Q","Diodes Incorporated","Diodes Incorporated","CRYSTAL CERAMIC SEAM3225 T&R 3K","0","0.31674","0","3000","Tape & Reel (TR)","SaRonix-eCera™ FL","Active","MHz Crystal","12 MHz","±50ppm","±20ppm","12pF","100 Ohms","Fundamental","-40°C ~ 125°C","AEC-Q200","Surface Mount","4-SMD, No Lead","0.126"" L x 0.098"" W (3.20mm x 2.50mm)","0.031"" (0.78mm)","4-SMD (3.2x2.5)","https://www.digikey.be/en/products/detail/diodes-incorporated/FL1200261Q/21824110"
"//mm.digikey.com/Volume0/opasdata/d220001/medias/docus/920/CX3225SB_Series_DS.pdf","//mm.digikey.com/Volume0/opasdata/d220001/medias/images/4848/478_4-SMD%2C%20No%20Lead%20%28DFN%2C%20LCC%29.jpg","478-CX3225SB12000D0GPSCC-ND","CX3225SB12000D0GPSCC","KYOCERA AVX","KYOCERA AVX","CRYSTAL 12.0000MHZ 8PF SMD","0","0.31733","0","3000","Tape & Reel (TR)","CX3225SB, Kyocera","Active","MHz Crystal","12 MHz","±50ppm","±15ppm","8pF","150 Ohms","Fundamental","-40°C ~ 85°C","-","Surface Mount","4-SMD, No Lead","0.126"" L x 0.098"" W (3.20mm x 2.50mm)","0.024"" (0.60mm)","4-SMD (3.2x2.5)","https://www.digikey.be/en/products/detail/kyocera-avx/CX3225SB12000D0GPSCC/6123553"
"https://abracon.com/datasheets/ABM8N.pdf","//mm.digikey.com/Volume0/opasdata/d220001/medias/images/6846/MFG_535%7E4SMD-.80-3.2X2.5%7E%7E4.jpg","535-ABM8N-12.0000MHZ-18-D1G-T3TR-ND","ABM8N-12.0000MHZ-18-D1G-T3","Abracon LLC","Abracon LLC","CRYSTAL 12.0000MHZ 18PF SMD","0","0.31949","0","3000","Tape & Reel (TR)","ABM8N","Active","MHz Crystal","12 MHz","±15ppm","±10ppm","18pF","100 Ohms","Fundamental","-40°C ~ 85°C","-","Surface Mount","4-SMD, No Lead","0.126"" L x 0.098"" W (3.20mm x 2.50mm)","0.031"" (0.80mm)","4-SMD (3.2x2.5)","https://www.digikey.be/en/products/detail/abracon-llc/ABM8N-12-0000MHZ-18-D1G-T3/26483167"
"https://abracon.com/datasheets/ABM8N.pdf","//mm.digikey.com/Volume0/opasdata/d220001/medias/images/6846/MFG_535%7E4SMD-.80-3.2X2.5%7E%7E4.jpg","535-ABM8N-12.0000MHZ-8-D1G-T3TR-ND","ABM8N-12.0000MHZ-8-D1G-T3","Abracon LLC","Abracon LLC","CRYSTAL 12.0000MHZ 8PF SMD","0","0.31949","0","3000","Tape & Reel (TR)","ABM8N","Active","MHz Crystal","12 MHz","±15ppm","±10ppm","8pF","100 Ohms","Fundamental","-40°C ~ 85°C","-","Surface Mount","4-SMD, No Lead","0.126"" L x 0.098"" W (3.20mm x 2.50mm)","0.031"" (0.80mm)","4-SMD (3.2x2.5)","https://www.digikey.be/en/products/detail/abracon-llc/ABM8N-12-0000MHZ-8-D1G-T3/26483192"
"https://abracon.com/datasheets/ABM8N.pdf","//mm.digikey.com/Volume0/opasdata/d220001/medias/images/6846/MFG_535%7E4SMD-.80-3.2X2.5%7E%7E4.jpg","535-ABM8N-12.0000MHZ-10-D1G-T3TR-ND","ABM8N-12.0000MHZ-10-D1G-T3","Abracon LLC","Abracon LLC","CRYSTAL 12.0000MHZ 10PF SMD","0","0.31949","0","3000","Tape & Reel (TR)","ABM8N","Active","MHz Crystal","12 MHz","±15ppm","±10ppm","10pF","100 Ohms","Fundamental","-40°C ~ 85°C","-","Surface Mount","4-SMD, No Lead","0.126"" L x 0.098"" W (3.20mm x 2.50mm)","0.031"" (0.80mm)","4-SMD (3.2x2.5)","https://www.digikey.be/en/products/detail/abracon-llc/ABM8N-12-0000MHZ-10-D1G-T3/26483364"
"https://abracon.com/datasheets/ABM8N.pdf","//mm.digikey.com/Volume0/opasdata/d220001/medias/images/6846/MFG_535%7E4SMD-.80-3.2X2.5%7E%7E4.jpg","535-ABM8N-12.0000MHZ-9-B1U-T3TR-ND","ABM8N-12.0000MHZ-9-B1U-T3","Abracon LLC","Abracon LLC","CRYSTAL 12.0000MHZ 9PF SMD","0","0.31949","0","3000","Tape & Reel (TR)","ABM8N","Active","MHz Crystal","12 MHz","±10ppm","±10ppm","9pF","100 Ohms","Fundamental","-20°C ~ 70°C","-","Surface Mount","4-SMD, No Lead","0.126"" L x 0.098"" W (3.20mm x 2.50mm)","0.031"" (0.80mm)","4-SMD (3.2x2.5)","https://www.digikey.be/en/products/detail/abracon-llc/ABM8N-12-0000MHZ-9-B1U-T3/26483552"
"https://abracon.com/datasheets/ABM8N.pdf","//mm.digikey.com/Volume0/opasdata/d220001/medias/images/6846/MFG_535%7E4SMD-.80-3.2X2.5%7E%7E4.jpg","535-ABM8N-12.0000MHZ-10-D1X-T3TR-ND","ABM8N-12.0000MHZ-10-D1X-T3","Abracon LLC","Abracon LLC","CRYSTAL 12.0000MHZ 10PF SMD","0","0.31949","0","3000","Tape & Reel (TR)","ABM8N","Active","MHz Crystal","12 MHz","±20ppm","±10ppm","10pF","100 Ohms","Fundamental","-40°C ~ 85°C","-","Surface Mount","4-SMD, No Lead","0.126"" L x 0.098"" W (3.20mm x 2.50mm)","0.031"" (0.80mm)","4-SMD (3.2x2.5)","https://www.digikey.be/en/products/detail/abracon-llc/ABM8N-12-0000MHZ-10-D1X-T3/26483637"
"https://abracon.com/datasheets/ABM8N.pdf","//mm.digikey.com/Volume0/opasdata/d220001/medias/images/6846/MFG_535%7E4SMD-.80-3.2X2.5%7E%7E4.jpg","535-ABM8N-12.0000MHZ-18-B1U-T3TR-ND","ABM8N-12.0000MHZ-18-B1U-T3","Abracon LLC","Abracon LLC","CRYSTAL 12.0000MHZ 18PF SMD","0","0.31949","0","3000","Tape & Reel (TR)","ABM8N","Active","MHz Crystal","12 MHz","±10ppm","±10ppm","18pF","100 Ohms","Fundamental","-20°C ~ 70°C","-","Surface Mount","4-SMD, No Lead","0.126"" L x 0.098"" W (3.20mm x 2.50mm)","0.031"" (0.80mm)","4-SMD (3.2x2.5)","https://www.digikey.be/en/products/detail/abracon-llc/ABM8N-12-0000MHZ-18-B1U-T3/26483834"
"https://abracon.com/datasheets/ABM8N.pdf","//mm.digikey.com/Volume0/opasdata/d220001/medias/images/6846/MFG_535%7E4SMD-.80-3.2X2.5%7E%7E4.jpg","535-ABM8N-12.0000MHZ-8-D1X-T3TR-ND","ABM8N-12.0000MHZ-8-D1X-T3","Abracon LLC","Abracon LLC","CRYSTAL 12.0000MHZ 8PF SMD","0","0.31949","0","3000","Tape & Reel (TR)","ABM8N","Active","MHz Crystal","12 MHz","±20ppm","±10ppm","8pF","100 Ohms","Fundamental","-40°C ~ 85°C","-","Surface Mount","4-SMD, No Lead","0.126"" L x 0.098"" W (3.20mm x 2.50mm)","0.031"" (0.80mm)","4-SMD (3.2x2.5)","https://www.digikey.be/en/products/detail/abracon-llc/ABM8N-12-0000MHZ-8-D1X-T3/26483846"
"https://abracon.com/datasheets/ABM8N.pdf","//mm.digikey.com/Volume0/opasdata/d220001/medias/images/6846/MFG_535%7E4SMD-.80-3.2X2.5%7E%7E4.jpg","535-ABM8N-12.0000MHZ-18-D1X-T3TR-ND","ABM8N-12.0000MHZ-18-D1X-T3","Abracon LLC","Abracon LLC","CRYSTAL 12.0000MHZ 18PF SMD","0","0.31949","0","3000","Tape & Reel (TR)","ABM8N","Active","MHz Crystal","12 MHz","±20ppm","±10ppm","18pF","100 Ohms","Fundamental","-40°C ~ 85°C","-","Surface Mount","4-SMD, No Lead","0.126"" L x 0.098"" W (3.20mm x 2.50mm)","0.031"" (0.80mm)","4-SMD (3.2x2.5)","https://www.digikey.be/en/products/detail/abracon-llc/ABM8N-12-0000MHZ-18-D1X-T3/26483932"
"https://abracon.com/datasheets/ABM8N.pdf","//mm.digikey.com/Volume0/opasdata/d220001/medias/images/6846/MFG_535%7E4SMD-.80-3.2X2.5%7E%7E4.jpg","535-ABM8N-12.0000MHZ-12-D1X-T3TR-ND","ABM8N-12.0000MHZ-12-D1X-T3","Abracon LLC","Abracon LLC","CRYSTAL 12.0000MHZ 12PF SMD","0","0.31949","0","3000","Tape & Reel (TR)","ABM8N","Active","MHz Crystal","12 MHz","±20ppm","±10ppm","12pF","100 Ohms","Fundamental","-40°C ~ 85°C","-","Surface Mount","4-SMD, No Lead","0.126"" L x 0.098"" W (3.20mm x 2.50mm)","0.031"" (0.80mm)","4-SMD (3.2x2.5)","https://www.digikey.be/en/products/detail/abracon-llc/ABM8N-12-0000MHZ-12-D1X-T3/26484075"
"https://abracon.com/datasheets/ABM8N.pdf","//mm.digikey.com/Volume0/opasdata/d220001/medias/images/6846/MFG_535%7E4SMD-.80-3.2X2.5%7E%7E4.jpg","535-ABM8N-12.0000MHZ-12-D1G-T3TR-ND","ABM8N-12.0000MHZ-12-D1G-T3","Abracon LLC","Abracon LLC","CRYSTAL 12.0000MHZ 12PF SMD","0","0.31949","0","3000","Tape & Reel (TR)","ABM8N","Active","MHz Crystal","12 MHz","±15ppm","±10ppm","12pF","100 Ohms","Fundamental","-40°C ~ 85°C","-","Surface Mount","4-SMD, No Lead","0.126"" L x 0.098"" W (3.20mm x 2.50mm)","0.031"" (0.80mm)","4-SMD (3.2x2.5)","https://www.digikey.be/en/products/detail/abracon-llc/ABM8N-12-0000MHZ-12-D1G-T3/26484347"
"https://abracon.com/datasheets/ABM8N.pdf","//mm.digikey.com/Volume0/opasdata/d220001/medias/images/6846/MFG_535%7E4SMD-.80-3.2X2.5%7E%7E4.jpg","535-ABM8N-12.0000MHZ-9-D1X-T3TR-ND","ABM8N-12.0000MHZ-9-D1X-T3","Abracon LLC","Abracon LLC","CRYSTAL 12.0000MHZ 9PF SMD","0","0.31949","0","3000","Tape & Reel (TR)","ABM8N","Active","MHz Crystal","12 MHz","±20ppm","±10ppm","9pF","100 Ohms","Fundamental","-40°C ~ 85°C","-","Surface Mount","4-SMD, No Lead","0.126"" L x 0.098"" W (3.20mm x 2.50mm)","0.031"" (0.80mm)","4-SMD (3.2x2.5)","https://www.digikey.be/en/products/detail/abracon-llc/ABM8N-12-0000MHZ-9-D1X-T3/26484351"
"https://abracon.com/datasheets/ABM8N.pdf","//mm.digikey.com/Volume0/opasdata/d220001/medias/images/6846/MFG_535%7E4SMD-.80-3.2X2.5%7E%7E4.jpg","535-ABM8N-12.0000MHZ-9-D1G-T3TR-ND","ABM8N-12.0000MHZ-9-D1G-T3","Abracon LLC","Abracon LLC","CRYSTAL 12.0000MHZ 9PF SMD","0","0.31949","0","3000","Tape & Reel (TR)","ABM8N","Active","MHz Crystal","12 MHz","±15ppm","±10ppm","9pF","100 Ohms","Fundamental","-40°C ~ 85°C","-","Surface Mount","4-SMD, No Lead","0.126"" L x 0.098"" W (3.20mm x 2.50mm)","0.031"" (0.80mm)","4-SMD (3.2x2.5)","https://www.digikey.be/en/products/detail/abracon-llc/ABM8N-12-0000MHZ-9-D1G-T3/26484503"
"http://www.txccrystal.com/images/pdf/7m.pdf","//mm.digikey.com/Volume0/opasdata/d220001/medias/images/2482/7M%20Series.jpg","7M-12.000MAHJ-T-ND","7M-12.000MAHJ-T","TXC CORPORATION","TXC CORPORATION","CRYSTAL 12.0000MHZ 18PF SMD","0","0.31949","0","3000","Tape & Reel (TR)","7M","Active","MHz Crystal","12 MHz","±30ppm","±30ppm","18pF","100 Ohms","Fundamental","-40°C ~ 85°C","-","Surface Mount","4-SMD, No Lead","0.126"" L x 0.098"" W (3.20mm x 2.50mm)","0.031"" (0.80mm)","4-SMD (3.2x2.5)","https://www.digikey.be/en/products/detail/txc-corporation/7M-12-000MAHJ-T/6130935"
"http://www.txccrystal.com/images/pdf/7m.pdf","//mm.digikey.com/Volume0/opasdata/d220001/medias/images/2482/7M%20Series.jpg","7M-12.000MAHK-T-ND","7M-12.000MAHK-T","TXC CORPORATION","TXC CORPORATION","CRYSTAL 12.0000MHZ 20PF SMD","0","0.31949","0","3000","Tape & Reel (TR)","7M","Active","MHz Crystal","12 MHz","±30ppm","±30ppm","20pF","100 Ohms","Fundamental","-40°C ~ 85°C","-","Surface Mount","4-SMD, No Lead","0.126"" L x 0.098"" W (3.20mm x 2.50mm)","0.031"" (0.80mm)","4-SMD (3.2x2.5)","https://www.digikey.be/en/products/detail/txc-corporation/7M-12-000MAHK-T/6130936"
"//mm.digikey.com/Volume0/opasdata/d220001/medias/docus/6536/ABM8_Datasheet.pdf","//mm.digikey.com/Volume0/opasdata/d220001/medias/images/6846/MFG_535%7E4SMD-.80-3.2X2.5%7E%7E4.jpg","535-14962-2-ND,535-14962-1-ND,535-14962-6-ND","ABM8-12.000MHZ-12-B1U-T","Abracon LLC","Abracon LLC","CRYSTAL 12.0000MHZ 12PF SMD","8.471","0.32","0","1","Tape & Reel (TR),Cut Tape (CT),Digi-Reel®","ABM8","Active","MHz Crystal","12 MHz","±10ppm","±10ppm","12pF","120 Ohms","Fundamental","-20°C ~ 70°C","-","Surface Mount","4-SMD, No Lead","0.126"" L x 0.098"" W (3.20mm x 2.50mm)","0.031"" (0.80mm)","4-SMD (3.2x2.5)","https://www.digikey.be/en/products/detail/abracon-llc/ABM8-12-000MHZ-12-B1U-T/9997870"
"https://ecsxtal.com/store/pdf/ecx-32.pdf","//mm.digikey.com/Volume0/opasdata/d220001/medias/images/189/MFG_ECS-CRYSTAL-4SMD-NOLEADS.jpg","50-ECS-120-18-33-JGN-TR3TR-ND,50-ECS-120-18-33-JGN-TR3CT-ND,50-ECS-120-18-33-JGN-TR3DKR-ND","ECS-120-18-33-JGN-TR3","ECS Inc.","ECS Inc.","CRYSTAL 12.0000MHZ 18PF SMD","3.431","0.32","0","1","Tape & Reel (TR),Cut Tape (CT),Digi-Reel®","ECX-32","Active","MHz Crystal","12 MHz","±30ppm","±20ppm","18pF","100 Ohms","Fundamental","-40°C ~ 85°C","-","Surface Mount","4-SMD, No Lead","0.126"" L x 0.098"" W (3.20mm x 2.50mm)","0.031"" (0.80mm)","4-SMD (3.2x2.5)","https://www.digikey.be/en/products/detail/ecs-inc/ECS-120-18-33-JGN-TR3/14825142"
"//mm.digikey.com/Volume0/opasdata/d220001/medias/docus/8899/QT325G.pdf","//mm.digikey.com/Volume0/opasdata/d220001/medias/images/7165/MFG_QT325G.jpg","4981-QT325G-12.000MAHV-TTR-ND,4981-QT325G-12.000MAHV-TCT-ND,4981-QT325G-12.000MAHV-TDKR-ND","QT325G-12.000MAHV-T","QST","QST","3.2X2.5 30/30PPM 25C -40~85C 8PF","2.500","0.32","0","1","Tape & Reel (TR),Cut Tape (CT),Digi-Reel®","QT325G","Active","MHz Crystal","12 MHz","±30ppm","±30ppm","8pF","150 Ohms","Fundamental","-40°C ~ 85°C","-","Surface Mount","4-SMD, No Lead","0.126"" L x 0.098"" W (3.20mm x 2.50mm)","0.035"" (0.90mm)","4-SMD (3.2x2.5)","https://www.digikey.be/en/products/detail/qst/QT325G-12-000MAHV-T/27009327"
"https://www.qstproducts.com/Crystal/QT49S.pdf","//mm.digikey.com/Volume0/opasdata/d220001/medias/images/7165/MFG_QT49S-16.384MBBK-T.jpg","4981-QT49S-12.000MBBK-TTR-ND,4981-QT49S-12.000MBBK-TCT-ND,4981-QT49S-12.000MBBK-TDKR-ND","QT49S-12.000MBBK-T","QST","QST","HC49S 50/50PPM @25C-20~70C 20PF","40","0.32","0","1","Tape & Reel (TR),Cut Tape (CT),Digi-Reel®","QT49S","Active","MHz Crystal","12 MHz","±50ppm","±50ppm","20pF","40 Ohms","Fundamental","-20°C ~ 70°C","-","Surface Mount","HC-49/US","0.449"" L x 0.189"" W (11.40mm x 4.80mm)","0.161"" (4.10mm)","-","https://www.digikey.be/en/products/detail/qst/QT49S-12-000MBBK-T/26975090"
"https://www.raltron.com/webproducts/specs/CRYSTAL/H130B-12.000-20-3050-EXT-TR.pdf","//mm.digikey.com/Volume0/opasdata/d220001/medias/images/210/MFG_H130B.jpg","2151-H130B-12.000-20-3050-EXT-TR-ND,2151-H130B-12.000-20-3050-EXT-TRCT-ND,2151-H130B-12.000-20-3050-EXT-TRDKR-ND","H130B-12.000-20-3050-EXT-TR","Raltron Electronics","Raltron Electronics","CRYSTAL 12.0000MHZ 20PF SMD","8","0.32","0","1","Tape & Reel (TR),Cut Tape (CT),Digi-Reel®","H130B","Active","MHz Crystal","12 MHz","±50ppm","±30ppm","20pF","35 Ohms","Fundamental","-40°C ~ 85°C","-","Surface Mount","4-SMD, No Lead","0.197"" L x 0.126"" W (5.00mm x 3.20mm)","0.039"" (1.00mm)","4-SMD (5x3.2)","https://www.digikey.be/en/products/detail/raltron-electronics/H130B-12-000-20-3050-EXT-TR/13150898"
"//mm.digikey.com/Volume0/opasdata/d220001/medias/docus/8732/ma07943.pdf","//mm.digikey.com/Volume0/opasdata/d220001/medias/images/3666/MFG_MP04599.jpg","5254-MA07943TR-ND,5254-MA07943CT-ND,5254-MA07943DKR-ND","MA07943","Golledge Electronics Ltd","Golledge Electronics Ltd","12.0MHz GSX-333/111BF SM Crystal","0","0.32","0","1","Tape & Reel (TR),Cut Tape (CT),Digi-Reel®","GSX-333","Active","MHz Crystal","12 MHz","±10ppm","±10ppm","12pF","100 Ohms","Fundamental","-10°C ~ 60°C","-","Surface Mount","4-SMD, No Lead","0.126"" L x 0.098"" W (3.20mm x 2.50mm)","0.031"" (0.80mm)","-","https://www.digikey.be/en/products/detail/golledge-electronics-ltd/MA07943/16965365"
"https://www.diodes.com/assets/Datasheets/FL.pdf","//mm.digikey.com/Volume0/opasdata/d220001/medias/images/6537/31%7E4SMD-.78-3.2X2.5%7E%7E4.jpg","FL1200193-ND","FL1200193","Diodes Incorporated","Diodes Incorporated","CRYSTAL 12.0000MHZ 15PF SMD","0","0.32073","0","3000","Tape & Reel (TR)","SaRonix-eCera™ FL","Active","MHz Crystal","12 MHz","±30ppm","±20ppm","15pF","100 Ohms","Fundamental","-40°C ~ 105°C","-","Surface Mount","4-SMD, No Lead","0.126"" L x 0.098"" W (3.20mm x 2.50mm)","0.031"" (0.78mm)","4-SMD (3.2x2.5)","https://www.digikey.be/en/products/detail/diodes-incorporated/FL1200193/9766630"
"https://txccrystal.com/images/pdf/7a.pdf","//mm.digikey.com/Volume0/opasdata/d220001/medias/images/4846/MFG_3003_7A.jpg","887-1758-2-ND","7A-12.000MAHE-T","TXC CORPORATION","TXC CORPORATION","CRYSTAL 12.0000MHZ 12PF SMD","0","0.3219","0","1000","Tape & Reel (TR)","7A","Obsolete","MHz Crystal","12 MHz","±30ppm","±30ppm","12pF","80 Ohms","Fundamental","-40°C ~ 85°C","-","Surface Mount","2-SMD, No Lead","0.197"" L x 0.126"" W (5.00mm x 3.20mm)","0.053"" (1.35mm)","-","https://www.digikey.be/en/products/detail/txc-corporation/7A-12-000MAHE-T/3585923"
"https://txccrystal.com/images/pdf/7a.pdf","//mm.digikey.com/Volume0/opasdata/d220001/medias/images/4846/MFG_3003_7A.jpg","887-1081-2-ND","7A-12.000MAAJ-T","TXC CORPORATION","TXC CORPORATION","CRYSTAL 12.0000MHZ 18PF SMD","0","0.3219","0","1000","Tape & Reel (TR)","7A","Obsolete","MHz Crystal","12 MHz","±30ppm","±30ppm","18pF","80 Ohms","Fundamental","-20°C ~ 70°C","-","Surface Mount","2-SMD, No Lead","0.197"" L x 0.126"" W (5.00mm x 3.20mm)","0.053"" (1.35mm)","-","https://www.digikey.be/en/products/detail/txc-corporation/7A-12-000MAAJ-T/2118765"
"//mm.digikey.com/Volume0/opasdata/d220001/medias/docus/4903/DS_478_CX3225GB_B_Series.pdf","//mm.digikey.com/Volume0/opasdata/d220001/medias/images/2469/4-SMD%20CX3225GB%20Series.jpg","478-CX3225GB12000D0HEQZ1TR-ND","CX3225GB12000D0HEQZ1","KYOCERA AVX","KYOCERA AVX","CRYSTAL 12.0000MHZ 8PF SMD","0","0.32362","0","3000","Tape & Reel (TR)","CX3225GB, Kyocera","Discontinued at DigiKey","MHz Crystal","12 MHz","±30ppm","±20ppm","8pF","150 Ohms","Fundamental","-10°C ~ 70°C","-","Surface Mount","4-SMD, No Lead","0.126"" L x 0.098"" W (3.20mm x 2.50mm)","0.035"" (0.90mm)","4-SMD (3.2x2.5)","https://www.digikey.be/en/products/detail/kyocera-avx/CX3225GB12000D0HEQZ1/2665871"
"https://abracon.com/Resonators/ABL.pdf","//mm.digikey.com/Volume0/opasdata/d220001/medias/images/6844/MFG_535%7EHC49US-3.5-11.5X5%7E%7E2.jpg","535-ABL-12.000MHZ-D4-ND","ABL-12.000MHZ-D4","Abracon LLC","Abracon LLC","CRYSTAL 12.0000MHZ 18PF T/H","986","0.32838","0","1000","Bulk","ABL","Active","MHz Crystal","12 MHz","±50ppm","±30ppm","18pF","50 Ohms","Fundamental","-40°C ~ 85°C","-","Through Hole","HC-49/US","0.453"" L x 0.197"" W (11.50mm x 5.00mm)","0.138"" (3.50mm)","HC-49/US","https://www.digikey.be/en/products/detail/abracon-llc/ABL-12-000MHZ-D4/15909015"
"https://ecsxtal.com/store/pdf/csm-7x-dn.pdf","//mm.digikey.com/Volume0/opasdata/d220001/medias/images/2523/CSM-7%20CRYSTAL.jpg","XC1298TR-ND,XC1298CT-ND,XC1298DKR-ND","ECS-120-20-5PXDN-TR","ECS Inc.","ECS Inc.","CRYSTAL 12.0000MHZ 20PF SMD","34.781","0.33","0","1","Tape & Reel (TR),Cut Tape (CT),Digi-Reel®","CSM-7X-DN","Active","MHz Crystal","12 MHz","±100ppm","±30ppm","20pF","50 Ohms","Fundamental","-40°C ~ 85°C","-","Surface Mount","HC-49/US","0.449"" L x 0.189"" W (11.40mm x 4.80mm)","0.169"" (4.30mm)","-","https://www.digikey.be/en/products/detail/ecs-inc/ECS-120-20-5PXDN-TR/827404"
"https://ecsxtal.com/store/pdf/ecx-32.pdf","//mm.digikey.com/Volume0/opasdata/d220001/medias/images/189/MFG_ECS-CRYSTAL-4SMD-NOLEADS.jpg","50-ECS-120-12-33-AGN-TR3TR-ND,50-ECS-120-12-33-AGN-TR3CT-ND,50-ECS-120-12-33-AGN-TR3DKR-ND","ECS-120-12-33-AGN-TR3","ECS Inc.","ECS Inc.","CRYSTAL 12.0000MHZ 12PF SMD","3.176","0.33","0","1","Tape & Reel (TR),Cut Tape (CT),Digi-Reel®","ECX-32","Active","MHz Crystal","12 MHz","±30ppm","±25ppm","12pF","100 Ohms","Fundamental","-40°C ~ 85°C","-","Surface Mount","4-SMD, No Lead","0.126"" L x 0.098"" W (3.20mm x 2.50mm)","0.031"" (0.80mm)","4-SMD (3.2x2.5)","https://www.digikey.be/en/products/detail/ecs-inc/ECS-120-12-33-AGN-TR3/14825129"
"https://ecsxtal.com/store/pdf/ecx-32.pdf","//mm.digikey.com/Volume0/opasdata/d220001/medias/images/189/MFG_ECS-CRYSTAL-4SMD-NOLEADS.jpg","50-ECS-120-20-33-CKM-TR3TR-ND,50-ECS-120-20-33-CKM-TR3CT-ND,50-ECS-120-20-33-CKM-TR3DKR-ND","ECS-120-20-33-CKM-TR3","ECS Inc.","ECS Inc.","CRYSTAL 12.0000MHZ 20PF SMD","3.015","0.33","0","1","Tape & Reel (TR),Cut Tape (CT),Digi-Reel®","ECX-32","Active","MHz Crystal","12 MHz","±10ppm","±10ppm","20pF","100 Ohms","Fundamental","-20°C ~ 70°C","-","Surface Mount","4-SMD, No Lead","0.126"" L x 0.098"" W (3.20mm x 2.50mm)","0.031"" (0.80mm)","4-SMD (3.2x2.5)","https://www.digikey.be/en/products/detail/ecs-inc/ECS-120-20-33-CKM-TR3/14825122"
"https://ecsxtal.com/store/pdf/ecx-32.pdf","//mm.digikey.com/Volume0/opasdata/d220001/medias/images/189/MFG_ECS-CRYSTAL-4SMD-NOLEADS.jpg","50-ECS-120-18-33-JEM-TR3TR-ND,50-ECS-120-18-33-JEM-TR3CT-ND,50-ECS-120-18-33-JEM-TR3DKR-ND","ECS-120-18-33-JEM-TR3","ECS Inc.","ECS Inc.","CRYSTAL 12.0000MHZ 18PF SMD","2.154","0.33","0","1","Tape & Reel (TR),Cut Tape (CT),Digi-Reel®","ECX-32","Active","MHz Crystal","12 MHz","±50ppm","±20ppm","18pF","100 Ohms","Fundamental","-20°C ~ 70°C","-","Surface Mount","4-SMD, No Lead","0.126"" L x 0.098"" W (3.20mm x 2.50mm)","0.031"" (0.80mm)","4-SMD (3.2x2.5)","https://www.digikey.be/en/products/detail/ecs-inc/ECS-120-18-33-JEM-TR3/14825148"
"https://ecsxtal.com/store/pdf/ecx-32.pdf","//mm.digikey.com/Volume0/opasdata/d220001/medias/images/189/MFG_ECS-CRYSTAL-4SMD-NOLEADS.jpg","50-ECS-120-20-33-TR3TR-ND,50-ECS-120-20-33-TR3CT-ND,50-ECS-120-20-33-TR3DKR-ND","ECS-120-20-33-TR3","ECS Inc.","ECS Inc.","CRYSTAL 12.0000MHZ 20PF SMD","4.912","0.33","0","1","Tape & Reel (TR),Cut Tape (CT),Digi-Reel®","ECX-32","Active","MHz Crystal","12 MHz","±50ppm","±50ppm","20pF","100 Ohms","Fundamental","-20°C ~ 70°C","-","Surface Mount","4-SMD, No Lead","0.126"" L x 0.098"" W (3.20mm x 2.50mm)","0.031"" (0.80mm)","4-SMD (3.2x2.5)","https://www.digikey.be/en/products/detail/ecs-inc/ECS-120-20-33-TR3/14825137"
"//mm.digikey.com/Volume0/opasdata/d220001/medias/docus/8732/mp12641.pdf","//mm.digikey.com/Volume0/opasdata/d220001/medias/images/6450/MFG_MP12641.jpg","5254-MP12641TR-ND,5254-MP12641CT-ND,5254-MP12641DKR-ND","MP12641","Golledge Electronics Ltd","Golledge Electronics Ltd","12.0MHZ GSX-333/334AF SM CRYSTAL","2.866","0.33","0","1","Tape & Reel (TR),Cut Tape (CT),Digi-Reel®","GSX-333","Active","MHz Crystal","12 MHz","±30ppm","±30ppm","10pF","50 Ohms","Fundamental","-40°C ~ 85°C","-","Surface Mount","4-SMD, No Lead","0.126"" L x 0.098"" W (3.20mm x 2.50mm)","0.031"" (0.80mm)","4-SMD (3.2x2.5)","https://www.digikey.be/en/products/detail/golledge-electronics-ltd/MP12641/25619782"
"https://abracon.com/Resonators/ABLS.pdf","//mm.digikey.com/Volume0/opasdata/d220001/medias/images/6845/535%7EHCUSSMD-4.2-11.4X4.7%7E%7E2.jpg","535-ABLS-12.000MHZ-20-D4Q-TTR-ND,535-ABLS-12.000MHZ-20-D4Q-TCT-ND,535-ABLS-12.000MHZ-20-D4Q-TDKR-ND","ABLS-12.000MHZ-20-D4Q-T","Abracon LLC","Abracon LLC","CRYSTAL 12.0000MHZ 20PF SMD","990","0.33","0","1","Tape & Reel (TR),Cut Tape (CT),Digi-Reel®","ABLS","Active","MHz Crystal","12 MHz","±100ppm","±30ppm","20pF","50 Ohms","Fundamental","-40°C ~ 85°C","-","Surface Mount","HC-49/US","0.449"" L x 0.185"" W (11.40mm x 4.70mm)","0.165"" (4.20mm)","HC-49/US","https://www.digikey.be/en/products/detail/abracon-llc/ABLS-12-000MHZ-20-D4Q-T/15908819"
"https://www.qstproducts.com/Crystal/QT49S.pdf","//mm.digikey.com/Volume0/opasdata/d220001/medias/images/5613/MFG_QT49S-16.000MAHJ-T.jpg","4981-QT49S-12.000MAHJ-TTR-ND,4981-QT49S-12.000MAHJ-TCT-ND,4981-QT49S-12.000MAHJ-TDKR-ND","QT49S-12.000MAHJ-T","QST","QST","HC49 SMD MHZ QUARTZ XTAL / METAL","875","0.33","0","1","Tape & Reel (TR),Cut Tape (CT),Digi-Reel®","QT49S","Active","MHz Crystal","12 MHz","±30ppm","±30ppm","18pF","40 Ohms","Fundamental","-40°C ~ 85°C","-","Surface Mount","HC-49/US","0.449"" L x 0.189"" W (11.40mm x 4.80mm)","0.161"" (4.10mm)","-","https://www.digikey.be/en/products/detail/qst/QT49S-12-000MAHJ-T/21689960"
"http://cfd.citizen.co.jp/cms/cfd/pdf/english/HCM49_E.pdf","//mm.digikey.com/Volume0/opasdata/d220001/medias/images/2604/HCM49%20seris.jpg","HCM4912000000AAIT-ND","HCM4912000000AAIT","Citizen Finedevice Co Ltd","Citizen Finedevice Co Ltd","CRYSTAL 12.0000MHZ 16PF SMD","0","0.33065","0","1000","Tape & Reel (TR)","HCM49","Active","MHz Crystal","12 MHz","±30ppm","±30ppm","16pF","80 Ohms","Fundamental","-10°C ~ 60°C","-","Surface Mount","HC-49/US","0.449"" L x 0.185"" W (11.40mm x 4.70mm)","0.169"" (4.30mm)","-","https://www.digikey.be/en/products/detail/citizen-finedevice-co-ltd/HCM4912000000AAIT/5970861"
"http://cfd.citizen.co.jp/cms/cfd/pdf/english/HCM49_E.pdf","//mm.digikey.com/Volume0/opasdata/d220001/medias/images/2604/HCM49%20seris.jpg","HCM4912000000AHJT-ND","HCM4912000000AHJT","Citizen Finedevice Co Ltd","Citizen Finedevice Co Ltd","CRYSTAL 12.0000MHZ 18PF SMD","0","0.33065","0","1000","Tape & Reel (TR)","HCM49","Active","MHz Crystal","12 MHz","±100ppm","±30ppm","18pF","80 Ohms","Fundamental","-40°C ~ 85°C","-","Surface Mount","HC-49/US","0.449"" L x 0.185"" W (11.40mm x 4.70mm)","0.169"" (4.30mm)","-","https://www.digikey.be/en/products/detail/citizen-finedevice-co-ltd/HCM4912000000AHJT/5970864"
"http://cfd.citizen.co.jp/cms/cfd/pdf/english/HCM49_E.pdf","//mm.digikey.com/Volume0/opasdata/d220001/medias/images/2604/HCM49%20seris.jpg","HCM4912000000AMJT-ND","HCM4912000000AMJT","Citizen Finedevice Co Ltd","Citizen Finedevice Co Ltd","CRYSTAL 12.0000MHZ 18PF SMD","0","0.33065","0","1000","Tape & Reel (TR)","HCM49","Active","MHz Crystal","12 MHz","±60ppm","±30ppm","18pF","80 Ohms","Fundamental","-40°C ~ 85°C","-","Surface Mount","HC-49/US","0.449"" L x 0.185"" W (11.40mm x 4.70mm)","0.169"" (4.30mm)","-","https://www.digikey.be/en/products/detail/citizen-finedevice-co-ltd/HCM4912000000AMJT/5970865"
"https://abracon.com/datasheets/ABM8A.pdf","//mm.digikey.com/Volume0/opasdata/d220001/medias/images/6662/MFG_ABM8A.jpg","535-ABM8A-12.000MHZ-J1Z-T3TR-ND","ABM8A-12.000MHZ-J1Z-T3","Abracon LLC","Abracon LLC","CRYSTAL 12.000MHZ 8PF SMD","0","0.33181","0","3000","Tape & Reel (TR)","ABM8A","Active","MHz Crystal","12 MHz","±50ppm","±30ppm","8pF","120 Ohms","Fundamental","-40°C ~ 105°C","-","Surface Mount","2-SMD, No Lead","0.126"" L x 0.098"" W (3.20mm x 2.50mm)","0.037"" (0.95mm)","2-SMD (3.2x2.5)","https://www.digikey.be/en/products/detail/abracon-llc/ABM8A-12-000MHZ-J1Z-T3/26409870"
"https://abracon.com/datasheets/ABM8A.pdf","//mm.digikey.com/Volume0/opasdata/d220001/medias/images/6662/MFG_ABM8A.jpg","535-ABM8A-12.000MHZ-D1-T3TR-ND","ABM8A-12.000MHZ-D1-T3","Abracon LLC","Abracon LLC","CRYSTAL 12.000MHZ 8PF SMD","0","0.33181","0","3000","Tape & Reel (TR)","ABM8A","Active","MHz Crystal","12 MHz","±100ppm","±30ppm","8pF","120 Ohms","Fundamental","-40°C ~ 85°C","-","Surface Mount","2-SMD, No Lead","0.126"" L x 0.098"" W (3.20mm x 2.50mm)","0.037"" (0.95mm)","2-SMD (3.2x2.5)","https://www.digikey.be/en/products/detail/abracon-llc/ABM8A-12-000MHZ-D1-T3/26409907"
"https://abracon.com/datasheets/ABM8A.pdf","//mm.digikey.com/Volume0/opasdata/d220001/medias/images/6662/MFG_ABM8A.jpg","535-ABM8A-12.000MHZ-T3TR-ND","ABM8A-12.000MHZ-T3","Abracon LLC","Abracon LLC","CRYSTAL 12.000MHZ 8PF SMD","0","0.33181","0","3000","Tape & Reel (TR)","ABM8A","Active","MHz Crystal","12 MHz","±100ppm","±50ppm","8pF","120 Ohms","Fundamental","-40°C ~ 125°C","-","Surface Mount","2-SMD, No Lead","0.126"" L x 0.098"" W (3.20mm x 2.50mm)","0.037"" (0.95mm)","2-SMD (3.2x2.5)","https://www.digikey.be/en/products/detail/abracon-llc/ABM8A-12-000MHZ-T3/26409941"
"https://abracon.com/datasheets/ABM8A.pdf","//mm.digikey.com/Volume0/opasdata/d220001/medias/images/6662/MFG_ABM8A.jpg","535-ABM8A-12.000MHZ-JZ-T3TR-ND","ABM8A-12.000MHZ-JZ-T3","Abracon LLC","Abracon LLC","CRYSTAL 12.000MHZ 8PF SMD","0","0.33181","0","3000","Tape & Reel (TR)","ABM8A","Active","MHz Crystal","12 MHz","±50ppm","±50ppm","8pF","120 Ohms","Fundamental","-40°C ~ 105°C","-","Surface Mount","2-SMD, No Lead","0.126"" L x 0.098"" W (3.20mm x 2.50mm)","0.037"" (0.95mm)","2-SMD (3.2x2.5)","https://www.digikey.be/en/products/detail/abracon-llc/ABM8A-12-000MHZ-JZ-T3/26410023"
"https://abracon.com/datasheets/ABM8A.pdf","//mm.digikey.com/Volume0/opasdata/d220001/medias/images/6662/MFG_ABM8A.jpg","535-ABM8A-12.000MHZ-D2Y-T3TR-ND","ABM8A-12.000MHZ-D2Y-T3","Abracon LLC","Abracon LLC","CRYSTAL 12.000MHZ 8PF SMD","0","0.33181","0","3000","Tape & Reel (TR)","ABM8A","Active","MHz Crystal","12 MHz","±30ppm","±15ppm","8pF","120 Ohms","Fundamental","-40°C ~ 85°C","-","Surface Mount","2-SMD, No Lead","0.126"" L x 0.098"" W (3.20mm x 2.50mm)","0.037"" (0.95mm)","2-SMD (3.2x2.5)","https://www.digikey.be/en/products/detail/abracon-llc/ABM8A-12-000MHZ-D2Y-T3/26410040"
"https://abracon.com/datasheets/ABM8A.pdf","//mm.digikey.com/Volume0/opasdata/d220001/medias/images/6662/MFG_ABM8A.jpg","535-ABM8A-12.000MHZ-DY-T3TR-ND","ABM8A-12.000MHZ-DY-T3","Abracon LLC","Abracon LLC","CRYSTAL 12.000MHZ 8PF SMD","0","0.33181","0","3000","Tape & Reel (TR)","ABM8A","Active","MHz Crystal","12 MHz","±30ppm","±50ppm","8pF","120 Ohms","Fundamental","-40°C ~ 85°C","-","Surface Mount","2-SMD, No Lead","0.126"" L x 0.098"" W (3.20mm x 2.50mm)","0.037"" (0.95mm)","2-SMD (3.2x2.5)","https://www.digikey.be/en/products/detail/abracon-llc/ABM8A-12-000MHZ-DY-T3/26410085"
"//mm.digikey.com/Volume0/opasdata/d220001/medias/docus/6710/445I23D25M00000.pdf","//mm.digikey.com/Volume0/opasdata/d220001/medias/images/2497/445%20Series.jpg","445C33S12M00000-ND","445C33S12M00000","CTS-Frequency Controls","CTS-Frequency Controls","CRYSTAL 12.0000MHZ SERIES SMD","0","0.33235","0","1000","Tape & Reel (TR)","445","Active","MHz Crystal","12 MHz","±30ppm","±30ppm","Series","50 Ohms","Fundamental","-20°C ~ 70°C","-","Surface Mount","2-SMD, No Lead","0.197"" L x 0.126"" W (5.00mm x 3.20mm)","0.053"" (1.35mm)","2-SMD (5x3.2)","https://www.digikey.be/en/products/detail/cts-frequency-controls/445C33S12M00000/3135750"
"//mm.digikey.com/Volume0/opasdata/d220001/medias/docus/6710/445I23D25M00000.pdf","//mm.digikey.com/Volume0/opasdata/d220001/medias/images/2497/445%20Series.jpg","445C33A12M00000-ND","445C33A12M00000","CTS-Frequency Controls","CTS-Frequency Controls","CRYSTAL 12.0000MHZ 10PF SMD","0","0.33235","0","1000","Tape & Reel (TR)","445","Active","MHz Crystal","12 MHz","±30ppm","±30ppm","10pF","50 Ohms","Fundamental","-20°C ~ 70°C","-","Surface Mount","2-SMD, No Lead","0.197"" L x 0.126"" W (5.00mm x 3.20mm)","0.053"" (1.35mm)","2-SMD (5x3.2)","https://www.digikey.be/en/products/detail/cts-frequency-controls/445C33A12M00000/3135751"
"//mm.digikey.com/Volume0/opasdata/d220001/medias/docus/6710/445I23D25M00000.pdf","//mm.digikey.com/Volume0/opasdata/d220001/medias/images/2497/445%20Series.jpg","445C33D12M00000-ND","445C33D12M00000","CTS-Frequency Controls","CTS-Frequency Controls","CRYSTAL 12.0000MHZ 18PF SMD","0","0.33235","0","1000","Tape & Reel (TR)","445","Active","MHz Crystal","12 MHz","±30ppm","±30ppm","18pF","50 Ohms","Fundamental","-20°C ~ 70°C","-","Surface Mount","2-SMD, No Lead","0.197"" L x 0.126"" W (5.00mm x 3.20mm)","0.053"" (1.35mm)","2-SMD (5x3.2)","https://www.digikey.be/en/products/detail/cts-frequency-controls/445C33D12M00000/3135752"
"//mm.digikey.com/Volume0/opasdata/d220001/medias/docus/6710/445I23D25M00000.pdf","//mm.digikey.com/Volume0/opasdata/d220001/medias/images/2497/445%20Series.jpg","445C33K12M00000-ND","445C33K12M00000","CTS-Frequency Controls","CTS-Frequency Controls","CRYSTAL 12.0000MHZ 8PF SMD","0","0.33235","0","1000","Tape & Reel (TR)","445","Active","MHz Crystal","12 MHz","±30ppm","±30ppm","8pF","50 Ohms","Fundamental","-20°C ~ 70°C","-","Surface Mount","2-SMD, No Lead","0.197"" L x 0.126"" W (5.00mm x 3.20mm)","0.053"" (1.35mm)","2-SMD (5x3.2)","https://www.digikey.be/en/products/detail/cts-frequency-controls/445C33K12M00000/3135754"
"//mm.digikey.com/Volume0/opasdata/d220001/medias/docus/6710/445I23D25M00000.pdf","//mm.digikey.com/Volume0/opasdata/d220001/medias/images/2497/445%20Series.jpg","445C35S12M00000-ND","445C35S12M00000","CTS-Frequency Controls","CTS-Frequency Controls","CRYSTAL 12.0000MHZ SERIES SMD","0","0.33235","0","1000","Tape & Reel (TR)","445","Active","MHz Crystal","12 MHz","±50ppm","±30ppm","Series","50 Ohms","Fundamental","-20°C ~ 70°C","-","Surface Mount","2-SMD, No Lead","0.197"" L x 0.126"" W (5.00mm x 3.20mm)","0.053"" (1.35mm)","2-SMD (5x3.2)","https://www.digikey.be/en/products/detail/cts-frequency-controls/445C35S12M00000/3135820"
"//mm.digikey.com/Volume0/opasdata/d220001/medias/docus/6710/445I23D25M00000.pdf","//mm.digikey.com/Volume0/opasdata/d220001/medias/images/2497/445%20Series.jpg","445C35D12M00000-ND","445C35D12M00000","CTS-Frequency Controls","CTS-Frequency Controls","CRYSTAL 12.0000MHZ 18PF SMD","0","0.33235","0","1000","Tape & Reel (TR)","445","Active","MHz Crystal","12 MHz","±50ppm","±30ppm","18pF","50 Ohms","Fundamental","-20°C ~ 70°C","-","Surface Mount","2-SMD, No Lead","0.197"" L x 0.126"" W (5.00mm x 3.20mm)","0.053"" (1.35mm)","2-SMD (5x3.2)","https://www.digikey.be/en/products/detail/cts-frequency-controls/445C35D12M00000/3135822"
"//mm.digikey.com/Volume0/opasdata/d220001/medias/docus/6710/445I23D25M00000.pdf","//mm.digikey.com/Volume0/opasdata/d220001/medias/images/2497/445%20Series.jpg","445C35K12M00000-ND","445C35K12M00000","CTS-Frequency Controls","CTS-Frequency Controls","CRYSTAL 12.0000MHZ 8PF SMD","0","0.33235","0","1000","Tape & Reel (TR)","445","Active","MHz Crystal","12 MHz","±50ppm","±30ppm","8pF","50 Ohms","Fundamental","-20°C ~ 70°C","-","Surface Mount","2-SMD, No Lead","0.197"" L x 0.126"" W (5.00mm x 3.20mm)","0.053"" (1.35mm)","2-SMD (5x3.2)","https://www.digikey.be/en/products/detail/cts-frequency-controls/445C35K12M00000/3135824"
"//mm.digikey.com/Volume0/opasdata/d220001/medias/docus/6710/445I23D25M00000.pdf","//mm.digikey.com/Volume0/opasdata/d220001/medias/images/2497/445%20Series.jpg","445C35L12M00000-ND","445C35L12M00000","CTS-Frequency Controls","CTS-Frequency Controls","CRYSTAL 12.0000MHZ 12PF SMD","0","0.33235","0","1000","Tape & Reel (TR)","445","Active","MHz Crystal","12 MHz","±50ppm","±30ppm","12pF","50 Ohms","Fundamental","-20°C ~ 70°C","-","Surface Mount","2-SMD, No Lead","0.197"" L x 0.126"" W (5.00mm x 3.20mm)","0.053"" (1.35mm)","2-SMD (5x3.2)","https://www.digikey.be/en/products/detail/cts-frequency-controls/445C35L12M00000/3135825"
"//mm.digikey.com/Volume0/opasdata/d220001/medias/docus/6710/445I23D25M00000.pdf","//mm.digikey.com/Volume0/opasdata/d220001/medias/images/2497/445%20Series.jpg","445C35C12M00000-ND","445C35C12M00000","CTS-Frequency Controls","CTS-Frequency Controls","CRYSTAL 12.0000MHZ 16PF SMD","0","0.33235","0","1000","Tape & Reel (TR)","445","Active","MHz Crystal","12 MHz","±50ppm","±30ppm","16pF","50 Ohms","Fundamental","-20°C ~ 70°C","-","Surface Mount","2-SMD, No Lead","0.197"" L x 0.126"" W (5.00mm x 3.20mm)","0.053"" (1.35mm)","2-SMD (5x3.2)","https://www.digikey.be/en/products/detail/cts-frequency-controls/445C35C12M00000/3135826"
"//mm.digikey.com/Volume0/opasdata/d220001/medias/docus/6710/445I23D25M00000.pdf","//mm.digikey.com/Volume0/opasdata/d220001/medias/images/2497/445%20Series.jpg","445A33S12M00000-ND","445A33S12M00000","CTS-Frequency Controls","CTS-Frequency Controls","CRYSTAL 12.0000MHZ SERIES SMD","0","0.33235","0","1000","Tape & Reel (TR)","445","Active","MHz Crystal","12 MHz","±30ppm","±30ppm","Series","50 Ohms","Fundamental","-10°C ~ 60°C","-","Surface Mount","2-SMD, No Lead","0.197"" L x 0.126"" W (5.00mm x 3.20mm)","0.053"" (1.35mm)","2-SMD (5x3.2)","https://www.digikey.be/en/products/detail/cts-frequency-controls/445A33S12M00000/3136320"
"//mm.digikey.com/Volume0/opasdata/d220001/medias/docus/6710/445I23D25M00000.pdf","//mm.digikey.com/Volume0/opasdata/d220001/medias/images/2497/445%20Series.jpg","445A33A12M00000-ND","445A33A12M00000","CTS-Frequency Controls","CTS-Frequency Controls","CRYSTAL 12.0000MHZ 10PF SMD","0","0.33235","0","1000","Tape & Reel (TR)","445","Active","MHz Crystal","12 MHz","±30ppm","±30ppm","10pF","50 Ohms","Fundamental","-10°C ~ 60°C","-","Surface Mount","2-SMD, No Lead","0.197"" L x 0.126"" W (5.00mm x 3.20mm)","0.053"" (1.35mm)","2-SMD (5x3.2)","https://www.digikey.be/en/products/detail/cts-frequency-controls/445A33A12M00000/3136321"
"//mm.digikey.com/Volume0/opasdata/d220001/medias/docus/6710/445I23D25M00000.pdf","//mm.digikey.com/Volume0/opasdata/d220001/medias/images/2497/445%20Series.jpg","445A33D12M00000-ND","445A33D12M00000","CTS-Frequency Controls","CTS-Frequency Controls","CRYSTAL 12.0000MHZ 18PF SMD","0","0.33235","0","1000","Tape & Reel (TR)","445","Active","MHz Crystal","12 MHz","±30ppm","±30ppm","18pF","50 Ohms","Fundamental","-10°C ~ 60°C","-","Surface Mount","2-SMD, No Lead","0.197"" L x 0.126"" W (5.00mm x 3.20mm)","0.053"" (1.35mm)","2-SMD (5x3.2)","https://www.digikey.be/en/products/detail/cts-frequency-controls/445A33D12M00000/3136322"
"//mm.digikey.com/Volume0/opasdata/d220001/medias/docus/6710/445I23D25M00000.pdf","//mm.digikey.com/Volume0/opasdata/d220001/medias/images/2497/445%20Series.jpg","445A33E12M00000-ND","445A33E12M00000","CTS-Frequency Controls","CTS-Frequency Controls","CRYSTAL 12.0000MHZ 20PF SMD","0","0.33235","0","1000","Tape & Reel (TR)","445","Active","MHz Crystal","12 MHz","±30ppm","±30ppm","20pF","50 Ohms","Fundamental","-10°C ~ 60°C","-","Surface Mount","2-SMD, No Lead","0.197"" L x 0.126"" W (5.00mm x 3.20mm)","0.053"" (1.35mm)","2-SMD (5x3.2)","https://www.digikey.be/en/products/detail/cts-frequency-controls/445A33E12M00000/3136323"
"//mm.digikey.com/Volume0/opasdata/d220001/medias/docus/6710/445I23D25M00000.pdf","//mm.digikey.com/Volume0/opasdata/d220001/medias/images/2497/445%20Series.jpg","445A33K12M00000-ND","445A33K12M00000","CTS-Frequency Controls","CTS-Frequency Controls","CRYSTAL 12.0000MHZ 8PF SMD","0","0.33235","0","1000","Tape & Reel (TR)","445","Active","MHz Crystal","12 MHz","±30ppm","±30ppm","8pF","50 Ohms","Fundamental","-10°C ~ 60°C","-","Surface Mount","2-SMD, No Lead","0.197"" L x 0.126"" W (5.00mm x 3.20mm)","0.053"" (1.35mm)","2-SMD (5x3.2)","https://www.digikey.be/en/products/detail/cts-frequency-controls/445A33K12M00000/3136324"
"//mm.digikey.com/Volume0/opasdata/d220001/medias/docus/6710/445I23D25M00000.pdf","//mm.digikey.com/Volume0/opasdata/d220001/medias/images/2497/445%20Series.jpg","445A33L12M00000-ND","445A33L12M00000","CTS-Frequency Controls","CTS-Frequency Controls","CRYSTAL 12.0000MHZ 12PF SMD","0","0.33235","0","1000","Tape & Reel (TR)","445","Active","MHz Crystal","12 MHz","±30ppm","±30ppm","12pF","50 Ohms","Fundamental","-10°C ~ 60°C","-","Surface Mount","2-SMD, No Lead","0.197"" L x 0.126"" W (5.00mm x 3.20mm)","0.053"" (1.35mm)","2-SMD (5x3.2)","https://www.digikey.be/en/products/detail/cts-frequency-controls/445A33L12M00000/3136325"
"//mm.digikey.com/Volume0/opasdata/d220001/medias/docus/6710/445I23D25M00000.pdf","//mm.digikey.com/Volume0/opasdata/d220001/medias/images/2497/445%20Series.jpg","445A33C12M00000-ND","445A33C12M00000","CTS-Frequency Controls","CTS-Frequency Controls","CRYSTAL 12.0000MHZ 16PF SMD","0","0.33235","0","1000","Tape & Reel (TR)","445","Active","MHz Crystal","12 MHz","±30ppm","±30ppm","16pF","50 Ohms","Fundamental","-10°C ~ 60°C","-","Surface Mount","2-SMD, No Lead","0.197"" L x 0.126"" W (5.00mm x 3.20mm)","0.053"" (1.35mm)","2-SMD (5x3.2)","https://www.digikey.be/en/products/detail/cts-frequency-controls/445A33C12M00000/3136326"
"//mm.digikey.com/Volume0/opasdata/d220001/medias/docus/6710/445I23D25M00000.pdf","//mm.digikey.com/Volume0/opasdata/d220001/medias/images/2497/445%20Series.jpg","445A35S12M00000-ND","445A35S12M00000","CTS-Frequency Controls","CTS-Frequency Controls","CRYSTAL 12.0000MHZ SERIES SMD","0","0.33235","0","1000","Tape & Reel (TR)","445","Active","MHz Crystal","12 MHz","±50ppm","±30ppm","Series","50 Ohms","Fundamental","-10°C ~ 60°C","-","Surface Mount","2-SMD, No Lead","0.197"" L x 0.126"" W (5.00mm x 3.20mm)","0.053"" (1.35mm)","2-SMD (5x3.2)","https://www.digikey.be/en/products/detail/cts-frequency-controls/445A35S12M00000/3136389"
"//mm.digikey.com/Volume0/opasdata/d220001/medias/docus/6710/445I23D25M00000.pdf","//mm.digikey.com/Volume0/opasdata/d220001/medias/images/2497/445%20Series.jpg","445A35A12M00000-ND","445A35A12M00000","CTS-Frequency Controls","CTS-Frequency Controls","CRYSTAL 12.0000MHZ 10PF SMD","0","0.33235","0","1000","Tape & Reel (TR)","445","Active","MHz Crystal","12 MHz","±50ppm","±30ppm","10pF","50 Ohms","Fundamental","-10°C ~ 60°C","-","Surface Mount","2-SMD, No Lead","0.197"" L x 0.126"" W (5.00mm x 3.20mm)","0.053"" (1.35mm)","2-SMD (5x3.2)","https://www.digikey.be/en/products/detail/cts-frequency-controls/445A35A12M00000/3136390"
"//mm.digikey.com/Volume0/opasdata/d220001/medias/docus/6710/445I23D25M00000.pdf","//mm.digikey.com/Volume0/opasdata/d220001/medias/images/2497/445%20Series.jpg","445A35E12M00000-ND","445A35E12M00000","CTS-Frequency Controls","CTS-Frequency Controls","CRYSTAL 12.0000MHZ 20PF SMD","0","0.33235","0","1000","Tape & Reel (TR)","445","Active","MHz Crystal","12 MHz","±50ppm","±30ppm","20pF","50 Ohms","Fundamental","-10°C ~ 60°C","-","Surface Mount","2-SMD, No Lead","0.197"" L x 0.126"" W (5.00mm x 3.20mm)","0.053"" (1.35mm)","2-SMD (5x3.2)","https://www.digikey.be/en/products/detail/cts-frequency-controls/445A35E12M00000/3136392"
"//mm.digikey.com/Volume0/opasdata/d220001/medias/docus/6710/445I23D25M00000.pdf","//mm.digikey.com/Volume0/opasdata/d220001/medias/images/2497/445%20Series.jpg","445A35K12M00000-ND","445A35K12M00000","CTS-Frequency Controls","CTS-Frequency Controls","CRYSTAL 12.0000MHZ 8PF SMD","0","0.33235","0","1000","Tape & Reel (TR)","445","Active","MHz Crystal","12 MHz","±50ppm","±30ppm","8pF","50 Ohms","Fundamental","-10°C ~ 60°C","-","Surface Mount","2-SMD, No Lead","0.197"" L x 0.126"" W (5.00mm x 3.20mm)","0.053"" (1.35mm)","2-SMD (5x3.2)","https://www.digikey.be/en/products/detail/cts-frequency-controls/445A35K12M00000/3136393"
"//mm.digikey.com/Volume0/opasdata/d220001/medias/docus/6710/445I23D25M00000.pdf","//mm.digikey.com/Volume0/opasdata/d220001/medias/images/2497/445%20Series.jpg","445A35L12M00000-ND","445A35L12M00000","CTS-Frequency Controls","CTS-Frequency Controls","CRYSTAL 12.0000MHZ 12PF SMD","0","0.33235","0","1000","Tape & Reel (TR)","445","Active","MHz Crystal","12 MHz","±50ppm","±30ppm","12pF","50 Ohms","Fundamental","-10°C ~ 60°C","-","Surface Mount","2-SMD, No Lead","0.197"" L x 0.126"" W (5.00mm x 3.20mm)","0.053"" (1.35mm)","2-SMD (5x3.2)","https://www.digikey.be/en/products/detail/cts-frequency-controls/445A35L12M00000/3136394"
"//mm.digikey.com/Volume0/opasdata/d220001/medias/docus/6710/445I23D25M00000.pdf","//mm.digikey.com/Volume0/opasdata/d220001/medias/images/2497/445%20Series.jpg","445A35C12M00000-ND","445A35C12M00000","CTS-Frequency Controls","CTS-Frequency Controls","CRYSTAL 12.0000MHZ 16PF SMD","0","0.33235","0","1000","Tape & Reel (TR)","445","Active","MHz Crystal","12 MHz","±50ppm","±30ppm","16pF","50 Ohms","Fundamental","-10°C ~ 60°C","-","Surface Mount","2-SMD, No Lead","0.197"" L x 0.126"" W (5.00mm x 3.20mm)","0.053"" (1.35mm)","2-SMD (5x3.2)","https://www.digikey.be/en/products/detail/cts-frequency-controls/445A35C12M00000/3136395"
"//mm.digikey.com/Volume0/opasdata/d220001/medias/docus/6710/445I23D25M00000.pdf","//mm.digikey.com/Volume0/opasdata/d220001/medias/images/2497/445%20Series.jpg","445W33S12M00000-ND","445W33S12M00000","CTS-Frequency Controls","CTS-Frequency Controls","CRYSTAL 12.0000MHZ SERIES SMD","0","0.33235","0","1000","Tape & Reel (TR)","445","Active","MHz Crystal","12 MHz","±30ppm","±30ppm","Series","50 Ohms","Fundamental","0°C ~ 50°C","-","Surface Mount","2-SMD, No Lead","0.197"" L x 0.126"" W (5.00mm x 3.20mm)","0.053"" (1.35mm)","2-SMD (5x3.2)","https://www.digikey.be/en/products/detail/cts-frequency-controls/445W33S12M00000/3136886"
"//mm.digikey.com/Volume0/opasdata/d220001/medias/docus/6710/445I23D25M00000.pdf","//mm.digikey.com/Volume0/opasdata/d220001/medias/images/2497/445%20Series.jpg","445W33A12M00000-ND","445W33A12M00000","CTS-Frequency Controls","CTS-Frequency Controls","CRYSTAL 12.0000MHZ 10PF SMD","0","0.33235","0","1000","Tape & Reel (TR)","445","Active","MHz Crystal","12 MHz","±30ppm","±30ppm","10pF","50 Ohms","Fundamental","0°C ~ 50°C","-","Surface Mount","2-SMD, No Lead","0.197"" L x 0.126"" W (5.00mm x 3.20mm)","0.053"" (1.35mm)","2-SMD (5x3.2)","https://www.digikey.be/en/products/detail/cts-frequency-controls/445W33A12M00000/3136887"
"//mm.digikey.com/Volume0/opasdata/d220001/medias/docus/6710/445I23D25M00000.pdf","//mm.digikey.com/Volume0/opasdata/d220001/medias/images/2497/445%20Series.jpg","445W33D12M00000-ND","445W33D12M00000","CTS-Frequency Controls","CTS-Frequency Controls","CRYSTAL 12.0000MHZ 18PF SMD","0","0.33235","0","1000","Tape & Reel (TR)","445","Active","MHz Crystal","12 MHz","±30ppm","±30ppm","18pF","50 Ohms","Fundamental","0°C ~ 50°C","-","Surface Mount","2-SMD, No Lead","0.197"" L x 0.126"" W (5.00mm x 3.20mm)","0.053"" (1.35mm)","2-SMD (5x3.2)","https://www.digikey.be/en/products/detail/cts-frequency-controls/445W33D12M00000/3136888"
"//mm.digikey.com/Volume0/opasdata/d220001/medias/docus/6710/445I23D25M00000.pdf","//mm.digikey.com/Volume0/opasdata/d220001/medias/images/2497/445%20Series.jpg","445W33E12M00000-ND","445W33E12M00000","CTS-Frequency Controls","CTS-Frequency Controls","CRYSTAL 12.0000MHZ 20PF SMD","0","0.33235","0","1000","Tape & Reel (TR)","445","Active","MHz Crystal","12 MHz","±30ppm","±30ppm","20pF","50 Ohms","Fundamental","0°C ~ 50°C","-","Surface Mount","2-SMD, No Lead","0.197"" L x 0.126"" W (5.00mm x 3.20mm)","0.053"" (1.35mm)","2-SMD (5x3.2)","https://www.digikey.be/en/products/detail/cts-frequency-controls/445W33E12M00000/3136889"
"//mm.digikey.com/Volume0/opasdata/d220001/medias/docus/6710/445I23D25M00000.pdf","//mm.digikey.com/Volume0/opasdata/d220001/medias/images/2497/445%20Series.jpg","445W33K12M00000-ND","445W33K12M00000","CTS-Frequency Controls","CTS-Frequency Controls","CRYSTAL 12.0000MHZ 8PF SMD","0","0.33235","0","1000","Tape & Reel (TR)","445","Active","MHz Crystal","12 MHz","±30ppm","±30ppm","8pF","50 Ohms","Fundamental","0°C ~ 50°C","-","Surface Mount","2-SMD, No Lead","0.197"" L x 0.126"" W (5.00mm x 3.20mm)","0.053"" (1.35mm)","2-SMD (5x3.2)","https://www.digikey.be/en/products/detail/cts-frequency-controls/445W33K12M00000/3136890"
"//mm.digikey.com/Volume0/opasdata/d220001/medias/docus/6710/445I23D25M00000.pdf","//mm.digikey.com/Volume0/opasdata/d220001/medias/images/2497/445%20Series.jpg","445W33L12M00000-ND","445W33L12M00000","CTS-Frequency Controls","CTS-Frequency Controls","CRYSTAL 12.0000MHZ 12PF SMD","0","0.33235","0","1000","Tape & Reel (TR)","445","Active","MHz Crystal","12 MHz","±30ppm","±30ppm","12pF","50 Ohms","Fundamental","0°C ~ 50°C","-","Surface Mount","2-SMD, No Lead","0.197"" L x 0.126"" W (5.00mm x 3.20mm)","0.053"" (1.35mm)","2-SMD (5x3.2)","https://www.digikey.be/en/products/detail/cts-frequency-controls/445W33L12M00000/3136891"
"//mm.digikey.com/Volume0/opasdata/d220001/medias/docus/6710/445I23D25M00000.pdf","//mm.digikey.com/Volume0/opasdata/d220001/medias/images/2497/445%20Series.jpg","445W33C12M00000-ND","445W33C12M00000","CTS-Frequency Controls","CTS-Frequency Controls","CRYSTAL 12.0000MHZ 16PF SMD","0","0.33235","0","1000","Tape & Reel (TR)","445","Active","MHz Crystal","12 MHz","±30ppm","±30ppm","16pF","50 Ohms","Fundamental","0°C ~ 50°C","-","Surface Mount","2-SMD, No Lead","0.197"" L x 0.126"" W (5.00mm x 3.20mm)","0.053"" (1.35mm)","2-SMD (5x3.2)","https://www.digikey.be/en/products/detail/cts-frequency-controls/445W33C12M00000/3136892"
"//mm.digikey.com/Volume0/opasdata/d220001/medias/docus/6710/445I23D25M00000.pdf","//mm.digikey.com/Volume0/opasdata/d220001/medias/images/2497/445%20Series.jpg","445W35S12M00000-ND","445W35S12M00000","CTS-Frequency Controls","CTS-Frequency Controls","CRYSTAL 12.0000MHZ SERIES SMD","0","0.33235","0","1000","Tape & Reel (TR)","445","Active","MHz Crystal","12 MHz","±50ppm","±30ppm","Series","50 Ohms","Fundamental","0°C ~ 50°C","-","Surface Mount","2-SMD, No Lead","0.197"" L x 0.126"" W (5.00mm x 3.20mm)","0.053"" (1.35mm)","2-SMD (5x3.2)","https://www.digikey.be/en/products/detail/cts-frequency-controls/445W35S12M00000/3136955"
"//mm.digikey.com/Volume0/opasdata/d220001/medias/docus/6710/445I23D25M00000.pdf","//mm.digikey.com/Volume0/opasdata/d220001/medias/images/2497/445%20Series.jpg","445W35A12M00000-ND","445W35A12M00000","CTS-Frequency Controls","CTS-Frequency Controls","CRYSTAL 12.0000MHZ 10PF SMD","0","0.33235","0","1000","Tape & Reel (TR)","445","Active","MHz Crystal","12 MHz","±50ppm","±30ppm","10pF","50 Ohms","Fundamental","0°C ~ 50°C","-","Surface Mount","2-SMD, No Lead","0.197"" L x 0.126"" W (5.00mm x 3.20mm)","0.053"" (1.35mm)","2-SMD (5x3.2)","https://www.digikey.be/en/products/detail/cts-frequency-controls/445W35A12M00000/3136956"
"//mm.digikey.com/Volume0/opasdata/d220001/medias/docus/6710/445I23D25M00000.pdf","//mm.digikey.com/Volume0/opasdata/d220001/medias/images/2497/445%20Series.jpg","445W35D12M00000-ND","445W35D12M00000","CTS-Frequency Controls","CTS-Frequency Controls","CRYSTAL 12.0000MHZ 18PF SMD","0","0.33235","0","1000","Tape & Reel (TR)","445","Active","MHz Crystal","12 MHz","±50ppm","±30ppm","18pF","50 Ohms","Fundamental","0°C ~ 50°C","-","Surface Mount","2-SMD, No Lead","0.197"" L x 0.126"" W (5.00mm x 3.20mm)","0.053"" (1.35mm)","2-SMD (5x3.2)","https://www.digikey.be/en/products/detail/cts-frequency-controls/445W35D12M00000/3136957"
"//mm.digikey.com/Volume0/opasdata/d220001/medias/docus/6710/445I23D25M00000.pdf","//mm.digikey.com/Volume0/opasdata/d220001/medias/images/2497/445%20Series.jpg","445W35E12M00000-ND","445W35E12M00000","CTS-Frequency Controls","CTS-Frequency Controls","CRYSTAL 12.0000MHZ 20PF SMD","0","0.33235","0","1000","Tape & Reel (TR)","445","Active","MHz Crystal","12 MHz","±50ppm","±30ppm","20pF","50 Ohms","Fundamental","0°C ~ 50°C","-","Surface Mount","2-SMD, No Lead","0.197"" L x 0.126"" W (5.00mm x 3.20mm)","0.053"" (1.35mm)","2-SMD (5x3.2)","https://www.digikey.be/en/products/detail/cts-frequency-controls/445W35E12M00000/3136958"
"//mm.digikey.com/Volume0/opasdata/d220001/medias/docus/6710/445I23D25M00000.pdf","//mm.digikey.com/Volume0/opasdata/d220001/medias/images/2497/445%20Series.jpg","445W35K12M00000-ND","445W35K12M00000","CTS-Frequency Controls","CTS-Frequency Controls","CRYSTAL 12.0000MHZ 8PF SMD","0","0.33235","0","1000","Tape & Reel (TR)","445","Active","MHz Crystal","12 MHz","±50ppm","±30ppm","8pF","50 Ohms","Fundamental","0°C ~ 50°C","-","Surface Mount","2-SMD, No Lead","0.197"" L x 0.126"" W (5.00mm x 3.20mm)","0.053"" (1.35mm)","2-SMD (5x3.2)","https://www.digikey.be/en/products/detail/cts-frequency-controls/445W35K12M00000/3136959"
"//mm.digikey.com/Volume0/opasdata/d220001/medias/docus/6710/445I23D25M00000.pdf","//mm.digikey.com/Volume0/opasdata/d220001/medias/images/2497/445%20Series.jpg","445W35L12M00000-ND","445W35L12M00000","CTS-Frequency Controls","CTS-Frequency Controls","CRYSTAL 12.0000MHZ 12PF SMD","0","0.33235","0","1000","Tape & Reel (TR)","445","Active","MHz Crystal","12 MHz","±50ppm","±30ppm","12pF","50 Ohms","Fundamental","0°C ~ 50°C","-","Surface Mount","2-SMD, No Lead","0.197"" L x 0.126"" W (5.00mm x 3.20mm)","0.053"" (1.35mm)","2-SMD (5x3.2)","https://www.digikey.be/en/products/detail/cts-frequency-controls/445W35L12M00000/3136960"
"//mm.digikey.com/Volume0/opasdata/d220001/medias/docus/6710/445I23D25M00000.pdf","//mm.digikey.com/Volume0/opasdata/d220001/medias/images/2497/445%20Series.jpg","445W35C12M00000-ND","445W35C12M00000","CTS-Frequency Controls","CTS-Frequency Controls","CRYSTAL 12.0000MHZ 16PF SMD","0","0.33235","0","1000","Tape & Reel (TR)","445","Active","MHz Crystal","12 MHz","±50ppm","±30ppm","16pF","50 Ohms","Fundamental","0°C ~ 50°C","-","Surface Mount","2-SMD, No Lead","0.197"" L x 0.126"" W (5.00mm x 3.20mm)","0.053"" (1.35mm)","2-SMD (5x3.2)","https://www.digikey.be/en/products/detail/cts-frequency-controls/445W35C12M00000/3136961"
"//mm.digikey.com/Volume0/opasdata/d220001/medias/docus/6710/445I23D25M00000.pdf","//mm.digikey.com/Volume0/opasdata/d220001/medias/images/2497/445%20Series.jpg","445A33B12M00000-ND","445A33B12M00000","CTS-Frequency Controls","CTS-Frequency Controls","CRYSTAL 12.0000MHZ 13PF SMD","0","0.33235","0","1000","Tape & Reel (TR)","445","Active","MHz Crystal","12 MHz","±30ppm","±30ppm","13pF","50 Ohms","Fundamental","-10°C ~ 60°C","-","Surface Mount","2-SMD, No Lead","0.197"" L x 0.126"" W (5.00mm x 3.20mm)","0.053"" (1.35mm)","2-SMD (5x3.2)","https://www.digikey.be/en/products/detail/cts-frequency-controls/445A33B12M00000/3191683"
"//mm.digikey.com/Volume0/opasdata/d220001/medias/docus/6710/445I23D25M00000.pdf","//mm.digikey.com/Volume0/opasdata/d220001/medias/images/2497/445%20Series.jpg","445A33G12M00000-ND","445A33G12M00000","CTS-Frequency Controls","CTS-Frequency Controls","CRYSTAL 12.0000MHZ 30PF SMD","0","0.33235","0","1000","Tape & Reel (TR)","445","Active","MHz Crystal","12 MHz","±30ppm","±30ppm","30pF","50 Ohms","Fundamental","-10°C ~ 60°C","-","Surface Mount","2-SMD, No Lead","0.197"" L x 0.126"" W (5.00mm x 3.20mm)","0.053"" (1.35mm)","2-SMD (5x3.2)","https://www.digikey.be/en/products/detail/cts-frequency-controls/445A33G12M00000/3191700"
"//mm.digikey.com/Volume0/opasdata/d220001/medias/docus/6710/445I23D25M00000.pdf","//mm.digikey.com/Volume0/opasdata/d220001/medias/images/2497/445%20Series.jpg","445A33H12M00000-ND","445A33H12M00000","CTS-Frequency Controls","CTS-Frequency Controls","CRYSTAL 12.0000MHZ 32PF SMD","0","0.33235","0","1000","Tape & Reel (TR)","445","Active","MHz Crystal","12 MHz","±30ppm","±30ppm","32pF","50 Ohms","Fundamental","-10°C ~ 60°C","-","Surface Mount","2-SMD, No Lead","0.197"" L x 0.126"" W (5.00mm x 3.20mm)","0.053"" (1.35mm)","2-SMD (5x3.2)","https://www.digikey.be/en/products/detail/cts-frequency-controls/445A33H12M00000/3191708"
"//mm.digikey.com/Volume0/opasdata/d220001/medias/docus/6710/445I23D25M00000.pdf","//mm.digikey.com/Volume0/opasdata/d220001/medias/images/2497/445%20Series.jpg","445A33J12M00000-ND","445A33J12M00000","CTS-Frequency Controls","CTS-Frequency Controls","CRYSTAL 12.0000MHZ 9PF SMD","0","0.33235","0","1000","Tape & Reel (TR)","445","Active","MHz Crystal","12 MHz","±30ppm","±30ppm","9pF","50 Ohms","Fundamental","-10°C ~ 60°C","-","Surface Mount","2-SMD, No Lead","0.197"" L x 0.126"" W (5.00mm x 3.20mm)","0.053"" (1.35mm)","2-SMD (5x3.2)","https://www.digikey.be/en/products/detail/cts-frequency-controls/445A33J12M00000/3191716"
"//mm.digikey.com/Volume0/opasdata/d220001/medias/docus/6710/445I23D25M00000.pdf","//mm.digikey.com/Volume0/opasdata/d220001/medias/images/2497/445%20Series.jpg","445A35B12M00000-ND","445A35B12M00000","CTS-Frequency Controls","CTS-Frequency Controls","CRYSTAL 12.0000MHZ 13PF SMD","0","0.33235","0","1000","Tape & Reel (TR)","445","Active","MHz Crystal","12 MHz","±50ppm","±30ppm","13pF","50 Ohms","Fundamental","-10°C ~ 60°C","-","Surface Mount","2-SMD, No Lead","0.197"" L x 0.126"" W (5.00mm x 3.20mm)","0.053"" (1.35mm)","2-SMD (5x3.2)","https://www.digikey.be/en/products/detail/cts-frequency-controls/445A35B12M00000/3191725"
"//mm.digikey.com/Volume0/opasdata/d220001/medias/docus/6710/445I23D25M00000.pdf","//mm.digikey.com/Volume0/opasdata/d220001/medias/images/2497/445%20Series.jpg","445A35F12M00000-ND","445A35F12M00000","CTS-Frequency Controls","CTS-Frequency Controls","CRYSTAL 12.0000MHZ 24PF SMD","0","0.33235","0","1000","Tape & Reel (TR)","445","Active","MHz Crystal","12 MHz","±50ppm","±30ppm","24pF","50 Ohms","Fundamental","-10°C ~ 60°C","-","Surface Mount","2-SMD, No Lead","0.197"" L x 0.126"" W (5.00mm x 3.20mm)","0.053"" (1.35mm)","2-SMD (5x3.2)","https://www.digikey.be/en/products/detail/cts-frequency-controls/445A35F12M00000/3191734"
"//mm.digikey.com/Volume0/opasdata/d220001/medias/docus/6710/445I23D25M00000.pdf","//mm.digikey.com/Volume0/opasdata/d220001/medias/images/2497/445%20Series.jpg","445A35G12M00000-ND","445A35G12M00000","CTS-Frequency Controls","CTS-Frequency Controls","CRYSTAL 12.0000MHZ 30PF SMD","0","0.33235","0","1000","Tape & Reel (TR)","445","Active","MHz Crystal","12 MHz","±50ppm","±30ppm","30pF","50 Ohms","Fundamental","-10°C ~ 60°C","-","Surface Mount","2-SMD, No Lead","0.197"" L x 0.126"" W (5.00mm x 3.20mm)","0.053"" (1.35mm)","2-SMD (5x3.2)","https://www.digikey.be/en/products/detail/cts-frequency-controls/445A35G12M00000/3191742"
"//mm.digikey.com/Volume0/opasdata/d220001/medias/docus/6710/445I23D25M00000.pdf","//mm.digikey.com/Volume0/opasdata/d220001/medias/images/2497/445%20Series.jpg","445A35H12M00000-ND","445A35H12M00000","CTS-Frequency Controls","CTS-Frequency Controls","CRYSTAL 12.0000MHZ 32PF SMD","0","0.33235","0","1000","Tape & Reel (TR)","445","Active","MHz Crystal","12 MHz","±50ppm","±30ppm","32pF","50 Ohms","Fundamental","-10°C ~ 60°C","-","Surface Mount","2-SMD, No Lead","0.197"" L x 0.126"" W (5.00mm x 3.20mm)","0.053"" (1.35mm)","2-SMD (5x3.2)","https://www.digikey.be/en/products/detail/cts-frequency-controls/445A35H12M00000/3191750"
"//mm.digikey.com/Volume0/opasdata/d220001/medias/docus/6710/445I23D25M00000.pdf","//mm.digikey.com/Volume0/opasdata/d220001/medias/images/2497/445%20Series.jpg","445A35J12M00000-ND","445A35J12M00000","CTS-Frequency Controls","CTS-Frequency Controls","CRYSTAL 12.0000MHZ 9PF SMD","0","0.33235","0","1000","Tape & Reel (TR)","445","Active","MHz Crystal","12 MHz","±50ppm","±30ppm","9pF","50 Ohms","Fundamental","-10°C ~ 60°C","-","Surface Mount","2-SMD, No Lead","0.197"" L x 0.126"" W (5.00mm x 3.20mm)","0.053"" (1.35mm)","2-SMD (5x3.2)","https://www.digikey.be/en/products/detail/cts-frequency-controls/445A35J12M00000/3191758"
"//mm.digikey.com/Volume0/opasdata/d220001/medias/docus/6710/445I23D25M00000.pdf","//mm.digikey.com/Volume0/opasdata/d220001/medias/images/2497/445%20Series.jpg","445C33B12M00000-ND","445C33B12M00000","CTS-Frequency Controls","CTS-Frequency Controls","CRYSTAL 12.0000MHZ 13PF SMD","0","0.33235","0","1000","Tape & Reel (TR)","445","Active","MHz Crystal","12 MHz","±30ppm","±30ppm","13pF","50 Ohms","Fundamental","-20°C ~ 70°C","-","Surface Mount","2-SMD, No Lead","0.197"" L x 0.126"" W (5.00mm x 3.20mm)","0.053"" (1.35mm)","2-SMD (5x3.2)","https://www.digikey.be/en/products/detail/cts-frequency-controls/445C33B12M00000/3191766"
"//mm.digikey.com/Volume0/opasdata/d220001/medias/docus/6710/445I23D25M00000.pdf","//mm.digikey.com/Volume0/opasdata/d220001/medias/images/2497/445%20Series.jpg","445C33F12M00000-ND","445C33F12M00000","CTS-Frequency Controls","CTS-Frequency Controls","CRYSTAL 12.0000MHZ 24PF SMD","0","0.33235","0","1000","Tape & Reel (TR)","445","Active","MHz Crystal","12 MHz","±30ppm","±30ppm","24pF","50 Ohms","Fundamental","-20°C ~ 70°C","-","Surface Mount","2-SMD, No Lead","0.197"" L x 0.126"" W (5.00mm x 3.20mm)","0.053"" (1.35mm)","2-SMD (5x3.2)","https://www.digikey.be/en/products/detail/cts-frequency-controls/445C33F12M00000/3191775"
"//mm.digikey.com/Volume0/opasdata/d220001/medias/docus/6710/445I23D25M00000.pdf","//mm.digikey.com/Volume0/opasdata/d220001/medias/images/2497/445%20Series.jpg","445C33G12M00000-ND","445C33G12M00000","CTS-Frequency Controls","CTS-Frequency Controls","CRYSTAL 12.0000MHZ 30PF SMD","0","0.33235","0","1000","Tape & Reel (TR)","445","Active","MHz Crystal","12 MHz","±30ppm","±30ppm","30pF","50 Ohms","Fundamental","-20°C ~ 70°C","-","Surface Mount","2-SMD, No Lead","0.197"" L x 0.126"" W (5.00mm x 3.20mm)","0.053"" (1.35mm)","2-SMD (5x3.2)","https://www.digikey.be/en/products/detail/cts-frequency-controls/445C33G12M00000/3191783"
"//mm.digikey.com/Volume0/opasdata/d220001/medias/docus/6710/445I23D25M00000.pdf","//mm.digikey.com/Volume0/opasdata/d220001/medias/images/2497/445%20Series.jpg","445C33H12M00000-ND","445C33H12M00000","CTS-Frequency Controls","CTS-Frequency Controls","CRYSTAL 12.0000MHZ 32PF SMD","0","0.33235","0","1000","Tape & Reel (TR)","445","Active","MHz Crystal","12 MHz","±30ppm","±30ppm","32pF","50 Ohms","Fundamental","-20°C ~ 70°C","-","Surface Mount","2-SMD, No Lead","0.197"" L x 0.126"" W (5.00mm x 3.20mm)","0.053"" (1.35mm)","2-SMD (5x3.2)","https://www.digikey.be/en/products/detail/cts-frequency-controls/445C33H12M00000/3191791"
"//mm.digikey.com/Volume0/opasdata/d220001/medias/docus/6710/445I23D25M00000.pdf","//mm.digikey.com/Volume0/opasdata/d220001/medias/images/2497/445%20Series.jpg","445C33J12M00000-ND","445C33J12M00000","CTS-Frequency Controls","CTS-Frequency Controls","CRYSTAL 12.0000MHZ 9PF SMD","0","0.33235","0","1000","Tape & Reel (TR)","445","Active","MHz Crystal","12 MHz","±30ppm","±30ppm","9pF","50 Ohms","Fundamental","-20°C ~ 70°C","-","Surface Mount","2-SMD, No Lead","0.197"" L x 0.126"" W (5.00mm x 3.20mm)","0.053"" (1.35mm)","2-SMD (5x3.2)","https://www.digikey.be/en/products/detail/cts-frequency-controls/445C33J12M00000/3191799"
"//mm.digikey.com/Volume0/opasdata/d220001/medias/docus/6710/445I23D25M00000.pdf","//mm.digikey.com/Volume0/opasdata/d220001/medias/images/2497/445%20Series.jpg","445C35B12M00000-ND","445C35B12M00000","CTS-Frequency Controls","CTS-Frequency Controls","CRYSTAL 12.0000MHZ 13PF SMD","0","0.33235","0","1000","Tape & Reel (TR)","445","Active","MHz Crystal","12 MHz","±50ppm","±30ppm","13pF","50 Ohms","Fundamental","-20°C ~ 70°C","-","Surface Mount","2-SMD, No Lead","0.197"" L x 0.126"" W (5.00mm x 3.20mm)","0.053"" (1.35mm)","2-SMD (5x3.2)","https://www.digikey.be/en/products/detail/cts-frequency-controls/445C35B12M00000/3191807"
"//mm.digikey.com/Volume0/opasdata/d220001/medias/docus/6710/445I23D25M00000.pdf","//mm.digikey.com/Volume0/opasdata/d220001/medias/images/2497/445%20Series.jpg","445C35F12M00000-ND","445C35F12M00000","CTS-Frequency Controls","CTS-Frequency Controls","CRYSTAL 12.0000MHZ 24PF SMD","0","0.33235","0","1000","Tape & Reel (TR)","445","Active","MHz Crystal","12 MHz","±50ppm","±30ppm","24pF","50 Ohms","Fundamental","-20°C ~ 70°C","-","Surface Mount","2-SMD, No Lead","0.197"" L x 0.126"" W (5.00mm x 3.20mm)","0.053"" (1.35mm)","2-SMD (5x3.2)","https://www.digikey.be/en/products/detail/cts-frequency-controls/445C35F12M00000/3191816"
"//mm.digikey.com/Volume0/opasdata/d220001/medias/docus/6710/445I23D25M00000.pdf","//mm.digikey.com/Volume0/opasdata/d220001/medias/images/2497/445%20Series.jpg","445C35G12M00000-ND","445C35G12M00000","CTS-Frequency Controls","CTS-Frequency Controls","CRYSTAL 12.0000MHZ 30PF SMD","0","0.33235","0","1000","Tape & Reel (TR)","445","Active","MHz Crystal","12 MHz","±50ppm","±30ppm","30pF","50 Ohms","Fundamental","-20°C ~ 70°C","-","Surface Mount","2-SMD, No Lead","0.197"" L x 0.126"" W (5.00mm x 3.20mm)","0.053"" (1.35mm)","2-SMD (5x3.2)","https://www.digikey.be/en/products/detail/cts-frequency-controls/445C35G12M00000/3191824"
"//mm.digikey.com/Volume0/opasdata/d220001/medias/docus/6710/445I23D25M00000.pdf","//mm.digikey.com/Volume0/opasdata/d220001/medias/images/2497/445%20Series.jpg","445C35H12M00000-ND","445C35H12M00000","CTS-Frequency Controls","CTS-Frequency Controls","CRYSTAL 12.0000MHZ 32PF SMD","0","0.33235","0","1000","Tape & Reel (TR)","445","Active","MHz Crystal","12 MHz","±50ppm","±30ppm","32pF","50 Ohms","Fundamental","-20°C ~ 70°C","-","Surface Mount","2-SMD, No Lead","0.197"" L x 0.126"" W (5.00mm x 3.20mm)","0.053"" (1.35mm)","2-SMD (5x3.2)","https://www.digikey.be/en/products/detail/cts-frequency-controls/445C35H12M00000/3191832"
"//mm.digikey.com/Volume0/opasdata/d220001/medias/docus/6710/445I23D25M00000.pdf","//mm.digikey.com/Volume0/opasdata/d220001/medias/images/2497/445%20Series.jpg","445C35J12M00000-ND","445C35J12M00000","CTS-Frequency Controls","CTS-Frequency Controls","CRYSTAL 12.0000MHZ 9PF SMD","0","0.33235","0","1000","Tape & Reel (TR)","445","Active","MHz Crystal","12 MHz","±50ppm","±30ppm","9pF","50 Ohms","Fundamental","-20°C ~ 70°C","-","Surface Mount","2-SMD, No Lead","0.197"" L x 0.126"" W (5.00mm x 3.20mm)","0.053"" (1.35mm)","2-SMD (5x3.2)","https://www.digikey.be/en/products/detail/cts-frequency-controls/445C35J12M00000/3191840"
"//mm.digikey.com/Volume0/opasdata/d220001/medias/docus/6710/445I23D25M00000.pdf","//mm.digikey.com/Volume0/opasdata/d220001/medias/images/2497/445%20Series.jpg","445W33B12M00000-ND","445W33B12M00000","CTS-Frequency Controls","CTS-Frequency Controls","CRYSTAL 12.0000MHZ 13PF SMD","0","0.33235","0","1000","Tape & Reel (TR)","445","Active","MHz Crystal","12 MHz","±30ppm","±30ppm","13pF","50 Ohms","Fundamental","0°C ~ 50°C","-","Surface Mount","2-SMD, No Lead","0.197"" L x 0.126"" W (5.00mm x 3.20mm)","0.053"" (1.35mm)","2-SMD (5x3.2)","https://www.digikey.be/en/products/detail/cts-frequency-controls/445W33B12M00000/3191849"
"//mm.digikey.com/Volume0/opasdata/d220001/medias/docus/6710/445I23D25M00000.pdf","//mm.digikey.com/Volume0/opasdata/d220001/medias/images/2497/445%20Series.jpg","445W33F12M00000-ND","445W33F12M00000","CTS-Frequency Controls","CTS-Frequency Controls","CRYSTAL 12.0000MHZ 24PF SMD","0","0.33235","0","1000","Tape & Reel (TR)","445","Active","MHz Crystal","12 MHz","±30ppm","±30ppm","24pF","50 Ohms","Fundamental","0°C ~ 50°C","-","Surface Mount","2-SMD, No Lead","0.197"" L x 0.126"" W (5.00mm x 3.20mm)","0.053"" (1.35mm)","2-SMD (5x3.2)","https://www.digikey.be/en/products/detail/cts-frequency-controls/445W33F12M00000/3191858"
"//mm.digikey.com/Volume0/opasdata/d220001/medias/docus/6710/445I23D25M00000.pdf","//mm.digikey.com/Volume0/opasdata/d220001/medias/images/2497/445%20Series.jpg","445W33G12M00000-ND","445W33G12M00000","CTS-Frequency Controls","CTS-Frequency Controls","CRYSTAL 12.0000MHZ 30PF SMD","0","0.33235","0","1000","Tape & Reel (TR)","445","Active","MHz Crystal","12 MHz","±30ppm","±30ppm","30pF","50 Ohms","Fundamental","0°C ~ 50°C","-","Surface Mount","2-SMD, No Lead","0.197"" L x 0.126"" W (5.00mm x 3.20mm)","0.053"" (1.35mm)","2-SMD (5x3.2)","https://www.digikey.be/en/products/detail/cts-frequency-controls/445W33G12M00000/3191866"
"//mm.digikey.com/Volume0/opasdata/d220001/medias/docus/6710/445I23D25M00000.pdf","//mm.digikey.com/Volume0/opasdata/d220001/medias/images/2497/445%20Series.jpg","445W33H12M00000-ND","445W33H12M00000","CTS-Frequency Controls","CTS-Frequency Controls","CRYSTAL 12.0000MHZ 32PF SMD","0","0.33235","0","1000","Tape & Reel (TR)","445","Active","MHz Crystal","12 MHz","±30ppm","±30ppm","32pF","50 Ohms","Fundamental","0°C ~ 50°C","-","Surface Mount","2-SMD, No Lead","0.197"" L x 0.126"" W (5.00mm x 3.20mm)","0.053"" (1.35mm)","2-SMD (5x3.2)","https://www.digikey.be/en/products/detail/cts-frequency-controls/445W33H12M00000/3191874"
"//mm.digikey.com/Volume0/opasdata/d220001/medias/docus/6710/445I23D25M00000.pdf","//mm.digikey.com/Volume0/opasdata/d220001/medias/images/2497/445%20Series.jpg","445W33J12M00000-ND","445W33J12M00000","CTS-Frequency Controls","CTS-Frequency Controls","CRYSTAL 12.0000MHZ 9PF SMD","0","0.33235","0","1000","Tape & Reel (TR)","445","Active","MHz Crystal","12 MHz","±30ppm","±30ppm","9pF","50 Ohms","Fundamental","0°C ~ 50°C","-","Surface Mount","2-SMD, No Lead","0.197"" L x 0.126"" W (5.00mm x 3.20mm)","0.053"" (1.35mm)","2-SMD (5x3.2)","https://www.digikey.be/en/products/detail/cts-frequency-controls/445W33J12M00000/3191882"
"//mm.digikey.com/Volume0/opasdata/d220001/medias/docus/6710/445I23D25M00000.pdf","//mm.digikey.com/Volume0/opasdata/d220001/medias/images/2497/445%20Series.jpg","445W35B12M00000-ND","445W35B12M00000","CTS-Frequency Controls","CTS-Frequency Controls","CRYSTAL 12.0000MHZ 13PF SMD","0","0.33235","0","1000","Tape & Reel (TR)","445","Active","MHz Crystal","12 MHz","±50ppm","±30ppm","13pF","50 Ohms","Fundamental","0°C ~ 50°C","-","Surface Mount","2-SMD, No Lead","0.197"" L x 0.126"" W (5.00mm x 3.20mm)","0.053"" (1.35mm)","2-SMD (5x3.2)","https://www.digikey.be/en/products/detail/cts-frequency-controls/445W35B12M00000/3191891"
"//mm.digikey.com/Volume0/opasdata/d220001/medias/docus/6710/445I23D25M00000.pdf","//mm.digikey.com/Volume0/opasdata/d220001/medias/images/2497/445%20Series.jpg","445W35F12M00000-ND","445W35F12M00000","CTS-Frequency Controls","CTS-Frequency Controls","CRYSTAL 12.0000MHZ 24PF SMD","0","0.33235","0","1000","Tape & Reel (TR)","445","Active","MHz Crystal","12 MHz","±50ppm","±30ppm","24pF","50 Ohms","Fundamental","0°C ~ 50°C","-","Surface Mount","2-SMD, No Lead","0.197"" L x 0.126"" W (5.00mm x 3.20mm)","0.053"" (1.35mm)","2-SMD (5x3.2)","https://www.digikey.be/en/products/detail/cts-frequency-controls/445W35F12M00000/3191900"
"//mm.digikey.com/Volume0/opasdata/d220001/medias/docus/6710/445I23D25M00000.pdf","//mm.digikey.com/Volume0/opasdata/d220001/medias/images/2497/445%20Series.jpg","445W35G12M00000-ND","445W35G12M00000","CTS-Frequency Controls","CTS-Frequency Controls","CRYSTAL 12.0000MHZ 30PF SMD","0","0.33235","0","1000","Tape & Reel (TR)","445","Active","MHz Crystal","12 MHz","±50ppm","±30ppm","30pF","50 Ohms","Fundamental","0°C ~ 50°C","-","Surface Mount","2-SMD, No Lead","0.197"" L x 0.126"" W (5.00mm x 3.20mm)","0.053"" (1.35mm)","2-SMD (5x3.2)","https://www.digikey.be/en/products/detail/cts-frequency-controls/445W35G12M00000/3191908"
"//mm.digikey.com/Volume0/opasdata/d220001/medias/docus/6710/445I23D25M00000.pdf","//mm.digikey.com/Volume0/opasdata/d220001/medias/images/2497/445%20Series.jpg","445W35H12M00000-ND","445W35H12M00000","CTS-Frequency Controls","CTS-Frequency Controls","CRYSTAL 12.0000MHZ 32PF SMD","0","0.33235","0","1000","Tape & Reel (TR)","445","Active","MHz Crystal","12 MHz","±50ppm","±30ppm","32pF","50 Ohms","Fundamental","0°C ~ 50°C","-","Surface Mount","2-SMD, No Lead","0.197"" L x 0.126"" W (5.00mm x 3.20mm)","0.053"" (1.35mm)","2-SMD (5x3.2)","https://www.digikey.be/en/products/detail/cts-frequency-controls/445W35H12M00000/3191916"
"//mm.digikey.com/Volume0/opasdata/d220001/medias/docus/6710/445I23D25M00000.pdf","//mm.digikey.com/Volume0/opasdata/d220001/medias/images/2497/445%20Series.jpg","445W35J12M00000-ND","445W35J12M00000","CTS-Frequency Controls","CTS-Frequency Controls","CRYSTAL 12.0000MHZ 9PF SMD","0","0.33235","0","1000","Tape & Reel (TR)","445","Active","MHz Crystal","12 MHz","±50ppm","±30ppm","9pF","50 Ohms","Fundamental","0°C ~ 50°C","-","Surface Mount","2-SMD, No Lead","0.197"" L x 0.126"" W (5.00mm x 3.20mm)","0.053"" (1.35mm)","2-SMD (5x3.2)","https://www.digikey.be/en/products/detail/cts-frequency-controls/445W35J12M00000/3191924"
"https://www.diodes.com/assets/Datasheets/FL.pdf","//mm.digikey.com/Volume0/opasdata/d220001/medias/images/6537/31%7E4SMD-.78-3.2X2.5%7E%7E4.jpg","FL1200151Q-ND","FL1200151Q","Diodes Incorporated","Diodes Incorporated","CRYSTAL 12.0000MHZ 12PF SMD","0","0.33426","0","3000","Tape & Reel (TR)","SaRonix-eCera™ FL","Active","MHz Crystal","12 MHz","±15ppm","±10ppm","12pF","100 Ohms","Fundamental","-40°C ~ 85°C","-","Surface Mount","4-SMD, No Lead","0.126"" L x 0.098"" W (3.20mm x 2.50mm)","0.031"" (0.78mm)","4-SMD (3.2x2.5)","https://www.digikey.be/en/products/detail/diodes-incorporated/FL1200151Q/9766624"
"https://www.diodes.com/assets/Datasheets/FL.pdf","//mm.digikey.com/Volume0/opasdata/d220001/medias/images/6537/31%7E4SMD-.78-3.2X2.5%7E%7E4.jpg","FL1200162Q-ND","FL1200162Q","Diodes Incorporated","Diodes Incorporated","CRYSTAL 12.0000MHZ 18PF SMD","0","0.33426","0","3000","Tape & Reel (TR)","SaRonix-eCera™ FL","Active","MHz Crystal","12 MHz","±20ppm","±20ppm","18pF","70 Ohms","Fundamental","-40°C ~ 85°C","-","Surface Mount","4-SMD, No Lead","0.126"" L x 0.098"" W (3.20mm x 2.50mm)","0.031"" (0.78mm)","4-SMD (3.2x2.5)","https://www.digikey.be/en/products/detail/diodes-incorporated/FL1200162Q/9766627"
"https://www.diodes.com/assets/Datasheets/FL.pdf","//mm.digikey.com/Volume0/opasdata/d220001/medias/images/6537/31%7E4SMD-.78-3.2X2.5%7E%7E4.jpg","FL1200194Q-ND","FL1200194Q","Diodes Incorporated","Diodes Incorporated","CRYSTAL 12.0000MHZ 20PF SMD","0","0.33426","0","3000","Tape & Reel (TR)","SaRonix-eCera™ FL","Active","MHz Crystal","12 MHz","±50ppm","±20ppm","20pF","80 Ohms","Fundamental","-40°C ~ 125°C","-","Surface Mount","4-SMD, No Lead","0.126"" L x 0.098"" W (3.20mm x 2.50mm)","0.031"" (0.78mm)","4-SMD (3.2x2.5)","https://www.digikey.be/en/products/detail/diodes-incorporated/FL1200194Q/9766631"
"https://www.diodes.com/assets/Datasheets/FL.pdf","//mm.digikey.com/Volume0/opasdata/d220001/medias/images/6537/31%7E4SMD-.78-3.2X2.5%7E%7E4.jpg","FL1200208Q-ND","FL1200208Q","Diodes Incorporated","Diodes Incorporated","CRYSTAL 12.0000MHZ 8PF SMD","0","0.33426","0","3000","Tape & Reel (TR)","SaRonix-eCera™ FL","Active","MHz Crystal","12 MHz","±50ppm","±15ppm","8pF","120 Ohms","Fundamental","-40°C ~ 125°C","-","Surface Mount","4-SMD, No Lead","0.126"" L x 0.098"" W (3.20mm x 2.50mm)","0.031"" (0.78mm)","4-SMD (3.2x2.5)","https://www.digikey.be/en/products/detail/diodes-incorporated/FL1200208Q/9766632"
"https://www.diodes.com/assets/Datasheets/FL.pdf","//mm.digikey.com/Volume0/opasdata/d220001/medias/images/6537/31%7E4SMD-.78-3.2X2.5%7E%7E4.jpg","FL1200209Q-ND","FL1200209Q","Diodes Incorporated","Diodes Incorporated","CRYSTAL 12.0000MHZ 12PF SMD","0","0.33426","0","3000","Tape & Reel (TR)","SaRonix-eCera™ FL","Active","MHz Crystal","12 MHz","±30ppm","±30ppm","12pF","100 Ohms","Fundamental","-40°C ~ 85°C","-","Surface Mount","4-SMD, No Lead","0.126"" L x 0.098"" W (3.20mm x 2.50mm)","0.031"" (0.78mm)","4-SMD (3.2x2.5)","https://www.digikey.be/en/products/detail/diodes-incorporated/FL1200209Q/9766633"
"https://www.diodes.com/assets/Datasheets/FL.pdf","//mm.digikey.com/Volume0/opasdata/d220001/medias/images/6537/31%7E4SMD-.78-3.2X2.5%7E%7E4.jpg","FL1200217Q-ND","FL1200217Q","Diodes Incorporated","Diodes Incorporated","CRYSTAL 12.0000MHZ 12PF SMD","0","0.33426","0","3000","Tape & Reel (TR)","SaRonix-eCera™ FL","Active","MHz Crystal","12 MHz","±20ppm","±10ppm","12pF","80 Ohms","Fundamental","-40°C ~ 105°C","-","Surface Mount","4-SMD, No Lead","0.126"" L x 0.098"" W (3.20mm x 2.50mm)","0.031"" (0.78mm)","4-SMD (3.2x2.5)","https://www.digikey.be/en/products/detail/diodes-incorporated/FL1200217Q/9766634"
"//media.digikey.com/pdf/Data%20Sheets/TXC/7B_Series.pdf","//mm.digikey.com/Volume0/opasdata/d220001/medias/images/631/7B5-SERIES.jpg","7B12000046-ND","7B12000046","TXC CORPORATION","TXC CORPORATION","CRYSTAL 12.0000MHZ 18PF SMD","0","0.33478","0","1000","Tape & Reel (TR)","7B","Obsolete","MHz Crystal","12 MHz","±30ppm","±30ppm","18pF","40 Ohms","Fundamental","-20°C ~ 70°C","-","Surface Mount","4-SMD, No Lead","0.197"" L x 0.126"" W (5.00mm x 3.20mm)","0.041"" (1.05mm)","4-SMD (5x3.2)","https://www.digikey.be/en/products/detail/txc-corporation/7B12000046/5954277"
"//media.digikey.com/pdf/Data%20Sheets/TXC/7B_Series.pdf","//mm.digikey.com/Volume0/opasdata/d220001/medias/images/631/7B5-SERIES.jpg","7B12000162-ND","7B12000162","TXC CORPORATION","TXC CORPORATION","CRYSTAL 12.0000MHZ 16PF SMD","0","0.33478","0","1000","Tape & Reel (TR)","7B","Obsolete","MHz Crystal","12 MHz","±20ppm","±30ppm","16pF","40 Ohms","Fundamental","-40°C ~ 85°C","-","Surface Mount","4-SMD, No Lead","0.197"" L x 0.126"" W (5.00mm x 3.20mm)","0.041"" (1.05mm)","4-SMD (5x3.2)","https://www.digikey.be/en/products/detail/txc-corporation/7B12000162/5954279"
"//media.digikey.com/pdf/Data%20Sheets/TXC/7B_Series.pdf","//mm.digikey.com/Volume0/opasdata/d220001/medias/images/631/7B5-SERIES.jpg","7B12000199-ND","7B12000199","TXC CORPORATION","TXC CORPORATION","CRYSTAL 12.0000MHZ 18PF SMD","0","0.33478","0","1000","Tape & Reel (TR)","7B","Obsolete","MHz Crystal","12 MHz","±30ppm","±30ppm","18pF","40 Ohms","Fundamental","-40°C ~ 85°C","-","Surface Mount","4-SMD, No Lead","0.197"" L x 0.126"" W (5.00mm x 3.20mm)","0.041"" (1.05mm)","4-SMD (5x3.2)","https://www.digikey.be/en/products/detail/txc-corporation/7B12000199/5954280"
"//media.digikey.com/pdf/Data%20Sheets/TXC/7B_Series.pdf","//mm.digikey.com/Volume0/opasdata/d220001/medias/images/631/7B5-SERIES.jpg","7B12070003-ND","7B12070003","TXC CORPORATION","TXC CORPORATION","CRYSTAL 12.0000MHZ 18PF SMD","0","0.33478","0","1000","Tape & Reel (TR)","7B","Obsolete","MHz Crystal","12 MHz","±30ppm","±30ppm","18pF","40 Ohms","Fundamental","-20°C ~ 70°C","-","Surface Mount","4-SMD, No Lead","0.197"" L x 0.126"" W (5.00mm x 3.20mm)","0.041"" (1.05mm)","4-SMD (5x3.2)","https://www.digikey.be/en/products/detail/txc-corporation/7B12070003/5954282"
"//mm.digikey.com/Volume0/opasdata/d220001/medias/docus/401/CX3225GB_Spec.pdf","//mm.digikey.com/Volume0/opasdata/d220001/medias/images/2469/4-SMD%20CX3225GB%20Series.jpg","478-CX3225GB12000P0HPQZ1TR-ND","CX3225GB12000P0HPQZ1","KYOCERA AVX","KYOCERA AVX","CRYSTAL 12.0000MHZ 18PF SMD","0","0.33606","0","3000","Tape & Reel (TR)","CX3225GB, Kyocera","Discontinued at DigiKey","MHz Crystal","12 MHz","±30ppm","±20ppm","18pF","250 Ohms","Fundamental","-40°C ~ 85°C","-","Surface Mount","4-SMD, No Lead","0.126"" L x 0.098"" W (3.20mm x 2.50mm)","0.035"" (0.90mm)","4-SMD (3.2x2.5)","https://www.digikey.be/en/products/detail/kyocera-avx/CX3225GB12000P0HPQZ1/3929659"
"https://ecsxtal.com/store/pdf/ECX-2236.pdf","//mm.digikey.com/Volume0/opasdata/d220001/medias/images/373/ECX-23-2362.5-SERIES.jpg","XC2712TR-ND,XC2712CT-ND,XC2712DKR-ND","ECS-120-8-36-CKM-TR","ECS Inc.","ECS Inc.","CRYSTAL 12.0000MHZ 8PF SMD","25.368","0.34","0","1","Tape & Reel (TR),Cut Tape (CT),Digi-Reel®","ECX-2236","Active","MHz Crystal","12 MHz","±10ppm","±10ppm","8pF","150 Ohms","Fundamental","-20°C ~ 70°C","-","Surface Mount","4-SMD, No Lead","0.098"" L x 0.079"" W (2.50mm x 2.00mm)","0.024"" (0.60mm)","4-SMD (2.5x2)","https://www.digikey.be/en/products/detail/ecs-inc/ECS-120-8-36-CKM-TR/8023329"
"https://ecsxtal.com/store/pdf/csm-7x.pdf","//mm.digikey.com/Volume0/opasdata/d220001/medias/images/2523/CSM-7%20CRYSTAL.jpg","XC2079TR-ND,XC2079CT-ND,XC2079DKR-ND","ECS-120-18-5PX-JEM-TR","ECS Inc.","ECS Inc.","CRYSTAL 12.0000MHZ 18PF SMD","102","0.34","0","1","Tape & Reel (TR),Cut Tape (CT),Digi-Reel®","CSM-7X","Active","MHz Crystal","12 MHz","±50ppm","±20ppm","18pF","50 Ohms","Fundamental","-20°C ~ 70°C","-","Surface Mount","HC-49/US","0.449"" L x 0.189"" W (11.40mm x 4.80mm)","0.169"" (4.30mm)","-","https://www.digikey.be/en/products/detail/ecs-inc/ECS-120-18-5PX-JEM-TR/5875508"
"https://abracon.com/Resonators/ABL.pdf","//mm.digikey.com/Volume0/opasdata/d220001/medias/images/6844/MFG_535%7EHC49US-3.5-11.5X5%7E%7E2.jpg","535-ABL-12.000MHZ-32-B4-ND","ABL-12.000MHZ-32-B4","Abracon LLC","Abracon LLC","CRYSTAL 12.0000MHZ 32PF T/H","1.000","0.34161","0","1000","Bulk","ABL","Active","MHz Crystal","12 MHz","±50ppm","±30ppm","32pF","50 Ohms","Fundamental","-20°C ~ 70°C","-","Through Hole","HC-49/US","0.453"" L x 0.197"" W (11.50mm x 5.00mm)","0.138"" (3.50mm)","HC-49/US","https://www.digikey.be/en/products/detail/abracon-llc/ABL-12-000MHZ-32-B4/15908704"
"https://abracon.com/Resonators/ABL.pdf","//mm.digikey.com/Volume0/opasdata/d220001/medias/images/6844/MFG_535%7EHC49US-3.5-11.5X5%7E%7E2.jpg","535-ABL-12.000MHZ-S-B4-ND","ABL-12.000MHZ-S-B4","Abracon LLC","Abracon LLC","CRYSTAL 12.0000MHZ SERIES T/H","1.000","0.34161","0","1000","Bulk","ABL","Active","MHz Crystal","12 MHz","±50ppm","±30ppm","Series","50 Ohms","Fundamental","-20°C ~ 70°C","-","Through Hole","HC-49/US","0.453"" L x 0.197"" W (11.50mm x 5.00mm)","0.138"" (3.50mm)","HC-49/US","https://www.digikey.be/en/products/detail/abracon-llc/ABL-12-000MHZ-S-B4/15908815"
"https://abracon.com/Resonators/ABL.pdf","//mm.digikey.com/Volume0/opasdata/d220001/medias/images/6844/MFG_535%7EHC49US-3.5-11.5X5%7E%7E2.jpg","535-ABL-12.000MHZ-20-B4-ND","ABL-12.000MHZ-20-B4","Abracon LLC","Abracon LLC","CRYSTAL 12.0000MHZ 20PF T/H","1.000","0.34161","0","1000","Bulk","ABL","Active","MHz Crystal","12 MHz","±50ppm","±30ppm","20pF","50 Ohms","Fundamental","-20°C ~ 70°C","-","Through Hole","HC-49/US","0.453"" L x 0.197"" W (11.50mm x 5.00mm)","0.138"" (3.50mm)","HC-49/US","https://www.digikey.be/en/products/detail/abracon-llc/ABL-12-000MHZ-20-B4/15908960"
"https://www.diodes.com/assets/Datasheets/FY.pdf","//mm.digikey.com/Volume0/opasdata/d220001/medias/images/696/Diodes-FY-4-SMD-5%2C0x3%2C2.jpg","FY1200078-ND","FY1200078","Diodes Incorporated","Diodes Incorporated","CRYSTAL 12.0000MHZ 12PF SMD","0","0.34161","0","1000","Tape & Reel (TR)","SaRonix-eCera™ FY","Active","MHz Crystal","12 MHz","±30ppm","±30ppm","12pF","60 Ohms","Fundamental","-20°C ~ 70°C","-","Surface Mount","4-SMD, No Lead","0.197"" L x 0.126"" W (5.00mm x 3.20mm)","0.043"" (1.10mm)","4-SMD (5x3.2)","https://www.digikey.be/en/products/detail/diodes-incorporated/FY1200078/9768144"
"https://www.diodes.com/assets/Datasheets/FY.pdf","//mm.digikey.com/Volume0/opasdata/d220001/medias/images/696/Diodes-FY-4-SMD-5%2C0x3%2C2.jpg","FY1200084-ND","FY1200084","Diodes Incorporated","Diodes Incorporated","CRYSTAL 12.0000MHZ 18PF SMD","0","0.34161","0","1000","Tape & Reel (TR)","SaRonix-eCera™ FY","Active","MHz Crystal","12 MHz","±30ppm","±30ppm","18pF","60 Ohms","Fundamental","-20°C ~ 70°C","-","Surface Mount","4-SMD, No Lead","0.197"" L x 0.126"" W (5.00mm x 3.20mm)","0.043"" (1.10mm)","4-SMD (5x3.2)","https://www.digikey.be/en/products/detail/diodes-incorporated/FY1200084/9768145"
"https://www.diodes.com/assets/Datasheets/FY.pdf","//mm.digikey.com/Volume0/opasdata/d220001/medias/images/696/Diodes-FY-4-SMD-5%2C0x3%2C2.jpg","FY1200086-ND","FY1200086","Diodes Incorporated","Diodes Incorporated","CRYSTAL 12.0000MHZ 20PF SMD","0","0.34161","0","1000","Tape & Reel (TR)","SaRonix-eCera™ FY","Active","MHz Crystal","12 MHz","±20ppm","±20ppm","20pF","60 Ohms","Fundamental","-20°C ~ 70°C","-","Surface Mount","4-SMD, No Lead","0.197"" L x 0.126"" W (5.00mm x 3.20mm)","0.043"" (1.10mm)","4-SMD (5x3.2)","https://www.digikey.be/en/products/detail/diodes-incorporated/FY1200086/9768146"
"https://www.diodes.com/assets/Datasheets/FY.pdf","//mm.digikey.com/Volume0/opasdata/d220001/medias/images/696/Diodes-FY-4-SMD-5%2C0x3%2C2.jpg","FY1200089-ND","FY1200089","Diodes Incorporated","Diodes Incorporated","CRYSTAL 12.0000MHZ 20PF SMD","0","0.34161","0","1000","Tape & Reel (TR)","SaRonix-eCera™ FY","Active","MHz Crystal","12 MHz","±10ppm","±10ppm","20pF","50 Ohms","Fundamental","-20°C ~ 70°C","-","Surface Mount","4-SMD, No Lead","0.197"" L x 0.126"" W (5.00mm x 3.20mm)","0.043"" (1.10mm)","4-SMD (5x3.2)","https://www.digikey.be/en/products/detail/diodes-incorporated/FY1200089/9768147"
"https://www.diodes.com/assets/Datasheets/FY.pdf","//mm.digikey.com/Volume0/opasdata/d220001/medias/images/696/Diodes-FY-4-SMD-5%2C0x3%2C2.jpg","FY1200101-ND","FY1200101","Diodes Incorporated","Diodes Incorporated","CRYSTAL 12.0000MHZ 20PF SMD","0","0.34161","0","1000","Tape & Reel (TR)","SaRonix-eCera™ FY","Active","MHz Crystal","12 MHz","±30ppm","±30ppm","20pF","50 Ohms","Fundamental","-10°C ~ 85°C","-","Surface Mount","4-SMD, No Lead","0.197"" L x 0.126"" W (5.00mm x 3.20mm)","0.043"" (1.10mm)","4-SMD (5x3.2)","https://www.digikey.be/en/products/detail/diodes-incorporated/FY1200101/9768148"
"https://www.diodes.com/assets/Datasheets/FY.pdf","//mm.digikey.com/Volume0/opasdata/d220001/medias/images/696/Diodes-FY-4-SMD-5%2C0x3%2C2.jpg","FY1200106-ND","FY1200106","Diodes Incorporated","Diodes Incorporated","CRYSTAL 12.0000MHZ 12PF SMD","0","0.34161","0","1000","Tape & Reel (TR)","SaRonix-eCera™ FY","Active","MHz Crystal","12 MHz","±30ppm","±30ppm","12pF","70 Ohms","Fundamental","-40°C ~ 85°C","-","Surface Mount","4-SMD, No Lead","0.197"" L x 0.126"" W (5.00mm x 3.20mm)","0.043"" (1.10mm)","4-SMD (5x3.2)","https://www.digikey.be/en/products/detail/diodes-incorporated/FY1200106/9768149"
"https://www.diodes.com/assets/Datasheets/FY.pdf","//mm.digikey.com/Volume0/opasdata/d220001/medias/images/696/Diodes-FY-4-SMD-5%2C0x3%2C2.jpg","FY1200108-ND","FY1200108","Diodes Incorporated","Diodes Incorporated","CRYSTAL 12.0000MHZ 12PF SMD","0","0.34161","0","1000","Tape & Reel (TR)","SaRonix-eCera™ FY","Active","MHz Crystal","12 MHz","±20ppm","±20ppm","12pF","40 Ohms","Fundamental","-20°C ~ 70°C","-","Surface Mount","4-SMD, No Lead","0.197"" L x 0.126"" W (5.00mm x 3.20mm)","0.043"" (1.10mm)","4-SMD (5x3.2)","https://www.digikey.be/en/products/detail/diodes-incorporated/FY1200108/9768150"
"https://www.diodes.com/assets/Datasheets/FY.pdf","//mm.digikey.com/Volume0/opasdata/d220001/medias/images/696/Diodes-FY-4-SMD-5%2C0x3%2C2.jpg","FY1200112-ND","FY1200112","Diodes Incorporated","Diodes Incorporated","CRYSTAL 12.0000MHZ 18PF SMD","0","0.34161","0","1000","Tape & Reel (TR)","SaRonix-eCera™ FY","Active","MHz Crystal","12 MHz","±15ppm","±10ppm","18pF","70 Ohms","Fundamental","-40°C ~ 85°C","-","Surface Mount","4-SMD, No Lead","0.197"" L x 0.126"" W (5.00mm x 3.20mm)","0.043"" (1.10mm)","4-SMD (5x3.2)","https://www.digikey.be/en/products/detail/diodes-incorporated/FY1200112/9768151"
"https://www.diodes.com/assets/Datasheets/FY.pdf","//mm.digikey.com/Volume0/opasdata/d220001/medias/images/696/Diodes-FY-4-SMD-5%2C0x3%2C2.jpg","FY1200119-ND","FY1200119","Diodes Incorporated","Diodes Incorporated","CRYSTAL 12.0000MHZ 20PF SMD","0","0.34161","0","1000","Tape & Reel (TR)","SaRonix-eCera™ FY","Active","MHz Crystal","12 MHz","±30ppm","±30ppm","20pF","60 Ohms","Fundamental","-20°C ~ 70°C","-","Surface Mount","4-SMD, No Lead","0.197"" L x 0.126"" W (5.00mm x 3.20mm)","0.043"" (1.10mm)","4-SMD (5x3.2)","https://www.digikey.be/en/products/detail/diodes-incorporated/FY1200119/9768152"
"https://www.diodes.com/assets/Datasheets/FY.pdf","//mm.digikey.com/Volume0/opasdata/d220001/medias/images/696/Diodes-FY-4-SMD-5%2C0x3%2C2.jpg","FY1200125-ND","FY1200125","Diodes Incorporated","Diodes Incorporated","CRYSTAL 12.0000MHZ 18PF SMD","0","0.34161","0","1000","Tape & Reel (TR)","SaRonix-eCera™ FY","Active","MHz Crystal","12 MHz","±50ppm","±30ppm","18pF","70 Ohms","Fundamental","-40°C ~ 105°C","-","Surface Mount","4-SMD, No Lead","0.197"" L x 0.126"" W (5.00mm x 3.20mm)","0.043"" (1.10mm)","4-SMD (5x3.2)","https://www.digikey.be/en/products/detail/diodes-incorporated/FY1200125/9768154"
"https://www.diodes.com/assets/Datasheets/FY.pdf","//mm.digikey.com/Volume0/opasdata/d220001/medias/images/696/Diodes-FY-4-SMD-5%2C0x3%2C2.jpg","FY1200126-ND","FY1200126","Diodes Incorporated","Diodes Incorporated","CRYSTAL 12.0000MHZ 18PF SMD","0","0.34161","0","1000","Tape & Reel (TR)","SaRonix-eCera™ FY","Active","MHz Crystal","12 MHz","±50ppm","±30ppm","18pF","80 Ohms","Fundamental","-20°C ~ 105°C","-","Surface Mount","4-SMD, No Lead","0.197"" L x 0.126"" W (5.00mm x 3.20mm)","0.043"" (1.10mm)","4-SMD (5x3.2)","https://www.digikey.be/en/products/detail/diodes-incorporated/FY1200126/9768155"
