Datasheet,Image,DK Part #,Mfr Part #,Mfr,Supplier,Description,Stock,Price,@ qty,Min Qty, Package,Series,Product Status,"Technology","Type","Isolated Power","Number of Channels","Inputs - Side 1/Side 2","Channel Type","Voltage - Isolation","Common Mode Transient Immunity (Min)","Data Rate","Propagation Delay tpLH / tpHL (Max)","Pulse Width Distortion (Max)","Rise / Fall Time (Typ)","Voltage - Supply","Grade","Qualification","Operating Temperature","Mounting Type","Package / Case","Supplier Device Package","URL"
"https://www.analog.com/media/en/technical-documentation/data-sheets/adum1254.pdf","//mm.digikey.com/Volume0/opasdata/d220001/medias/images/8906/MFG_175%7E21-0041%7ESA%7E8.jpg","175-ADUM1254ASA+TTR-ND","ADUM1254ASA+T","Analog Devices Inc./Maxim Integrated","Analog Devices Inc./Maxim Integrated","DGTL ISO 3KV 2CH CAN/I2C 8-SOIC","0","1.71691","0","2500","Tape & Reel (TR)","-","Active","Magnetic Coupling","CAN, I2C","No","2","2/2","Bidirectional","3000Vrms","100kV/µs","2MHz","95.8ns, 128.4ns","94.2ns","-, 20.3ns","2.25V ~ 5.5V","-","-","-40°C ~ 125°C","Surface Mount","8-SOIC (0.154"", 3.90mm Width)","8-SOIC","https://www.digikey.be/en/products/detail/analog-devices-inc-maxim-integrated/ADUM1254ASA-T/22522532"
"https://www.analog.com/media/en/technical-documentation/data-sheets/ADuM130D_130E_131D_131E.pdf","//mm.digikey.com/Volume0/opasdata/d220001/medias/images/4994/505%7ER-16-S%7ER%7E16.JPG","505-ADUM131E1BRZ-RL7TR-ND","ADUM131E1BRZ-RL7","Analog Devices Inc.","Analog Devices Inc.","DGTL ISOLTR 3KV 3CH GP 16-SOIC","0","1.74721","0","1000","Tape & Reel (TR)","iCoupler®","Active","Magnetic Coupling","General Purpose","No","3","2/1","Unidirectional","3000Vrms","75kV/µs","150Mbps","13ns, 13ns","3ns","2.5ns, 2.5ns","1.7V ~ 5.5V","-","-","-40°C ~ 125°C","Surface Mount","16-SOIC (0.154"", 3.90mm Width)","16-SOIC","https://www.digikey.be/en/products/detail/analog-devices-inc/ADUM131E1BRZ-RL7/5775477"
"https://www.analog.com/media/en/technical-documentation/data-sheets/ADuM130D_130E_131D_131E.pdf","//mm.digikey.com/Volume0/opasdata/d220001/medias/images/7547/MFG_505%7ERW-16%7ERW%7E16.jpg","505-ADUM131D0BRWZ-RLTR-ND","ADUM131D0BRWZ-RL","Analog Devices Inc.","Analog Devices Inc.","DGTL ISOLTR 3.75KV 3CH GP 16SOIC","0","1.74721","0","1000","Tape & Reel (TR)","iCoupler®","Active","Magnetic Coupling","General Purpose","No","3","2/1","Unidirectional","3750Vrms","75kV/µs","150Mbps","13ns, 13ns","3ns","2.5ns, 2.5ns","1.7V ~ 5.5V","-","-","-40°C ~ 125°C","Surface Mount","16-SOIC (0.295"", 7.50mm Width)","16-SOIC","https://www.digikey.be/en/products/detail/analog-devices-inc/ADUM131D0BRWZ-RL/5440970"
"https://www.analog.com/media/en/technical-documentation/data-sheets/ADuM130D_130E_131D_131E.pdf","//mm.digikey.com/Volume0/opasdata/d220001/medias/images/4994/505%7ER-16-S%7ER%7E16.JPG","505-ADUM131D1BRZ-RL7TR-ND","ADUM131D1BRZ-RL7","Analog Devices Inc.","Analog Devices Inc.","DGTL ISOLTR 3KV 3CH GP 16-SOIC","0","1.74721","0","1000","Tape & Reel (TR)","iCoupler®","Active","Magnetic Coupling","General Purpose","No","3","2/1","Unidirectional","3000Vrms","75kV/µs","150Mbps","13ns, 13ns","3ns","2.5ns, 2.5ns","1.7V ~ 5.5V","-","-","-40°C ~ 125°C","Surface Mount","16-SOIC (0.154"", 3.90mm Width)","16-SOIC","https://www.digikey.be/en/products/detail/analog-devices-inc/ADUM131D1BRZ-RL7/5775475"
"https://www.analog.com/media/en/technical-documentation/data-sheets/ADuM130D_130E_131D_131E.pdf","//mm.digikey.com/Volume0/opasdata/d220001/medias/images/7547/MFG_505%7ERW-16%7ERW%7E16.jpg","ADUM131D1BRWZ-RL-ND","ADUM131D1BRWZ-RL","Analog Devices Inc.","Analog Devices Inc.","DGTL ISOLTR 3.75KV 3CH GP 16SOIC","0","1.74721","0","1000","Tape & Reel (TR)","iCoupler®","Active","Magnetic Coupling","General Purpose","No","3","2/1","Unidirectional","3750Vrms","75kV/µs","150Mbps","13ns, 13ns","3ns","2.5ns, 2.5ns","1.7V ~ 5.5V","-","-","-40°C ~ 125°C","Surface Mount","16-SOIC (0.295"", 7.50mm Width)","16-SOIC","https://www.digikey.be/en/products/detail/analog-devices-inc/ADUM131D1BRWZ-RL/5440971"
"https://www.analog.com/media/en/technical-documentation/data-sheets/ADuM130D_130E_131D_131E.pdf","//mm.digikey.com/Volume0/opasdata/d220001/medias/images/4994/505%7ER-16-S%7ER%7E16.JPG","ADUM131E0BRZ-RL7-ND","ADUM131E0BRZ-RL7","Analog Devices Inc.","Analog Devices Inc.","DGTL ISOLTR 3KV 3CH GP 16-SOIC","0","1.74721","0","1000","Tape & Reel (TR)","iCoupler®","Active","Magnetic Coupling","General Purpose","No","3","2/1","Unidirectional","3000Vrms","75kV/µs","150Mbps","13ns, 13ns","3ns","2.5ns, 2.5ns","1.7V ~ 5.5V","-","-","-40°C ~ 125°C","Surface Mount","16-SOIC (0.154"", 3.90mm Width)","16-SOIC","https://www.digikey.be/en/products/detail/analog-devices-inc/ADUM131E0BRZ-RL7/5775476"
"https://www.analog.com/media/en/technical-documentation/data-sheets/adum1255.pdf","//mm.digikey.com/Volume0/opasdata/d220001/medias/images/8906/MFG_175%7E21-0041%7ESA%7E8.jpg","175-ADUM1255ASA+TTR-ND","ADUM1255ASA+T","Analog Devices Inc./Maxim Integrated","Analog Devices Inc./Maxim Integrated","DGTL ISO 3KV 2CH CAN/I2C 8-SOIC","0","1.80621","0","2500","Tape & Reel (TR)","-","Active","Magnetic Coupling","CAN, I2C","No","2","2/1","Unidirectional","3000Vrms","100kV/µs","2MHz","95.8ns, 128.4ns","94.2ns","-, 20.3ns","2.25V ~ 5.5V","-","-","-40°C ~ 125°C","Surface Mount","8-SOIC (0.154"", 3.90mm Width)","8-SOIC","https://www.digikey.be/en/products/detail/analog-devices-inc-maxim-integrated/ADUM1255ASA-T/22522518"
"https://www.analog.com/media/en/technical-documentation/data-sheets/ADuM230D_230E_231D_231E.pdf","//mm.digikey.com/Volume0/opasdata/d220001/medias/images/7547/MFG_505%7ERW-16%7ERW%7E16.jpg","505-ADUM231E1BRWZ-RLTR-ND","ADUM231E1BRWZ-RL","Analog Devices Inc.","Analog Devices Inc.","DGTL ISOLTR 5KV 3CH GP 16-SOIC","0","1.95654","0","1000","Tape & Reel (TR)","iCoupler®","Active","Magnetic Coupling","General Purpose","No","3","2/1","Unidirectional","5000Vrms","75kV/µs","150Mbps","13ns, 13ns","3ns","2.5ns, 2.5ns","1.7V ~ 5.5V","-","-","-40°C ~ 125°C","Surface Mount","16-SOIC (0.295"", 7.50mm Width)","16-SOIC","https://www.digikey.be/en/products/detail/analog-devices-inc/ADUM231E1BRWZ-RL/5726184"
"https://www.analog.com/media/en/technical-documentation/data-sheets/ADuM230D_230E_231D_231E.pdf","//mm.digikey.com/Volume0/opasdata/d220001/medias/images/7547/MFG_505%7ERW-16%7ERW%7E16.jpg","505-ADUM231E0BRWZ-RLTR-ND","ADUM231E0BRWZ-RL","Analog Devices Inc.","Analog Devices Inc.","DGTL ISOLTR 5KV 3CH GP 16-SOIC","0","1.95654","0","1000","Tape & Reel (TR)","iCoupler®","Active","Magnetic Coupling","General Purpose","No","3","2/1","Unidirectional","5000Vrms","75kV/µs","150Mbps","13ns, 13ns","3ns","2.5ns, 2.5ns","1.7V ~ 5.5V","-","-","-40°C ~ 125°C","Surface Mount","16-SOIC (0.295"", 7.50mm Width)","16-SOIC","https://www.digikey.be/en/products/detail/analog-devices-inc/ADUM231E0BRWZ-RL/5726183"
"https://www.analog.com/media/en/technical-documentation/data-sheets/ADuM230D_230E_231D_231E.pdf","//mm.digikey.com/Volume0/opasdata/d220001/medias/images/7547/MFG_505%7ERW-16%7ERW%7E16.jpg","505-ADUM231D0BRWZ-RLTR-ND","ADUM231D0BRWZ-RL","Analog Devices Inc.","Analog Devices Inc.","DGTL ISOLTR 5KV 3CH GP 16-SOIC","0","1.95654","0","1000","Tape & Reel (TR)","iCoupler®","Active","Magnetic Coupling","General Purpose","No","3","2/1","Unidirectional","5000Vrms","75kV/µs","150Mbps","13ns, 13ns","3ns","2.5ns, 2.5ns","1.7V ~ 5.5V","-","-","-40°C ~ 125°C","Surface Mount","16-SOIC (0.295"", 7.50mm Width)","16-SOIC","https://www.digikey.be/en/products/detail/analog-devices-inc/ADUM231D0BRWZ-RL/5726181"
"https://www.analog.com/media/en/technical-documentation/data-sheets/ADuM230D_230E_231D_231E.pdf","//mm.digikey.com/Volume0/opasdata/d220001/medias/images/7547/MFG_505%7ERW-16%7ERW%7E16.jpg","505-ADUM231E0BRIZ-RLTR-ND","ADUM231E0BRIZ-RL","Analog Devices Inc.","Analog Devices Inc.","DGTL ISOLTR 5KV 3CH GP 16-SOIC","0","1.95654","0","1000","Tape & Reel (TR)","iCoupler®","Active","Magnetic Coupling","General Purpose","No","3","2/1","Unidirectional","5000Vrms","75kV/µs","150Mbps","13ns, 13ns","3ns","2.5ns, 2.5ns","1.7V ~ 5.5V","-","-","-40°C ~ 125°C","Surface Mount","16-SOIC (0.295"", 7.50mm Width)","16-SOIC","https://www.digikey.be/en/products/detail/analog-devices-inc/ADUM231E0BRIZ-RL/6057028"
"https://www.analog.com/media/en/technical-documentation/data-sheets/ADuM230D_230E_231D_231E.pdf","//mm.digikey.com/Volume0/opasdata/d220001/medias/images/7547/MFG_505%7ERW-16%7ERW%7E16.jpg","ADUM231D1BRWZ-RL-ND","ADUM231D1BRWZ-RL","Analog Devices Inc.","Analog Devices Inc.","DGTL ISOLTR 5KV 3CH GP 16-SOIC","0","1.95654","0","1000","Tape & Reel (TR)","iCoupler®","Active","Magnetic Coupling","General Purpose","No","3","2/1","Unidirectional","5000Vrms","75kV/µs","150Mbps","13ns, 13ns","3ns","2.5ns, 2.5ns","1.7V ~ 5.5V","-","-","-40°C ~ 125°C","Surface Mount","16-SOIC (0.295"", 7.50mm Width)","16-SOIC","https://www.digikey.be/en/products/detail/analog-devices-inc/ADUM231D1BRWZ-RL/5726182"
"https://www.analog.com/media/en/technical-documentation/data-sheets/ADuM230D_230E_231D_231E.pdf","//mm.digikey.com/Volume0/opasdata/d220001/medias/images/7547/MFG_505%7ERW-16%7ERW%7E16.jpg","ADUM231D0BRIZ-RL-ND","ADUM231D0BRIZ-RL","Analog Devices Inc.","Analog Devices Inc.","DGTL ISOLTR 5KV 3CH GP 16-SOIC","0","1.95654","0","1000","Tape & Reel (TR)","iCoupler®","Active","Magnetic Coupling","General Purpose","No","3","2/1","Unidirectional","5000Vrms","75kV/µs","150Mbps","13ns, 13ns","3ns","2.5ns, 2.5ns","1.7V ~ 5.5V","-","-","-40°C ~ 125°C","Surface Mount","16-SOIC (0.295"", 7.50mm Width)","16-SOIC","https://www.digikey.be/en/products/detail/analog-devices-inc/ADUM231D0BRIZ-RL/6057026"
"https://www.analog.com/media/en/technical-documentation/data-sheets/ADuM230D_230E_231D_231E.pdf","//mm.digikey.com/Volume0/opasdata/d220001/medias/images/7547/MFG_505%7ERW-16%7ERW%7E16.jpg","505-ADUM231D1BRIZ-ND","ADUM231D1BRIZ","Analog Devices Inc.","Analog Devices Inc.","DGTL ISOLTR 5KV 3CH GP 16-SOIC","0","2.06108","0","296","Tube","iCoupler®","Active","Magnetic Coupling","General Purpose","No","3","2/1","Unidirectional","5000Vrms","75kV/µs","150Mbps","13ns, 13ns","3ns","2.5ns, 2.5ns","1.7V ~ 5.5V","-","-","-40°C ~ 125°C","Surface Mount","16-SOIC (0.295"", 7.50mm Width)","16-SOIC","https://www.digikey.be/en/products/detail/analog-devices-inc/ADUM231D1BRIZ/6072281"
"https://www.analog.com/media/en/technical-documentation/data-sheets/ADuM230D_230E_231D_231E.pdf","//mm.digikey.com/Volume0/opasdata/d220001/medias/images/7547/MFG_505%7ERW-16%7ERW%7E16.jpg","505-ADUM231E0BRIZ-ND","ADUM231E0BRIZ","Analog Devices Inc.","Analog Devices Inc.","DGTL ISOLTR 5KV 3CH GP 16-SOIC","0","2.06108","0","296","Tube","iCoupler®","Active","Magnetic Coupling","General Purpose","No","3","2/1","Unidirectional","5000Vrms","75kV/µs","150Mbps","13ns, 13ns","3ns","2.5ns, 2.5ns","1.7V ~ 5.5V","-","-","-40°C ~ 125°C","Surface Mount","16-SOIC (0.295"", 7.50mm Width)","16-SOIC","https://www.digikey.be/en/products/detail/analog-devices-inc/ADUM231E0BRIZ/6072282"
"https://www.analog.com/media/en/technical-documentation/data-sheets/ADuM140D_140E_141D_141E_142D_142E.pdf","//mm.digikey.com/Volume0/opasdata/d220001/medias/images/4994/505%7ER-16-S%7ER%7E16.JPG","505-ADUM142D1BRZ-RL7TR-ND","ADUM142D1BRZ-RL7","Analog Devices Inc.","Analog Devices Inc.","DGTL ISOLTR 3KV 4CH GP 16-SOIC","0","2.16538","0","1000","Tape & Reel (TR)","iCoupler®","Active","Magnetic Coupling","General Purpose","No","4","2/2","Unidirectional","3000Vrms","75kV/µs","150Mbps","13ns, 13ns","3ns","2.5ns, 2.5ns","1.7V ~ 5.5V","-","-","-40°C ~ 125°C","Surface Mount","16-SOIC (0.154"", 3.90mm Width)","16-SOIC","https://www.digikey.be/en/products/detail/analog-devices-inc/ADUM142D1BRZ-RL7/5775487"
"https://www.analog.com/media/en/technical-documentation/data-sheets/ADuM140D_140E_141D_141E_142D_142E.pdf","//mm.digikey.com/Volume0/opasdata/d220001/medias/images/7547/MFG_505%7ERW-16%7ERW%7E16.jpg","505-ADUM142D1BRWZ-RLTR-ND","ADUM142D1BRWZ-RL","Analog Devices Inc.","Analog Devices Inc.","DGTL ISOLTR 3.75KV 4CH GP 16SOIC","0","2.16538","0","1000","Tape & Reel (TR)","iCoupler®","Active","Magnetic Coupling","General Purpose","No","4","2/2","Unidirectional","3750Vrms","75kV/µs","150Mbps","13ns, 13ns","3ns","2.5ns, 2.5ns","1.7V ~ 5.5V","-","-","-40°C ~ 125°C","Surface Mount","16-SOIC (0.295"", 7.50mm Width)","16-SOIC","https://www.digikey.be/en/products/detail/analog-devices-inc/ADUM142D1BRWZ-RL/5559598"
"https://www.analog.com/media/en/technical-documentation/data-sheets/ADuM140D_140E_141D_141E_142D_142E.pdf","//mm.digikey.com/Volume0/opasdata/d220001/medias/images/4994/505%7ER-16-S%7ER%7E16.JPG","505-ADUM142D0BRZ-RL7TR-ND","ADUM142D0BRZ-RL7","Analog Devices Inc.","Analog Devices Inc.","DGTL ISOLTR 3KV 4CH GP 16-SOIC","0","2.16538","0","1000","Tape & Reel (TR)","iCoupler®","Active","Magnetic Coupling","General Purpose","No","4","2/2","Unidirectional","3000Vrms","75kV/µs","150Mbps","13ns, 13ns","3ns","2.5ns, 2.5ns","1.7V ~ 5.5V","-","-","-40°C ~ 125°C","Surface Mount","16-SOIC (0.154"", 3.90mm Width)","16-SOIC","https://www.digikey.be/en/products/detail/analog-devices-inc/ADUM142D0BRZ-RL7/5775486"
"https://www.analog.com/media/en/technical-documentation/data-sheets/ADuM140D_140E_141D_141E_142D_142E.pdf","//mm.digikey.com/Volume0/opasdata/d220001/medias/images/7348/MFG_505%7ERQ-16%7ERQ%7E16.jpg","ADUM142E1BRQZ-RL7-ND","ADUM142E1BRQZ-RL7","Analog Devices Inc.","Analog Devices Inc.","DGTL ISOLTR 3KV 4CH GP 16-SSOP","0","2.16538","0","1000","Tape & Reel (TR)","iCoupler®","Active","Magnetic Coupling","General Purpose","No","4","2/2","Unidirectional","3000Vrms","75kV/µs","150Mbps","13ns, 13ns","3ns","2.5ns, 2.5ns","1.7V ~ 5.5V","-","-","-40°C ~ 125°C","Surface Mount","16-SSOP (0.154"", 3.90mm Width)","16-QSOP","https://www.digikey.be/en/products/detail/analog-devices-inc/ADUM142E1BRQZ-RL7/7388632"
"https://www.analog.com/media/en/technical-documentation/data-sheets/adum1253.pdf","//mm.digikey.com/Volume0/opasdata/d220001/medias/images/8906/MFG_175%7E21-0041%7ESA%7E8.jpg","505-ADUM1253ASA+TTR-ND","ADUM1253ASA+T","Analog Devices Inc./Maxim Integrated","Analog Devices Inc./Maxim Integrated","DGTL ISO 3KV 2CH CAN/I2C 8-SOIC","0","2.2643","0","2500","Tape & Reel (TR)","-","Active","Capacitive Coupling","I2C","No","2","2/1","Bidirectional, Unidirectional","3000Vrms","200kV/µs","2MHz","50ns, 133.3ns","94.2ns","-, 36.1ns","1.71V ~ 5.5V","-","-","-40°C ~ 125°C","Surface Mount","8-SOIC (0.154"", 3.90mm Width)","8-SOIC","https://www.digikey.be/en/products/detail/analog-devices-inc-maxim-integrated/ADUM1253ASA-T/21777871"
"https://www.analog.com/media/en/technical-documentation/data-sheets/adum1252.pdf","//mm.digikey.com/Volume0/opasdata/d220001/medias/images/8906/MFG_175%7E21-0041%7ESA%7E8.jpg","505-ADUM1252ASA+TTR-ND","ADUM1252ASA+T","Analog Devices Inc./Maxim Integrated","Analog Devices Inc./Maxim Integrated","DGTL ISO 3KV 4CH I2C 8-SOIC","0","2.40828","0","2500","Tape & Reel (TR)","-","Active","Capacitive Coupling","I2C","No","4","2/2","Bidirectional","3000Vrms","200kV/µs","2MHz","50ns, 133.3ns","94.2ns","-, 36.1ns","1.71V ~ 5.5V","-","-","-40°C ~ 125°C","Surface Mount","8-SOIC (0.154"", 3.90mm Width)","8-SOIC","https://www.digikey.be/en/products/detail/analog-devices-inc-maxim-integrated/ADUM1252ASA-T/21777857"
"https://www.analog.com/media/en/technical-documentation/data-sheets/ADuM240D_240E_241D_241E_242D_242E.pdf","//mm.digikey.com/Volume0/opasdata/d220001/medias/images/7547/MFG_505%7ERW-16%7ERW%7E16.jpg","505-ADUM242D0BRWZ-RLTR-ND","ADUM242D0BRWZ-RL","Analog Devices Inc.","Analog Devices Inc.","DGTL ISOLTR 5KV 4CH GP 16-SOIC","0","2.42001","0","1000","Tape & Reel (TR)","iCoupler®","Active","Magnetic Coupling","General Purpose","No","4","2/2","Unidirectional","5000Vrms","75kV/µs","150Mbps","13ns, 13ns","3ns","2.5ns, 2.5ns","1.7V ~ 5.5V","-","-","-40°C ~ 125°C","Surface Mount","16-SOIC (0.295"", 7.50mm Width)","16-SOIC","https://www.digikey.be/en/products/detail/analog-devices-inc/ADUM242D0BRWZ-RL/5726193"
"https://www.analog.com/media/en/technical-documentation/data-sheets/ADuM240D_240E_241D_241E_242D_242E.pdf","//mm.digikey.com/Volume0/opasdata/d220001/medias/images/4265/505%7ERI-16-2%7ERI%7E16.jpg","505-ADUM242D1BRIZ-RLTR-ND","ADUM242D1BRIZ-RL","Analog Devices Inc.","Analog Devices Inc.","DGTL ISOLTR 5KV 4CH GP 16-SOIC","0","2.42001","0","1000","Tape & Reel (TR)","iCoupler®","Active","Magnetic Coupling","General Purpose","No","4","2/2","Unidirectional","5000Vrms","75kV/µs","150Mbps","13ns, 13ns","3ns","2.5ns, 2.5ns","1.7V ~ 5.5V","-","-","-40°C ~ 125°C","Surface Mount","16-SOIC (0.295"", 7.50mm Width)","16-SOIC","https://www.digikey.be/en/products/detail/analog-devices-inc/ADUM242D1BRIZ-RL/6057040"
"https://www.analog.com/media/en/technical-documentation/data-sheets/ADuM240D_240E_241D_241E_242D_242E.pdf","//mm.digikey.com/Volume0/opasdata/d220001/medias/images/4265/505%7ERI-16-2%7ERI%7E16.jpg","505-ADUM242D0BRIZ-RLTR-ND","ADUM242D0BRIZ-RL","Analog Devices Inc.","Analog Devices Inc.","DGTL ISOLTR 5KV 4CH GP 16-SOIC","0","2.42001","0","1000","Tape & Reel (TR)","iCoupler®","Active","Magnetic Coupling","General Purpose","No","4","2/2","Unidirectional","5000Vrms","75kV/µs","150Mbps","13ns, 13ns","3ns","2.5ns, 2.5ns","1.7V ~ 5.5V","-","-","-40°C ~ 125°C","Surface Mount","16-SOIC (0.295"", 7.50mm Width)","16-SOIC","https://www.digikey.be/en/products/detail/analog-devices-inc/ADUM242D0BRIZ-RL/6057039"
"https://www.analog.com/media/en/technical-documentation/data-sheets/ADuM240D_240E_241D_241E_242D_242E.pdf","//mm.digikey.com/Volume0/opasdata/d220001/medias/images/7547/MFG_505%7ERW-16%7ERW%7E16.jpg","505-ADUM242D1BRWZ-RLTR-ND","ADUM242D1BRWZ-RL","Analog Devices Inc.","Analog Devices Inc.","DGTL ISOLTR 5KV 4CH GP 16-SOIC","0","2.42001","0","1000","Tape & Reel (TR)","iCoupler®","Active","Magnetic Coupling","General Purpose","No","4","2/2","Unidirectional","5000Vrms","75kV/µs","150Mbps","13ns, 13ns","3ns","2.5ns, 2.5ns","1.7V ~ 5.5V","-","-","-40°C ~ 125°C","Surface Mount","16-SOIC (0.295"", 7.50mm Width)","16-SOIC","https://www.digikey.be/en/products/detail/analog-devices-inc/ADUM242D1BRWZ-RL/5726194"
"https://www.analog.com/media/en/technical-documentation/data-sheets/ADuM240D_240E_241D_241E_242D_242E.pdf","//mm.digikey.com/Volume0/opasdata/d220001/medias/images/7547/MFG_505%7ERW-16%7ERW%7E16.jpg","505-ADUM242E0BRWZ-RLTR-ND","ADUM242E0BRWZ-RL","Analog Devices Inc.","Analog Devices Inc.","DGTL ISOLTR 5KV 4CH GP 16-SOIC","0","2.42001","0","1000","Tape & Reel (TR)","iCoupler®","Active","Magnetic Coupling","General Purpose","No","4","2/2","Unidirectional","5000Vrms","75kV/µs","150Mbps","13ns, 13ns","3ns","2.5ns, 2.5ns","1.7V ~ 5.5V","-","-","-40°C ~ 125°C","Surface Mount","16-SOIC (0.295"", 7.50mm Width)","16-SOIC","https://www.digikey.be/en/products/detail/analog-devices-inc/ADUM242E0BRWZ-RL/5726195"
"https://www.analog.com/media/en/technical-documentation/data-sheets/ADuM240D_240E_241D_241E_242D_242E.pdf","//mm.digikey.com/Volume0/opasdata/d220001/medias/images/4265/505%7ERI-16-2%7ERI%7E16.jpg","ADUM242E0BRIZ-RL-ND","ADUM242E0BRIZ-RL","Analog Devices Inc.","Analog Devices Inc.","DGTL ISOLTR 5KV 4CH GP 16-SOIC","0","2.49261","0","1000","Tape & Reel (TR)","iCoupler®","Active","Magnetic Coupling","General Purpose","No","4","2/2","Unidirectional","5000Vrms","75kV/µs","150Mbps","13ns, 13ns","3ns","2.5ns, 2.5ns","1.7V ~ 5.5V","-","-","-40°C ~ 125°C","Surface Mount","16-SOIC (0.295"", 7.50mm Width)","16-SOIC","https://www.digikey.be/en/products/detail/analog-devices-inc/ADUM242E0BRIZ-RL/6057041"
"https://www.analog.com/media/en/technical-documentation/data-sheets/adum240d_240e_241d_241e_242d_242e.pdf","//mm.digikey.com/Volume0/opasdata/d220001/medias/images/7547/MFG_505%7ERW-16%7ERW%7E16.jpg","ADUM242E0WBRWZ-RL-ND","ADUM242E0WBRWZ-RL","Analog Devices Inc.","Analog Devices Inc.","DGTL ISOLTR 5KV 4CH GP 16-SOIC","0","2.75943","0","400","Tape & Reel (TR)","iCoupler®","Active","Magnetic Coupling","General Purpose","No","4","2/2","Unidirectional","5000Vrms","75kV/µs","150Mbps","13ns, 13ns","3ns","2.5ns, 2.5ns","1.7V ~ 5.5V","Automotive","-","-40°C ~ 125°C","Surface Mount","16-SOIC (0.295"", 7.50mm Width)","16-SOIC","https://www.digikey.be/en/products/detail/analog-devices-inc/ADUM242E0WBRWZ-RL/9484603"
"https://www.analog.com/media/en/technical-documentation/data-sheets/adum1255.pdf","//mm.digikey.com/Volume0/opasdata/d220001/medias/images/6762/505%7E21-100415%7EWA%7E8.jpg","505-ADUM1255AWA+TTR-ND,505-ADUM1255AWA+TCT-ND,505-ADUM1255AWA+TDKR-ND","ADUM1255AWA+T","Analog Devices Inc.","Analog Devices Inc.","DGTL ISO 5KV 2CH I2C 8-SOIC(W)","788","2.98","0","1","Tape & Reel (TR),Cut Tape (CT),Digi-Reel®","-","Active","Magnetic Coupling","CAN, I2C","No","3","2/1","Unidirectional","5000Vrms","100kV/µs","2MHz","50ns, 133.3ns","94.2ns","-, 20.3ns","2.25V ~ 5.5V","-","-","-40°C ~ 125°C","Surface Mount","8-SOIC (0.295"", 7.50mm Width)","8-SOIC","https://www.digikey.be/en/products/detail/analog-devices-inc/ADUM1255AWA-T/25619650"
"https://www.analog.com/media/en/technical-documentation/data-sheets/adum1255.pdf","//mm.digikey.com/Volume0/opasdata/d220001/medias/images/8906/MFG_175%7E21-0041%7ESA%7E8.jpg","175-ADUM1255ASA+-ND","ADUM1255ASA+","Analog Devices Inc./Maxim Integrated","Analog Devices Inc./Maxim Integrated","DGTL ISO 3KV 2CH CAN/I2C 8-SOIC","343","3.07","0","1","Tube","-","Active","Magnetic Coupling","CAN, I2C","No","2","2/1","Unidirectional","3000Vrms","100kV/µs","2MHz","95.8ns, 128.4ns","94.2ns","-, 20.3ns","2.25V ~ 5.5V","-","-","-40°C ~ 125°C","Surface Mount","8-SOIC (0.154"", 3.90mm Width)","8-SOIC","https://www.digikey.be/en/products/detail/analog-devices-inc-maxim-integrated/ADUM1255ASA/22522526"
"https://www.analog.com/media/en/technical-documentation/data-sheets/adum1255.pdf","//mm.digikey.com/Volume0/opasdata/d220001/medias/images/6762/505%7E21-100415%7EWA%7E8.jpg","175-ADUM1255AWA+-ND","ADUM1255AWA+","Analog Devices Inc./Maxim Integrated","Analog Devices Inc./Maxim Integrated","DGTL ISO 5KV 2CH I2C 8-SOIC(W)","294","3.07","0","1","Tube","-","Active","Magnetic Coupling","CAN, I2C","No","3","2/1","Unidirectional","5000Vrms","100kV/µs","2MHz","50ns, 133.3ns","94.2ns","-, 20.3ns","2.25V ~ 5.5V","-","-","-40°C ~ 125°C","Surface Mount","8-SOIC (0.295"", 7.50mm Width)","8-SOIC","https://www.digikey.be/en/products/detail/analog-devices-inc-maxim-integrated/ADUM1255AWA/24764402"
"https://www.analog.com/media/en/technical-documentation/data-sheets/ADuM130D_130E_131D_131E.pdf","//mm.digikey.com/Volume0/opasdata/d220001/medias/images/7547/MFG_505%7ERW-16%7ERW%7E16.jpg","505-ADUM131E0BRWZ-RLTR-ND,505-ADUM131E0BRWZ-RLCT-ND,505-ADUM131E0BRWZ-RLDKR-ND","ADUM131E0BRWZ-RL","Analog Devices Inc.","Analog Devices Inc.","DGTL ISOLTR 3.75KV 3CH GP 16SOIC","879","3.14","0","1","Tape & Reel (TR),Cut Tape (CT),Digi-Reel®","iCoupler®","Active","Magnetic Coupling","General Purpose","No","3","2/1","Unidirectional","3750Vrms","75kV/µs","150Mbps","13ns, 13ns","3ns","2.5ns, 2.5ns","1.7V ~ 5.5V","-","-","-40°C ~ 125°C","Surface Mount","16-SOIC (0.295"", 7.50mm Width)","16-SOIC","https://www.digikey.be/en/products/detail/analog-devices-inc/ADUM131E0BRWZ-RL/5440972"
"https://www.analog.com/media/en/technical-documentation/data-sheets/ADuM130D_130E_131D_131E.pdf","//mm.digikey.com/Volume0/opasdata/d220001/medias/images/4994/505%7ER-16-S%7ER%7E16.JPG","ADUM131D0BRZ-RL7TR-ND,ADUM131D0BRZ-RL7CT-ND,ADUM131D0BRZ-RL7DKR-ND","ADUM131D0BRZ-RL7","Analog Devices Inc.","Analog Devices Inc.","DGTL ISOLTR 3KV 3CH GP 16-SOIC","990","3.14","0","1","Tape & Reel (TR),Cut Tape (CT),Digi-Reel®","iCoupler®","Active","Magnetic Coupling","General Purpose","No","3","2/1","Unidirectional","3000Vrms","75kV/µs","150Mbps","13ns, 13ns","3ns","2.5ns, 2.5ns","1.7V ~ 5.5V","-","-","-40°C ~ 125°C","Surface Mount","16-SOIC (0.154"", 3.90mm Width)","16-SOIC","https://www.digikey.be/en/products/detail/analog-devices-inc/ADUM131D0BRZ-RL7/5775474"
"https://www.analog.com/media/en/technical-documentation/data-sheets/ADuM130D_130E_131D_131E.pdf","//mm.digikey.com/Volume0/opasdata/d220001/medias/images/7547/MFG_505%7ERW-16%7ERW%7E16.jpg","505-ADUM131E1BRWZ-RLTR-ND,505-ADUM131E1BRWZ-RLCT-ND,505-ADUM131E1BRWZ-RLDKR-ND","ADUM131E1BRWZ-RL","Analog Devices Inc.","Analog Devices Inc.","DGTL ISOLTR 3.75KV 3CH GP 16SOIC","14","3.14","0","1","Tape & Reel (TR),Cut Tape (CT),Digi-Reel®","iCoupler®","Active","Magnetic Coupling","General Purpose","No","3","2/1","Unidirectional","3750Vrms","75kV/µs","150Mbps","13ns, 13ns","3ns","2.5ns, 2.5ns","1.7V ~ 5.5V","-","-","-40°C ~ 125°C","Surface Mount","16-SOIC (0.295"", 7.50mm Width)","16-SOIC","https://www.digikey.be/en/products/detail/analog-devices-inc/ADUM131E1BRWZ-RL/5440973"
"https://www.analog.com/media/en/technical-documentation/data-sheets/ADUM1310_1311.pdf","//mm.digikey.com/Volume0/opasdata/d220001/medias/images/7547/MFG_505%7ERW-16%7ERW%7E16.jpg","505-ADUM1311BRWZ-RLTR-ND","ADUM1311BRWZ-RL","Analog Devices Inc.","Analog Devices Inc.","DGTL ISOLTR 3.75KV 3CH GP 16SOIC","1.000","3.21698","0","1000","Tape & Reel (TR)","iCoupler®","Active","Magnetic Coupling","General Purpose","No","3","2/1","Unidirectional","3750Vrms","25kV/µs","10Mbps","50ns, 50ns","5ns","2.5ns, 2.5ns","2.7V ~ 5.5V","-","-","-40°C ~ 105°C","Surface Mount","16-SOIC (0.295"", 7.50mm Width)","16-SOIC","https://www.digikey.be/en/products/detail/analog-devices-inc/ADUM1311BRWZ-RL/1534674"
"https://www.analog.com/media/en/technical-documentation/data-sheets/ADuM130D_130E_131D_131E.pdf","//mm.digikey.com/Volume0/opasdata/d220001/medias/images/4994/505%7ER-16-S%7ER%7E16.JPG","505-ADUM131E1BRZ-ND","ADUM131E1BRZ","Analog Devices Inc.","Analog Devices Inc.","DGTL ISOLTR 3KV 3CH GP 16-SOIC","336","3.23","0","1","Tube","iCoupler®","Active","Magnetic Coupling","General Purpose","No","3","2/1","Unidirectional","3000Vrms","75kV/µs","150Mbps","13ns, 13ns","3ns","2.5ns, 2.5ns","1.7V ~ 5.5V","-","-","-40°C ~ 125°C","Surface Mount","16-SOIC (0.154"", 3.90mm Width)","16-SOIC","https://www.digikey.be/en/products/detail/analog-devices-inc/ADUM131E1BRZ/5777223"
"https://www.analog.com/media/en/technical-documentation/data-sheets/ADuM130D_130E_131D_131E.pdf","//mm.digikey.com/Volume0/opasdata/d220001/medias/images/4994/505%7ER-16-S%7ER%7E16.JPG","ADUM131D1BRZ-ND","ADUM131D1BRZ","Analog Devices Inc.","Analog Devices Inc.","DGTL ISOLTR 3KV 3CH GP 16-SOIC","647","3.23","0","1","Tube","iCoupler®","Active","Magnetic Coupling","General Purpose","No","3","2/1","Unidirectional","3000Vrms","75kV/µs","150Mbps","13ns, 13ns","3ns","2.5ns, 2.5ns","1.7V ~ 5.5V","-","-","-40°C ~ 125°C","Surface Mount","16-SOIC (0.154"", 3.90mm Width)","16-SOIC","https://www.digikey.be/en/products/detail/analog-devices-inc/ADUM131D1BRZ/5777221"
"https://www.analog.com/media/en/technical-documentation/data-sheets/ADuM130D_130E_131D_131E.pdf","//mm.digikey.com/Volume0/opasdata/d220001/medias/images/4994/505%7ER-16-S%7ER%7E16.JPG","505-ADUM131E0BRZ-ND","ADUM131E0BRZ","Analog Devices Inc.","Analog Devices Inc.","DGTL ISOLTR 3KV 3CH GP 16-SOIC","499","3.23","0","1","Tube","iCoupler®","Active","Magnetic Coupling","General Purpose","No","3","2/1","Unidirectional","3000Vrms","75kV/µs","150Mbps","13ns, 13ns","3ns","2.5ns, 2.5ns","1.7V ~ 5.5V","-","-","-40°C ~ 125°C","Surface Mount","16-SOIC (0.154"", 3.90mm Width)","16-SOIC","https://www.digikey.be/en/products/detail/analog-devices-inc/ADUM131E0BRZ/5777222"
"https://www.analog.com/media/en/technical-documentation/data-sheets/ADuM130D_130E_131D_131E.pdf","//mm.digikey.com/Volume0/opasdata/d220001/medias/images/7547/MFG_505%7ERW-16%7ERW%7E16.jpg","505-ADUM131E0BRWZ-ND","ADUM131E0BRWZ","Analog Devices Inc.","Analog Devices Inc.","DGTL ISOLTR 3.75KV 3CH GP 16SOIC","370","3.23","0","1","Tube","iCoupler®","Active","Magnetic Coupling","General Purpose","No","3","2/1","Unidirectional","3750Vrms","75kV/µs","150Mbps","13ns, 13ns","3ns","2.5ns, 2.5ns","1.7V ~ 5.5V","-","-","-40°C ~ 125°C","Surface Mount","16-SOIC (0.295"", 7.50mm Width)","16-SOIC","https://www.digikey.be/en/products/detail/analog-devices-inc/ADUM131E0BRWZ/5441102"
"https://www.analog.com/media/en/technical-documentation/data-sheets/ADuM130D_130E_131D_131E.pdf","//mm.digikey.com/Volume0/opasdata/d220001/medias/images/7547/MFG_505%7ERW-16%7ERW%7E16.jpg","505-ADUM131E1BRWZ-ND","ADUM131E1BRWZ","Analog Devices Inc.","Analog Devices Inc.","DGTL ISOLTR 3.75KV 3CH GP 16SOIC","370","3.23","0","1","Tube","iCoupler®","Active","Magnetic Coupling","General Purpose","No","3","2/1","Unidirectional","3750Vrms","75kV/µs","150Mbps","13ns, 13ns","3ns","2.5ns, 2.5ns","1.7V ~ 5.5V","-","-","-40°C ~ 125°C","Surface Mount","16-SOIC (0.295"", 7.50mm Width)","16-SOIC","https://www.digikey.be/en/products/detail/analog-devices-inc/ADUM131E1BRWZ/5441103"
"https://www.analog.com/media/en/technical-documentation/data-sheets/ADuM130D_130E_131D_131E.pdf","//mm.digikey.com/Volume0/opasdata/d220001/medias/images/7547/MFG_505%7ERW-16%7ERW%7E16.jpg","ADUM131D1BRWZ-ND","ADUM131D1BRWZ","Analog Devices Inc.","Analog Devices Inc.","DGTL ISOLTR 3.75KV 3CH GP 16SOIC","1.592","3.23","0","1","Tube","iCoupler®","Active","Magnetic Coupling","General Purpose","No","3","2/1","Unidirectional","3750Vrms","75kV/µs","150Mbps","13ns, 13ns","3ns","2.5ns, 2.5ns","1.7V ~ 5.5V","-","-","-40°C ~ 125°C","Surface Mount","16-SOIC (0.295"", 7.50mm Width)","16-SOIC","https://www.digikey.be/en/products/detail/analog-devices-inc/ADUM131D1BRWZ/5441101"
"https://www.analog.com/media/en/technical-documentation/data-sheets/ADuM130D_130E_131D_131E.pdf","//mm.digikey.com/Volume0/opasdata/d220001/medias/images/7547/MFG_505%7ERW-16%7ERW%7E16.jpg","ADUM131D0BRWZ-ND","ADUM131D0BRWZ","Analog Devices Inc.","Analog Devices Inc.","DGTL ISOLTR 3.75KV 3CH GP 16SOIC","1.048","3.23","0","1","Tube","iCoupler®","Active","Magnetic Coupling","General Purpose","No","3","2/1","Unidirectional","3750Vrms","75kV/µs","150Mbps","13ns, 13ns","3ns","2.5ns, 2.5ns","1.7V ~ 5.5V","-","-","-40°C ~ 125°C","Surface Mount","16-SOIC (0.295"", 7.50mm Width)","16-SOIC","https://www.digikey.be/en/products/detail/analog-devices-inc/ADUM131D0BRWZ/5441100"
"https://www.analog.com/media/en/technical-documentation/data-sheets/ADuM130D_130E_131D_131E.pdf","//mm.digikey.com/Volume0/opasdata/d220001/medias/images/4994/505%7ER-16-S%7ER%7E16.JPG","ADUM131D0BRZ-ND","ADUM131D0BRZ","Analog Devices Inc.","Analog Devices Inc.","DGTL ISOLTR 3KV 3CH GP 16-SOIC","385","3.23","0","1","Tube","iCoupler®","Active","Magnetic Coupling","General Purpose","No","3","2/1","Unidirectional","3000Vrms","75kV/µs","150Mbps","13ns, 13ns","3ns","2.5ns, 2.5ns","1.7V ~ 5.5V","-","-","-40°C ~ 125°C","Surface Mount","16-SOIC (0.154"", 3.90mm Width)","16-SOIC","https://www.digikey.be/en/products/detail/analog-devices-inc/ADUM131D0BRZ/5777220"
"https://www.analog.com/media/en/technical-documentation/data-sheets/adum1254.pdf","//mm.digikey.com/Volume0/opasdata/d220001/medias/images/8906/MFG_175%7E21-0041%7ESA%7E8.jpg","175-ADUM1254ASA+-ND","ADUM1254ASA+","Analog Devices Inc./Maxim Integrated","Analog Devices Inc./Maxim Integrated","DGTL ISO 3KV 2CH I2C 8-SOIC","833","3.27","0","1","Tube","-","Active","Magnetic Coupling","CAN, I2C","No","2","2/2","Bidirectional","3000Vrms","100kV/µs","2MHz","95.8ns, 128.4ns","94.2ns","-, 20.3ns","2.25V ~ 5.5V","-","-","-40°C ~ 125°C","Surface Mount","8-SOIC (0.154"", 3.90mm Width)","8-SOIC","https://www.digikey.be/en/products/detail/analog-devices-inc-maxim-integrated/ADUM1254ASA/22522507"
"https://www.analog.com/media/en/technical-documentation/data-sheets/ADUM3300_3301.pdf","//mm.digikey.com/Volume0/opasdata/d220001/medias/images/7547/MFG_505%7ERW-16%7ERW%7E16.jpg","505-ADUM3301BRWZ-RLTR-ND","ADUM3301BRWZ-RL","Analog Devices Inc.","Analog Devices Inc.","DGTL ISOLTR 2.5KV 3CH GP 16-SOIC","0","3.44495","0","1000","Tape & Reel (TR)","iCoupler®","Active","Magnetic Coupling","General Purpose","No","3","2/1","Unidirectional","2500Vrms","25kV/µs","10Mbps","50ns, 50ns","3ns","2.5ns, 2.5ns","3V ~ 5.5V","-","-","-40°C ~ 105°C","Surface Mount","16-SOIC (0.295"", 7.50mm Width)","16-SOIC","https://www.digikey.be/en/products/detail/analog-devices-inc/ADUM3301BRWZ-RL/1033761"
"https://www.analog.com/media/en/technical-documentation/data-sheets/ADuM230D_230E_231D_231E.pdf","//mm.digikey.com/Volume0/opasdata/d220001/medias/images/7547/MFG_505%7ERW-16%7ERW%7E16.jpg","505-ADUM231D1BRIZ-RLTR-ND,505-ADUM231D1BRIZ-RLCT-ND,505-ADUM231D1BRIZ-RLDKR-ND","ADUM231D1BRIZ-RL","Analog Devices Inc.","Analog Devices Inc.","DGTL ISOLTR 5KV 3CH GP 16-SOIC","1.232","3.48","0","1","Tape & Reel (TR),Cut Tape (CT),Digi-Reel®","iCoupler®","Active","Magnetic Coupling","General Purpose","No","3","2/1","Unidirectional","5000Vrms","75kV/µs","150Mbps","13ns, 13ns","3ns","2.5ns, 2.5ns","1.7V ~ 5.5V","-","-","-40°C ~ 125°C","Surface Mount","16-SOIC (0.295"", 7.50mm Width)","16-SOIC","https://www.digikey.be/en/products/detail/analog-devices-inc/ADUM231D1BRIZ-RL/6057027"
"https://www.analog.com/media/en/technical-documentation/data-sheets/ADuM230D_230E_231D_231E.pdf","//mm.digikey.com/Volume0/opasdata/d220001/medias/images/7547/MFG_505%7ERW-16%7ERW%7E16.jpg","505-ADUM231E1BRIZ-RLTR-ND,505-ADUM231E1BRIZ-RLCT-ND,505-ADUM231E1BRIZ-RLDKR-ND","ADUM231E1BRIZ-RL","Analog Devices Inc.","Analog Devices Inc.","DGTL ISOLTR 5KV 3CH GP 16-SOIC","1.032","3.48","0","1","Tape & Reel (TR),Cut Tape (CT),Digi-Reel®","iCoupler®","Active","Magnetic Coupling","General Purpose","No","3","2/1","Unidirectional","5000Vrms","75kV/µs","150Mbps","13ns, 13ns","3ns","2.5ns, 2.5ns","1.7V ~ 5.5V","-","-","-40°C ~ 125°C","Surface Mount","16-SOIC (0.295"", 7.50mm Width)","16-SOIC","https://www.digikey.be/en/products/detail/analog-devices-inc/ADUM231E1BRIZ-RL/6057029"
"https://www.analog.com/media/en/technical-documentation/data-sheets/ADuM230D_230E_231D_231E.pdf","//mm.digikey.com/Volume0/opasdata/d220001/medias/images/7547/MFG_505%7ERW-16%7ERW%7E16.jpg","ADUM231D1BRWZ-ND","ADUM231D1BRWZ","Analog Devices Inc.","Analog Devices Inc.","DGTL ISOLTR 5KV 3CH GP 16-SOIC","228","3.59","0","1","Tube","iCoupler®","Active","Magnetic Coupling","General Purpose","No","3","2/1","Unidirectional","5000Vrms","75kV/µs","150Mbps","13ns, 13ns","3ns","2.5ns, 2.5ns","1.7V ~ 5.5V","-","-","-40°C ~ 125°C","Surface Mount","16-SOIC (0.295"", 7.50mm Width)","16-SOIC","https://www.digikey.be/en/products/detail/analog-devices-inc/ADUM231D1BRWZ/5726639"
"https://www.analog.com/media/en/technical-documentation/data-sheets/ADuM230D_230E_231D_231E.pdf","//mm.digikey.com/Volume0/opasdata/d220001/medias/images/7547/MFG_505%7ERW-16%7ERW%7E16.jpg","505-ADUM231E0BRWZ-ND","ADUM231E0BRWZ","Analog Devices Inc.","Analog Devices Inc.","DGTL ISOLTR 5KV 3CH GP 16-SOIC","160","3.59","0","1","Tube","iCoupler®","Active","Magnetic Coupling","General Purpose","No","3","2/1","Unidirectional","5000Vrms","75kV/µs","150Mbps","13ns, 13ns","3ns","2.5ns, 2.5ns","1.7V ~ 5.5V","-","-","-40°C ~ 125°C","Surface Mount","16-SOIC (0.295"", 7.50mm Width)","16-SOIC","https://www.digikey.be/en/products/detail/analog-devices-inc/ADUM231E0BRWZ/5726640"
"https://www.analog.com/media/en/technical-documentation/data-sheets/ADuM230D_230E_231D_231E.pdf","//mm.digikey.com/Volume0/opasdata/d220001/medias/images/7547/MFG_505%7ERW-16%7ERW%7E16.jpg","505-ADUM231E1BRIZ-ND","ADUM231E1BRIZ","Analog Devices Inc.","Analog Devices Inc.","DGTL ISOLTR 5KV 3CH GP 16-SOIC","303","3.59","0","1","Tube","iCoupler®","Active","Magnetic Coupling","General Purpose","No","3","2/1","Unidirectional","5000Vrms","75kV/µs","150Mbps","13ns, 13ns","3ns","2.5ns, 2.5ns","1.7V ~ 5.5V","-","-","-40°C ~ 125°C","Surface Mount","16-SOIC (0.295"", 7.50mm Width)","16-SOIC","https://www.digikey.be/en/products/detail/analog-devices-inc/ADUM231E1BRIZ/6072283"
"https://www.analog.com/media/en/technical-documentation/data-sheets/ADuM230D_230E_231D_231E.pdf","//mm.digikey.com/Volume0/opasdata/d220001/medias/images/7547/MFG_505%7ERW-16%7ERW%7E16.jpg","ADUM231E1BRWZ-ND","ADUM231E1BRWZ","Analog Devices Inc.","Analog Devices Inc.","DGTL ISOLTR 5KV 3CH GP 16-SOIC","43","3.59","0","1","Tube","iCoupler®","Active","Magnetic Coupling","General Purpose","No","3","2/1","Unidirectional","5000Vrms","75kV/µs","150Mbps","13ns, 13ns","3ns","2.5ns, 2.5ns","1.7V ~ 5.5V","-","-","-40°C ~ 125°C","Surface Mount","16-SOIC (0.295"", 7.50mm Width)","16-SOIC","https://www.digikey.be/en/products/detail/analog-devices-inc/ADUM231E1BRWZ/5726641"
"https://www.analog.com/media/en/technical-documentation/data-sheets/ADuM230D_230E_231D_231E.pdf","//mm.digikey.com/Volume0/opasdata/d220001/medias/images/7547/MFG_505%7ERW-16%7ERW%7E16.jpg","505-ADUM231D0BRWZ-ND","ADUM231D0BRWZ","Analog Devices Inc.","Analog Devices Inc.","DGTL ISOLTR 5KV 3CH GP 16-SOIC","0","3.59","0","1","Tube","iCoupler®","Active","Magnetic Coupling","General Purpose","No","3","2/1","Unidirectional","5000Vrms","75kV/µs","150Mbps","13ns, 13ns","3ns","2.5ns, 2.5ns","1.7V ~ 5.5V","-","-","-40°C ~ 125°C","Surface Mount","16-SOIC (0.295"", 7.50mm Width)","16-SOIC","https://www.digikey.be/en/products/detail/analog-devices-inc/ADUM231D0BRWZ/5726638"
"https://www.analog.com/media/en/technical-documentation/data-sheets/ADuM230D_230E_231D_231E.pdf","//mm.digikey.com/Volume0/opasdata/d220001/medias/images/7547/MFG_505%7ERW-16%7ERW%7E16.jpg","505-ADUM231D0BRIZ-ND","ADUM231D0BRIZ","Analog Devices Inc.","Analog Devices Inc.","DGTL ISOLTR 5KV 3CH GP 16-SOIC","0","3.59","0","1","Tube","iCoupler®","Active","Magnetic Coupling","General Purpose","No","3","2/1","Unidirectional","5000Vrms","75kV/µs","150Mbps","13ns, 13ns","3ns","2.5ns, 2.5ns","1.7V ~ 5.5V","-","-","-40°C ~ 125°C","Surface Mount","16-SOIC (0.295"", 7.50mm Width)","16-SOIC","https://www.digikey.be/en/products/detail/analog-devices-inc/ADUM231D0BRIZ/6072280"
"https://www.analog.com/media/en/technical-documentation/data-sheets/ADUM3300_3301.pdf","//mm.digikey.com/Volume0/opasdata/d220001/medias/images/7547/MFG_505%7ERW-16%7ERW%7E16.jpg","ADUM3301WARWZ-RL-ND","ADUM3301WARWZ-RL","Analog Devices Inc.","Analog Devices Inc.","DGTL ISOLTR 2.5KV 3CH GP 16-SOIC","0","3.61702","0","1000","Tape & Reel (TR)","-","Active","Magnetic Coupling","General Purpose","No","3","2/1","Unidirectional","2500Vrms","25kV/µs","1Mbps","100ns, 100ns","40ns","2.5ns, 2.5ns","3V ~ 5.5V","Automotive","-","-40°C ~ 105°C","Surface Mount","16-SOIC (0.295"", 7.50mm Width)","16-SOIC","https://www.digikey.be/en/products/detail/analog-devices-inc/ADUM3301WARWZ-RL/5887112"
"https://www.analog.com/media/en/technical-documentation/data-sheets/adum1253.pdf","//mm.digikey.com/Volume0/opasdata/d220001/medias/images/6621/MFG_505%7E21-0036%7EU%2CUA%7E8.jpg","505-ADUM1253AUA+TTR-ND,505-ADUM1253AUA+TCT-ND,505-ADUM1253AUA+TDKR-ND","ADUM1253AUA+T","Analog Devices Inc.","Analog Devices Inc.","DGTL ISO 2.5KV 2CH I2C 8-MSOP","1.142","3.65","0","1","Tape & Reel (TR),Cut Tape (CT),Digi-Reel®","-","Active","Magnetic Coupling","I2C","No","3","2/1","Unidirectional","2500Vrms","200kV/µs","2MHz","50ns, 133.3ns","94.2ns","-, 20.3ns","1.71V ~ 5.5V","-","-","-40°C ~ 125°C","Surface Mount","8-TSSOP, 8-MSOP (0.118"", 3.00mm Width)","8-µMAX","https://www.digikey.be/en/products/detail/analog-devices-inc/ADUM1253AUA-T/25619687"
"https://www.analog.com/media/en/technical-documentation/data-sheets/adum1253.pdf","//mm.digikey.com/Volume0/opasdata/d220001/medias/images/6621/MFG_505%7E21-0041%7ESA%7E8.jpg","505-ADUM1253AWA+TTR-ND,505-ADUM1253AWA+TCT-ND,505-ADUM1253AWA+TDKR-ND","ADUM1253AWA+T","Analog Devices Inc.","Analog Devices Inc.","DGTL ISO 5KV 2CH I2C 8-SOIC(W)","800","3.65","0","1","Tape & Reel (TR),Cut Tape (CT),Digi-Reel®","-","Active","Magnetic Coupling","I2C","No","3","2/1","Unidirectional","5000Vrms","200kV/µs","2MHz","50ns, 133.3ns","94.2ns","-, 20.3ns","1.71V ~ 5.5V","-","-","-40°C ~ 125°C","Surface Mount","8-SOIC (0.154"", 3.90mm Width)","8-SOIC","https://www.digikey.be/en/products/detail/analog-devices-inc/ADUM1253AWA-T/25619666"
"https://www.analog.com/media/en/technical-documentation/data-sheets/adum1253.pdf","//mm.digikey.com/Volume0/opasdata/d220001/medias/images/8906/MFG_175%7E21-0041%7ESA%7E8.jpg","505-ADUM1253ASA+-ND","ADUM1253ASA+","Analog Devices Inc./Maxim Integrated","Analog Devices Inc./Maxim Integrated","DGTL ISO 3KV 2CH I2C 8-SOIC","559","3.77","0","1","Tube","-","Active","Capacitive Coupling","I2C","No","2","2/1","Bidirectional, Unidirectional","3000Vrms","200kV/µs","2MHz","50ns, 133.3ns","94.2ns","-, 36.1ns","1.71V ~ 5.5V","-","-","-40°C ~ 125°C","Surface Mount","8-SOIC (0.154"", 3.90mm Width)","8-SOIC","https://www.digikey.be/en/products/detail/analog-devices-inc-maxim-integrated/ADUM1253ASA/21777863"
"https://www.analog.com/media/en/technical-documentation/data-sheets/adum1253.pdf","//mm.digikey.com/Volume0/opasdata/d220001/medias/images/6621/MFG_505%7E21-0036%7EU%2CUA%7E8.jpg","175-ADUM1253AUA+-ND","ADUM1253AUA+","Analog Devices Inc./Maxim Integrated","Analog Devices Inc./Maxim Integrated","DGTL ISO 2.5KV 2CH I2C 8-MSOP","271","3.77","0","1","Tube","-","Active","Magnetic Coupling","I2C","No","3","2/1","Unidirectional","2500Vrms","200kV/µs","2MHz","50ns, 133.3ns","94.2ns","-, 20.3ns","1.71V ~ 5.5V","-","-","-40°C ~ 125°C","Surface Mount","8-TSSOP, 8-MSOP (0.118"", 3.00mm Width)","8-µMAX","https://www.digikey.be/en/products/detail/analog-devices-inc-maxim-integrated/ADUM1253AUA/24764417"
"https://www.analog.com/media/en/technical-documentation/data-sheets/adum1253.pdf","//mm.digikey.com/Volume0/opasdata/d220001/medias/images/6621/MFG_505%7E21-0041%7ESA%7E8.jpg","175-ADUM1253AWA+-ND","ADUM1253AWA+","Analog Devices Inc./Maxim Integrated","Analog Devices Inc./Maxim Integrated","DGTL ISO 5KV 2CH I2C 8-SOIC(W)","77","3.77","0","1","Tube","-","Active","Magnetic Coupling","I2C","No","3","2/1","Unidirectional","5000Vrms","200kV/µs","2MHz","50ns, 133.3ns","94.2ns","-, 20.3ns","1.71V ~ 5.5V","-","-","-40°C ~ 125°C","Surface Mount","8-SOIC (0.154"", 3.90mm Width)","8-SOIC","https://www.digikey.be/en/products/detail/analog-devices-inc-maxim-integrated/ADUM1253AWA/24764413"
"https://www.analog.com/media/en/technical-documentation/data-sheets/ADuM140D_140E_141D_141E_142D_142E.pdf","//mm.digikey.com/Volume0/opasdata/d220001/medias/images/7348/MFG_505%7ERQ-16%7ERQ%7E16.jpg","505-ADUM142D0BRQZ-RL7TR-ND,505-ADUM142D0BRQZ-RL7CT-ND,505-ADUM142D0BRQZ-RL7DKR-ND","ADUM142D0BRQZ-RL7","Analog Devices Inc.","Analog Devices Inc.","DGTL ISOLTR 3KV 4CH GP 16-SSOP","4.225","3.82","0","1","Tape & Reel (TR),Cut Tape (CT),Digi-Reel®","iCoupler®","Active","Magnetic Coupling","General Purpose","No","4","2/2","Unidirectional","3000Vrms","75kV/µs","150Mbps","13ns, 13ns","3ns","2.5ns, 2.5ns","1.7V ~ 5.5V","-","-","-40°C ~ 125°C","Surface Mount","16-SSOP (0.154"", 3.90mm Width)","16-QSOP","https://www.digikey.be/en/products/detail/analog-devices-inc/ADUM142D0BRQZ-RL7/7388629"
"https://www.analog.com/media/en/technical-documentation/data-sheets/ADuM140D_140E_141D_141E_142D_142E.pdf","//mm.digikey.com/Volume0/opasdata/d220001/medias/images/4994/505%7ER-16-S%7ER%7E16.JPG","505-ADUM142E0BRZ-RL7TR-ND,505-ADUM142E0BRZ-RL7CT-ND,505-ADUM142E0BRZ-RL7DKR-ND","ADUM142E0BRZ-RL7","Analog Devices Inc.","Analog Devices Inc.","DGTL ISOLTR 3KV 4CH GP 16-SOIC","3.074","3.82","0","1","Tape & Reel (TR),Cut Tape (CT),Digi-Reel®","iCoupler®","Active","Magnetic Coupling","General Purpose","No","4","2/2","Unidirectional","3000Vrms","75kV/µs","150Mbps","13ns, 13ns","3ns","2.5ns, 2.5ns","1.7V ~ 5.5V","-","-","-40°C ~ 125°C","Surface Mount","16-SOIC (0.154"", 3.90mm Width)","16-SOIC","https://www.digikey.be/en/products/detail/analog-devices-inc/ADUM142E0BRZ-RL7/5775488"
"https://www.analog.com/media/en/technical-documentation/data-sheets/ADuM140D_140E_141D_141E_142D_142E.pdf","//mm.digikey.com/Volume0/opasdata/d220001/medias/images/7348/MFG_505%7ERQ-16%7ERQ%7E16.jpg","505-ADUM142E0BRQZ-RL7TR-ND,505-ADUM142E0BRQZ-RL7CT-ND,505-ADUM142E0BRQZ-RL7DKR-ND","ADUM142E0BRQZ-RL7","Analog Devices Inc.","Analog Devices Inc.","DGTL ISOLTR 3KV 4CH GP 16-SSOP","2.895","3.82","0","1","Tape & Reel (TR),Cut Tape (CT),Digi-Reel®","iCoupler®","Active","Magnetic Coupling","General Purpose","No","4","2/2","Unidirectional","3000Vrms","75kV/µs","150Mbps","13ns, 13ns","3ns","2.5ns, 2.5ns","1.7V ~ 5.5V","-","-","-40°C ~ 125°C","Surface Mount","16-SSOP (0.154"", 3.90mm Width)","16-QSOP","https://www.digikey.be/en/products/detail/analog-devices-inc/ADUM142E0BRQZ-RL7/7388631"
"https://www.analog.com/media/en/technical-documentation/data-sheets/ADuM140D_140E_141D_141E_142D_142E.pdf","//mm.digikey.com/Volume0/opasdata/d220001/medias/images/7547/MFG_505%7ERW-16%7ERW%7E16.jpg","505-ADUM142E1BRWZ-RLTR-ND,505-ADUM142E1BRWZ-RLCT-ND,505-ADUM142E1BRWZ-RLDKR-ND","ADUM142E1BRWZ-RL","Analog Devices Inc.","Analog Devices Inc.","DGTL ISOLTR 3.75KV 4CH GP 16SOIC","853","3.82","0","1","Tape & Reel (TR),Cut Tape (CT),Digi-Reel®","iCoupler®","Active","Magnetic Coupling","General Purpose","No","4","2/2","Unidirectional","3750Vrms","75kV/µs","150Mbps","13ns, 13ns","3ns","2.5ns, 2.5ns","1.7V ~ 5.5V","-","-","-40°C ~ 125°C","Surface Mount","16-SOIC (0.295"", 7.50mm Width)","16-SOIC","https://www.digikey.be/en/products/detail/analog-devices-inc/ADUM142E1BRWZ-RL/5559600"
"https://www.analog.com/media/en/technical-documentation/data-sheets/ADuM140D_140E_141D_141E_142D_142E.pdf","//mm.digikey.com/Volume0/opasdata/d220001/medias/images/7547/MFG_505%7ERW-16%7ERW%7E16.jpg","ADUM142E0BRWZ-RLTR-ND,ADUM142E0BRWZ-RLCT-ND,ADUM142E0BRWZ-RLDKR-ND","ADUM142E0BRWZ-RL","Analog Devices Inc.","Analog Devices Inc.","DGTL ISOLTR 3.75KV 4CH GP 16SOIC","395","3.82","0","1","Tape & Reel (TR),Cut Tape (CT),Digi-Reel®","iCoupler®","Active","Magnetic Coupling","General Purpose","No","4","2/2","Unidirectional","3750Vrms","75kV/µs","150Mbps","13ns, 13ns","3ns","2.5ns, 2.5ns","1.7V ~ 5.5V","-","-","-40°C ~ 125°C","Surface Mount","16-SOIC (0.295"", 7.50mm Width)","16-SOIC","https://www.digikey.be/en/products/detail/analog-devices-inc/ADUM142E0BRWZ-RL/5559599"
"https://www.analog.com/media/en/technical-documentation/data-sheets/ADuM140D_140E_141D_141E_142D_142E.pdf","//mm.digikey.com/Volume0/opasdata/d220001/medias/images/7348/MFG_505%7ERQ-16%7ERQ%7E16.jpg","505-ADUM142D1BRQZ-RL7TR-ND,505-ADUM142D1BRQZ-RL7CT-ND,505-ADUM142D1BRQZ-RL7DKR-ND","ADUM142D1BRQZ-RL7","Analog Devices Inc.","Analog Devices Inc.","DGTL ISOLTR 3KV 4CH GP 16-SSOP","1.112","3.82","0","1","Tape & Reel (TR),Cut Tape (CT),Digi-Reel®","iCoupler®","Active","Magnetic Coupling","General Purpose","No","4","2/2","Unidirectional","3000Vrms","75kV/µs","150Mbps","13ns, 13ns","3ns","2.5ns, 2.5ns","1.7V ~ 5.5V","-","-","-40°C ~ 125°C","Surface Mount","16-SSOP (0.154"", 3.90mm Width)","16-QSOP","https://www.digikey.be/en/products/detail/analog-devices-inc/ADUM142D1BRQZ-RL7/7388630"
"https://www.analog.com/media/en/technical-documentation/data-sheets/adum340e-341e-342e.pdf","//mm.digikey.com/Volume0/opasdata/d220001/medias/images/7547/MFG_505%7ERW-16%7ERW%7E16.jpg","505-ADUM342E1BRWZ-RLTR-ND,505-ADUM342E1BRWZ-RLCT-ND,505-ADUM342E1BRWZ-RLDKR-ND","ADUM342E1BRWZ-RL","Analog Devices Inc.","Analog Devices Inc.","DGTL ISO 5.7KV 4CH CAN 16-SOIC","591","3.82","0","1","Tape & Reel (TR),Cut Tape (CT),Digi-Reel®","-","Active","Magnetic Coupling","CAN, RS485, SPI","No","4","2/2","Unidirectional","5700Vrms","100kV/µs","150Mbps","10ns, 10ns","3ns","2.5ns, 2.5ns","2.25V ~ 5.5V","Automotive","AEC-Q100","-40°C ~ 125°C","Surface Mount","16-SOIC (0.295"", 7.50mm Width)","16-SOIC","https://www.digikey.be/en/products/detail/analog-devices-inc/ADUM342E1BRWZ-RL/19203215"
"https://www.analog.com/media/en/technical-documentation/data-sheets/ADuM140D_140E_141D_141E_142D_142E.pdf","//mm.digikey.com/Volume0/opasdata/d220001/medias/images/4994/505%7ER-16-S%7ER%7E16.JPG","505-ADUM142E1BRZ-RL7TR-ND,505-ADUM142E1BRZ-RL7CT-ND,505-ADUM142E1BRZ-RL7DKR-ND","ADUM142E1BRZ-RL7","Analog Devices Inc.","Analog Devices Inc.","DGTL ISOLTR 3KV 4CH GP 16-SOIC","1.474","3.82","0","1","Tape & Reel (TR),Cut Tape (CT),Digi-Reel®","iCoupler®","Active","Magnetic Coupling","General Purpose","No","4","2/2","Unidirectional","3000Vrms","75kV/µs","150Mbps","13ns, 13ns","3ns","2.5ns, 2.5ns","1.7V ~ 5.5V","-","-","-40°C ~ 125°C","Surface Mount","16-SOIC (0.154"", 3.90mm Width)","16-SOIC","https://www.digikey.be/en/products/detail/analog-devices-inc/ADUM142E1BRZ-RL7/5775489"
"https://www.analog.com/media/en/technical-documentation/data-sheets/ADuM140D_140E_141D_141E_142D_142E.pdf","//mm.digikey.com/Volume0/opasdata/d220001/medias/images/7547/MFG_505%7ERW-16%7ERW%7E16.jpg","505-ADUM142D0BRWZ-RLTR-ND,505-ADUM142D0BRWZ-RLCT-ND,505-ADUM142D0BRWZ-RLDKR-ND","ADUM142D0BRWZ-RL","Analog Devices Inc.","Analog Devices Inc.","DGTL ISOLTR 3.75KV 4CH GP 16SOIC","0","3.82","0","1","Tape & Reel (TR),Cut Tape (CT),Digi-Reel®","iCoupler®","Active","Magnetic Coupling","General Purpose","No","4","2/2","Unidirectional","3750Vrms","75kV/µs","150Mbps","13ns, 13ns","3ns","2.5ns, 2.5ns","1.7V ~ 5.5V","-","-","-40°C ~ 125°C","Surface Mount","16-SOIC (0.295"", 7.50mm Width)","16-SOIC","https://www.digikey.be/en/products/detail/analog-devices-inc/ADUM142D0BRWZ-RL/5559597"
"https://www.analog.com/media/en/technical-documentation/data-sheets/adum340e-341e-342e.pdf","//mm.digikey.com/Volume0/opasdata/d220001/medias/images/7348/MFG_505%7ERQ-16%7ERQ%7E16.jpg","505-ADUM342E1BRQZ-RL7TR-ND,505-ADUM342E1BRQZ-RL7CT-ND,505-ADUM342E1BRQZ-RL7DKR-ND","ADUM342E1BRQZ-RL7","Analog Devices Inc.","Analog Devices Inc.","DG ISO 3KV 4CH CAN/RS485 16-SSOP","844","3.82","0","1","Tape & Reel (TR),Cut Tape (CT),Digi-Reel®","-","Active","Magnetic Coupling","CAN, RS485, SPI","No","4","2/2","Unidirectional","3000Vrms","100kV/µs","150Mbps","10ns, 10ns","3ns","2.5ns, 2.5ns","2.25V ~ 5.5V","-","-","-40°C ~ 125°C","Surface Mount","16-SSOP (0.154"", 3.90mm Width)","16-QSOP","https://www.digikey.be/en/products/detail/analog-devices-inc/ADUM342E1BRQZ-RL7/24614765"
"https://www.analog.com/media/en/technical-documentation/data-sheets/adum340e-341e-342e.pdf","//mm.digikey.com/Volume0/opasdata/d220001/medias/images/7348/MFG_505%7ERQ-16%7ERQ%7E16.jpg","505-ADUM342E0BRQZ-RL7TR-ND,505-ADUM342E0BRQZ-RL7CT-ND,505-ADUM342E0BRQZ-RL7DKR-ND","ADUM342E0BRQZ-RL7","Analog Devices Inc.","Analog Devices Inc.","DG ISO 3KV 4CH CAN/RS485 16-SSOP","759","3.82","0","1","Tape & Reel (TR),Cut Tape (CT),Digi-Reel®","-","Active","Magnetic Coupling","CAN, RS485, SPI","No","4","2/2","Unidirectional","3000Vrms","100kV/µs","150Mbps","10ns, 10ns","3ns","2.5ns, 2.5ns","2.25V ~ 5.5V","-","-","-40°C ~ 125°C","Surface Mount","16-SSOP (0.154"", 3.90mm Width)","16-QSOP","https://www.digikey.be/en/products/detail/analog-devices-inc/ADUM342E0BRQZ-RL7/24614779"
"https://www.analog.com/media/en/technical-documentation/data-sheets/adum1252.pdf","//mm.digikey.com/Volume0/opasdata/d220001/medias/images/6621/MFG_505%7E21-0036%7EU%2CUA%7E8.jpg","505-ADUM1252AUA+TTR-ND,505-ADUM1252AUA+TCT-ND,505-ADUM1252AUA+TDKR-ND","ADUM1252AUA+T","Analog Devices Inc.","Analog Devices Inc.","DGTL ISO 2.5KV 2CH I2C 8-MSOP","919","3.86","0","1","Tape & Reel (TR),Cut Tape (CT),Digi-Reel®","-","Active","Magnetic Coupling","I2C","No","2","2/2","Bidirectional","2500Vrms","200kV/µs","2MHz","95.8ns, 128.4ns","94.2ns","-, 34.7ns","1.71V ~ 5.5V","-","-","-40°C ~ 125°C","Surface Mount","8-TSSOP, 8-MSOP (0.118"", 3.00mm Width)","8-µMAX","https://www.digikey.be/en/products/detail/analog-devices-inc/ADUM1252AUA-T/25619660"
"https://www.analog.com/media/en/technical-documentation/data-sheets/adum1252.pdf","//mm.digikey.com/Volume0/opasdata/d220001/medias/images/6762/505%7E21-100415%7EWA%7E8.jpg","505-ADUM1252AWA+TTR-ND,505-ADUM1252AWA+TCT-ND,505-ADUM1252AWA+TDKR-ND","ADUM1252AWA+T","Analog Devices Inc.","Analog Devices Inc.","DGTL ISO 5KV 2CH I2C 8-SOIC(W)","1.117","3.86","0","1","Tape & Reel (TR),Cut Tape (CT),Digi-Reel®","-","Active","Magnetic Coupling","I2C","No","4","2/2","Bidirectional","5000Vrms","200kV/µs","2MHz","50ns, 133.3ns","94.2ns","-, 20.3ns","1.71V ~ 5.5V","-","-","-40°C ~ 125°C","Surface Mount","8-SOIC (0.295"", 7.50mm Width)","8-SOIC","https://www.digikey.be/en/products/detail/analog-devices-inc/ADUM1252AWA-T/25619683"
"https://www.analog.com/media/en/technical-documentation/data-sheets/ADUM3300_3301.pdf","//mm.digikey.com/Volume0/opasdata/d220001/medias/images/7547/MFG_505%7ERW-16%7ERW%7E16.jpg","505-ADUM3301WARWZ-ND","ADUM3301WARWZ","Analog Devices Inc.","Analog Devices Inc.","DGTL ISOLTR 2.5KV 3CH GP 16-SOIC","0","3.92809","0","141","Tube","-","Active","Magnetic Coupling","General Purpose","No","3","2/1","Unidirectional","2500Vrms","25kV/µs","1Mbps","100ns, 100ns","40ns","2.5ns, 2.5ns","3V ~ 5.5V","Automotive","-","-40°C ~ 105°C","Surface Mount","16-SOIC (0.295"", 7.50mm Width)","16-SOIC","https://www.digikey.be/en/products/detail/analog-devices-inc/ADUM3301WARWZ/5957985"
"https://www.analog.com/media/en/technical-documentation/data-sheets/ADuM140D_140E_141D_141E_142D_142E.pdf","//mm.digikey.com/Volume0/opasdata/d220001/medias/images/7547/MFG_505%7ERW-16%7ERW%7E16.jpg","505-ADUM142E1BRWZ-ND","ADUM142E1BRWZ","Analog Devices Inc.","Analog Devices Inc.","DGTL ISOLTR 3.75KV 4CH GP 16SOIC","821","3.94","0","1","Tube","iCoupler®","Active","Magnetic Coupling","General Purpose","No","4","2/2","Unidirectional","3750Vrms","75kV/µs","150Mbps","13ns, 13ns","3ns","2.5ns, 2.5ns","1.7V ~ 5.5V","-","-","-40°C ~ 125°C","Surface Mount","16-SOIC (0.295"", 7.50mm Width)","16-SOIC","https://www.digikey.be/en/products/detail/analog-devices-inc/ADUM142E1BRWZ/5583201"
"https://www.analog.com/media/en/technical-documentation/data-sheets/adum340e-341e-342e.pdf","//mm.digikey.com/Volume0/opasdata/d220001/medias/images/7547/MFG_505%7ERW-16%7ERW%7E16.jpg","505-ADUM342E1BRWZ-ND","ADUM342E1BRWZ","Analog Devices Inc.","Analog Devices Inc.","DGTL ISO 5.7KV 4CH CAN 16-SOIC","682","3.94","0","1","Tube","-","Active","Magnetic Coupling","CAN, RS485, SPI","No","4","2/2","Unidirectional","5700Vrms","100kV/µs","150Mbps","10ns, 10ns","3ns","2.5ns, 2.5ns","2.25V ~ 5.5V","Automotive","AEC-Q100","-40°C ~ 125°C","Surface Mount","16-SOIC (0.295"", 7.50mm Width)","16-SOIC","https://www.digikey.be/en/products/detail/analog-devices-inc/ADUM342E1BRWZ/19203216"
"https://www.analog.com/media/en/technical-documentation/data-sheets/ADuM140D_140E_141D_141E_142D_142E.pdf","//mm.digikey.com/Volume0/opasdata/d220001/medias/images/4994/505%7ER-16-S%7ER%7E16.JPG","ADUM142E1BRZ-ND","ADUM142E1BRZ","Analog Devices Inc.","Analog Devices Inc.","DGTL ISOLTR 3KV 4CH GP 16-SOIC","499","3.94","0","1","Tube","iCoupler®","Active","Magnetic Coupling","General Purpose","No","4","2/2","Unidirectional","3000Vrms","75kV/µs","150Mbps","13ns, 13ns","3ns","2.5ns, 2.5ns","1.7V ~ 5.5V","-","-","-40°C ~ 125°C","Surface Mount","16-SOIC (0.154"", 3.90mm Width)","16-SOIC","https://www.digikey.be/en/products/detail/analog-devices-inc/ADUM142E1BRZ/5777235"
"https://www.analog.com/media/en/technical-documentation/data-sheets/ADuM140D_140E_141D_141E_142D_142E.pdf","//mm.digikey.com/Volume0/opasdata/d220001/medias/images/4994/505%7ER-16-S%7ER%7E16.JPG","505-ADUM142E0BRZ-ND","ADUM142E0BRZ","Analog Devices Inc.","Analog Devices Inc.","DGTL ISOLTR 3KV 4CH GP 16-SOIC","359","3.94","0","1","Tube","iCoupler®","Active","Magnetic Coupling","General Purpose","No","4","2/2","Unidirectional","3000Vrms","75kV/µs","150Mbps","13ns, 13ns","3ns","2.5ns, 2.5ns","1.7V ~ 5.5V","-","-","-40°C ~ 125°C","Surface Mount","16-SOIC (0.154"", 3.90mm Width)","16-SOIC","https://www.digikey.be/en/products/detail/analog-devices-inc/ADUM142E0BRZ/5777234"
"https://www.analog.com/media/en/technical-documentation/data-sheets/ADuM140D_140E_141D_141E_142D_142E.pdf","//mm.digikey.com/Volume0/opasdata/d220001/medias/images/7547/MFG_505%7ERW-16%7ERW%7E16.jpg","505-ADUM142D0BRWZ-ND","ADUM142D0BRWZ","Analog Devices Inc.","Analog Devices Inc.","DGTL ISOLTR 3.75KV 4CH GP 16SOIC","192","3.94","0","1","Tube","iCoupler®","Active","Magnetic Coupling","General Purpose","No","4","2/2","Unidirectional","3750Vrms","75kV/µs","150Mbps","13ns, 13ns","3ns","2.5ns, 2.5ns","1.7V ~ 5.5V","-","-","-40°C ~ 125°C","Surface Mount","16-SOIC (0.295"", 7.50mm Width)","16-SOIC","https://www.digikey.be/en/products/detail/analog-devices-inc/ADUM142D0BRWZ/5583198"
"https://www.analog.com/media/en/technical-documentation/data-sheets/ADuM140D_140E_141D_141E_142D_142E.pdf","//mm.digikey.com/Volume0/opasdata/d220001/medias/images/7348/MFG_505%7ERQ-16%7ERQ%7E16.jpg","505-ADUM142E1BRQZ-ND","ADUM142E1BRQZ","Analog Devices Inc.","Analog Devices Inc.","DGTL ISOLTR 3KV 4CH GP 16-SSOP","100","3.94","0","1","Tube","iCoupler®","Active","Magnetic Coupling","General Purpose","No","4","2/2","Unidirectional","3000Vrms","75kV/µs","150Mbps","13ns, 13ns","3ns","2.5ns, 2.5ns","1.7V ~ 5.5V","-","-","-40°C ~ 125°C","Surface Mount","16-SSOP (0.154"", 3.90mm Width)","16-QSOP","https://www.digikey.be/en/products/detail/analog-devices-inc/ADUM142E1BRQZ/7390063"
"https://www.analog.com/media/en/technical-documentation/data-sheets/ADuM140D_140E_141D_141E_142D_142E.pdf","//mm.digikey.com/Volume0/opasdata/d220001/medias/images/7348/MFG_505%7ERQ-16%7ERQ%7E16.jpg","505-ADUM142E0BRQZ-ND","ADUM142E0BRQZ","Analog Devices Inc.","Analog Devices Inc.","DGTL ISOLTR 3KV 4CH GP 16-SSOP","3.071","3.94","0","1","Tube","iCoupler®","Active","Magnetic Coupling","General Purpose","No","4","2/2","Unidirectional","3000Vrms","75kV/µs","150Mbps","13ns, 13ns","3ns","2.5ns, 2.5ns","1.7V ~ 5.5V","-","-","-40°C ~ 125°C","Surface Mount","16-SSOP (0.154"", 3.90mm Width)","16-QSOP","https://www.digikey.be/en/products/detail/analog-devices-inc/ADUM142E0BRQZ/7390062"
"https://www.analog.com/media/en/technical-documentation/data-sheets/ADuM140D_140E_141D_141E_142D_142E.pdf","//mm.digikey.com/Volume0/opasdata/d220001/medias/images/4994/505%7ER-16-S%7ER%7E16.JPG","ADUM142D1BRZ-ND","ADUM142D1BRZ","Analog Devices Inc.","Analog Devices Inc.","DGTL ISOLTR 3KV 4CH GP 16-SOIC","701","3.94","0","1","Tube","iCoupler®","Active","Magnetic Coupling","General Purpose","No","4","2/2","Unidirectional","3000Vrms","75kV/µs","150Mbps","13ns, 13ns","3ns","2.5ns, 2.5ns","1.7V ~ 5.5V","-","-","-40°C ~ 125°C","Surface Mount","16-SOIC (0.154"", 3.90mm Width)","16-SOIC","https://www.digikey.be/en/products/detail/analog-devices-inc/ADUM142D1BRZ/5777233"
"https://www.analog.com/media/en/technical-documentation/data-sheets/ADuM140D_140E_141D_141E_142D_142E.pdf","//mm.digikey.com/Volume0/opasdata/d220001/medias/images/7547/MFG_505%7ERW-16%7ERW%7E16.jpg","505-ADUM142E0BRWZ-ND","ADUM142E0BRWZ","Analog Devices Inc.","Analog Devices Inc.","DGTL ISOLTR 3.75KV 4CH GP 16SOIC","685","3.94","0","1","Tube","iCoupler®","Active","Magnetic Coupling","General Purpose","No","4","2/2","Unidirectional","3750Vrms","75kV/µs","150Mbps","13ns, 13ns","3ns","2.5ns, 2.5ns","1.7V ~ 5.5V","-","-","-40°C ~ 125°C","Surface Mount","16-SOIC (0.295"", 7.50mm Width)","16-SOIC","https://www.digikey.be/en/products/detail/analog-devices-inc/ADUM142E0BRWZ/5583200"
"https://www.analog.com/media/en/technical-documentation/data-sheets/ADuM140D_140E_141D_141E_142D_142E.pdf","//mm.digikey.com/Volume0/opasdata/d220001/medias/images/4994/505%7ER-16-S%7ER%7E16.JPG","505-ADUM142D0BRZ-ND","ADUM142D0BRZ","Analog Devices Inc.","Analog Devices Inc.","DGTL ISOLTR 3KV 4CH GP 16-SOIC","376","3.94","0","1","Tube","iCoupler®","Active","Magnetic Coupling","General Purpose","No","4","2/2","Unidirectional","3000Vrms","75kV/µs","150Mbps","13ns, 13ns","3ns","2.5ns, 2.5ns","1.7V ~ 5.5V","-","-","-40°C ~ 125°C","Surface Mount","16-SOIC (0.154"", 3.90mm Width)","16-SOIC","https://www.digikey.be/en/products/detail/analog-devices-inc/ADUM142D0BRZ/5777232"
"https://www.analog.com/media/en/technical-documentation/data-sheets/ADuM140D_140E_141D_141E_142D_142E.pdf","//mm.digikey.com/Volume0/opasdata/d220001/medias/images/7348/MFG_505%7ERQ-16%7ERQ%7E16.jpg","ADUM142D0BRQZ-ND","ADUM142D0BRQZ","Analog Devices Inc.","Analog Devices Inc.","DGTL ISOLTR 3KV 4CH GP 16-SSOP","283","3.94","0","1","Tube","iCoupler®","Active","Magnetic Coupling","General Purpose","No","4","2/2","Unidirectional","3000Vrms","75kV/µs","150Mbps","13ns, 13ns","3ns","2.5ns, 2.5ns","1.7V ~ 5.5V","-","-","-40°C ~ 125°C","Surface Mount","16-SSOP (0.154"", 3.90mm Width)","16-QSOP","https://www.digikey.be/en/products/detail/analog-devices-inc/ADUM142D0BRQZ/7390060"
"https://www.analog.com/media/en/technical-documentation/data-sheets/adum340e-341e-342e.pdf","//mm.digikey.com/Volume0/opasdata/d220001/medias/images/7547/MFG_505%7ERW-16%7ERW%7E16.jpg","505-ADUM342E0BRWZ-ND","ADUM342E0BRWZ","Analog Devices Inc.","Analog Devices Inc.","DGTL ISO 5.7KV 4CH CAN 16-SOIC","45","3.94","0","1","Tube","-","Active","Magnetic Coupling","CAN, RS485, SPI","No","4","2/2","Unidirectional","5700Vrms","100kV/µs","150Mbps","10ns, 10ns","3ns","2.5ns, 2.5ns","2.25V ~ 5.5V","Automotive","AEC-Q100","-40°C ~ 125°C","Surface Mount","16-SOIC (0.295"", 7.50mm Width)","16-SOIC","https://www.digikey.be/en/products/detail/analog-devices-inc/ADUM342E0BRWZ/19203220"
"https://www.analog.com/media/en/technical-documentation/data-sheets/ADuM140D_140E_141D_141E_142D_142E.pdf","//mm.digikey.com/Volume0/opasdata/d220001/medias/images/7547/MFG_505%7ERW-16%7ERW%7E16.jpg","ADUM142D1BRWZ-ND","ADUM142D1BRWZ","Analog Devices Inc.","Analog Devices Inc.","DGTL ISOLTR 3.75KV 4CH GP 16SOIC","328","3.94","0","1","Tube","iCoupler®","Active","Magnetic Coupling","General Purpose","No","4","2/2","Unidirectional","3750Vrms","75kV/µs","150Mbps","13ns, 13ns","3ns","2.5ns, 2.5ns","1.7V ~ 5.5V","-","-","-40°C ~ 125°C","Surface Mount","16-SOIC (0.295"", 7.50mm Width)","16-SOIC","https://www.digikey.be/en/products/detail/analog-devices-inc/ADUM142D1BRWZ/5583199"
"https://www.analog.com/media/en/technical-documentation/data-sheets/ADuM140D_140E_141D_141E_142D_142E.pdf","//mm.digikey.com/Volume0/opasdata/d220001/medias/images/7348/MFG_505%7ERQ-16%7ERQ%7E16.jpg","505-ADUM142D1BRQZ-ND","ADUM142D1BRQZ","Analog Devices Inc.","Analog Devices Inc.","DGTL ISOLTR 3KV 4CH GP 16-SSOP","207","3.94","0","1","Tube","iCoupler®","Active","Magnetic Coupling","General Purpose","No","4","2/2","Unidirectional","3000Vrms","75kV/µs","150Mbps","13ns, 13ns","3ns","2.5ns, 2.5ns","1.7V ~ 5.5V","-","-","-40°C ~ 125°C","Surface Mount","16-SSOP (0.154"", 3.90mm Width)","16-QSOP","https://www.digikey.be/en/products/detail/analog-devices-inc/ADUM142D1BRQZ/7390061"
"https://www.analog.com/media/en/technical-documentation/data-sheets/adum340e-341e-342e.pdf","//mm.digikey.com/Volume0/opasdata/d220001/medias/images/7348/MFG_505%7ERQ-16%7ERQ%7E16.jpg","505-ADUM342E0BRQZ-ND","ADUM342E0BRQZ","Analog Devices Inc.","Analog Devices Inc.","DG ISO 3KV 4CH CAN/RS485 16-SSOP","222","3.94","0","1","Tube","-","Active","Magnetic Coupling","CAN, RS485, SPI","No","4","2/2","Unidirectional","3000Vrms","100kV/µs","150Mbps","10ns, 10ns","3ns","2.5ns, 2.5ns","2.25V ~ 5.5V","-","-","-40°C ~ 125°C","Surface Mount","16-SSOP (0.154"", 3.90mm Width)","16-QSOP","https://www.digikey.be/en/products/detail/analog-devices-inc/ADUM342E0BRQZ/24577138"
"https://www.analog.com/media/en/technical-documentation/data-sheets/adum340e-341e-342e.pdf","//mm.digikey.com/Volume0/opasdata/d220001/medias/images/7348/MFG_505%7ERQ-16%7ERQ%7E16.jpg","505-ADUM342E1BRQZ-ND","ADUM342E1BRQZ","Analog Devices Inc.","Analog Devices Inc.","DG ISO 3KV 4CH CAN/RS485 16-SSOP","82","3.94","0","1","Tube","-","Active","Magnetic Coupling","CAN, RS485, SPI","No","4","2/2","Unidirectional","3000Vrms","100kV/µs","150Mbps","10ns, 10ns","3ns","2.5ns, 2.5ns","2.25V ~ 5.5V","-","-","-40°C ~ 125°C","Surface Mount","16-SSOP (0.154"", 3.90mm Width)","16-QSOP","https://www.digikey.be/en/products/detail/analog-devices-inc/ADUM342E1BRQZ/24577117"
"https://www.analog.com/media/en/technical-documentation/data-sheets/adum1252.pdf","//mm.digikey.com/Volume0/opasdata/d220001/medias/images/8906/MFG_175%7E21-0041%7ESA%7E8.jpg","505-ADUM1252ASA+-ND","ADUM1252ASA+","Analog Devices Inc./Maxim Integrated","Analog Devices Inc./Maxim Integrated","DGTL ISO 3KV 2CH I2C 8-SOIC","795","3.98","0","1","Tube","-","Active","Capacitive Coupling","I2C","No","4","2/2","Bidirectional","3000Vrms","200kV/µs","2MHz","50ns, 133.3ns","94.2ns","-, 36.1ns","1.71V ~ 5.5V","-","-","-40°C ~ 125°C","Surface Mount","8-SOIC (0.154"", 3.90mm Width)","8-SOIC","https://www.digikey.be/en/products/detail/analog-devices-inc-maxim-integrated/ADUM1252ASA/21777894"
"https://www.analog.com/media/en/technical-documentation/data-sheets/adum1252.pdf","//mm.digikey.com/Volume0/opasdata/d220001/medias/images/6762/505%7E21-100415%7EWA%7E8.jpg","175-ADUM1252AWA+-ND","ADUM1252AWA+","Analog Devices Inc./Maxim Integrated","Analog Devices Inc./Maxim Integrated","DGTL ISO 5KV 2CH I2C 8-SOIC(W)","837","3.98","0","1","Tube","-","Active","Magnetic Coupling","I2C","No","4","2/2","Bidirectional","5000Vrms","200kV/µs","2MHz","50ns, 133.3ns","94.2ns","-, 20.3ns","1.71V ~ 5.5V","-","-","-40°C ~ 125°C","Surface Mount","8-SOIC (0.295"", 7.50mm Width)","8-SOIC","https://www.digikey.be/en/products/detail/analog-devices-inc-maxim-integrated/ADUM1252AWA/24764406"
"https://www.analog.com/media/en/technical-documentation/data-sheets/adum1252.pdf","//mm.digikey.com/Volume0/opasdata/d220001/medias/images/6621/MFG_505%7E21-0036%7EU%2CUA%7E8.jpg","505-ADUM1252AUA+-ND","ADUM1252AUA+","Analog Devices Inc.","Analog Devices Inc.","DGTL ISO 2.5KV 2CH I2C 8-MSOP","836","3.98","0","1","Tube","-","Active","Magnetic Coupling","I2C","No","4","2/2","Bidirectional","2500Vrms","200kV/µs","2MHz","50ns, 133.3ns","94.2ns","-, 20.3ns","1.71V ~ 5.5V","-","-","-40°C ~ 125°C","Surface Mount","8-TSSOP, 8-MSOP (0.118"", 3.00mm Width)","8-µMAX","https://www.digikey.be/en/products/detail/analog-devices-inc/ADUM1252AUA/24764401"
"https://www.analog.com/media/en/technical-documentation/data-sheets/ADuM140D_140E_141D_141E_142D_142E.pdf","//mm.digikey.com/Volume0/opasdata/d220001/medias/images/7547/MFG_505%7ERW-16%7ERW%7E16.jpg","505-ADUM142E1WBRWZ-RLTR-ND,505-ADUM142E1WBRWZ-RLCT-ND,505-ADUM142E1WBRWZ-RLDKR-ND","ADUM142E1WBRWZ-RL","Analog Devices Inc.","Analog Devices Inc.","DGTL ISO 3.75KV 4CH SPI 16-SOIC","1.106","4.18","0","1","Tape & Reel (TR),Cut Tape (CT),Digi-Reel®","iCoupler®","Active","Magnetic Coupling","General Purpose","No","4","2/2","Unidirectional","3750Vrms","100kV/µs","150Mbps","13ns, 13ns","3ns","2.5ns, 2.5ns","1.8V ~ 5.5V","Automotive","AEC-Q100","-40°C ~ 125°C","Surface Mount","16-SOIC (0.295"", 7.50mm Width)","16-SOIC","https://www.digikey.be/en/products/detail/analog-devices-inc/ADUM142E1WBRWZ-RL/7914809"
"https://www.analog.com/media/en/technical-documentation/data-sheets/adum340e-341e-342e.pdf","//mm.digikey.com/Volume0/opasdata/d220001/medias/images/7348/MFG_505%7ERQ-16%7ERQ%7E16.jpg","505-ADUM342E0WBRQZ-RL7TR-ND,505-ADUM342E0WBRQZ-RL7CT-ND,505-ADUM342E0WBRQZ-RL7DKR-ND","ADUM342E0WBRQZ-RL7","Analog Devices Inc.","Analog Devices Inc.","DG ISO 3KV 4CH CAN/RS485 16-SSOP","611","4.18","0","1","Tape & Reel (TR),Cut Tape (CT),Digi-Reel®","-","Active","Magnetic Coupling","CAN, RS485, SPI","No","4","2/2","Unidirectional","3000Vrms","100kV/µs","150Mbps","10ns, 10ns","3ns","2.5ns, 2.5ns","2.25V ~ 5.5V","Automotive","AEC-Q100","-40°C ~ 125°C","Surface Mount","16-SSOP (0.154"", 3.90mm Width)","16-QSOP","https://www.digikey.be/en/products/detail/analog-devices-inc/ADUM342E0WBRQZ-RL7/24614735"
"https://www.analog.com/media/en/technical-documentation/data-sheets/adum340e-341e-342e.pdf","//mm.digikey.com/Volume0/opasdata/d220001/medias/images/7348/MFG_505%7ERQ-16%7ERQ%7E16.jpg","505-ADUM342E1WBRQZ-RL7TR-ND,505-ADUM342E1WBRQZ-RL7CT-ND,505-ADUM342E1WBRQZ-RL7DKR-ND","ADUM342E1WBRQZ-RL7","Analog Devices Inc.","Analog Devices Inc.","DG ISO 3KV 4CH CAN/RS485 16-SSOP","337","4.18","0","1","Tape & Reel (TR),Cut Tape (CT),Digi-Reel®","-","Active","Magnetic Coupling","CAN, RS485, SPI","No","4","2/2","Unidirectional","3000Vrms","100kV/µs","150Mbps","10ns, 10ns","3ns","2.5ns, 2.5ns","2.25V ~ 5.5V","Automotive","AEC-Q100","-40°C ~ 125°C","Surface Mount","16-SSOP (0.154"", 3.90mm Width)","16-QSOP","https://www.digikey.be/en/products/detail/analog-devices-inc/ADUM342E1WBRQZ-RL7/24614736"
"https://www.analog.com/media/en/technical-documentation/data-sheets/ADuM240D_240E_241D_241E_242D_242E.pdf","//mm.digikey.com/Volume0/opasdata/d220001/medias/images/7547/MFG_505%7ERW-16%7ERW%7E16.jpg","505-ADUM242E0BRWZ-ND","ADUM242E0BRWZ","Analog Devices Inc.","Analog Devices Inc.","DGTL ISOLTR 5KV 4CH GP 16-SOIC","428","4.23","0","1","Tube","iCoupler®","Active","Magnetic Coupling","General Purpose","No","4","2/2","Unidirectional","5000Vrms","75kV/µs","150Mbps","13ns, 13ns","3ns","2.5ns, 2.5ns","1.7V ~ 5.5V","-","-","-40°C ~ 125°C","Surface Mount","16-SOIC (0.295"", 7.50mm Width)","16-SOIC","https://www.digikey.be/en/products/detail/analog-devices-inc/ADUM242E0BRWZ/5726652"
"https://www.analog.com/media/en/technical-documentation/data-sheets/ADuM240D_240E_241D_241E_242D_242E.pdf","//mm.digikey.com/Volume0/opasdata/d220001/medias/images/4265/505%7ERI-16-2%7ERI%7E16.jpg","505-ADUM242E1BRIZ-RLTR-ND,505-ADUM242E1BRIZ-RLCT-ND,505-ADUM242E1BRIZ-RLDKR-ND","ADUM242E1BRIZ-RL","Analog Devices Inc.","Analog Devices Inc.","DGTL ISOLTR 5KV 4CH GP 16-SOIC","2.708","4.23","0","1","Tape & Reel (TR),Cut Tape (CT),Digi-Reel®","iCoupler®","Active","Magnetic Coupling","General Purpose","No","4","2/2","Unidirectional","5000Vrms","75kV/µs","150Mbps","13ns, 13ns","3ns","2.5ns, 2.5ns","1.7V ~ 5.5V","-","-","-40°C ~ 125°C","Surface Mount","16-SOIC (0.295"", 7.50mm Width)","16-SOIC","https://www.digikey.be/en/products/detail/analog-devices-inc/ADUM242E1BRIZ-RL/6072256"
"https://www.analog.com/media/en/technical-documentation/data-sheets/ADuM240D_240E_241D_241E_242D_242E.pdf","//mm.digikey.com/Volume0/opasdata/d220001/medias/images/7547/MFG_505%7ERW-16%7ERW%7E16.jpg","505-ADUM242E1BRWZ-RLTR-ND,505-ADUM242E1BRWZ-RLCT-ND,505-ADUM242E1BRWZ-RLDKR-ND","ADUM242E1BRWZ-RL","Analog Devices Inc.","Analog Devices Inc.","DGTL ISOLTR 5KV 4CH GP 16-SOIC","13","4.23","0","1","Tape & Reel (TR),Cut Tape (CT),Digi-Reel®","iCoupler®","Active","Magnetic Coupling","General Purpose","No","4","2/2","Unidirectional","5000Vrms","75kV/µs","150Mbps","13ns, 13ns","3ns","2.5ns, 2.5ns","1.7V ~ 5.5V","-","-","-40°C ~ 125°C","Surface Mount","16-SOIC (0.295"", 7.50mm Width)","16-SOIC","https://www.digikey.be/en/products/detail/analog-devices-inc/ADUM242E1BRWZ-RL/5726196"
"https://www.analog.com/media/en/technical-documentation/data-sheets/ADUM1310_1311.pdf","//mm.digikey.com/Volume0/opasdata/d220001/medias/images/7547/MFG_505%7ERW-16%7ERW%7E16.jpg","ADUM1311ARWZ-RLTR-ND,ADUM1311ARWZ-RLCT-ND,ADUM1311ARWZ-RLDKR-ND","ADUM1311ARWZ-RL","Analog Devices Inc.","Analog Devices Inc.","DGTL ISOLTR 3.75KV 3CH GP 16SOIC","342","4.27","0","1","Tape & Reel (TR),Cut Tape (CT),Digi-Reel®","iCoupler®","Active","Magnetic Coupling","General Purpose","No","3","2/1","Unidirectional","3750Vrms","25kV/µs","1Mbps","100ns, 100ns","40ns","2.5ns, 2.5ns","2.7V ~ 5.5V","-","-","-40°C ~ 105°C","Surface Mount","16-SOIC (0.295"", 7.50mm Width)","16-SOIC","https://www.digikey.be/en/products/detail/analog-devices-inc/ADUM1311ARWZ-RL/1534673"
"https://www.analog.com/media/en/technical-documentation/data-sheets/ADuM140D_140E_141D_141E_142D_142E.pdf","//mm.digikey.com/Volume0/opasdata/d220001/medias/images/7547/MFG_505%7ERW-16%7ERW%7E16.jpg","505-ADUM142E1WBRWZ-ND","ADUM142E1WBRWZ","Analog Devices Inc.","Analog Devices Inc.","DGTL ISO 3.75KV 4CH SPI 16-SOIC","1.225","4.31","0","1","Tube","iCoupler®","Active","Magnetic Coupling","General Purpose","No","4","2/2","Unidirectional","3750Vrms","100kV/µs","150Mbps","13ns, 13ns","3ns","2.5ns, 2.5ns","1.8V ~ 5.5V","Automotive","AEC-Q100","-40°C ~ 125°C","Surface Mount","16-SOIC (0.295"", 7.50mm Width)","16-SOIC","https://www.digikey.be/en/products/detail/analog-devices-inc/ADUM142E1WBRWZ/7915245"
"https://www.analog.com/media/en/technical-documentation/data-sheets/adum340e-341e-342e.pdf","//mm.digikey.com/Volume0/opasdata/d220001/medias/images/7547/MFG_505%7ERW-16%7ERW%7E16.jpg","505-ADUM342E1WBRWZ-ND","ADUM342E1WBRWZ","Analog Devices Inc.","Analog Devices Inc.","DGTL ISO 5.7KV 4CH CAN 16-SOIC","465","4.31","0","1","Tube","-","Active","Magnetic Coupling","CAN, RS485, SPI","No","4","2/2","Unidirectional","5700Vrms","100kV/µs","150Mbps","10ns, 10ns","3ns","2.5ns, 2.5ns","2.25V ~ 5.5V","Automotive","AEC-Q100","-40°C ~ 125°C","Surface Mount","16-SOIC (0.295"", 7.50mm Width)","16-SOIC","https://www.digikey.be/en/products/detail/analog-devices-inc/ADUM342E1WBRWZ/19203224"
"https://www.analog.com/media/en/technical-documentation/data-sheets/adum340e-341e-342e.pdf","//mm.digikey.com/Volume0/opasdata/d220001/medias/images/7547/MFG_505%7ERW-16%7ERW%7E16.jpg","505-ADUM342E0WBRWZ-ND","ADUM342E0WBRWZ","Analog Devices Inc.","Analog Devices Inc.","DGTL ISO 5.7KV 4CH CAN 16-SOIC","76","4.31","0","1","Tube","-","Active","Magnetic Coupling","CAN, RS485, SPI","No","4","2/2","Unidirectional","5700Vrms","100kV/µs","150Mbps","10ns, 10ns","3ns","2.5ns, 2.5ns","2.25V ~ 5.5V","Automotive","AEC-Q100","-40°C ~ 125°C","Surface Mount","16-SOIC (0.295"", 7.50mm Width)","16-SOIC","https://www.digikey.be/en/products/detail/analog-devices-inc/ADUM342E0WBRWZ/20393411"
"https://www.analog.com/media/en/technical-documentation/data-sheets/adum340e-341e-342e.pdf","//mm.digikey.com/Volume0/opasdata/d220001/medias/images/7348/MFG_505%7ERQ-16%7ERQ%7E16.jpg","505-ADUM342E1WBRQZ-ND","ADUM342E1WBRQZ","Analog Devices Inc.","Analog Devices Inc.","DG ISO 3KV 4CH CAN/RS485 16-SSOP","95","4.31","0","1","Tube","-","Active","Magnetic Coupling","CAN, RS485, SPI","No","4","2/2","Unidirectional","3000Vrms","100kV/µs","150Mbps","10ns, 10ns","3ns","2.5ns, 2.5ns","2.25V ~ 5.5V","Automotive","AEC-Q100","-40°C ~ 125°C","Surface Mount","16-SSOP (0.154"", 3.90mm Width)","16-QSOP","https://www.digikey.be/en/products/detail/analog-devices-inc/ADUM342E1WBRQZ/24577159"
"https://www.analog.com/media/en/technical-documentation/data-sheets/adum340e-341e-342e.pdf","//mm.digikey.com/Volume0/opasdata/d220001/medias/images/7348/MFG_505%7ERQ-16%7ERQ%7E16.jpg","505-ADUM342E0WBRQZ-ND","ADUM342E0WBRQZ","Analog Devices Inc.","Analog Devices Inc.","DG ISO 3KV 4CH CAN/RS485 16-SSOP","46","4.31","0","1","Tube","-","Active","Magnetic Coupling","CAN, RS485, SPI","No","4","2/2","Unidirectional","3000Vrms","100kV/µs","150Mbps","10ns, 10ns","3ns","2.5ns, 2.5ns","2.25V ~ 5.5V","Automotive","AEC-Q100","-40°C ~ 125°C","Surface Mount","16-SSOP (0.154"", 3.90mm Width)","16-QSOP","https://www.digikey.be/en/products/detail/analog-devices-inc/ADUM342E0WBRQZ/24577154"
"https://www.analog.com/media/en/technical-documentation/data-sheets/adum240d_240e_241d_241e_242d_242e.pdf","//mm.digikey.com/Volume0/opasdata/d220001/medias/images/4265/505%7ERI-16-2%7ERI%7E16.jpg","505-ADUM242E1BRIZ-ND","ADUM242E1BRIZ","Analog Devices Inc.","Analog Devices Inc.","DGTL ISOLTR 5KV 4CH GP 16-SOIC","3.280","4.36","0","1","Tube","iCoupler®","Active","Magnetic Coupling","General Purpose","No","4","2/2","Unidirectional","5000Vrms","75kV/µs","150Mbps","13ns, 13ns","3ns","2.5ns, 2.5ns","1.7V ~ 5.5V","-","-","-40°C ~ 125°C","Surface Mount","16-SOIC (0.295"", 7.50mm Width)","16-SOIC","https://www.digikey.be/en/products/detail/analog-devices-inc/ADUM242E1BRIZ/11642822"
"https://www.analog.com/media/en/technical-documentation/data-sheets/adum240d_240e_241d_241e_242d_242e.pdf","//mm.digikey.com/Volume0/opasdata/d220001/medias/images/7547/MFG_505%7ERW-16%7ERW%7E16.jpg","505-ADUM242E1BRWZ-ND","ADUM242E1BRWZ","Analog Devices Inc.","Analog Devices Inc.","DGTL ISOLTR 5KV 4CH GP 16-SOIC","299","4.36","0","1","Tube","iCoupler®","Active","Magnetic Coupling","General Purpose","No","4","2/2","Unidirectional","5000Vrms","75kV/µs","150Mbps","13ns, 13ns","3ns","2.5ns, 2.5ns","1.7V ~ 5.5V","-","-","-40°C ~ 125°C","Surface Mount","16-SOIC (0.295"", 7.50mm Width)","16-SOIC","https://www.digikey.be/en/products/detail/analog-devices-inc/ADUM242E1BRWZ/5726653"
"https://www.analog.com/media/en/technical-documentation/data-sheets/ADuM240D_240E_241D_241E_242D_242E.pdf","//mm.digikey.com/Volume0/opasdata/d220001/medias/images/4265/505%7ERI-16-2%7ERI%7E16.jpg","505-ADUM242E0BRIZ-ND","ADUM242E0BRIZ","Analog Devices Inc.","Analog Devices Inc.","DGTL ISOLTR 5KV 4CH GP 16-SOIC","275","4.36","0","1","Tube","iCoupler®","Active","Magnetic Coupling","General Purpose","No","4","2/2","Unidirectional","5000Vrms","75kV/µs","150Mbps","13ns, 13ns","3ns","2.5ns, 2.5ns","1.7V ~ 5.5V","-","-","-40°C ~ 125°C","Surface Mount","16-SOIC (0.295"", 7.50mm Width)","16-SOIC","https://www.digikey.be/en/products/detail/analog-devices-inc/ADUM242E0BRIZ/6072294"
"https://www.analog.com/media/en/technical-documentation/data-sheets/ADuM240D_240E_241D_241E_242D_242E.pdf","//mm.digikey.com/Volume0/opasdata/d220001/medias/images/7547/MFG_505%7ERW-16%7ERW%7E16.jpg","ADUM242D0BRWZ-ND","ADUM242D0BRWZ","Analog Devices Inc.","Analog Devices Inc.","DGTL ISOLTR 5KV 4CH GP 16-SOIC","182","4.36","0","1","Tube","iCoupler®","Active","Magnetic Coupling","General Purpose","No","4","2/2","Unidirectional","5000Vrms","75kV/µs","150Mbps","13ns, 13ns","3ns","2.5ns, 2.5ns","1.7V ~ 5.5V","-","-","-40°C ~ 125°C","Surface Mount","16-SOIC (0.295"", 7.50mm Width)","16-SOIC","https://www.digikey.be/en/products/detail/analog-devices-inc/ADUM242D0BRWZ/5726650"
"https://www.analog.com/media/en/technical-documentation/data-sheets/ADuM240D_240E_241D_241E_242D_242E.pdf","//mm.digikey.com/Volume0/opasdata/d220001/medias/images/4265/505%7ERI-16-2%7ERI%7E16.jpg","ADUM242D1BRIZ-ND","ADUM242D1BRIZ","Analog Devices Inc.","Analog Devices Inc.","DGTL ISOLTR 5KV 4CH GP 16-SOIC","129","4.36","0","1","Tube","iCoupler®","Active","Magnetic Coupling","General Purpose","No","4","2/2","Unidirectional","5000Vrms","75kV/µs","150Mbps","13ns, 13ns","3ns","2.5ns, 2.5ns","1.7V ~ 5.5V","-","-","-40°C ~ 125°C","Surface Mount","16-SOIC (0.295"", 7.50mm Width)","16-SOIC","https://www.digikey.be/en/products/detail/analog-devices-inc/ADUM242D1BRIZ/6072293"
"https://www.analog.com/media/en/technical-documentation/data-sheets/ADuM240D_240E_241D_241E_242D_242E.pdf","//mm.digikey.com/Volume0/opasdata/d220001/medias/images/7547/MFG_505%7ERW-16%7ERW%7E16.jpg","505-ADUM242D1BRWZ-ND","ADUM242D1BRWZ","Analog Devices Inc.","Analog Devices Inc.","DGTL ISOLTR 5KV 4CH GP 16-SOIC","61","4.36","0","1","Tube","iCoupler®","Active","Magnetic Coupling","General Purpose","No","4","2/2","Unidirectional","5000Vrms","75kV/µs","150Mbps","13ns, 13ns","3ns","2.5ns, 2.5ns","1.7V ~ 5.5V","-","-","-40°C ~ 125°C","Surface Mount","16-SOIC (0.295"", 7.50mm Width)","16-SOIC","https://www.digikey.be/en/products/detail/analog-devices-inc/ADUM242D1BRWZ/5726651"
"https://www.analog.com/media/en/technical-documentation/data-sheets/ADuM240D_240E_241D_241E_242D_242E.pdf","//mm.digikey.com/Volume0/opasdata/d220001/medias/images/4265/505%7ERI-16-2%7ERI%7E16.jpg","ADUM242D0BRIZ-ND","ADUM242D0BRIZ","Analog Devices Inc.","Analog Devices Inc.","DGTL ISOLTR 5KV 4CH GP 16-SOIC","230","4.36","0","1","Tube","iCoupler®","Active","Magnetic Coupling","General Purpose","No","4","2/2","Unidirectional","5000Vrms","75kV/µs","150Mbps","13ns, 13ns","3ns","2.5ns, 2.5ns","1.7V ~ 5.5V","-","-","-40°C ~ 125°C","Surface Mount","16-SOIC (0.295"", 7.50mm Width)","16-SOIC","https://www.digikey.be/en/products/detail/analog-devices-inc/ADUM242D0BRIZ/6072292"
"https://www.analog.com/media/en/technical-documentation/data-sheets/adum1440-1441-1442-1445-1446-1447.pdf","//mm.digikey.com/Volume0/opasdata/d220001/medias/images/4900/505%7ERS-20%7ERS%7E20.JPG","505-ADUM1447ARSZ-RL7TR-ND","ADUM1447ARSZ-RL7","Analog Devices Inc.","Analog Devices Inc.","DGTL ISOLTR 3.75KV 4CH GP 20SSOP","0","4.39716","0","500","Tape & Reel (TR)","iCoupler®","Active","Magnetic Coupling","General Purpose","No","4","2/2","Unidirectional","3750Vrms","25kV/µs","2Mbps","180ns, 180ns","8ns","2ns, 2ns","2.25V ~ 3.6V","-","-","-40°C ~ 125°C","Surface Mount","20-SSOP (0.209"", 5.30mm Width)","20-SSOP","https://www.digikey.be/en/products/detail/analog-devices-inc/ADUM1447ARSZ-RL7/4916458"
"https://www.analog.com/media/en/technical-documentation/data-sheets/adum1440-1441-1442-1445-1446-1447.pdf","//mm.digikey.com/Volume0/opasdata/d220001/medias/images/4900/505%7ERS-20%7ERS%7E20.JPG","ADUM1442ARSZ-RL7-ND","ADUM1442ARSZ-RL7","Analog Devices Inc.","Analog Devices Inc.","DGTL ISOLTR 3.75KV 4CH GP 20SSOP","0","4.39716","0","500","Tape & Reel (TR)","iCoupler®","Active","Magnetic Coupling","General Purpose","No","4","2/2","Unidirectional","3750Vrms","25kV/µs","2Mbps","180ns, 180ns","8ns","2ns, 2ns","2.25V ~ 3.6V","-","-","-40°C ~ 125°C","Surface Mount","20-SSOP (0.209"", 5.30mm Width)","20-SSOP","https://www.digikey.be/en/products/detail/analog-devices-inc/ADUM1442ARSZ-RL7/4916452"
"https://www.analog.com/media/en/technical-documentation/data-sheets/ADUM1310_1311.pdf","//mm.digikey.com/Volume0/opasdata/d220001/medias/images/7547/MFG_505%7ERW-16%7ERW%7E16.jpg","505-ADUM1311ARWZ-ND","ADUM1311ARWZ","Analog Devices Inc.","Analog Devices Inc.","DGTL ISOLTR 3.75KV 3CH GP 16SOIC","398","4.4","0","1","Tube","iCoupler®","Active","Magnetic Coupling","General Purpose","No","3","2/1","Unidirectional","3750Vrms","25kV/µs","1Mbps","100ns, 100ns","40ns","2.5ns, 2.5ns","2.7V ~ 5.5V","-","-","-40°C ~ 105°C","Surface Mount","16-SOIC (0.295"", 7.50mm Width)","16-SOIC","https://www.digikey.be/en/products/detail/analog-devices-inc/ADUM1311ARWZ/1523042"
"https://www.analog.com/media/en/technical-documentation/data-sheets/ADuM3400W_3401W_3402W.pdf","//mm.digikey.com/Volume0/opasdata/d220001/medias/images/7547/MFG_505%7ERW-16%7ERW%7E16.jpg","ADUM3402WARWZ-RLTR-ND","ADUM3402WARWZ-RL","Analog Devices Inc.","Analog Devices Inc.","DGTL ISOLTR 2.5KV 4CH GP 16-SOIC","0","4.47511","0","1000","Tape & Reel (TR)","-","Active","Magnetic Coupling","General Purpose","No","4","2/2","Unidirectional","2500Vrms","25kV/µs","1Mbps","100ns, 100ns","40ns","2.5ns, 2.5ns","3V ~ 5.5V","Automotive","-","-40°C ~ 125°C","Surface Mount","16-SOIC (0.295"", 7.50mm Width)","16-SOIC","https://www.digikey.be/en/products/detail/analog-devices-inc/ADUM3402WARWZ-RL/3820077"
"https://www.analog.com/media/en/technical-documentation/data-sheets/ADuM140D_140E_141D_141E_142D_142E.pdf","//mm.digikey.com/Volume0/opasdata/d220001/medias/images/7348/MFG_505%7ERQ-16%7ERQ%7E16.jpg","ADUM142E1WBRQZ-RL7TR-ND,ADUM142E1WBRQZ-RL7CT-ND,ADUM142E1WBRQZ-RL7DKR-ND","ADUM142E1WBRQZ-RL7","Analog Devices Inc.","Analog Devices Inc.","DGTL ISOLTR 3KV 4CH GP 16-SSOP","999","4.68","0","1","Tape & Reel (TR),Cut Tape (CT),Digi-Reel®","iCoupler®","Active","Magnetic Coupling","General Purpose","No","4","2/2","Unidirectional","3000Vrms","75kV/µs","150Mbps","13ns, 13ns","3ns","2.5ns, 2.5ns","1.7V ~ 5.5V","Automotive","AEC-Q100","-40°C ~ 125°C","Surface Mount","16-SSOP (0.154"", 3.90mm Width)","16-QSOP","https://www.digikey.be/en/products/detail/analog-devices-inc/ADUM142E1WBRQZ-RL7/6816330"
"https://www.analog.com/media/en/technical-documentation/data-sheets/adum7440_7441_7442.pdf","//mm.digikey.com/Volume0/opasdata/d220001/medias/images/7348/MFG_505%7ERQ-16%7ERQ%7E16.jpg","ADUM7442ARQZ-RL7TR-ND,ADUM7442ARQZ-RL7CT-ND,ADUM7442ARQZ-RL7DKR-ND","ADUM7442ARQZ-RL7","Analog Devices Inc.","Analog Devices Inc.","DGTL ISOLTR 1KV 4CH GP 16-SSOP","3.080","4.7","0","1","Tape & Reel (TR),Cut Tape (CT),Digi-Reel®","iCoupler®","Active","Magnetic Coupling","General Purpose","No","4","2/2","Unidirectional","1000Vrms","15kV/µs","1Mbps","75ns, 75ns","25ns","2ns, 2ns","3V ~ 5.5V","-","-","-40°C ~ 105°C","Surface Mount","16-SSOP (0.154"", 3.90mm Width)","16-QSOP","https://www.digikey.be/en/products/detail/analog-devices-inc/ADUM7442ARQZ-RL7/2261103"
"https://www.analog.com/media/en/technical-documentation/data-sheets/adum7440_7441_7442.pdf","//mm.digikey.com/Volume0/opasdata/d220001/medias/images/7348/MFG_505%7ERQ-16%7ERQ%7E16.jpg","ADUM7442ARQZ-ND","ADUM7442ARQZ","Analog Devices Inc.","Analog Devices Inc.","DGTL ISOLTR 1KV 4CH GP 16-SSOP","1.082","4.7","0","1","Tube","iCoupler®","Active","Magnetic Coupling","General Purpose","No","4","2/2","Unidirectional","1000Vrms","15kV/µs","1Mbps","75ns, 75ns","25ns","2ns, 2ns","3V ~ 5.5V","-","-","-40°C ~ 105°C","Surface Mount","16-SSOP (0.154"", 3.90mm Width)","16-QSOP","https://www.digikey.be/en/products/detail/analog-devices-inc/ADUM7442ARQZ/2237745"
"https://www.analog.com/media/en/technical-documentation/data-sheets/adum240d_240e_241d_241e_242d_242e.pdf","//mm.digikey.com/Volume0/opasdata/d220001/medias/images/7547/MFG_505%7ERW-16%7ERW%7E16.jpg","505-ADUM242E0WBRWZ-ND","ADUM242E0WBRWZ","Analog Devices Inc.","Analog Devices Inc.","DGTL ISOLTR 5KV 4CH GP 16-SOIC","249","4.77","0","1","Tube","iCoupler®","Active","Magnetic Coupling","General Purpose","No","4","2/2","Unidirectional","5000Vrms","75kV/µs","150Mbps","13ns, 13ns","3ns","2.5ns, 2.5ns","1.7V ~ 5.5V","Automotive","-","-40°C ~ 125°C","Surface Mount","16-SOIC (0.295"", 7.50mm Width)","16-SOIC","https://www.digikey.be/en/products/detail/analog-devices-inc/ADUM242E0WBRWZ/9485496"
"https://www.analog.com/media/en/technical-documentation/data-sheets/ADuM140D_140E_141D_141E_142D_142E.pdf","//mm.digikey.com/Volume0/opasdata/d220001/medias/images/7348/MFG_505%7ERQ-16%7ERQ%7E16.jpg","ADUM142E1WBRQZ-ND","ADUM142E1WBRQZ","Analog Devices Inc.","Analog Devices Inc.","DGTL ISOLTR 3KV 4CH GP 16-SSOP","187","4.82","0","1","Tube","iCoupler®","Active","Magnetic Coupling","General Purpose","No","4","2/2","Unidirectional","3000Vrms","75kV/µs","150Mbps","13ns, 13ns","3ns","2.5ns, 2.5ns","1.7V ~ 5.5V","Automotive","AEC-Q100","-40°C ~ 125°C","Surface Mount","16-SSOP (0.154"", 3.90mm Width)","16-QSOP","https://www.digikey.be/en/products/detail/analog-devices-inc/ADUM142E1WBRQZ/6816923"
"https://www.analog.com/media/en/technical-documentation/data-sheets/ADuM3480_3481_3482.pdf","//mm.digikey.com/Volume0/opasdata/d220001/medias/images/4900/505%7ERS-20%7ERS%7E20.JPG","ADUM3482ARSZ-RL7TR-ND,ADUM3482ARSZ-RL7CT-ND,ADUM3482ARSZ-RL7DKR-ND","ADUM3482ARSZ-RL7","Analog Devices Inc.","Analog Devices Inc.","DGTL ISOLTR 3.75KV 4CH GP 20SSOP","1.953","4.83","0","1","Tape & Reel (TR),Cut Tape (CT),Digi-Reel®","iCoupler®","Active","Magnetic Coupling","General Purpose","No","4","2/2","Unidirectional","3750Vrms","25kV/µs","1Mbps","90ns, 90ns","6ns","2.5ns, 2.5ns","1.8V ~ 5.5V, 3V ~ 5.5V","-","-","-40°C ~ 125°C","Surface Mount","20-SSOP (0.209"", 5.30mm Width)","20-SSOP","https://www.digikey.be/en/products/detail/analog-devices-inc/ADUM3482ARSZ-RL7/3775257"
"https://www.analog.com/media/en/technical-documentation/data-sheets/adum4400_4401_4402.pdf","//mm.digikey.com/Volume0/opasdata/d220001/medias/images/6296/505%7ERI-16-1%7ERI%7E16.jpg","ADUM4402ARIZ-RLTR-ND","ADUM4402ARIZ-RL","Analog Devices Inc.","Analog Devices Inc.","DGTL ISOLTR 5KV 4CH GP 16-SOIC","0","4.92003","0","1000","Tape & Reel (TR)","iCoupler®","Active","Magnetic Coupling","General Purpose","No","4","2/2","Unidirectional","5000Vrms","25kV/µs","1Mbps","100ns, 100ns","40ns","2.5ns, 2.5ns","3V ~ 5.5V","-","-","-40°C ~ 105°C","Surface Mount","16-SOIC (0.295"", 7.50mm Width)","16-SOIC-IC","https://www.digikey.be/en/products/detail/analog-devices-inc/ADUM4402ARIZ-RL/2780631"
"https://www.analog.com/media/en/technical-documentation/data-sheets/ADuM2400_2401_2402.pdf","//mm.digikey.com/Volume0/opasdata/d220001/medias/images/6296/505%7ERI-16-1%7ERI%7E16.jpg","ADUM2402ARIZ-RLTR-ND","ADUM2402ARIZ-RL","Analog Devices Inc.","Analog Devices Inc.","DGTL ISOLTR 5KV 4CH GP 16-SOIC","0","4.92003","0","1000","Tape & Reel (TR)","iCoupler®","Active","Magnetic Coupling","General Purpose","No","4","2/2","Unidirectional","5000Vrms","25kV/µs","1Mbps","100ns, 100ns","40ns","2.5ns, 2.5ns","2.7V ~ 5.5V","-","-","-40°C ~ 105°C","Surface Mount","16-SOIC (0.295"", 7.50mm Width)","16-SOIC-IC","https://www.digikey.be/en/products/detail/analog-devices-inc/ADUM2402ARIZ-RL/2780640"
"https://www.analog.com/media/en/technical-documentation/data-sheets/ADuM3400W_3401W_3402W.pdf","//mm.digikey.com/Volume0/opasdata/d220001/medias/images/7547/MFG_505%7ERW-16%7ERW%7E16.jpg","505-ADUM3402WARWZ-ND","ADUM3402WARWZ","Analog Devices Inc.","Analog Devices Inc.","DGTL ISOLTR 2.5KV 4CH GP 16-SOIC","0","4.95085","0","94","Tube","-","Active","Magnetic Coupling","General Purpose","No","4","2/2","Unidirectional","2500Vrms","25kV/µs","1Mbps","100ns, 100ns","40ns","2.5ns, 2.5ns","3.135V ~ 5.5V","Automotive","-","-40°C ~ 125°C","Surface Mount","16-SOIC (0.295"", 7.50mm Width)","16-SOIC","https://www.digikey.be/en/products/detail/analog-devices-inc/ADUM3402WARWZ/3821177"
"https://www.analog.com/media/en/technical-documentation/data-sheets/ADuM3480_3481_3482.pdf","//mm.digikey.com/Volume0/opasdata/d220001/medias/images/4900/505%7ERS-20%7ERS%7E20.JPG","ADUM3482ARSZ-ND","ADUM3482ARSZ","Analog Devices Inc.","Analog Devices Inc.","DGTL ISOLTR 3.75KV 4CH GP 20SSOP","368","4.97","0","1","Tube","iCoupler®","Active","Magnetic Coupling","General Purpose","No","4","2/2","Unidirectional","3750Vrms","25kV/µs","1Mbps","90ns, 90ns","6ns","2.5ns, 2.5ns","1.8V ~ 5.5V, 3V ~ 5.5V","-","-","-40°C ~ 125°C","Surface Mount","20-SSOP (0.209"", 5.30mm Width)","20-SSOP","https://www.digikey.be/en/products/detail/analog-devices-inc/ADUM3482ARSZ/3602828"
"https://www.analog.com/media/en/technical-documentation/data-sheets/ADUM3300_3301.pdf","//mm.digikey.com/Volume0/opasdata/d220001/medias/images/7547/MFG_505%7ERW-16%7ERW%7E16.jpg","ADUM3301ARWZ-RLTR-ND,ADUM3301ARWZ-RLCT-ND,ADUM3301ARWZ-RLDKR-ND","ADUM3301ARWZ-RL","Analog Devices Inc.","Analog Devices Inc.","DGTL ISOLTR 2.5KV 3CH GP 16-SOIC","784","5.27","0","1","Tape & Reel (TR),Cut Tape (CT),Digi-Reel®","iCoupler®","Active","Magnetic Coupling","General Purpose","No","3","2/1","Unidirectional","2500Vrms","25kV/µs","1Mbps","100ns, 100ns","40ns","2.5ns, 2.5ns","3V ~ 5.5V","-","-","-40°C ~ 105°C","Surface Mount","16-SOIC (0.295"", 7.50mm Width)","16-SOIC","https://www.digikey.be/en/products/detail/analog-devices-inc/ADUM3301ARWZ-RL/1033760"
"https://www.analog.com/media/en/technical-documentation/data-sheets/ADUM3300_3301.pdf","//mm.digikey.com/Volume0/opasdata/d220001/medias/images/7547/MFG_505%7ERW-16%7ERW%7E16.jpg","ADUM3301WBRWZ-RL-ND","ADUM3301WBRWZ-RL","Analog Devices Inc.","Analog Devices Inc.","DGTL ISOLTR 2.5KV 3CH GP 16-SOIC","0","5.38699","0","1000","Tape & Reel (TR)","-","Active","Magnetic Coupling","General Purpose","No","3","2/1","Unidirectional","2500Vrms","25kV/µs","10Mbps","50ns, 50ns","3ns","2.5ns, 2.5ns","3V ~ 5.5V","Automotive","-","-40°C ~ 105°C","Surface Mount","16-SOIC (0.295"", 7.50mm Width)","16-SOIC","https://www.digikey.be/en/products/detail/analog-devices-inc/ADUM3301WBRWZ-RL/5887113"
"https://www.analog.com/media/en/technical-documentation/data-sheets/ADUM3300_3301.pdf","//mm.digikey.com/Volume0/opasdata/d220001/medias/images/7547/MFG_505%7ERW-16%7ERW%7E16.jpg","505-ADUM3301ARWZ-ND","ADUM3301ARWZ","Analog Devices Inc.","Analog Devices Inc.","DGTL ISOLTR 2.5KV 3CH GP 16-SOIC","374","5.43","0","1","Tube","iCoupler®","Active","Magnetic Coupling","General Purpose","No","3","2/1","Unidirectional","2500Vrms","25kV/µs","1Mbps","100ns, 100ns","40ns","2.5ns, 2.5ns","3V ~ 5.5V","-","-","-40°C ~ 105°C","Surface Mount","16-SOIC (0.295"", 7.50mm Width)","16-SOIC","https://www.digikey.be/en/products/detail/analog-devices-inc/ADUM3301ARWZ/1068899"
"https://www.analog.com/media/en/technical-documentation/data-sheets/ADUM1250_1251.pdf","//mm.digikey.com/Volume0/opasdata/d220001/medias/images/7041/MFG_505%7ER-8%7ER%7E8.jpg","ADUM1251ARZ-RL7TR-ND,ADUM1251ARZ-RL7CT-ND,ADUM1251ARZ-RL7DKR-ND","ADUM1251ARZ-RL7","Analog Devices Inc.","Analog Devices Inc.","DGTL ISOLTR 2.5KV 2CH I2C 8-SOIC","5.147","5.46","0","1","Tape & Reel (TR),Cut Tape (CT),Digi-Reel®","iCoupler®","Active","Magnetic Coupling","I2C","No","2","2/1","Bidirectional, Unidirectional","2500Vrms","25kV/µs","1Mbps","-","145ns, 85ns","-","3V ~ 5.5V","-","-","-40°C ~ 105°C","Surface Mount","8-SOIC (0.154"", 3.90mm Width)","8-SOIC","https://www.digikey.be/en/products/detail/analog-devices-inc/ADUM1251ARZ-RL7/1240293"
"https://www.analog.com/media/en/technical-documentation/data-sheets/ADUM1250_1251.pdf","//mm.digikey.com/Volume0/opasdata/d220001/medias/images/7041/MFG_505%7ER-8%7ER%7E8.jpg","505-ADUM1251ARZ-ND","ADUM1251ARZ","Analog Devices Inc.","Analog Devices Inc.","DGTL ISOLTR 2.5KV 2CH I2C 8-SOIC","0","5.46","0","1","Tube","iCoupler®","Active","Magnetic Coupling","I2C","No","2","2/1","Bidirectional, Unidirectional","2500Vrms","25kV/µs","1Mbps","-","145ns, 85ns","-","3V ~ 5.5V","-","-","-40°C ~ 105°C","Surface Mount","8-SOIC (0.154"", 3.90mm Width)","8-SOIC","https://www.digikey.be/en/products/detail/analog-devices-inc/ADUM1251ARZ/1242410"
"https://www.analog.com/media/en/technical-documentation/data-sheets/ADuM1300_1301.pdf","//mm.digikey.com/Volume0/opasdata/d220001/medias/images/7547/MFG_505%7ERW-16%7ERW%7E16.jpg","ADUM1301WTRWZ-RLTR-ND","ADUM1301WTRWZ-RL","Analog Devices Inc.","Analog Devices Inc.","DGTL ISOLTR 2.5KV 3CH GP 16-SOIC","0","5.46663","0","1000","Tape & Reel (TR)","-","Active","Magnetic Coupling","General Purpose","No","3","2/1","Unidirectional","2500Vrms","25kV/µs","10Mbps","32ns, 32ns","3ns","2.5ns, 2.5ns","3V ~ 5.5V","Automotive","-","-40°C ~ 125°C","Surface Mount","16-SOIC (0.295"", 7.50mm Width)","16-SOIC","https://www.digikey.be/en/products/detail/analog-devices-inc/ADUM1301WTRWZ-RL/1873639"
"https://www.analog.com/media/en/technical-documentation/data-sheets/ADUM1410_1411_1412.pdf","//mm.digikey.com/Volume0/opasdata/d220001/medias/images/7547/MFG_505%7ERW-16%7ERW%7E16.jpg","ADUM1412ARWZ-RLTR-ND,ADUM1412ARWZ-RLCT-ND,ADUM1412ARWZ-RLDKR-ND","ADUM1412ARWZ-RL","Analog Devices Inc.","Analog Devices Inc.","DGTL ISOLTR 3.75KV 4CH GP 16SOIC","1.217","5.47","0","1","Tape & Reel (TR),Cut Tape (CT),Digi-Reel®","iCoupler®","Active","Magnetic Coupling","General Purpose","No","4","2/2","Unidirectional","3750Vrms","25kV/µs","1Mbps","100ns, 100ns","40ns","2.5ns, 2.5ns","2.7V ~ 5.5V","-","-","-40°C ~ 105°C","Surface Mount","16-SOIC (0.295"", 7.50mm Width)","16-SOIC","https://www.digikey.be/en/products/detail/analog-devices-inc/ADUM1412ARWZ-RL/1556013"
"https://www.analog.com/media/en/technical-documentation/data-sheets/adum4400_4401_4402.pdf","//mm.digikey.com/Volume0/opasdata/d220001/medias/images/6296/505%7ERI-16-1%7ERI%7E16.jpg","505-ADUM4402BRIZ-RLTR-ND","ADUM4402BRIZ-RL","Analog Devices Inc.","Analog Devices Inc.","DGTL ISOLTR 5KV 4CH GP 16-SOIC","0","5.48938","0","1000","Tape & Reel (TR)","iCoupler®","Active","Magnetic Coupling","General Purpose","No","4","2/2","Unidirectional","5000Vrms","25kV/µs","10Mbps","50ns, 50ns","3ns","2.5ns, 2.5ns","3V ~ 5.5V","-","-","-40°C ~ 105°C","Surface Mount","16-SOIC (0.295"", 7.50mm Width)","16-SOIC-IC","https://www.digikey.be/en/products/detail/analog-devices-inc/ADUM4402BRIZ-RL/2780627"
"https://www.analog.com/media/en/technical-documentation/data-sheets/ADuM2400_2401_2402.pdf","//mm.digikey.com/Volume0/opasdata/d220001/medias/images/6296/505%7ERI-16-1%7ERI%7E16.jpg","505-ADUM2402BRIZ-RLTR-ND","ADUM2402BRIZ-RL","Analog Devices Inc.","Analog Devices Inc.","DGTL ISOLTR 5KV 4CH GP 16-SOIC","0","5.48938","0","1000","Tape & Reel (TR)","iCoupler®","Active","Magnetic Coupling","General Purpose","No","4","2/2","Unidirectional","5000Vrms","25kV/µs","10Mbps","50ns, 50ns","3ns","2.5ns, 2.5ns","2.7V ~ 5.5V","-","-","-40°C ~ 105°C","Surface Mount","16-SOIC (0.295"", 7.50mm Width)","16-SOIC-IC","https://www.digikey.be/en/products/detail/analog-devices-inc/ADUM2402BRIZ-RL/2780635"
"https://www.analog.com/media/en/technical-documentation/data-sheets/ADUM1310_1311.pdf","//mm.digikey.com/Volume0/opasdata/d220001/medias/images/7547/MFG_505%7ERW-16%7ERW%7E16.jpg","ADUM1311BRWZ-ND","ADUM1311BRWZ","Analog Devices Inc.","Analog Devices Inc.","DGTL ISOLTR 3.75KV 3CH GP 16SOIC","286","5.52","0","1","Tube","iCoupler®","Active","Magnetic Coupling","General Purpose","No","3","2/1","Unidirectional","3750Vrms","25kV/µs","10Mbps","50ns, 50ns","5ns","2.5ns, 2.5ns","2.7V ~ 5.5V","-","-","-40°C ~ 105°C","Surface Mount","16-SOIC (0.295"", 7.50mm Width)","16-SOIC","https://www.digikey.be/en/products/detail/analog-devices-inc/ADUM1311BRWZ/1523043"
"https://www.analog.com/media/en/technical-documentation/data-sheets/ADuM1300_1301.pdf","//mm.digikey.com/Volume0/opasdata/d220001/medias/images/7547/MFG_505%7ERW-16%7ERW%7E16.jpg","ADUM1301ARWZ-RLTR-ND,ADUM1301ARWZ-RLCT-ND,ADUM1301ARWZ-RLDKR-ND","ADUM1301ARWZ-RL","Analog Devices Inc.","Analog Devices Inc.","DGTL ISOLTR 2.5KV 3CH GP 16-SOIC","2.595","5.54","0","1","Tape & Reel (TR),Cut Tape (CT),Digi-Reel®","iCoupler®","Active","Magnetic Coupling","General Purpose","No","3","2/1","Unidirectional","2500Vrms","25kV/µs","1Mbps","100ns, 100ns","40ns","2.5ns, 2.5ns","2.7V ~ 5.5V","-","-","-40°C ~ 105°C","Surface Mount","16-SOIC (0.295"", 7.50mm Width)","16-SOIC","https://www.digikey.be/en/products/detail/analog-devices-inc/ADUM1301ARWZ-RL/655644"
"https://www.analog.com/media/en/technical-documentation/data-sheets/ADuM1300_1301.pdf","//mm.digikey.com/Volume0/opasdata/d220001/medias/images/7547/MFG_505%7ERW-16%7ERW%7E16.jpg","505-ADUM1301ARWZ-ND","ADUM1301ARWZ","Analog Devices Inc.","Analog Devices Inc.","DGTL ISOLTR 2.5KV 3CH GP 16-SOIC","0","5.54","0","1","Tube","iCoupler®","Active","Magnetic Coupling","General Purpose","No","3","2/1","Unidirectional","2500Vrms","25kV/µs","1Mbps","100ns, 100ns","40ns","2.5ns, 2.5ns","2.7V ~ 5.5V","-","-","-40°C ~ 105°C","Surface Mount","16-SOIC (0.295"", 7.50mm Width)","16-SOIC","https://www.digikey.be/en/products/detail/analog-devices-inc/ADUM1301ARWZ/655695"
"https://www.analog.com/media/en/technical-documentation/data-sheets/ADuM3470_3471_3472_3473_3474.pdf","//mm.digikey.com/Volume0/opasdata/d220001/medias/images/4900/505%7ERS-20%7ERS%7E20.JPG","ADUM3472WARSZ-RL7-ND","ADUM3472WARSZ-RL7","Analog Devices Inc.","Analog Devices Inc.","DGTL ISOLTR 2.5KV 4CH GP 20-SSOP","0","5.57112","0","500","Tape & Reel (TR)","-","Active","Magnetic Coupling","General Purpose","No","4","2/2","Unidirectional","2500Vrms","25kV/µs","1Mbps","100ns, 100ns","40ns","2.5ns, 2.5ns","3V ~ 3.6V, 4.5V ~ 5.5V","Automotive","-","-40°C ~ 105°C","Surface Mount","20-SSOP (0.209"", 5.30mm Width)","20-SSOP","https://www.digikey.be/en/products/detail/analog-devices-inc/ADUM3472WARSZ-RL7/5887118"
"https://www.analog.com/media/en/technical-documentation/data-sheets/ADUM1410_1411_1412.pdf","//mm.digikey.com/Volume0/opasdata/d220001/medias/images/7547/MFG_505%7ERW-16%7ERW%7E16.jpg","505-ADUM1412ARWZ-ND","ADUM1412ARWZ","Analog Devices Inc.","Analog Devices Inc.","DGTL ISOLTR 3.75KV 4CH GP 16SOIC","410","5.63","0","1","Tube","iCoupler®","Active","Magnetic Coupling","General Purpose","No","4","2/2","Unidirectional","3750Vrms","25kV/µs","1Mbps","100ns, 100ns","40ns","2.5ns, 2.5ns","2.7V ~ 5.5V","-","-","-40°C ~ 105°C","Surface Mount","16-SOIC (0.295"", 7.50mm Width)","16-SOIC","https://www.digikey.be/en/products/detail/analog-devices-inc/ADUM1412ARWZ/1246098"
"https://www.analog.com/media/en/technical-documentation/data-sheets/adum2250_adum2251.pdf","//mm.digikey.com/Volume0/opasdata/d220001/medias/images/7547/MFG_505%7ERW-16%7ERW%7E16.jpg","ADUM2251WARWZ-RL-ND","ADUM2251WARWZ-RL","Analog Devices Inc.","Analog Devices Inc.","DGTL ISOLTR 5KV 2CH I2C 16-SOIC","0","5.69405","0","1000","Tape & Reel (TR)","-","Active","Magnetic Coupling","I2C","No","2","2/1","Bidirectional, Unidirectional","5000Vrms","25kV/µs","1Mbps","-","145ns, 85ns","-","3V ~ 5.5V","Automotive","-","-40°C ~ 105°C","Surface Mount","16-SOIC (0.295"", 7.50mm Width)","16-SOIC","https://www.digikey.be/en/products/detail/analog-devices-inc/ADUM2251WARWZ-RL/5887105"
"https://www.analog.com/media/en/technical-documentation/data-sheets/adum4400_4401_4402.pdf","//mm.digikey.com/Volume0/opasdata/d220001/medias/images/7547/MFG_505%7ERW-16%7ERW%7E16.jpg","505-ADUM4402CRWZ-RLTR-ND","ADUM4402CRWZ-RL","Analog Devices Inc.","Analog Devices Inc.","DGTL ISOLTR 5KV 4CH GP 16-SOIC","0","5.75089","0","1000","Tape & Reel (TR)","iCoupler®","Active","Magnetic Coupling","General Purpose","No","4","2/2","Unidirectional","5000Vrms","25kV/µs","90Mbps","32ns, 32ns","2ns","2.5ns, 2.5ns","3V ~ 5.5V","-","-","-40°C ~ 105°C","Surface Mount","16-SOIC (0.295"", 7.50mm Width)","16-SOIC","https://www.digikey.be/en/products/detail/analog-devices-inc/ADUM4402CRWZ-RL/2079350"
"https://www.analog.com/media/en/technical-documentation/data-sheets/adum4400_4401_4402.pdf","//mm.digikey.com/Volume0/opasdata/d220001/medias/images/6296/505%7ERI-16-1%7ERI%7E16.jpg","ADUM4402CRIZ-RLTR-ND","ADUM4402CRIZ-RL","Analog Devices Inc.","Analog Devices Inc.","DGTL ISOLTR 5KV 4CH GP 16-SOIC","0","5.75089","0","1000","Tape & Reel (TR)","iCoupler®","Active","Magnetic Coupling","General Purpose","No","4","2/2","Unidirectional","5000Vrms","25kV/µs","90Mbps","32ns, 32ns","2ns","2.5ns, 2.5ns","3V ~ 5.5V","-","-","-40°C ~ 105°C","Surface Mount","16-SOIC (0.295"", 7.50mm Width)","16-SOIC-IC","https://www.digikey.be/en/products/detail/analog-devices-inc/ADUM4402CRIZ-RL/2780659"
"https://www.analog.com/media/en/technical-documentation/data-sheets/ADuM2400_2401_2402.pdf","//mm.digikey.com/Volume0/opasdata/d220001/medias/images/6296/505%7ERI-16-1%7ERI%7E16.jpg","ADUM2402CRIZ-RLTR-ND","ADUM2402CRIZ-RL","Analog Devices Inc.","Analog Devices Inc.","DGTL ISOLTR 5KV 4CH GP 16-SOIC","0","5.75089","0","1000","Tape & Reel (TR)","iCoupler®","Active","Magnetic Coupling","General Purpose","No","4","2/2","Unidirectional","5000Vrms","25kV/µs","90Mbps","32ns, 32ns","2ns","2.5ns, 2.5ns","2.7V ~ 5.5V","-","-","-40°C ~ 105°C","Surface Mount","16-SOIC (0.295"", 7.50mm Width)","16-SOIC-IC","https://www.digikey.be/en/products/detail/analog-devices-inc/ADUM2402CRIZ-RL/2780661"
"https://www.analog.com/media/en/technical-documentation/data-sheets/adum1440-1441-1442-1445-1446-1447.pdf","//mm.digikey.com/Volume0/opasdata/d220001/medias/images/7348/MFG_505%7ERQ-16%7ERQ%7E16.jpg","ADUM1442ARQZ-RL7TR-ND,ADUM1442ARQZ-RL7CT-ND,ADUM1442ARQZ-RL7DKR-ND","ADUM1442ARQZ-RL7","Analog Devices Inc.","Analog Devices Inc.","DGTL ISOLTR 2.5KV 4CH GP 16-SSOP","2.663","5.87","0","1","Tape & Reel (TR),Cut Tape (CT),Digi-Reel®","iCoupler®","Active","Magnetic Coupling","General Purpose","No","4","2/2","Unidirectional","2500Vrms","25kV/µs","2Mbps","180ns, 180ns","8ns","2ns, 2ns","2.25V ~ 3.6V","-","-","-40°C ~ 125°C","Surface Mount","16-SSOP (0.154"", 3.90mm Width)","16-QSOP","https://www.digikey.be/en/products/detail/analog-devices-inc/ADUM1442ARQZ-RL7/4916451"
"https://www.analog.com/media/en/technical-documentation/data-sheets/adum1440-1441-1442-1445-1446-1447.pdf","//mm.digikey.com/Volume0/opasdata/d220001/medias/images/7348/MFG_505%7ERQ-16%7ERQ%7E16.jpg","505-ADUM1442ARQZ-ND","ADUM1442ARQZ","Analog Devices Inc.","Analog Devices Inc.","DGTL ISOLTR 2.5KV 4CH GP 16-SSOP","836","5.87","0","1","Tube","iCoupler®","Active","Magnetic Coupling","General Purpose","No","4","2/2","Unidirectional","2500Vrms","25kV/µs","2Mbps","180ns, 180ns","8ns","2ns, 2ns","2.25V ~ 3.6V","-","-","-40°C ~ 125°C","Surface Mount","16-SSOP (0.154"", 3.90mm Width)","16-QSOP","https://www.digikey.be/en/products/detail/analog-devices-inc/ADUM1442ARQZ/4461940"
"https://www.analog.com/media/en/technical-documentation/data-sheets/adum1440-1441-1442-1445-1446-1447.pdf","//mm.digikey.com/Volume0/opasdata/d220001/medias/images/7348/MFG_505%7ERQ-16%7ERQ%7E16.jpg","505-ADUM1447ARQZ-RL7TR-ND,505-ADUM1447ARQZ-RL7CT-ND,505-ADUM1447ARQZ-RL7DKR-ND","ADUM1447ARQZ-RL7","Analog Devices Inc.","Analog Devices Inc.","DGTL ISOLTR 2.5KV 4CH GP 16-SSOP","1.913","5.87","0","1","Tape & Reel (TR),Cut Tape (CT),Digi-Reel®","iCoupler®","Active","Magnetic Coupling","General Purpose","No","4","2/2","Unidirectional","2500Vrms","25kV/µs","2Mbps","180ns, 180ns","8ns","2ns, 2ns","2.25V ~ 3.6V","-","-","-40°C ~ 125°C","Surface Mount","16-SSOP (0.154"", 3.90mm Width)","16-QSOP","https://www.digikey.be/en/products/detail/analog-devices-inc/ADUM1447ARQZ-RL7/4916457"
"https://www.analog.com/media/en/technical-documentation/data-sheets/ADuM3480_3481_3482.pdf","//mm.digikey.com/Volume0/opasdata/d220001/medias/images/4900/505%7ERS-20%7ERS%7E20.JPG","ADUM3482BRSZ-RL7TR-ND,ADUM3482BRSZ-RL7CT-ND,ADUM3482BRSZ-RL7DKR-ND","ADUM3482BRSZ-RL7","Analog Devices Inc.","Analog Devices Inc.","DGTL ISOLTR 3.75KV 4CH GP 20SSOP","1.109","5.92","0","1","Tape & Reel (TR),Cut Tape (CT),Digi-Reel®","iCoupler®","Active","Magnetic Coupling","General Purpose","No","4","2/2","Unidirectional","3750Vrms","25kV/µs","25Mbps","33ns, 33ns","3ns","2.5ns, 2.5ns","1.8V ~ 5.5V, 3V ~ 5.5V","-","-","-40°C ~ 125°C","Surface Mount","20-SSOP (0.209"", 5.30mm Width)","20-SSOP","https://www.digikey.be/en/products/detail/analog-devices-inc/ADUM3482BRSZ-RL7/3775258"
"https://www.analog.com/media/en/technical-documentation/data-sheets/ADuM1300_1301.pdf","//mm.digikey.com/Volume0/opasdata/d220001/medias/images/7547/MFG_505%7ERW-16%7ERW%7E16.jpg","ADUM1301BRWZ-RLTR-ND,ADUM1301BRWZ-RLCT-ND,ADUM1301BRWZ-RLDKR-ND","ADUM1301BRWZ-RL","Analog Devices Inc.","Analog Devices Inc.","DGTL ISOLTR 2.5KV 3CH GP 16-SOIC","0","5.96","0","1","Tape & Reel (TR),Cut Tape (CT),Digi-Reel®","iCoupler®","Active","Magnetic Coupling","General Purpose","No","3","2/1","Unidirectional","2500Vrms","25kV/µs","10Mbps","50ns, 50ns","3ns","2.5ns, 2.5ns","2.7V ~ 5.5V","-","-","-40°C ~ 105°C","Surface Mount","16-SOIC (0.295"", 7.50mm Width)","16-SOIC","https://www.digikey.be/en/products/detail/analog-devices-inc/ADUM1301BRWZ-RL/655646"
"https://www.analog.com/media/en/technical-documentation/data-sheets/ADuM1400_1401_1402.pdf","//mm.digikey.com/Volume0/opasdata/d220001/medias/images/7547/MFG_505%7ERW-16%7ERW%7E16.jpg","ADUM1402ARWZ-RLTR-ND,ADUM1402ARWZ-RLCT-ND,ADUM1402ARWZ-RLDKR-ND","ADUM1402ARWZ-RL","Analog Devices Inc.","Analog Devices Inc.","DGTL ISOLTR 2.5KV 4CH GP 16-SOIC","131","5.97","0","1","Tape & Reel (TR),Cut Tape (CT),Digi-Reel®","iCoupler®","Active","Magnetic Coupling","General Purpose","No","4","2/2","Unidirectional","2500Vrms","25kV/µs","1Mbps","100ns, 100ns","40ns","2.5ns, 2.5ns","2.7V ~ 5.5V","-","-","-40°C ~ 105°C","Surface Mount","16-SOIC (0.295"", 7.50mm Width)","16-SOIC","https://www.digikey.be/en/products/detail/analog-devices-inc/ADUM1402ARWZ-RL/655655"
"https://www.analog.com/media/en/technical-documentation/data-sheets/ADuM1400_1401_1402.pdf","//mm.digikey.com/Volume0/opasdata/d220001/medias/images/7547/MFG_505%7ERW-16%7ERW%7E16.jpg","505-ADUM1402ARWZ-ND","ADUM1402ARWZ","Analog Devices Inc.","Analog Devices Inc.","DGTL ISOLTR 2.5KV 4CH GP 16-SOIC","0","5.97","0","1","Tube","iCoupler®","Active","Magnetic Coupling","General Purpose","No","4","2/2","Unidirectional","2500Vrms","25kV/µs","1Mbps","100ns, 100ns","40ns","2.5ns, 2.5ns","2.7V ~ 5.5V","-","-","-40°C ~ 105°C","Surface Mount","16-SOIC (0.295"", 7.50mm Width)","16-SOIC","https://www.digikey.be/en/products/detail/analog-devices-inc/ADUM1402ARWZ/655700"
"https://www.analog.com/media/en/technical-documentation/data-sheets/adum1440-1441-1442-1445-1446-1447.pdf","//mm.digikey.com/Volume0/opasdata/d220001/medias/images/7348/MFG_505%7ERQ-16%7ERQ%7E16.jpg","505-ADUM1447ARQZ-ND","ADUM1447ARQZ","Analog Devices Inc.","Analog Devices Inc.","DGTL ISOLTR 2.5KV 4CH GP 16-SSOP","1.887","6.04","0","1","Tube","iCoupler®","Active","Magnetic Coupling","General Purpose","No","4","2/2","Unidirectional","2500Vrms","25kV/µs","2Mbps","180ns, 180ns","8ns","2ns, 2ns","2.25V ~ 3.6V","-","-","-40°C ~ 125°C","Surface Mount","16-SSOP (0.154"", 3.90mm Width)","16-QSOP","https://www.digikey.be/en/products/detail/analog-devices-inc/ADUM1447ARQZ/4461943"
"https://www.analog.com/media/en/technical-documentation/data-sheets/ADUM3300_3301.pdf","//mm.digikey.com/Volume0/opasdata/d220001/medias/images/7547/MFG_505%7ERW-16%7ERW%7E16.jpg","505-ADUM3301BRWZ-ND","ADUM3301BRWZ","Analog Devices Inc.","Analog Devices Inc.","DGTL ISOLTR 2.5KV 3CH GP 16-SOIC","186","6.04","0","1","Tube","iCoupler®","Active","Magnetic Coupling","General Purpose","No","3","2/1","Unidirectional","2500Vrms","25kV/µs","10Mbps","50ns, 50ns","3ns","2.5ns, 2.5ns","3V ~ 5.5V","-","-","-40°C ~ 105°C","Surface Mount","16-SOIC (0.295"", 7.50mm Width)","16-SOIC","https://www.digikey.be/en/products/detail/analog-devices-inc/ADUM3301BRWZ/1068900"
"https://www.analog.com/media/en/technical-documentation/data-sheets/ADuM3480_3481_3482.pdf","//mm.digikey.com/Volume0/opasdata/d220001/medias/images/4900/505%7ERS-20%7ERS%7E20.JPG","ADUM3482BRSZ-ND","ADUM3482BRSZ","Analog Devices Inc.","Analog Devices Inc.","DGTL ISOLTR 3.75KV 4CH GP 20SSOP","4.462","6.1","0","1","Tube","iCoupler®","Active","Magnetic Coupling","General Purpose","No","4","2/2","Unidirectional","3750Vrms","25kV/µs","25Mbps","33ns, 33ns","3ns","2.5ns, 2.5ns","1.8V ~ 5.5V, 3V ~ 5.5V","-","-","-40°C ~ 125°C","Surface Mount","20-SSOP (0.209"", 5.30mm Width)","20-SSOP","https://www.digikey.be/en/products/detail/analog-devices-inc/ADUM3482BRSZ/3602830"
"https://www.analog.com/media/en/technical-documentation/data-sheets/ADuM1300_1301.pdf","//mm.digikey.com/Volume0/opasdata/d220001/medias/images/7547/MFG_505%7ERW-16%7ERW%7E16.jpg","505-ADUM1301BRWZ-ND","ADUM1301BRWZ","Analog Devices Inc.","Analog Devices Inc.","DGTL ISOLTR 2.5KV 3CH GP 16-SOIC","232","6.14","0","1","Tube","iCoupler®","Active","Magnetic Coupling","General Purpose","No","3","2/1","Unidirectional","2500Vrms","25kV/µs","10Mbps","50ns, 50ns","3ns","2.5ns, 2.5ns","2.7V ~ 5.5V","-","-","-40°C ~ 105°C","Surface Mount","16-SOIC (0.295"", 7.50mm Width)","16-SOIC","https://www.digikey.be/en/products/detail/analog-devices-inc/ADUM1301BRWZ/655645"
"https://www.analog.com/media/en/technical-documentation/data-sheets/adum2250_adum2251.pdf","//mm.digikey.com/Volume0/opasdata/d220001/medias/images/7547/MFG_505%7ERW-16%7ERW%7E16.jpg","505-ADUM2250WARWZ-RLTR-ND","ADUM2250WARWZ-RL","Analog Devices Inc.","Analog Devices Inc.","DGTL ISOLTR 5KV 2CH I2C 16-SOIC","0","6.14847","0","1000","Tape & Reel (TR)","-","Active","Magnetic Coupling","I2C","No","2","2/2","Bidirectional","5000Vrms","25kV/µs","1Mbps","-","145ns, 85ns","-","3V ~ 5.5V","Automotive","-","-40°C ~ 105°C","Surface Mount","16-SOIC (0.295"", 7.50mm Width)","16-SOIC","https://www.digikey.be/en/products/detail/analog-devices-inc/ADUM2250WARWZ-RL/5887104"
"https://www.analog.com/media/en/technical-documentation/data-sheets/ADUM1250_1251.pdf","//mm.digikey.com/Volume0/opasdata/d220001/medias/images/7041/MFG_505%7ER-8%7ER%7E8.jpg","505-ADUM1250ARZ-RL7TR-ND,505-ADUM1250ARZ-RL7CT-ND,505-ADUM1250ARZ-RL7DKR-ND","ADUM1250ARZ-RL7","Analog Devices Inc.","Analog Devices Inc.","DGTL ISOLTR 2.5KV 2CH I2C 8-SOIC","5.646","6.21","0","1","Tape & Reel (TR),Cut Tape (CT),Digi-Reel®","iCoupler®","Active","Magnetic Coupling","I2C","No","2","2/2","Bidirectional","2500Vrms","25kV/µs","1Mbps","-","145ns, 85ns","-","3V ~ 5.5V","-","-","-40°C ~ 105°C","Surface Mount","8-SOIC (0.154"", 3.90mm Width)","8-SOIC","https://www.digikey.be/en/products/detail/analog-devices-inc/ADUM1250ARZ-RL7/1240292"
"https://www.analog.com/media/en/technical-documentation/data-sheets/ADUM1250_1251.pdf","//mm.digikey.com/Volume0/opasdata/d220001/medias/images/7041/MFG_505%7ER-8%7ER%7E8.jpg","505-ADUM1250ARZ-ND","ADUM1250ARZ","Analog Devices Inc.","Analog Devices Inc.","DGTL ISOLTR 2.5KV 2CH I2C 8-SOIC","5.064","6.21","0","1","Tube","iCoupler®","Active","Magnetic Coupling","I2C","No","2","2/2","Bidirectional","2500Vrms","25kV/µs","1Mbps","-","145ns, 85ns","-","3V ~ 5.5V","-","-","-40°C ~ 105°C","Surface Mount","8-SOIC (0.154"", 3.90mm Width)","8-SOIC","https://www.digikey.be/en/products/detail/analog-devices-inc/ADUM1250ARZ/1242409"
"https://www.analog.com/media/en/technical-documentation/data-sheets/ADuM1300_1301.pdf","//mm.digikey.com/Volume0/opasdata/d220001/medias/images/7547/MFG_505%7ERW-16%7ERW%7E16.jpg","505-ADUM1301WSRWZ-RLTR-ND,505-ADUM1301WSRWZ-RLCT-ND,505-ADUM1301WSRWZ-RLDKR-ND","ADUM1301WSRWZ-RL","Analog Devices Inc.","Analog Devices Inc.","DGTL ISOLTR 2.5KV 3CH GP 16-SOIC","1.000","6.21","0","1","Tape & Reel (TR),Cut Tape (CT),Digi-Reel®","-","Active","Magnetic Coupling","General Purpose","No","3","2/1","Unidirectional","2500Vrms","25kV/µs","1Mbps","100ns, 100ns","40ns","2.5ns, 2.5ns","3V ~ 5.5V","Automotive","-","-40°C ~ 125°C","Surface Mount","16-SOIC (0.295"", 7.50mm Width)","16-SOIC","https://www.digikey.be/en/products/detail/analog-devices-inc/ADUM1301WSRWZ-RL/1873637"
"https://www.analog.com/media/en/technical-documentation/data-sheets/ADuM3470_3471_3472_3473_3474.pdf","//mm.digikey.com/Volume0/opasdata/d220001/medias/images/4900/505%7ERS-20%7ERS%7E20.JPG","505-ADUM3472CRSZ-RL7TR-ND","ADUM3472CRSZ-RL7","Analog Devices Inc.","Analog Devices Inc.","DGTL ISOLTR 2.5KV 4CH GP 20-SSOP","0","6.30056","0","500","Tape & Reel (TR)","iCoupler®","Active","Magnetic Coupling","General Purpose","No","4","2/2","Unidirectional","2500Vrms","25kV/µs","25Mbps","60ns, 60ns","8ns","2.5ns, 2.5ns","3V ~ 3.6V, 4.5V ~ 5.5V","-","-","-40°C ~ 105°C","Surface Mount","20-SSOP (0.209"", 5.30mm Width)","20-SSOP","https://www.digikey.be/en/products/detail/analog-devices-inc/ADUM3472CRSZ-RL7/2415017"
"https://www.analog.com/media/en/technical-documentation/data-sheets/ADUM3400_3401_3402.pdf","//mm.digikey.com/Volume0/opasdata/d220001/medias/images/7547/MFG_505%7ERW-16%7ERW%7E16.jpg","ADUM3402ARWZ-RLTR-ND,ADUM3402ARWZ-RLCT-ND,ADUM3402ARWZ-RLDKR-ND","ADUM3402ARWZ-RL","Analog Devices Inc.","Analog Devices Inc.","DGTL ISOLTR 2.5KV 4CH GP 16-SOIC","2.960","6.31","0","1","Tape & Reel (TR),Cut Tape (CT),Digi-Reel®","iCoupler®","Active","Magnetic Coupling","General Purpose","No","4","2/2","Unidirectional","2500Vrms","25kV/µs","1Mbps","100ns, 100ns","40ns","2.5ns, 2.5ns","3V ~ 5.5V","-","-","-40°C ~ 105°C","Surface Mount","16-SOIC (0.295"", 7.50mm Width)","16-SOIC","https://www.digikey.be/en/products/detail/analog-devices-inc/ADUM3402ARWZ-RL/1033766"
"https://www.analog.com/media/en/technical-documentation/data-sheets/ADuM1300_1301.pdf","//mm.digikey.com/Volume0/opasdata/d220001/medias/images/7547/MFG_505%7ERW-16%7ERW%7E16.jpg","505-ADUM1301WSRWZ-ND","ADUM1301WSRWZ","Analog Devices Inc.","Analog Devices Inc.","DGTL ISOLTR 2.5KV 3CH GP 16-SOIC","241","6.4","0","1","Tube","-","Active","Magnetic Coupling","General Purpose","No","3","2/1","Unidirectional","2500Vrms","25kV/µs","1Mbps","100ns, 100ns","40ns","2.5ns, 2.5ns","3V ~ 5.5V","Automotive","-","-40°C ~ 125°C","Surface Mount","16-SOIC (0.295"", 7.50mm Width)","16-SOIC","https://www.digikey.be/en/products/detail/analog-devices-inc/ADUM1301WSRWZ/1873712"
"https://www.analog.com/media/en/technical-documentation/data-sheets/ADUM3400_3401_3402.pdf","//mm.digikey.com/Volume0/opasdata/d220001/medias/images/7547/MFG_505%7ERW-16%7ERW%7E16.jpg","505-ADUM3402BRWZ-RLTR-ND,505-ADUM3402BRWZ-RLCT-ND,505-ADUM3402BRWZ-RLDKR-ND","ADUM3402BRWZ-RL","Analog Devices Inc.","Analog Devices Inc.","DGTL ISOLTR 2.5KV 4CH GP 16-SOIC","5.469","6.43","0","1","Tape & Reel (TR),Cut Tape (CT),Digi-Reel®","iCoupler®","Active","Magnetic Coupling","General Purpose","No","4","2/2","Unidirectional","2500Vrms","25kV/µs","10Mbps","50ns, 50ns","3ns","2.5ns, 2.5ns","3V ~ 5.5V","-","-","-40°C ~ 105°C","Surface Mount","16-SOIC (0.295"", 7.50mm Width)","16-SOIC","https://www.digikey.be/en/products/detail/analog-devices-inc/ADUM3402BRWZ-RL/1033767"
"https://www.analog.com/media/en/technical-documentation/data-sheets/ADUM3400_3401_3402.pdf","//mm.digikey.com/Volume0/opasdata/d220001/medias/images/7547/MFG_505%7ERW-16%7ERW%7E16.jpg","505-ADUM3402ARWZ-ND","ADUM3402ARWZ","Analog Devices Inc.","Analog Devices Inc.","DGTL ISOLTR 2.5KV 4CH GP 16-SOIC","287","6.49","0","1","Tube","iCoupler®","Active","Magnetic Coupling","General Purpose","No","4","2/2","Unidirectional","2500Vrms","25kV/µs","1Mbps","100ns, 100ns","40ns","2.5ns, 2.5ns","3V ~ 5.5V","-","-","-40°C ~ 105°C","Surface Mount","16-SOIC (0.295"", 7.50mm Width)","16-SOIC","https://www.digikey.be/en/products/detail/analog-devices-inc/ADUM3402ARWZ/1068906"
"https://www.analog.com/media/en/technical-documentation/data-sheets/ADUM3300_3301.pdf","//mm.digikey.com/Volume0/opasdata/d220001/medias/images/7547/MFG_505%7ERW-16%7ERW%7E16.jpg","ADUM3301CRWZ-RLTR-ND,ADUM3301CRWZ-RLCT-ND,ADUM3301CRWZ-RLDKR-ND","ADUM3301CRWZ-RL","Analog Devices Inc.","Analog Devices Inc.","DGTL ISOLTR 2.5KV 3CH GP 16-SOIC","2.283","6.52","0","1","Tape & Reel (TR),Cut Tape (CT),Digi-Reel®","iCoupler®","Active","Magnetic Coupling","General Purpose","No","3","2/1","Unidirectional","2500Vrms","25kV/µs","90Mbps","32ns, 32ns","2ns","2.5ns, 2.5ns","3V ~ 5.5V","-","-","-40°C ~ 105°C","Surface Mount","16-SOIC (0.295"", 7.50mm Width)","16-SOIC","https://www.digikey.be/en/products/detail/analog-devices-inc/ADUM3301CRWZ-RL/1033762"
"https://www.analog.com/media/en/technical-documentation/data-sheets/adum7440_7441_7442.pdf","//mm.digikey.com/Volume0/opasdata/d220001/medias/images/7348/MFG_505%7ERQ-16%7ERQ%7E16.jpg","ADUM7442CRQZ-ND","ADUM7442CRQZ","Analog Devices Inc.","Analog Devices Inc.","DGTL ISOLTR 1KV 4CH GP 16-SSOP","2.429","6.55","0","1","Tube","iCoupler®","Active","Magnetic Coupling","General Purpose","No","4","2/2","Unidirectional","1000Vrms","15kV/µs","25Mbps","50ns, 50ns","5ns","2ns, 2ns","3V ~ 5.5V","-","-","-40°C ~ 105°C","Surface Mount","16-SSOP (0.154"", 3.90mm Width)","16-QSOP","https://www.digikey.be/en/products/detail/analog-devices-inc/ADUM7442CRQZ/2237746"
"https://www.analog.com/media/en/technical-documentation/data-sheets/adum7440_7441_7442.pdf","//mm.digikey.com/Volume0/opasdata/d220001/medias/images/7348/MFG_505%7ERQ-16%7ERQ%7E16.jpg","ADUM7442CRQZ-RL7TR-ND,ADUM7442CRQZ-RL7CT-ND,ADUM7442CRQZ-RL7DKR-ND","ADUM7442CRQZ-RL7","Analog Devices Inc.","Analog Devices Inc.","DGTL ISOLTR 1KV 4CH GP 16-SSOP","559","6.55","0","1","Tape & Reel (TR),Cut Tape (CT),Digi-Reel®","iCoupler®","Active","Magnetic Coupling","General Purpose","No","4","2/2","Unidirectional","1000Vrms","15kV/µs","25Mbps","50ns, 50ns","5ns","2ns, 2ns","3V ~ 5.5V","-","-","-40°C ~ 105°C","Surface Mount","16-SSOP (0.154"", 3.90mm Width)","16-QSOP","https://www.digikey.be/en/products/detail/analog-devices-inc/ADUM7442CRQZ-RL7/2261107"
"https://www.analog.com/media/en/technical-documentation/data-sheets/ADuM1300_1301.pdf","//mm.digikey.com/Volume0/opasdata/d220001/medias/images/7547/MFG_505%7ERW-16%7ERW%7E16.jpg","505-ADUM1301CRWZ-RLTR-ND,505-ADUM1301CRWZ-RLCT-ND,505-ADUM1301CRWZ-RLDKR-ND","ADUM1301CRWZ-RL","Analog Devices Inc.","Analog Devices Inc.","DGTL ISOLTR 2.5KV 3CH GP 16-SOIC","2.318","6.57","0","1","Tape & Reel (TR),Cut Tape (CT),Digi-Reel®","iCoupler®","Active","Magnetic Coupling","General Purpose","No","3","2/1","Unidirectional","2500Vrms","25kV/µs","90Mbps","32ns, 32ns","2ns","2.5ns, 2.5ns","2.7V ~ 5.5V","-","-","-40°C ~ 105°C","Surface Mount","16-SOIC (0.295"", 7.50mm Width)","16-SOIC","https://www.digikey.be/en/products/detail/analog-devices-inc/ADUM1301CRWZ-RL/655648"
"https://www.analog.com/media/en/technical-documentation/data-sheets/ADuM3400W_3401W_3402W.pdf","//mm.digikey.com/Volume0/opasdata/d220001/medias/images/7547/MFG_505%7ERW-16%7ERW%7E16.jpg","ADUM3402WBRWZ-RLTR-ND","ADUM3402WBRWZ-RL","Analog Devices Inc.","Analog Devices Inc.","DGTL ISOLTR 2.5KV 4CH GP 16-SOIC","0","6.59089","0","1000","Tape & Reel (TR)","-","Active","Magnetic Coupling","General Purpose","No","4","2/2","Unidirectional","2500Vrms","25kV/µs","10Mbps","36ns, 36ns","3.5ns","2.5ns, 2.5ns","3V ~ 5.5V","Automotive","-","-40°C ~ 125°C","Surface Mount","16-SOIC (0.295"", 7.50mm Width)","16-SOIC","https://www.digikey.be/en/products/detail/analog-devices-inc/ADUM3402WBRWZ-RL/3820078"
"https://www.analog.com/media/en/technical-documentation/data-sheets/ADUM3400_3401_3402.pdf","//mm.digikey.com/Volume0/opasdata/d220001/medias/images/7547/MFG_505%7ERW-16%7ERW%7E16.jpg","ADUM3402BRWZ-ND","ADUM3402BRWZ","Analog Devices Inc.","Analog Devices Inc.","DGTL ISOLTR 2.5KV 4CH GP 16-SOIC","0","6.62","0","1","Tube","iCoupler®","Active","Magnetic Coupling","General Purpose","No","4","2/2","Unidirectional","2500Vrms","25kV/µs","10Mbps","50ns, 50ns","3ns","2.5ns, 2.5ns","3V ~ 5.5V","-","-","-40°C ~ 105°C","Surface Mount","16-SOIC (0.295"", 7.50mm Width)","16-SOIC","https://www.digikey.be/en/products/detail/analog-devices-inc/ADUM3402BRWZ/1068907"
"https://www.analog.com/media/en/technical-documentation/data-sheets/ADUM1410_1411_1412.pdf","//mm.digikey.com/Volume0/opasdata/d220001/medias/images/7547/MFG_505%7ERW-16%7ERW%7E16.jpg","505-ADUM1412BRWZ-RLTR-ND,505-ADUM1412BRWZ-RLCT-ND,505-ADUM1412BRWZ-RLDKR-ND","ADUM1412BRWZ-RL","Analog Devices Inc.","Analog Devices Inc.","DGTL ISOLTR 3.75KV 4CH GP 16SOIC","2.061","6.63","0","1","Tape & Reel (TR),Cut Tape (CT),Digi-Reel®","iCoupler®","Active","Magnetic Coupling","General Purpose","No","4","2/2","Unidirectional","3750Vrms","25kV/µs","10Mbps","50ns, 50ns","5ns","2.5ns, 2.5ns","2.7V ~ 5.5V","-","-","-40°C ~ 105°C","Surface Mount","16-SOIC (0.295"", 7.50mm Width)","16-SOIC","https://www.digikey.be/en/products/detail/analog-devices-inc/ADUM1412BRWZ-RL/1556014"
"https://www.analog.com/media/en/technical-documentation/data-sheets/ADUM3400_3401_3402.pdf","//mm.digikey.com/Volume0/opasdata/d220001/medias/images/7547/MFG_505%7ERW-16%7ERW%7E16.jpg","ADUM3402CRWZ-RLTR-ND,ADUM3402CRWZ-RLCT-ND,ADUM3402CRWZ-RLDKR-ND","ADUM3402CRWZ-RL","Analog Devices Inc.","Analog Devices Inc.","DGTL ISOLTR 2.5KV 4CH GP 16-SOIC","1.999","6.71","0","1","Tape & Reel (TR),Cut Tape (CT),Digi-Reel®","iCoupler®","Active","Magnetic Coupling","General Purpose","No","4","2/2","Unidirectional","2500Vrms","25kV/µs","90Mbps","32ns, 32ns","2ns","2.5ns, 2.5ns","3V ~ 5.5V","-","-","-40°C ~ 105°C","Surface Mount","16-SOIC (0.295"", 7.50mm Width)","16-SOIC","https://www.digikey.be/en/products/detail/analog-devices-inc/ADUM3402CRWZ-RL/1033768"
"https://www.analog.com/media/en/technical-documentation/data-sheets/ADUM3300_3301.pdf","//mm.digikey.com/Volume0/opasdata/d220001/medias/images/7547/MFG_505%7ERW-16%7ERW%7E16.jpg","ADUM3301CRWZ-ND","ADUM3301CRWZ","Analog Devices Inc.","Analog Devices Inc.","DGTL ISOLTR 2.5KV 3CH GP 16-SOIC","45","6.71","0","1","Tube","iCoupler®","Active","Magnetic Coupling","General Purpose","No","3","2/1","Unidirectional","2500Vrms","25kV/µs","90Mbps","32ns, 32ns","2ns","2.5ns, 2.5ns","3V ~ 5.5V","-","-","-40°C ~ 105°C","Surface Mount","16-SOIC (0.295"", 7.50mm Width)","16-SOIC","https://www.digikey.be/en/products/detail/analog-devices-inc/ADUM3301CRWZ/1068901"
"https://www.analog.com/media/en/technical-documentation/data-sheets/ADuM1300_1301.pdf","//mm.digikey.com/Volume0/opasdata/d220001/medias/images/7547/MFG_505%7ERW-16%7ERW%7E16.jpg","ADUM1301CRWZ-ND","ADUM1301CRWZ","Analog Devices Inc.","Analog Devices Inc.","DGTL ISOLTR 2.5KV 3CH GP 16-SOIC","1.953","6.77","0","1","Tube","iCoupler®","Active","Magnetic Coupling","General Purpose","No","3","2/1","Unidirectional","2500Vrms","25kV/µs","90Mbps","32ns, 32ns","2ns","2.5ns, 2.5ns","2.7V ~ 5.5V","-","-","-40°C ~ 105°C","Surface Mount","16-SOIC (0.295"", 7.50mm Width)","16-SOIC","https://www.digikey.be/en/products/detail/analog-devices-inc/ADUM1301CRWZ/655647"
"https://www.analog.com/media/en/technical-documentation/data-sheets/adum4400_4401_4402.pdf","//mm.digikey.com/Volume0/opasdata/d220001/medias/images/7547/MFG_505%7ERW-16%7ERW%7E16.jpg","505-ADUM4402WARWZ-RLTR-ND","ADUM4402WARWZ-RL","Analog Devices Inc.","Analog Devices Inc.","DGTL ISOLTR 5KV 4CH GP 16-SOIC","0","6.77224","0","1000","Tape & Reel (TR)","-","Active","Magnetic Coupling","General Purpose","No","4","2/2","Unidirectional","5000Vrms","25kV/µs","1Mbps","100ns, 100ns","40ns","2.5ns, 2.5ns","3V ~ 5.5V","Automotive","-","-40°C ~ 125°C","Surface Mount","16-SOIC (0.295"", 7.50mm Width)","16-SOIC","https://www.digikey.be/en/products/detail/analog-devices-inc/ADUM4402WARWZ-RL/3820084"
"https://www.analog.com/media/en/technical-documentation/data-sheets/ADUM1410_1411_1412.pdf","//mm.digikey.com/Volume0/opasdata/d220001/medias/images/7547/MFG_505%7ERW-16%7ERW%7E16.jpg","505-ADUM1412BRWZ-ND","ADUM1412BRWZ","Analog Devices Inc.","Analog Devices Inc.","DGTL ISOLTR 3.75KV 4CH GP 16SOIC","308","6.82","0","1","Tube","iCoupler®","Active","Magnetic Coupling","General Purpose","No","4","2/2","Unidirectional","3750Vrms","25kV/µs","10Mbps","50ns, 50ns","5ns","2.5ns, 2.5ns","2.7V ~ 5.5V","-","-","-40°C ~ 105°C","Surface Mount","16-SOIC (0.295"", 7.50mm Width)","16-SOIC","https://www.digikey.be/en/products/detail/analog-devices-inc/ADUM1412BRWZ/1246099"
"https://www.analog.com/media/en/technical-documentation/data-sheets/ADUM1250_1251.pdf","//mm.digikey.com/Volume0/opasdata/d220001/medias/images/7041/MFG_505%7ER-8%7ER%7E8.jpg","505-ADUM1251WARZ-ND","ADUM1251WARZ","Analog Devices Inc.","Analog Devices Inc.","DGTL ISOLTR 2.5KV 2CH I2C 8-SOIC","5.422","6.91","0","1","Tube","-","Active","Magnetic Coupling","I2C","No","2","2/1","Bidirectional, Unidirectional","2500Vrms","25kV/µs","1Mbps","-","145ns, 85ns","26ns, 52ns","3V ~ 5.5V","Automotive","-","-40°C ~ 105°C","Surface Mount","8-SOIC (0.154"", 3.90mm Width)","8-SOIC","https://www.digikey.be/en/products/detail/analog-devices-inc/ADUM1251WARZ/3771056"
"https://www.analog.com/media/en/technical-documentation/data-sheets/ADUM1250_1251.pdf","//mm.digikey.com/Volume0/opasdata/d220001/medias/images/7041/MFG_505%7ER-8%7ER%7E8.jpg","505-ADUM1251WARZ-RL7TR-ND,505-ADUM1251WARZ-RL7CT-ND,505-ADUM1251WARZ-RL7DKR-ND","ADUM1251WARZ-RL7","Analog Devices Inc.","Analog Devices Inc.","DGTL ISOLTR 2.5KV 2CH I2C 8-SOIC","822","6.91","0","1","Tape & Reel (TR),Cut Tape (CT),Digi-Reel®","-","Active","Magnetic Coupling","I2C","No","2","2/1","Bidirectional, Unidirectional","2500Vrms","25kV/µs","1Mbps","-","145ns, 85ns","26ns, 52ns","3V ~ 5.5V","Automotive","-","-40°C ~ 105°C","Surface Mount","8-SOIC (0.154"", 3.90mm Width)","8-SOIC","https://www.digikey.be/en/products/detail/analog-devices-inc/ADUM1251WARZ-RL7/3775252"
"https://www.analog.com/media/en/technical-documentation/data-sheets/ADUM3400_3401_3402.pdf","//mm.digikey.com/Volume0/opasdata/d220001/medias/images/7547/MFG_505%7ERW-16%7ERW%7E16.jpg","ADUM3402CRWZ-ND","ADUM3402CRWZ","Analog Devices Inc.","Analog Devices Inc.","DGTL ISOLTR 2.5KV 4CH GP 16-SOIC","22","6.92","0","1","Tube","iCoupler®","Active","Magnetic Coupling","General Purpose","No","4","2/2","Unidirectional","2500Vrms","25kV/µs","90Mbps","32ns, 32ns","2ns","2.5ns, 2.5ns","3V ~ 5.5V","-","-","-40°C ~ 105°C","Surface Mount","16-SOIC (0.295"", 7.50mm Width)","16-SOIC","https://www.digikey.be/en/products/detail/analog-devices-inc/ADUM3402CRWZ/1068908"
"https://www.analog.com/media/en/technical-documentation/data-sheets/ADuM1400_1401_1402.pdf","//mm.digikey.com/Volume0/opasdata/d220001/medias/images/7547/MFG_505%7ERW-16%7ERW%7E16.jpg","ADUM1402BRWZ-RLTR-ND,ADUM1402BRWZ-RLCT-ND,ADUM1402BRWZ-RLDKR-ND","ADUM1402BRWZ-RL","Analog Devices Inc.","Analog Devices Inc.","DGTL ISOLTR 2.5KV 4CH GP 16-SOIC","2.517","7.22","0","1","Tape & Reel (TR),Cut Tape (CT),Digi-Reel®","iCoupler®","Active","Magnetic Coupling","General Purpose","No","4","2/2","Unidirectional","2500Vrms","25kV/µs","10Mbps","50ns, 50ns","3ns","2.5ns, 2.5ns","2.7V ~ 5.5V","-","-","-40°C ~ 105°C","Surface Mount","16-SOIC (0.295"", 7.50mm Width)","16-SOIC","https://www.digikey.be/en/products/detail/analog-devices-inc/ADUM1402BRWZ-RL/655656"
"https://www.analog.com/media/en/technical-documentation/data-sheets/ADuM1400_1401_1402.pdf","//mm.digikey.com/Volume0/opasdata/d220001/medias/images/7547/MFG_505%7ERW-16%7ERW%7E16.jpg","505-ADUM1402BRWZ-ND","ADUM1402BRWZ","Analog Devices Inc.","Analog Devices Inc.","DGTL ISOLTR 2.5KV 4CH GP 16-SOIC","1.179","7.22","0","1","Tube","iCoupler®","Active","Magnetic Coupling","General Purpose","No","4","2/2","Unidirectional","2500Vrms","25kV/µs","10Mbps","50ns, 50ns","3ns","2.5ns, 2.5ns","2.7V ~ 5.5V","-","-","-40°C ~ 105°C","Surface Mount","16-SOIC (0.295"", 7.50mm Width)","16-SOIC","https://www.digikey.be/en/products/detail/analog-devices-inc/ADUM1402BRWZ/655701"
"https://www.analog.com/media/en/technical-documentation/data-sheets/ADuM1400_1401_1402.pdf","//mm.digikey.com/Volume0/opasdata/d220001/medias/images/7547/MFG_505%7ERW-16%7ERW%7E16.jpg","ADUM1402WTRWZ-RLTR-ND","ADUM1402WTRWZ-RL","Analog Devices Inc.","Analog Devices Inc.","DGTL ISOLTR 2.5KV 4CH GP 16-SOIC","0","7.24796","0","1000","Tape & Reel (TR)","-","Active","Magnetic Coupling","General Purpose","No","4","2/2","Unidirectional","2500Vrms","25kV/µs","10Mbps","32ns, 32ns","3ns","2.5ns, 2.5ns","3V ~ 5.5V","Automotive","-","-40°C ~ 125°C","Surface Mount","16-SOIC (0.295"", 7.50mm Width)","16-SOIC","https://www.digikey.be/en/products/detail/analog-devices-inc/ADUM1402WTRWZ-RL/1873646"
"https://www.analog.com/media/en/technical-documentation/data-sheets/ADUM1250_1251.pdf","//mm.digikey.com/Volume0/opasdata/d220001/medias/images/7041/MFG_505%7ER-8%7ER%7E8.jpg","505-ADUM1250SRZ-RL7TR-ND,505-ADUM1250SRZ-RL7CT-ND,505-ADUM1250SRZ-RL7DKR-ND","ADUM1250SRZ-RL7","Analog Devices Inc.","Analog Devices Inc.","DGTL ISOLTR 2.5KV 2CH I2C 8-SOIC","2.353","7.25","0","1","Tape & Reel (TR),Cut Tape (CT),Digi-Reel®","iCoupler®","Active","Magnetic Coupling","I2C","No","2","2/2","Bidirectional","2500Vrms","25kV/µs","1Mbps","-","145ns, 85ns","-","3V ~ 5.5V","-","-","-40°C ~ 125°C","Surface Mount","8-SOIC (0.154"", 3.90mm Width)","8-SOIC","https://www.digikey.be/en/products/detail/analog-devices-inc/ADUM1250SRZ-RL7/2261100"
"https://www.analog.com/media/en/technical-documentation/data-sheets/adum4470_adum4471_adum4472_adum4473_adum4474.pdf","//mm.digikey.com/Volume0/opasdata/d220001/medias/images/6283/505%7ERI-20-1%7ERI%7E20.jpg","ADUM4472ARIZ-RLTR-ND","ADUM4472ARIZ-RL","Analog Devices Inc.","Analog Devices Inc.","DGTL ISOLTR 5KV 4CH GP 20-SOIC","0","7.28189","0","1000","Tape & Reel (TR)","IsoPower®, iCoupler®","Active","Magnetic Coupling","General Purpose","Yes","4","2/2","Unidirectional","5000Vrms","25kV/µs","1Mbps","100ns, 100ns","40ns","2.5ns, 2.5ns","3V ~ 3.6V, 4.5V ~ 5.5V","-","-","-40°C ~ 105°C","Surface Mount","20-SOIC (0.295"", 7.50mm Width)","20-SOIC-IC","https://www.digikey.be/en/products/detail/analog-devices-inc/ADUM4472ARIZ-RL/3904700"
"https://www.analog.com/media/en/technical-documentation/data-sheets/adum1440-1441-1442-1445-1446-1447.pdf","//mm.digikey.com/Volume0/opasdata/d220001/medias/images/4900/505%7ERS-20%7ERS%7E20.JPG","505-ADUM1442ARSZ-ND","ADUM1442ARSZ","Analog Devices Inc.","Analog Devices Inc.","DGTL ISOLTR 3.75KV 4CH GP 20SSOP","80","7.41","0","1","Tube","iCoupler®","Active","Magnetic Coupling","General Purpose","No","4","2/2","Unidirectional","3750Vrms","25kV/µs","2Mbps","180ns, 180ns","8ns","2ns, 2ns","2.25V ~ 3.6V","-","-","-40°C ~ 125°C","Surface Mount","20-SSOP (0.209"", 5.30mm Width)","20-SSOP","https://www.digikey.be/en/products/detail/analog-devices-inc/ADUM1442ARSZ/4866835"
"https://www.analog.com/media/en/technical-documentation/data-sheets/adum1440-1441-1442-1445-1446-1447.pdf","//mm.digikey.com/Volume0/opasdata/d220001/medias/images/4900/505%7ERS-20%7ERS%7E20.JPG","ADUM1447ARSZ-ND","ADUM1447ARSZ","Analog Devices Inc.","Analog Devices Inc.","DGTL ISOLTR 3.75KV 4CH GP 20SSOP","23","7.41","0","1","Tube","iCoupler®","Active","Magnetic Coupling","General Purpose","No","4","2/2","Unidirectional","3750Vrms","25kV/µs","2Mbps","180ns, 180ns","8ns","2ns, 2ns","2.25V ~ 3.6V","-","-","-40°C ~ 125°C","Surface Mount","20-SSOP (0.209"", 5.30mm Width)","20-SSOP","https://www.digikey.be/en/products/detail/analog-devices-inc/ADUM1447ARSZ/4866838"
"https://www.analog.com/media/en/technical-documentation/data-sheets/ADUM1250_1251.pdf","//mm.digikey.com/Volume0/opasdata/d220001/medias/images/7041/MFG_505%7ER-8%7ER%7E8.jpg","505-ADUM1250SRZ-ND","ADUM1250SRZ","Analog Devices Inc.","Analog Devices Inc.","DGTL ISOLTR 2.5KV 2CH I2C 8-SOIC","512","7.46","0","1","Tube","iCoupler®","Active","Magnetic Coupling","I2C","No","2","2/2","Bidirectional","2500Vrms","25kV/µs","1Mbps","-","145ns, 85ns","-","3V ~ 5.5V","-","-","-40°C ~ 125°C","Surface Mount","8-SOIC (0.154"", 3.90mm Width)","8-SOIC","https://www.digikey.be/en/products/detail/analog-devices-inc/ADUM1250SRZ/2237738"
"https://www.analog.com/media/en/technical-documentation/data-sheets/ADuM3470_3471_3472_3473_3474.pdf","//mm.digikey.com/Volume0/opasdata/d220001/medias/images/4900/505%7ERS-20%7ERS%7E20.JPG","ADUM3472WCRSZ-RL7-ND","ADUM3472WCRSZ-RL7","Analog Devices Inc.","Analog Devices Inc.","DGTL ISOLTR 2.5KV 4CH GP 20-SSOP","0","7.54694","0","500","Tape & Reel (TR)","-","Active","Magnetic Coupling","General Purpose","No","4","2/2","Unidirectional","2500Vrms","25kV/µs","25Mbps","60ns, 60ns","8ns","2.5ns, 2.5ns","3V ~ 3.6V, 4.5V ~ 5.5V","Automotive","-","-40°C ~ 105°C","Surface Mount","20-SSOP (0.209"", 5.30mm Width)","20-SSOP","https://www.digikey.be/en/products/detail/analog-devices-inc/ADUM3472WCRSZ-RL7/5887119"
"https://www.analog.com/media/en/technical-documentation/data-sheets/ADuM3470_3471_3472_3473_3474.pdf","//mm.digikey.com/Volume0/opasdata/d220001/medias/images/4900/505%7ERS-20%7ERS%7E20.JPG","ADUM3472ARSZ-RL7TR-ND,ADUM3472ARSZ-RL7CT-ND,ADUM3472ARSZ-RL7DKR-ND","ADUM3472ARSZ-RL7","Analog Devices Inc.","Analog Devices Inc.","DGTL ISOLTR 2.5KV 4CH GP 20-SSOP","194","7.61","0","1","Tape & Reel (TR),Cut Tape (CT),Digi-Reel®","iCoupler®","Active","Magnetic Coupling","General Purpose","No","4","2/2","Unidirectional","2500Vrms","25kV/µs","1Mbps","100ns, 100ns","40ns","2.5ns, 2.5ns","3V ~ 3.6V, 4.5V ~ 5.5V","-","-","-40°C ~ 105°C","Surface Mount","20-SSOP (0.209"", 5.30mm Width)","20-SSOP","https://www.digikey.be/en/products/detail/analog-devices-inc/ADUM3472ARSZ-RL7/2415019"
"https://www.analog.com/media/en/technical-documentation/data-sheets/ADUM1250_1251.pdf","//mm.digikey.com/Volume0/opasdata/d220001/medias/images/7041/MFG_505%7ER-8%7ER%7E8.jpg","ADUM1250WSRZ-RL7TR-ND,ADUM1250WSRZ-RL7CT-ND,ADUM1250WSRZ-RL7DKR-ND","ADUM1250WSRZ-RL7","Analog Devices Inc.","Analog Devices Inc.","DGTL ISOLTR 2.5KV 2CH I2C 8-SOIC","1.732","7.64","0","1","Tape & Reel (TR),Cut Tape (CT),Digi-Reel®","-","Active","Magnetic Coupling","I2C","No","2","2/2","Bidirectional","2500Vrms","25kV/µs","1Mbps","-","145ns, 85ns","-","3V ~ 5.5V","Automotive","-","-40°C ~ 125°C","Surface Mount","8-SOIC (0.154"", 3.90mm Width)","8-SOIC","https://www.digikey.be/en/products/detail/analog-devices-inc/ADUM1250WSRZ-RL7/2606611"
"https://www.analog.com/media/en/technical-documentation/data-sheets/adum2250_adum2251.pdf","//mm.digikey.com/Volume0/opasdata/d220001/medias/images/7547/MFG_505%7ERW-16%7ERW%7E16.jpg","505-ADUM2251ARWZ-ND","ADUM2251ARWZ","Analog Devices Inc.","Analog Devices Inc.","DGTL ISOLTR 5KV 2CH I2C 16-SOIC","1.322","7.64","0","1","Tube","iCoupler®","Active","Magnetic Coupling","I2C","No","2","2/1","Bidirectional, Unidirectional","5000Vrms","25kV/µs","1Mbps","-","145ns, 85ns","-","3V ~ 5.5V","-","-","-40°C ~ 105°C","Surface Mount","16-SOIC (0.295"", 7.50mm Width)","16-SOIC","https://www.digikey.be/en/products/detail/analog-devices-inc/ADUM2251ARWZ/1834314"
"https://www.analog.com/media/en/technical-documentation/data-sheets/adum2250_adum2251.pdf","//mm.digikey.com/Volume0/opasdata/d220001/medias/images/7547/MFG_505%7ERW-16%7ERW%7E16.jpg","ADUM2251ARWZ-RLTR-ND,ADUM2251ARWZ-RLCT-ND,ADUM2251ARWZ-RLDKR-ND","ADUM2251ARWZ-RL","Analog Devices Inc.","Analog Devices Inc.","DGTL ISOLTR 5KV 2CH I2C 16-SOIC","1.477","7.64","0","1","Tape & Reel (TR),Cut Tape (CT),Digi-Reel®","iCoupler®","Active","Magnetic Coupling","I2C","No","2","2/1","Bidirectional, Unidirectional","5000Vrms","25kV/µs","1Mbps","-","145ns, 85ns","-","3V ~ 5.5V","-","-","-40°C ~ 105°C","Surface Mount","16-SOIC (0.295"", 7.50mm Width)","16-SOIC","https://www.digikey.be/en/products/detail/analog-devices-inc/ADUM2251ARWZ-RL/1835082"
"https://www.analog.com/media/en/technical-documentation/data-sheets/ADuM2250_ADuM2251.pdf","//mm.digikey.com/Volume0/opasdata/d220001/medias/images/6296/505%7ERI-16-1%7ERI%7E16.jpg","505-ADUM2251ARIZ-RLTR-ND,505-ADUM2251ARIZ-RLCT-ND,505-ADUM2251ARIZ-RLDKR-ND","ADUM2251ARIZ-RL","Analog Devices Inc.","Analog Devices Inc.","DGTL ISOLTR 5KV 2CH I2C 16-SOIC","144","7.64","0","1","Tape & Reel (TR),Cut Tape (CT),Digi-Reel®","iCoupler®","Active","Magnetic Coupling","I2C","No","2","2/1","Bidirectional, Unidirectional","5000Vrms","25kV/µs","1Mbps","-","145ns, 85ns","-","3V ~ 5.5V","-","-","-40°C ~ 105°C","Surface Mount","16-SOIC (0.295"", 7.50mm Width)","16-SOIC-IC","https://www.digikey.be/en/products/detail/analog-devices-inc/ADUM2251ARIZ-RL/2780639"
"https://www.analog.com/media/en/technical-documentation/data-sheets/ADuM6410-6411-6412.pdf","//mm.digikey.com/Volume0/opasdata/d220001/medias/images/6283/505%7ERS-24%7ERS%7E24.jpg","505-ADUM6412BRSZ-RL7TR-ND","ADUM6412BRSZ-RL7","Analog Devices Inc.","Analog Devices Inc.","DGTL ISOLTR 3.75KV 4CH GP 24SSOP","0","7.66212","0","500","Tape & Reel (TR)","iCoupler®","Active","Magnetic Coupling","General Purpose","Yes","4","2/2","Unidirectional","3750Vrms","75kV/µs","150Mbps","13ns, 13ns","3ns","2.5ns, 2.5ns","1.7V ~ 5.5V","-","-","-40°C ~ 105°C","Surface Mount","24-SSOP (0.209"", 5.30mm Width)","24-SSOP","https://www.digikey.be/en/products/detail/analog-devices-inc/ADUM6412BRSZ-RL7/6189750"
"https://www.analog.com/media/en/technical-documentation/data-sheets/adum4400_4401_4402.pdf","//mm.digikey.com/Volume0/opasdata/d220001/medias/images/7547/MFG_505%7ERW-16%7ERW%7E16.jpg","505-ADUM4402WARWZ-ND","ADUM4402WARWZ","Analog Devices Inc.","Analog Devices Inc.","DGTL ISOLTR 5KV 4CH GP 16-SOIC","0","7.73489","0","47","Tube","-","Active","Magnetic Coupling","General Purpose","No","4","2/2","Unidirectional","5000Vrms","25kV/µs","1Mbps","100ns, 100ns","40ns","2.5ns, 2.5ns","3.135V ~ 5.5V","Automotive","-","-40°C ~ 125°C","Surface Mount","16-SOIC (0.295"", 7.50mm Width)","16-SOIC","https://www.digikey.be/en/products/detail/analog-devices-inc/ADUM4402WARWZ/3821183"
"https://www.analog.com/media/en/technical-documentation/data-sheets/ADuM3470_3471_3472_3473_3474.pdf","//mm.digikey.com/Volume0/opasdata/d220001/medias/images/4900/505%7ERS-20%7ERS%7E20.JPG","ADUM3472ARSZ-ND","ADUM3472ARSZ","Analog Devices Inc.","Analog Devices Inc.","DGTL ISOLTR 2.5KV 4CH GP 20-SSOP","168","7.83","0","1","Tube","iCoupler®","Active","Magnetic Coupling","General Purpose","No","4","2/2","Unidirectional","2500Vrms","25kV/µs","1Mbps","100ns, 100ns","40ns","2.5ns, 2.5ns","3V ~ 3.6V, 4.5V ~ 5.5V","-","-","-40°C ~ 105°C","Surface Mount","20-SSOP (0.209"", 5.30mm Width)","20-SSOP","https://www.digikey.be/en/products/detail/analog-devices-inc/ADUM3472ARSZ/2415056"
"https://www.analog.com/media/en/technical-documentation/data-sheets/ADUM1250_1251.pdf","//mm.digikey.com/Volume0/opasdata/d220001/medias/images/7041/MFG_505%7ER-8%7ER%7E8.jpg","505-ADUM1250WSRZ-ND","ADUM1250WSRZ","Analog Devices Inc.","Analog Devices Inc.","DGTL ISOLTR 2.5KV 2CH I2C 8-SOIC","695","7.87","0","1","Tube","-","Active","Magnetic Coupling","I2C","No","2","2/2","Bidirectional","2500Vrms","25kV/µs","1Mbps","-","145ns, 85ns","26ns, 52ns","3V ~ 5.5V","Automotive","-","-40°C ~ 125°C","Surface Mount","8-SOIC (0.154"", 3.90mm Width)","8-SOIC","https://www.digikey.be/en/products/detail/analog-devices-inc/ADUM1250WSRZ/2606612"
"https://www.analog.com/media/en/technical-documentation/data-sheets/ADuM2250_ADuM2251.pdf","//mm.digikey.com/Volume0/opasdata/d220001/medias/images/6296/505%7ERI-16-1%7ERI%7E16.jpg","505-ADUM2251ARIZ-ND","ADUM2251ARIZ","Analog Devices Inc.","Analog Devices Inc.","DGTL ISOLTR 5KV 2CH I2C 16-SOIC","30","7.87","0","1","Tube","iCoupler®","Active","Magnetic Coupling","I2C","No","2","2/1","Bidirectional, Unidirectional","5000Vrms","25kV/µs","1Mbps","-","145ns, 85ns","-","3V ~ 5.5V","-","-","-40°C ~ 105°C","Surface Mount","16-SOIC (0.295"", 7.50mm Width)","16-SOIC-IC","https://www.digikey.be/en/products/detail/analog-devices-inc/ADUM2251ARIZ/2752957"
"https://www.analog.com/media/en/technical-documentation/data-sheets/ADuM1400_1401_1402.pdf","//mm.digikey.com/Volume0/opasdata/d220001/medias/images/7547/MFG_505%7ERW-16%7ERW%7E16.jpg","505-ADUM1402CRWZ-RLTR-ND,505-ADUM1402CRWZ-RLCT-ND,505-ADUM1402CRWZ-RLDKR-ND","ADUM1402CRWZ-RL","Analog Devices Inc.","Analog Devices Inc.","DGTL ISOLTR 2.5KV 4CH GP 16-SOIC","2.103","7.92","0","1","Tape & Reel (TR),Cut Tape (CT),Digi-Reel®","iCoupler®","Active","Magnetic Coupling","General Purpose","No","4","2/2","Unidirectional","2500Vrms","25kV/µs","90Mbps","32ns, 32ns","2ns","2.5ns, 2.5ns","2.7V ~ 5.5V","-","-","-40°C ~ 105°C","Surface Mount","16-SOIC (0.295"", 7.50mm Width)","16-SOIC","https://www.digikey.be/en/products/detail/analog-devices-inc/ADUM1402CRWZ-RL/655657"
"https://www.analog.com/media/en/technical-documentation/data-sheets/ADuM1400_1401_1402.pdf","//mm.digikey.com/Volume0/opasdata/d220001/medias/images/7547/MFG_505%7ERW-16%7ERW%7E16.jpg","505-ADUM1402CRWZ-ND","ADUM1402CRWZ","Analog Devices Inc.","Analog Devices Inc.","DGTL ISOLTR 2.5KV 4CH GP 16-SOIC","344","7.92","0","1","Tube","iCoupler®","Active","Magnetic Coupling","General Purpose","No","4","2/2","Unidirectional","2500Vrms","25kV/µs","90Mbps","32ns, 32ns","2ns","2.5ns, 2.5ns","2.7V ~ 5.5V","-","-","-40°C ~ 105°C","Surface Mount","16-SOIC (0.295"", 7.50mm Width)","16-SOIC","https://www.digikey.be/en/products/detail/analog-devices-inc/ADUM1402CRWZ/655702"
"https://www.analog.com/media/en/technical-documentation/data-sheets/ADuM1400_1401_1402.pdf","//mm.digikey.com/Volume0/opasdata/d220001/medias/images/7547/MFG_505%7ERW-16%7ERW%7E16.jpg","ADUM1402WSRWZ-RLTR-ND,ADUM1402WSRWZ-RLCT-ND,ADUM1402WSRWZ-RLDKR-ND","ADUM1402WSRWZ-RL","Analog Devices Inc.","Analog Devices Inc.","DGTL ISOLTR 2.5KV 4CH GP 16-SOIC","250","8.15","0","1","Tape & Reel (TR),Cut Tape (CT),Digi-Reel®","-","Active","Magnetic Coupling","General Purpose","No","4","2/2","Unidirectional","2500Vrms","25kV/µs","1Mbps","100ns, 100ns","40ns","2.5ns, 2.5ns","2.7V ~ 5.5V","Automotive","-","-40°C ~ 125°C","Surface Mount","16-SOIC (0.295"", 7.50mm Width)","16-SOIC","https://www.digikey.be/en/products/detail/analog-devices-inc/ADUM1402WSRWZ-RL/1873645"
"https://www.analog.com/media/en/technical-documentation/data-sheets/ADuM2400_2401_2402.pdf","//mm.digikey.com/Volume0/opasdata/d220001/medias/images/7547/MFG_505%7ERW-16%7ERW%7E16.jpg","505-ADUM2402ARWZ-RLTR-ND,505-ADUM2402ARWZ-RLCT-ND,505-ADUM2402ARWZ-RLDKR-ND","ADUM2402ARWZ-RL","Analog Devices Inc.","Analog Devices Inc.","DGTL ISOLTR 5KV 4CH GP 16-SOIC","2.167","8.17","0","1","Tape & Reel (TR),Cut Tape (CT),Digi-Reel®","iCoupler®","Active","Magnetic Coupling","General Purpose","No","4","2/2","Unidirectional","5000Vrms","25kV/µs","1Mbps","100ns, 100ns","40ns","2.5ns, 2.5ns","2.7V ~ 5.5V","-","-","-40°C ~ 105°C","Surface Mount","16-SOIC (0.295"", 7.50mm Width)","16-SOIC","https://www.digikey.be/en/products/detail/analog-devices-inc/ADUM2402ARWZ-RL/994847"
"https://www.analog.com/media/en/technical-documentation/data-sheets/adum4400_4401_4402.pdf","//mm.digikey.com/Volume0/opasdata/d220001/medias/images/7547/MFG_505%7ERW-16%7ERW%7E16.jpg","ADUM4402ARWZ-RLTR-ND,ADUM4402ARWZ-RLCT-ND,ADUM4402ARWZ-RLDKR-ND","ADUM4402ARWZ-RL","Analog Devices Inc.","Analog Devices Inc.","DGTL ISOLTR 5KV 4CH GP 16-SOIC","1.686","8.17","0","1","Tape & Reel (TR),Cut Tape (CT),Digi-Reel®","iCoupler®","Active","Magnetic Coupling","General Purpose","No","4","2/2","Unidirectional","5000Vrms","25kV/µs","1Mbps","100ns, 100ns","40ns","2.5ns, 2.5ns","3V ~ 5.5V","-","-","-40°C ~ 105°C","Surface Mount","16-SOIC (0.295"", 7.50mm Width)","16-SOIC","https://www.digikey.be/en/products/detail/analog-devices-inc/ADUM4402ARWZ-RL/2079352"
"https://www.analog.com/media/en/technical-documentation/data-sheets/ADuM2400_2401_2402.pdf","//mm.digikey.com/Volume0/opasdata/d220001/medias/images/7547/MFG_505%7ERW-16%7ERW%7E16.jpg","505-ADUM2402ARWZ-ND","ADUM2402ARWZ","Analog Devices Inc.","Analog Devices Inc.","DGTL ISOLTR 5KV 4CH GP 16-SOIC","0","8.17","0","1","Tube","iCoupler®","Active","Magnetic Coupling","General Purpose","No","4","2/2","Unidirectional","5000Vrms","25kV/µs","1Mbps","100ns, 100ns","40ns","2.5ns, 2.5ns","2.7V ~ 5.5V","-","-","-40°C ~ 105°C","Surface Mount","16-SOIC (0.295"", 7.50mm Width)","16-SOIC","https://www.digikey.be/en/products/detail/analog-devices-inc/ADUM2402ARWZ/997027"
"https://www.analog.com/media/en/technical-documentation/data-sheets/adum4470_adum4471_adum4472_adum4473_adum4474.pdf","//mm.digikey.com/Volume0/opasdata/d220001/medias/images/6283/505%7ERI-20-1%7ERI%7E20.jpg","505-ADUM4472ARIZ-ND","ADUM4472ARIZ","Analog Devices Inc.","Analog Devices Inc.","DGTL ISOLTR 5KV 4CH GP 20-SOIC","0","8.17048","0","62","Tube","IsoPower®, iCoupler®","Active","Magnetic Coupling","General Purpose","Yes","4","2/2","Unidirectional","5000Vrms","25kV/µs","1Mbps","100ns, 100ns","40ns","2.5ns, 2.5ns","3V ~ 3.6V, 4.5V ~ 5.5V","-","-","-40°C ~ 105°C","Surface Mount","20-SOIC (0.295"", 7.50mm Width)","20-SOIC-IC","https://www.digikey.be/en/products/detail/analog-devices-inc/ADUM4472ARIZ/3894009"
"https://www.analog.com/media/en/technical-documentation/data-sheets/adum2250_adum2251.pdf","//mm.digikey.com/Volume0/opasdata/d220001/medias/images/7547/MFG_505%7ERW-16%7ERW%7E16.jpg","ADUM2250ARWZ-RLTR-ND,ADUM2250ARWZ-RLCT-ND,ADUM2250ARWZ-RLDKR-ND","ADUM2250ARWZ-RL","Analog Devices Inc.","Analog Devices Inc.","DGTL ISOLTR 5KV 2CH I2C 16-SOIC","4.629","8.2","0","1","Tape & Reel (TR),Cut Tape (CT),Digi-Reel®","iCoupler®","Active","Magnetic Coupling","I2C","No","2","2/2","Bidirectional","5000Vrms","25kV/µs","1Mbps","-","145ns, 85ns","-","3V ~ 5.5V","-","-","-40°C ~ 105°C","Surface Mount","16-SOIC (0.295"", 7.50mm Width)","16-SOIC","https://www.digikey.be/en/products/detail/analog-devices-inc/ADUM2250ARWZ-RL/1835081"
"https://www.analog.com/media/en/technical-documentation/data-sheets/adum2250_adum2251.pdf","//mm.digikey.com/Volume0/opasdata/d220001/medias/images/7547/MFG_505%7ERW-16%7ERW%7E16.jpg","505-ADUM2250ARWZ-ND","ADUM2250ARWZ","Analog Devices Inc.","Analog Devices Inc.","DGTL ISOLTR 5KV 2CH I2C 16-SOIC","568","8.2","0","1","Tube","iCoupler®","Active","Magnetic Coupling","I2C","No","2","2/2","Bidirectional","5000Vrms","25kV/µs","1Mbps","-","145ns, 85ns","-","3V ~ 5.5V","-","-","-40°C ~ 105°C","Surface Mount","16-SOIC (0.295"", 7.50mm Width)","16-SOIC","https://www.digikey.be/en/products/detail/analog-devices-inc/ADUM2250ARWZ/1834312"
"https://www.analog.com/media/en/technical-documentation/data-sheets/ADuM2250_ADuM2251.pdf","//mm.digikey.com/Volume0/opasdata/d220001/medias/images/6296/505%7ERI-16-1%7ERI%7E16.jpg","505-ADUM2250ARIZ-RLTR-ND,505-ADUM2250ARIZ-RLCT-ND,505-ADUM2250ARIZ-RLDKR-ND","ADUM2250ARIZ-RL","Analog Devices Inc.","Analog Devices Inc.","DGTL ISOLTR 5KV 2CH I2C 16-SOIC","1.195","8.2","0","1","Tape & Reel (TR),Cut Tape (CT),Digi-Reel®","iCoupler®","Active","Magnetic Coupling","I2C","No","2","2/2","Bidirectional","5000Vrms","25kV/µs","1Mbps","-","145ns, 85ns","-","3V ~ 5.5V","-","-","-40°C ~ 105°C","Surface Mount","16-SOIC (0.295"", 7.50mm Width)","16-SOIC-IC","https://www.digikey.be/en/products/detail/analog-devices-inc/ADUM2250ARIZ-RL/2780633"
"https://www.analog.com/media/en/technical-documentation/data-sheets/ADuM3470_3471_3472_3473_3474.pdf","//mm.digikey.com/Volume0/opasdata/d220001/medias/images/4900/505%7ERS-20%7ERS%7E20.JPG","505-ADUM3472WCRSZ-ND","ADUM3472WCRSZ","Analog Devices Inc.","Analog Devices Inc.","DGTL ISOLTR 2.5KV 4CH GP 20-SSOP","0","8.25348","0","66","Tube","-","Active","Magnetic Coupling","General Purpose","No","4","2/2","Unidirectional","2500Vrms","25kV/µs","25Mbps","60ns, 60ns","8ns","2.5ns, 2.5ns","3V ~ 3.6V, 4.5V ~ 5.5V","Automotive","-","-40°C ~ 105°C","Surface Mount","20-SSOP (0.209"", 5.30mm Width)","20-SSOP","https://www.digikey.be/en/products/detail/analog-devices-inc/ADUM3472WCRSZ/5957992"
"https://www.analog.com/media/en/technical-documentation/data-sheets/ADuM1400_1401_1402.pdf","//mm.digikey.com/Volume0/opasdata/d220001/medias/images/7547/MFG_505%7ERW-16%7ERW%7E16.jpg","505-ADUM1402WSRWZ-ND","ADUM1402WSRWZ","Analog Devices Inc.","Analog Devices Inc.","DGTL ISOLTR 2.5KV 4CH GP 16-SOIC","106","8.39","0","1","Tube","-","Active","Magnetic Coupling","General Purpose","No","4","2/2","Unidirectional","2500Vrms","25kV/µs","1Mbps","100ns, 100ns","40ns","2.5ns, 2.5ns","3V ~ 5.5V","Automotive","-","-40°C ~ 125°C","Surface Mount","16-SOIC (0.295"", 7.50mm Width)","16-SOIC","https://www.digikey.be/en/products/detail/analog-devices-inc/ADUM1402WSRWZ/1873716"
"https://www.analog.com/media/en/technical-documentation/data-sheets/adum4400_4401_4402.pdf","//mm.digikey.com/Volume0/opasdata/d220001/medias/images/7547/MFG_505%7ERW-16%7ERW%7E16.jpg","ADUM4402ARWZ-ND","ADUM4402ARWZ","Analog Devices Inc.","Analog Devices Inc.","DGTL ISOLTR 5KV 4CH GP 16-SOIC","230","8.41","0","1","Tube","iCoupler®","Active","Magnetic Coupling","General Purpose","No","4","2/2","Unidirectional","5000Vrms","25kV/µs","1Mbps","100ns, 100ns","40ns","2.5ns, 2.5ns","3V ~ 5.5V","-","-","-40°C ~ 105°C","Surface Mount","16-SOIC (0.295"", 7.50mm Width)","16-SOIC","https://www.digikey.be/en/products/detail/analog-devices-inc/ADUM4402ARWZ/2077100"
"https://www.analog.com/media/en/technical-documentation/data-sheets/ADuM2400_2401_2402.pdf","//mm.digikey.com/Volume0/opasdata/d220001/medias/images/6296/505%7ERI-16-1%7ERI%7E16.jpg","ADUM2402ARIZ-ND","ADUM2402ARIZ","Analog Devices Inc.","Analog Devices Inc.","DGTL ISOLTR 5KV 4CH GP 16-SOIC","101","8.41","0","1","Tube","iCoupler®","Active","Magnetic Coupling","General Purpose","No","4","2/2","Unidirectional","5000Vrms","25kV/µs","1Mbps","100ns, 100ns","40ns","2.5ns, 2.5ns","2.7V ~ 5.5V","-","-","-40°C ~ 105°C","Surface Mount","16-SOIC (0.295"", 7.50mm Width)","16-SOIC-IC","https://www.digikey.be/en/products/detail/analog-devices-inc/ADUM2402ARIZ/2780750"
"https://www.analog.com/media/en/technical-documentation/data-sheets/adum4400_4401_4402.pdf","//mm.digikey.com/Volume0/opasdata/d220001/medias/images/6296/505%7ERI-16-1%7ERI%7E16.jpg","ADUM4402ARIZ-ND","ADUM4402ARIZ","Analog Devices Inc.","Analog Devices Inc.","DGTL ISOLTR 5KV 4CH GP 16-SOIC","8","8.41","0","1","Tube","iCoupler®","Active","Magnetic Coupling","General Purpose","No","4","2/2","Unidirectional","5000Vrms","25kV/µs","1Mbps","100ns, 100ns","40ns","2.5ns, 2.5ns","3V ~ 5.5V","-","-","-40°C ~ 105°C","Surface Mount","16-SOIC (0.295"", 7.50mm Width)","16-SOIC-IC","https://www.digikey.be/en/products/detail/analog-devices-inc/ADUM4402ARIZ/2780751"
"https://www.analog.com/media/en/technical-documentation/data-sheets/ADuM2250_ADuM2251.pdf","//mm.digikey.com/Volume0/opasdata/d220001/medias/images/6296/505%7ERI-16-1%7ERI%7E16.jpg","505-ADUM2250ARIZ-ND","ADUM2250ARIZ","Analog Devices Inc.","Analog Devices Inc.","DGTL ISOLTR 5KV 2CH I2C 16-SOIC","3.332","8.45","0","1","Tube","iCoupler®","Active","Magnetic Coupling","I2C","No","2","2/2","Bidirectional","5000Vrms","25kV/µs","1Mbps","-","145ns, 85ns","-","3V ~ 5.5V","-","-","-40°C ~ 105°C","Surface Mount","16-SOIC (0.295"", 7.50mm Width)","16-SOIC-IC","https://www.digikey.be/en/products/detail/analog-devices-inc/ADUM2250ARIZ/2752956"
"https://www.analog.com/media/en/technical-documentation/data-sheets/ADuM5410-5411-5412.pdf","//mm.digikey.com/Volume0/opasdata/d220001/medias/images/6283/505%7ERS-24%7ERS%7E24.jpg","505-ADUM5412BRSZ-RL7TR-ND,505-ADUM5412BRSZ-RL7CT-ND,505-ADUM5412BRSZ-RL7DKR-ND","ADUM5412BRSZ-RL7","Analog Devices Inc.","Analog Devices Inc.","DGTL ISOLTR 2.5KV 4CH GP 24-SSOP","980","8.97","0","1","Tape & Reel (TR),Cut Tape (CT),Digi-Reel®","iCoupler®","Active","Magnetic Coupling","General Purpose","Yes","4","2/2","Unidirectional","2500Vrms","75kV/µs","150Mbps","13ns, 13ns","3ns","2.5ns, 2.5ns","1.7V ~ 5.5V","-","-","-40°C ~ 105°C","Surface Mount","24-SSOP (0.209"", 5.30mm Width)","24-SSOP","https://www.digikey.be/en/products/detail/analog-devices-inc/ADUM5412BRSZ-RL7/6190314"
"https://www.analog.com/media/en/technical-documentation/data-sheets/ADuM2400_2401_2402.pdf","//mm.digikey.com/Volume0/opasdata/d220001/medias/images/7547/MFG_505%7ERW-16%7ERW%7E16.jpg","ADUM2402BRWZ-RLTR-ND,ADUM2402BRWZ-RLCT-ND,ADUM2402BRWZ-RLDKR-ND","ADUM2402BRWZ-RL","Analog Devices Inc.","Analog Devices Inc.","DGTL ISOLTR 5KV 4CH GP 16-SOIC","1.577","9.04","0","1","Tape & Reel (TR),Cut Tape (CT),Digi-Reel®","iCoupler®","Active","Magnetic Coupling","General Purpose","No","4","2/2","Unidirectional","5000Vrms","25kV/µs","10Mbps","50ns, 50ns","3ns","2.5ns, 2.5ns","2.7V ~ 5.5V","-","-","-40°C ~ 105°C","Surface Mount","16-SOIC (0.295"", 7.50mm Width)","16-SOIC","https://www.digikey.be/en/products/detail/analog-devices-inc/ADUM2402BRWZ-RL/994869"
"https://www.analog.com/media/en/technical-documentation/data-sheets/adum4400_4401_4402.pdf","//mm.digikey.com/Volume0/opasdata/d220001/medias/images/7547/MFG_505%7ERW-16%7ERW%7E16.jpg","505-ADUM4402BRWZ-RLTR-ND,505-ADUM4402BRWZ-RLCT-ND,505-ADUM4402BRWZ-RLDKR-ND","ADUM4402BRWZ-RL","Analog Devices Inc.","Analog Devices Inc.","DGTL ISOLTR 5KV 4CH GP 16-SOIC","1.480","9.04","0","1","Tape & Reel (TR),Cut Tape (CT),Digi-Reel®","iCoupler®","Active","Magnetic Coupling","General Purpose","No","4","2/2","Unidirectional","5000Vrms","25kV/µs","10Mbps","50ns, 50ns","3ns","2.5ns, 2.5ns","3V ~ 5.5V","-","-","-40°C ~ 105°C","Surface Mount","16-SOIC (0.295"", 7.50mm Width)","16-SOIC","https://www.digikey.be/en/products/detail/analog-devices-inc/ADUM4402BRWZ-RL/2079351"
"https://www.analog.com/media/en/technical-documentation/data-sheets/adum4470_adum4471_adum4472_adum4473_adum4474.pdf","//mm.digikey.com/Volume0/opasdata/d220001/medias/images/6283/505%7ERI-20-1%7ERI%7E20.jpg","ADUM4472CRIZ-RLTR-ND","ADUM4472CRIZ-RL","Analog Devices Inc.","Analog Devices Inc.","DGTL ISOLTR 5KV 4CH GP 20-SOIC","0","9.07799","0","1000","Tape & Reel (TR)","IsoPower®, iCoupler®","Active","Magnetic Coupling","General Purpose","Yes","4","2/2","Unidirectional","5000Vrms","25kV/µs","25Mbps","60ns, 60ns","6ns","2.5ns, 2.5ns","3V ~ 3.6V, 4.5V ~ 5.5V","-","-","-40°C ~ 105°C","Surface Mount","20-SOIC (0.295"", 7.50mm Width)","20-SOIC-IC","https://www.digikey.be/en/products/detail/analog-devices-inc/ADUM4472CRIZ-RL/3904701"
"https://www.analog.com/media/en/technical-documentation/data-sheets/ADUM3300_3301.pdf","//mm.digikey.com/Volume0/opasdata/d220001/medias/images/7547/MFG_505%7ERW-16%7ERW%7E16.jpg","505-ADUM3301WBRWZ-ND","ADUM3301WBRWZ","Analog Devices Inc.","Analog Devices Inc.","DGTL ISOLTR 2.5KV 3CH GP 16-SOIC","94","9.14","0","1","Tube","-","Active","Magnetic Coupling","General Purpose","No","3","2/1","Unidirectional","2500Vrms","25kV/µs","10Mbps","50ns, 50ns","3ns","2.5ns, 2.5ns","3V ~ 5.5V","Automotive","-","-40°C ~ 105°C","Surface Mount","16-SOIC (0.295"", 7.50mm Width)","16-SOIC","https://www.digikey.be/en/products/detail/analog-devices-inc/ADUM3301WBRWZ/5957986"
"https://www.analog.com/media/en/technical-documentation/data-sheets/ADuM5410-5411-5412.pdf","//mm.digikey.com/Volume0/opasdata/d220001/medias/images/6283/505%7ERS-24%7ERS%7E24.jpg","505-ADUM5412BRSZ-ND","ADUM5412BRSZ","Analog Devices Inc.","Analog Devices Inc.","DGTL ISOLTR 2.5KV 4CH GP 24-SSOP","455","9.24","0","1","Tube","iCoupler®","Active","Magnetic Coupling","General Purpose","Yes","4","2/2","Unidirectional","2500Vrms","75kV/µs","150Mbps","13ns, 13ns","3ns","2.5ns, 2.5ns","1.7V ~ 5.5V","-","-","-40°C ~ 105°C","Surface Mount","24-SSOP (0.209"", 5.30mm Width)","24-SSOP","https://www.digikey.be/en/products/detail/analog-devices-inc/ADUM5412BRSZ/6189767"
"https://www.analog.com/media/en/technical-documentation/data-sheets/ADuM3470_3471_3472_3473_3474.pdf","//mm.digikey.com/Volume0/opasdata/d220001/medias/images/4900/505%7ERS-20%7ERS%7E20.JPG","ADUM3472WARSZ-ND","ADUM3472WARSZ","Analog Devices Inc.","Analog Devices Inc.","DGTL ISOLTR 2.5KV 4CH GP 20-SSOP","61","9.24","0","1","Tube","-","Active","Magnetic Coupling","General Purpose","No","4","2/2","Unidirectional","2500Vrms","25kV/µs","1Mbps","100ns, 100ns","40ns","2.5ns, 2.5ns","3V ~ 3.6V, 4.5V ~ 5.5V","Automotive","-","-40°C ~ 105°C","Surface Mount","20-SSOP (0.209"", 5.30mm Width)","20-SSOP","https://www.digikey.be/en/products/detail/analog-devices-inc/ADUM3472WARSZ/5957991"
"https://www.analog.com/media/en/technical-documentation/data-sheets/ADuM1300_1301.pdf","//mm.digikey.com/Volume0/opasdata/d220001/medias/images/7547/MFG_505%7ERW-16%7ERW%7E16.jpg","ADUM1301WTRWZ-ND","ADUM1301WTRWZ","Analog Devices Inc.","Analog Devices Inc.","DGTL ISOLTR 2.5KV 3CH GP 16-SOIC","94","9.27","0","1","Tube","-","Active","Magnetic Coupling","General Purpose","No","3","2/1","Unidirectional","2500Vrms","25kV/µs","10Mbps","32ns, 32ns","3ns","2.5ns, 2.5ns","3V ~ 5.5V","Automotive","-","-40°C ~ 125°C","Surface Mount","16-SOIC (0.295"", 7.50mm Width)","16-SOIC","https://www.digikey.be/en/products/detail/analog-devices-inc/ADUM1301WTRWZ/1873638"
"https://www.analog.com/media/en/technical-documentation/data-sheets/ADuM2400_2401_2402.pdf","//mm.digikey.com/Volume0/opasdata/d220001/medias/images/7547/MFG_505%7ERW-16%7ERW%7E16.jpg","505-ADUM2402BRWZ-ND","ADUM2402BRWZ","Analog Devices Inc.","Analog Devices Inc.","DGTL ISOLTR 5KV 4CH GP 16-SOIC","248","9.31","0","1","Tube","iCoupler®","Active","Magnetic Coupling","General Purpose","No","4","2/2","Unidirectional","5000Vrms","25kV/µs","10Mbps","50ns, 50ns","3ns","2.5ns, 2.5ns","2.7V ~ 5.5V","-","-","-40°C ~ 105°C","Surface Mount","16-SOIC (0.295"", 7.50mm Width)","16-SOIC","https://www.digikey.be/en/products/detail/analog-devices-inc/ADUM2402BRWZ/996946"
"https://www.analog.com/media/en/technical-documentation/data-sheets/adum4400_4401_4402.pdf","//mm.digikey.com/Volume0/opasdata/d220001/medias/images/7547/MFG_505%7ERW-16%7ERW%7E16.jpg","ADUM4402BRWZ-ND","ADUM4402BRWZ","Analog Devices Inc.","Analog Devices Inc.","DGTL ISOLTR 5KV 4CH GP 16-SOIC","1.184","9.31","0","1","Tube","iCoupler®","Active","Magnetic Coupling","General Purpose","No","4","2/2","Unidirectional","5000Vrms","25kV/µs","10Mbps","50ns, 50ns","3ns","2.5ns, 2.5ns","3V ~ 5.5V","-","-","-40°C ~ 105°C","Surface Mount","16-SOIC (0.295"", 7.50mm Width)","16-SOIC","https://www.digikey.be/en/products/detail/analog-devices-inc/ADUM4402BRWZ/2077101"
"https://www.analog.com/media/en/technical-documentation/data-sheets/ADuM2400_2401_2402.pdf","//mm.digikey.com/Volume0/opasdata/d220001/medias/images/6296/505%7ERI-16-1%7ERI%7E16.jpg","ADUM2402BRIZ-ND","ADUM2402BRIZ","Analog Devices Inc.","Analog Devices Inc.","DGTL ISOLTR 5KV 4CH GP 16-SOIC","73","9.31","0","1","Tube","iCoupler®","Active","Magnetic Coupling","General Purpose","No","4","2/2","Unidirectional","5000Vrms","25kV/µs","10Mbps","50ns, 50ns","3ns","2.5ns, 2.5ns","2.7V ~ 5.5V","-","-","-40°C ~ 105°C","Surface Mount","16-SOIC (0.295"", 7.50mm Width)","16-SOIC-IC","https://www.digikey.be/en/products/detail/analog-devices-inc/ADUM2402BRIZ/2780753"
"https://www.analog.com/media/en/technical-documentation/data-sheets/adum4400_4401_4402.pdf","//mm.digikey.com/Volume0/opasdata/d220001/medias/images/6296/505%7ERI-16-1%7ERI%7E16.jpg","ADUM4402BRIZ-ND","ADUM4402BRIZ","Analog Devices Inc.","Analog Devices Inc.","DGTL ISOLTR 5KV 4CH GP 16-SOIC","7","9.31","0","1","Tube","iCoupler®","Active","Magnetic Coupling","General Purpose","No","4","2/2","Unidirectional","5000Vrms","25kV/µs","10Mbps","50ns, 50ns","3ns","2.5ns, 2.5ns","3V ~ 5.5V","-","-","-40°C ~ 105°C","Surface Mount","16-SOIC (0.295"", 7.50mm Width)","16-SOIC-IC","https://www.digikey.be/en/products/detail/analog-devices-inc/ADUM4402BRIZ/2780746"
"https://www.analog.com/media/en/technical-documentation/data-sheets/ADuM6400_6401_6402_6403_6404.pdf","//mm.digikey.com/Volume0/opasdata/d220001/medias/images/6296/505%7ERI-16-1%7ERI%7E16.jpg","ADUM6402ARIZ-RLTR-ND","ADUM6402ARIZ-RL","Analog Devices Inc.","Analog Devices Inc.","DGTL ISOLTR 5KV 4CH GP 16-SOIC","0","9.32601","0","1000","Tape & Reel (TR)","IsoPower®, iCoupler®","Active","Magnetic Coupling","General Purpose","Yes","4","2/2","Unidirectional","5000Vrms","25kV/µs","1Mbps","100ns, 100ns","40ns","2.5ns, 2.5ns","3V ~ 5.5V","-","-","-40°C ~ 105°C","Surface Mount","16-SOIC (0.295"", 7.50mm Width)","16-SOIC-IC","https://www.digikey.be/en/products/detail/analog-devices-inc/ADUM6402ARIZ-RL/3878600"
"https://www.analog.com/media/en/technical-documentation/data-sheets/ADuM2400_2401_2402.pdf","//mm.digikey.com/Volume0/opasdata/d220001/medias/images/7547/MFG_505%7ERW-16%7ERW%7E16.jpg","ADUM2402CRWZ-RLTR-ND,ADUM2402CRWZ-RLCT-ND,ADUM2402CRWZ-RLDKR-ND","ADUM2402CRWZ-RL","Analog Devices Inc.","Analog Devices Inc.","DGTL ISOLTR 5KV 4CH GP 16-SOIC","732","9.43","0","1","Tape & Reel (TR),Cut Tape (CT),Digi-Reel®","iCoupler®","Active","Magnetic Coupling","General Purpose","No","4","2/2","Unidirectional","5000Vrms","25kV/µs","90Mbps","32ns, 32ns","2ns","2.5ns, 2.5ns","2.7V ~ 5.5V","-","-","-40°C ~ 105°C","Surface Mount","16-SOIC (0.295"", 7.50mm Width)","16-SOIC","https://www.digikey.be/en/products/detail/analog-devices-inc/ADUM2402CRWZ-RL/994844"
"https://www.analog.com/media/en/technical-documentation/data-sheets/adum2250_adum2251.pdf","//mm.digikey.com/Volume0/opasdata/d220001/medias/images/7547/MFG_505%7ERW-16%7ERW%7E16.jpg","ADUM2251WARWZ-ND","ADUM2251WARWZ","Analog Devices Inc.","Analog Devices Inc.","DGTL ISOLTR 5KV 2CH I2C 16-SOIC","59","9.63","0","1","Tube","-","Active","Magnetic Coupling","I2C","No","2","2/1","Bidirectional, Unidirectional","5000Vrms","25kV/µs","1Mbps","-","145ns, 85ns","-","3V ~ 5.5V","Automotive","-","-40°C ~ 105°C","Surface Mount","16-SOIC (0.295"", 7.50mm Width)","16-SOIC","https://www.digikey.be/en/products/detail/analog-devices-inc/ADUM2251WARWZ/5957978"
"https://www.analog.com/media/en/technical-documentation/data-sheets/adum4400_4401_4402.pdf","//mm.digikey.com/Volume0/opasdata/d220001/medias/images/6296/505%7ERI-16-1%7ERI%7E16.jpg","ADUM4402CRIZ-ND","ADUM4402CRIZ","Analog Devices Inc.","Analog Devices Inc.","DGTL ISOLTR 5KV 4CH GP 16-SOIC","2.198","9.72","0","1","Tube","iCoupler®","Active","Magnetic Coupling","General Purpose","No","4","2/2","Unidirectional","5000Vrms","25kV/µs","90Mbps","32ns, 32ns","2ns","2.5ns, 2.5ns","3V ~ 5.5V","-","-","-40°C ~ 105°C","Surface Mount","16-SOIC (0.295"", 7.50mm Width)","16-SOIC-IC","https://www.digikey.be/en/products/detail/analog-devices-inc/ADUM4402CRIZ/2752963"
"https://www.analog.com/media/en/technical-documentation/data-sheets/ADuM2400_2401_2402.pdf","//mm.digikey.com/Volume0/opasdata/d220001/medias/images/7547/MFG_505%7ERW-16%7ERW%7E16.jpg","505-ADUM2402CRWZ-ND","ADUM2402CRWZ","Analog Devices Inc.","Analog Devices Inc.","DGTL ISOLTR 5KV 4CH GP 16-SOIC","35","9.72","0","1","Tube","iCoupler®","Active","Magnetic Coupling","General Purpose","No","4","2/2","Unidirectional","5000Vrms","25kV/µs","90Mbps","32ns, 32ns","2ns","2.5ns, 2.5ns","2.7V ~ 5.5V","-","-","-40°C ~ 105°C","Surface Mount","16-SOIC (0.295"", 7.50mm Width)","16-SOIC","https://www.digikey.be/en/products/detail/analog-devices-inc/ADUM2402CRWZ/996944"
"https://www.analog.com/media/en/technical-documentation/data-sheets/ADuM2400_2401_2402.pdf","//mm.digikey.com/Volume0/opasdata/d220001/medias/images/6296/505%7ERI-16-1%7ERI%7E16.jpg","ADUM2402CRIZ-ND","ADUM2402CRIZ","Analog Devices Inc.","Analog Devices Inc.","DGTL ISOLTR 5KV 4CH GP 16-SOIC","377","9.72","0","1","Tube","iCoupler®","Active","Magnetic Coupling","General Purpose","No","4","2/2","Unidirectional","5000Vrms","25kV/µs","90Mbps","32ns, 32ns","2ns","2.5ns, 2.5ns","2.7V ~ 5.5V","-","-","-40°C ~ 105°C","Surface Mount","16-SOIC (0.295"", 7.50mm Width)","16-SOIC-IC","https://www.digikey.be/en/products/detail/analog-devices-inc/ADUM2402CRIZ/2752960"
"https://www.analog.com/media/en/technical-documentation/data-sheets/adum4400_4401_4402.pdf","//mm.digikey.com/Volume0/opasdata/d220001/medias/images/7547/MFG_505%7ERW-16%7ERW%7E16.jpg","505-ADUM4402CRWZ-ND","ADUM4402CRWZ","Analog Devices Inc.","Analog Devices Inc.","DGTL ISOLTR 5KV 4CH GP 16-SOIC","62","9.72","0","1","Tube","iCoupler®","Active","Magnetic Coupling","General Purpose","No","4","2/2","Unidirectional","5000Vrms","25kV/µs","90Mbps","32ns, 32ns","2ns","2.5ns, 2.5ns","3V ~ 5.5V","-","-","-40°C ~ 105°C","Surface Mount","16-SOIC (0.295"", 7.50mm Width)","16-SOIC","https://www.digikey.be/en/products/detail/analog-devices-inc/ADUM4402CRWZ/2077102"
"https://www.analog.com/media/en/technical-documentation/data-sheets/adum4400_4401_4402.pdf","//mm.digikey.com/Volume0/opasdata/d220001/medias/images/7547/MFG_505%7ERW-16%7ERW%7E16.jpg","ADUM4402WBRWZ-RLTR-ND","ADUM4402WBRWZ-RL","Analog Devices Inc.","Analog Devices Inc.","DGTL ISOLTR 5KV 4CH GP 16-SOIC","0","9.81047","0","1000","Tape & Reel (TR)","-","Active","Magnetic Coupling","General Purpose","No","4","2/2","Unidirectional","5000Vrms","25kV/µs","10Mbps","36ns, 36ns","3.5ns","2.5ns, 2.5ns","3V ~ 5.5V","Automotive","-","-40°C ~ 125°C","Surface Mount","16-SOIC (0.295"", 7.50mm Width)","16-SOIC","https://www.digikey.be/en/products/detail/analog-devices-inc/ADUM4402WBRWZ-RL/3820085"
"https://www.analog.com/media/en/technical-documentation/data-sheets/adum4470_adum4471_adum4472_adum4473_adum4474.pdf","//mm.digikey.com/Volume0/opasdata/d220001/medias/images/6283/505%7ERI-20-1%7ERI%7E20.jpg","505-ADUM4472CRIZ-ND","ADUM4472CRIZ","Analog Devices Inc.","Analog Devices Inc.","DGTL ISOLTR 5KV 4CH GP 20-SOIC","0","10.14145","0","62","Tube","IsoPower®, iCoupler®","Active","Magnetic Coupling","General Purpose","Yes","4","2/2","Unidirectional","5000Vrms","25kV/µs","25Mbps","60ns, 60ns","6ns","2.5ns, 2.5ns","3V ~ 3.6V, 4.5V ~ 5.5V","-","-","-40°C ~ 105°C","Surface Mount","20-SOIC (0.295"", 7.50mm Width)","20-SOIC-IC","https://www.digikey.be/en/products/detail/analog-devices-inc/ADUM4472CRIZ/3894010"
"https://www.analog.com/media/en/technical-documentation/data-sheets/ADuM6400_6401_6402_6403_6404.pdf","//mm.digikey.com/Volume0/opasdata/d220001/medias/images/6296/505%7ERI-16-1%7ERI%7E16.jpg","ADUM6402CRIZ-RLTR-ND","ADUM6402CRIZ-RL","Analog Devices Inc.","Analog Devices Inc.","DGTL ISOLTR 5KV 4CH GP 16-SOIC","0","10.14826","0","1000","Tape & Reel (TR)","IsoPower®, iCoupler®","Active","Magnetic Coupling","General Purpose","Yes","4","2/2","Unidirectional","5000Vrms","25kV/µs","25Mbps","60ns, 60ns","6ns","2.5ns, 2.5ns","3V ~ 5.5V","-","-","-40°C ~ 105°C","Surface Mount","16-SOIC (0.295"", 7.50mm Width)","16-SOIC-IC","https://www.digikey.be/en/products/detail/analog-devices-inc/ADUM6402CRIZ-RL/3878601"
"https://www.analog.com/media/en/technical-documentation/data-sheets/adum2250_adum2251.pdf","//mm.digikey.com/Volume0/opasdata/d220001/medias/images/7547/MFG_505%7ERW-16%7ERW%7E16.jpg","505-ADUM2250WARWZ-ND","ADUM2250WARWZ","Analog Devices Inc.","Analog Devices Inc.","DGTL ISOLTR 5KV 2CH I2C 16-SOIC","309","10.34","0","1","Tube","-","Active","Magnetic Coupling","I2C","No","2","2/2","Bidirectional","5000Vrms","25kV/µs","1Mbps","-","145ns, 85ns","-","3V ~ 5.5V","Automotive","-","-40°C ~ 105°C","Surface Mount","16-SOIC (0.295"", 7.50mm Width)","16-SOIC","https://www.digikey.be/en/products/detail/analog-devices-inc/ADUM2250WARWZ/5957977"
"https://www.analog.com/media/en/technical-documentation/data-sheets/ADuM3470_3471_3472_3473_3474.pdf","//mm.digikey.com/Volume0/opasdata/d220001/medias/images/4900/505%7ERS-20%7ERS%7E20.JPG","ADUM3472CRSZ-ND","ADUM3472CRSZ","Analog Devices Inc.","Analog Devices Inc.","DGTL ISOLTR 2.5KV 4CH GP 20-SSOP","65","10.36","0","1","Tube","iCoupler®","Active","Magnetic Coupling","General Purpose","No","4","2/2","Unidirectional","2500Vrms","25kV/µs","25Mbps","60ns, 60ns","8ns","2.5ns, 2.5ns","3V ~ 3.6V, 4.5V ~ 5.5V","-","-","-40°C ~ 105°C","Surface Mount","20-SSOP (0.209"", 5.30mm Width)","20-SSOP","https://www.digikey.be/en/products/detail/analog-devices-inc/ADUM3472CRSZ/2415016"
"https://www.analog.com/media/en/technical-documentation/data-sheets/ADuM3400W_3401W_3402W.pdf","//mm.digikey.com/Volume0/opasdata/d220001/medias/images/7547/MFG_505%7ERW-16%7ERW%7E16.jpg","505-ADUM3402WBRWZ-ND","ADUM3402WBRWZ","Analog Devices Inc.","Analog Devices Inc.","DGTL ISOLTR 2.5KV 4CH GP 16-SOIC","83","11.03","0","1","Tube","-","Active","Magnetic Coupling","General Purpose","No","4","2/2","Unidirectional","2500Vrms","25kV/µs","10Mbps","36ns, 36ns","3.5ns","2.5ns, 2.5ns","3V ~ 5.5V","Automotive","-","-40°C ~ 125°C","Surface Mount","16-SOIC (0.295"", 7.50mm Width)","16-SOIC","https://www.digikey.be/en/products/detail/analog-devices-inc/ADUM3402WBRWZ/3821178"
"https://www.analog.com/media/en/technical-documentation/data-sheets/adum4400_4401_4402.pdf","//mm.digikey.com/Volume0/opasdata/d220001/medias/images/7547/MFG_505%7ERW-16%7ERW%7E16.jpg","505-ADUM4402WBRWZ-ND","ADUM4402WBRWZ","Analog Devices Inc.","Analog Devices Inc.","DGTL ISOLTR 5KV 4CH GP 16-SOIC","0","11.11234","0","47","Tube","-","Active","Magnetic Coupling","General Purpose","No","4","2/2","Unidirectional","5000Vrms","25kV/µs","10Mbps","36ns, 36ns","3.5ns","2.5ns, 2.5ns","3.135V ~ 5.5V","Automotive","-","-40°C ~ 125°C","Surface Mount","16-SOIC (0.295"", 7.50mm Width)","16-SOIC","https://www.digikey.be/en/products/detail/analog-devices-inc/ADUM4402WBRWZ/3821184"
"https://www.analog.com/media/en/technical-documentation/data-sheets/ADuM3400-EP_3401-EP_3402-EP.pdf","//mm.digikey.com/Volume0/opasdata/d220001/medias/images/7547/MFG_505%7ERW-16%7ERW%7E16.jpg","ADUM3402TRWZ-EP-RL-ND","ADUM3402TRWZ-EP-RL","Analog Devices Inc.","Analog Devices Inc.","DGTL ISOLTR 2.5KV 4CH GP 16-SOIC","0","11.62108","0","1000","Tape & Reel (TR)","iCoupler®","Active","Magnetic Coupling","General Purpose","No","4","2/2","Unidirectional","2500Vrms","25kV/µs","10Mbps","50ns, 50ns","3ns","2.5ns, 2.5ns","3.135V ~ 5.5V","-","-","-55°C ~ 125°C","Surface Mount","16-SOIC (0.295"", 7.50mm Width)","16-SOIC","https://www.digikey.be/en/products/detail/analog-devices-inc/ADUM3402TRWZ-EP-RL/5440978"
"https://www.analog.com/media/en/technical-documentation/data-sheets/ADuM1400_1401_1402.pdf","//mm.digikey.com/Volume0/opasdata/d220001/medias/images/7547/MFG_505%7ERW-16%7ERW%7E16.jpg","ADUM1402WTRWZ-ND","ADUM1402WTRWZ","Analog Devices Inc.","Analog Devices Inc.","DGTL ISOLTR 2.5KV 4CH GP 16-SOIC","90","12.05","0","1","Tube","-","Active","Magnetic Coupling","General Purpose","No","4","2/2","Unidirectional","2500Vrms","25kV/µs","10Mbps","32ns, 32ns","3ns","2.5ns, 2.5ns","3V ~ 5.5V","Automotive","-","-40°C ~ 125°C","Surface Mount","16-SOIC (0.295"", 7.50mm Width)","16-SOIC","https://www.digikey.be/en/products/detail/analog-devices-inc/ADUM1402WTRWZ/1873717"
"https://www.analog.com/media/en/technical-documentation/data-sheets/adum6420a-6421a-6422a_6423a_6424a.pdf","//mm.digikey.com/Volume0/opasdata/d220001/medias/images/6945/MFG_505%7ERN-28-1%7ERN%7E28.jpg","505-ADUM6422ABRNZ5-RLTR-ND,505-ADUM6422ABRNZ5-RLCT-ND,505-ADUM6422ABRNZ5-RLDKR-ND","ADUM6422ABRNZ5-RL","Analog Devices Inc.","Analog Devices Inc.","DGTL ISOLTR 5KV 4CH GP 28-BSSOP","1.672","12.37","0","1","Tape & Reel (TR),Cut Tape (CT),Digi-Reel®","IsoPower®, iCoupler®","Active","Magnetic Coupling","General Purpose","Yes","4","2/2","Unidirectional","5000Vrms","75kV/µs","100Mbps","17ns, 17ns","5ns","2.5ns, 2.5ns","1.7V ~ 5.5V","-","-","-40°C ~ 125°C","Surface Mount","28-BSSOP (0.295"", 7.50mm Width)","28-SOIC-W-FP","https://www.digikey.be/en/products/detail/analog-devices-inc/ADUM6422ABRNZ5-RL/11587193"
"https://www.analog.com/media/en/technical-documentation/data-sheets/ADuM6410-6411-6412.pdf","//mm.digikey.com/Volume0/opasdata/d220001/medias/images/6283/505%7ERS-24%7ERS%7E24.jpg","505-ADUM6412BRSZ-ND","ADUM6412BRSZ","Analog Devices Inc.","Analog Devices Inc.","DGTL ISOLTR 3.75KV 4CH GP 24SSOP","0","12.43","0","1","Tube","iCoupler®","Active","Magnetic Coupling","General Purpose","Yes","4","2/2","Unidirectional","3750Vrms","75kV/µs","150Mbps","13ns, 13ns","3ns","2.5ns, 2.5ns","1.7V ~ 5.5V","-","-","-40°C ~ 105°C","Surface Mount","24-SSOP (0.209"", 5.30mm Width)","24-SSOP","https://www.digikey.be/en/products/detail/analog-devices-inc/ADUM6412BRSZ/6189770"
"-","//mm.digikey.com/Volume0/opasdata/d220001/medias/images/7547/MFG_505%7ERW-16%7ERW%7E16.jpg","505-ADUM5402ARWZ-ND","ADUM5402ARWZ","Analog Devices Inc.","Analog Devices Inc.","DGTL ISOLTR 2.5KV 4CH GP 16-SOIC","0","12.51","0","1","Tube","IsoPower®, iCoupler®","Active","Magnetic Coupling","General Purpose","Yes","4","2/2","Unidirectional","2500Vrms","25kV/µs","1Mbps","100ns, 100ns","40ns","2.5ns, 2.5ns","3V ~ 5.5V","-","-","-40°C ~ 105°C","Surface Mount","16-SOIC (0.295"", 7.50mm Width)","16-SOIC","https://www.digikey.be/en/products/detail/analog-devices-inc/ADUM5402ARWZ/1873720"
"-","//mm.digikey.com/Volume0/opasdata/d220001/medias/images/7547/MFG_505%7ERW-16%7ERW%7E16.jpg","ADUM5402ARWZ-RLTR-ND,ADUM5402ARWZ-RLCT-ND,ADUM5402ARWZ-RLDKR-ND","ADUM5402ARWZ-RL","Analog Devices Inc.","Analog Devices Inc.","DGTL ISOLTR 2.5KV 4CH GP 16-SOIC","0","12.51","0","1","Tape & Reel (TR),Cut Tape (CT),Digi-Reel®","IsoPower®, iCoupler®","Active","Magnetic Coupling","General Purpose","Yes","4","2/2","Unidirectional","2500Vrms","25kV/µs","1Mbps","100ns, 100ns","40ns","2.5ns, 2.5ns","3V ~ 5.5V","-","-","-40°C ~ 105°C","Surface Mount","16-SOIC (0.295"", 7.50mm Width)","16-SOIC","https://www.digikey.be/en/products/detail/analog-devices-inc/ADUM5402ARWZ-RL/1873649"
"https://www.analog.com/media/en/technical-documentation/data-sheets/adum6420a-6421a-6422a_6423a_6424a.pdf","//mm.digikey.com/Volume0/opasdata/d220001/medias/images/6945/MFG_505%7ERN-28-1%7ERN%7E28.jpg","505-ADUM6422ABRNZ5-ND","ADUM6422ABRNZ5","Analog Devices Inc.","Analog Devices Inc.","DGTL ISOLTR 5KV 4CH GP 28-BSSOP","281","12.73","0","1","Tube","IsoPower®, iCoupler®","Active","Magnetic Coupling","General Purpose","Yes","4","2/2","Unidirectional","5000Vrms","75kV/µs","100Mbps","17ns, 17ns","5ns","2.5ns, 2.5ns","1.7V ~ 5.5V","-","-","-40°C ~ 125°C","Surface Mount","28-BSSOP (0.295"", 7.50mm Width)","28-SOIC-W-FP","https://www.digikey.be/en/products/detail/analog-devices-inc/ADUM6422ABRNZ5/11587194"
"https://www.analog.com/media/en/technical-documentation/data-sheets/ADuM5401_5402_5403_5404.pdf","//mm.digikey.com/Volume0/opasdata/d220001/medias/images/7547/MFG_505%7ERW-16%7ERW%7E16.jpg","505-ADUM5402CRWZ-ND","ADUM5402CRWZ","Analog Devices Inc.","Analog Devices Inc.","DGTL ISOLTR 2.5KV 4CH GP 16-SOIC","32","13.78","0","1","Tube","IsoPower®, iCoupler®","Active","Magnetic Coupling","General Purpose","Yes","4","2/2","Unidirectional","2500Vrms","25kV/µs","25Mbps","60ns, 60ns","6ns","2.5ns, 2.5ns","3V ~ 5.5V","-","-","-40°C ~ 105°C","Surface Mount","16-SOIC (0.295"", 7.50mm Width)","16-SOIC","https://www.digikey.be/en/products/detail/analog-devices-inc/ADUM5402CRWZ/1873721"
"https://www.analog.com/media/en/technical-documentation/data-sheets/ADuM5401_5402_5403_5404.pdf","//mm.digikey.com/Volume0/opasdata/d220001/medias/images/7547/MFG_505%7ERW-16%7ERW%7E16.jpg","ADUM5402CRWZ-RLTR-ND,ADUM5402CRWZ-RLCT-ND,ADUM5402CRWZ-RLDKR-ND","ADUM5402CRWZ-RL","Analog Devices Inc.","Analog Devices Inc.","DGTL ISOLTR 2.5KV 4CH GP 16-SOIC","0","13.78","0","1","Tape & Reel (TR),Cut Tape (CT),Digi-Reel®","IsoPower®, iCoupler®","Active","Magnetic Coupling","General Purpose","Yes","4","2/2","Unidirectional","2500Vrms","25kV/µs","25Mbps","60ns, 60ns","6ns","2.5ns, 2.5ns","3V ~ 5.5V","-","-","-40°C ~ 105°C","Surface Mount","16-SOIC (0.295"", 7.50mm Width)","16-SOIC","https://www.digikey.be/en/products/detail/analog-devices-inc/ADUM5402CRWZ-RL/1873650"
"https://www.analog.com/media/en/technical-documentation/data-sheets/adum6420a-6421a-6422a_6423a_6424a.pdf","//mm.digikey.com/Volume0/opasdata/d220001/medias/images/6945/MFG_505%7ERN-28-1%7ERN%7E28.jpg","505-ADUM6422ABRNZ3-RLTR-ND,505-ADUM6422ABRNZ3-RLCT-ND,505-ADUM6422ABRNZ3-RLDKR-ND","ADUM6422ABRNZ3-RL","Analog Devices Inc.","Analog Devices Inc.","DGTL ISOLTR 5KV 4CH GP 28-BSSOP","1.508","14.07","0","1","Tape & Reel (TR),Cut Tape (CT),Digi-Reel®","IsoPower®, iCoupler®","Active","Magnetic Coupling","General Purpose","Yes","4","2/2","Unidirectional","5000Vrms","75kV/µs","100Mbps","17ns, 17ns","5ns","2.5ns, 2.5ns","1.7V ~ 5.5V","-","-","-40°C ~ 125°C","Surface Mount","28-BSSOP (0.295"", 7.50mm Width)","28-SOIC-W-FP","https://www.digikey.be/en/products/detail/analog-devices-inc/ADUM6422ABRNZ3-RL/13684341"
"https://www.analog.com/media/en/technical-documentation/data-sheets/adum6420a-6421a-6422a_6423a_6424a.pdf","//mm.digikey.com/Volume0/opasdata/d220001/medias/images/6945/MFG_505%7ERN-28-1%7ERN%7E28.jpg","505-ADUM6422ABRNZ3-ND","ADUM6422ABRNZ3","Analog Devices Inc.","Analog Devices Inc.","DGTL ISOLTR 5KV 4CH GP 28-BSSOP","56","14.07","0","1","Tube","IsoPower®, iCoupler®","Active","Magnetic Coupling","General Purpose","Yes","4","2/2","Unidirectional","5000Vrms","75kV/µs","100Mbps","17ns, 17ns","5ns","2.5ns, 2.5ns","1.7V ~ 5.5V","-","-","-40°C ~ 125°C","Surface Mount","28-BSSOP (0.295"", 7.50mm Width)","28-SOIC-W-FP","https://www.digikey.be/en/products/detail/analog-devices-inc/ADUM6422ABRNZ3/13684318"
"https://www.analog.com/media/en/technical-documentation/data-sheets/ADuM6400_6401_6402_6403_6404.pdf","//mm.digikey.com/Volume0/opasdata/d220001/medias/images/7547/MFG_505%7ERW-16%7ERW%7E16.jpg","ADUM6402ARWZ-RLTR-ND,ADUM6402ARWZ-RLCT-ND,ADUM6402ARWZ-RLDKR-ND","ADUM6402ARWZ-RL","Analog Devices Inc.","Analog Devices Inc.","DGTL ISOLTR 5KV 4CH GP 16-SOIC","1.920","14.8","0","1","Tape & Reel (TR),Cut Tape (CT),Digi-Reel®","IsoPower®, iCoupler®","Active","Magnetic Coupling","General Purpose","Yes","4","2/2","Unidirectional","5000Vrms","25kV/µs","1Mbps","100ns, 100ns","40ns","2.5ns, 2.5ns","3V ~ 5.5V","-","-","-40°C ~ 105°C","Surface Mount","16-SOIC (0.295"", 7.50mm Width)","16-SOIC","https://www.digikey.be/en/products/detail/analog-devices-inc/ADUM6402ARWZ-RL/2079344"
"https://www.analog.com/media/en/technical-documentation/data-sheets/ADuM6400_6401_6402_6403_6404.pdf","//mm.digikey.com/Volume0/opasdata/d220001/medias/images/7547/MFG_505%7ERW-16%7ERW%7E16.jpg","505-ADUM6402ARWZ-ND","ADUM6402ARWZ","Analog Devices Inc.","Analog Devices Inc.","DGTL ISOLTR 5KV 4CH GP 16-SOIC","793","15.24","0","1","Tube","IsoPower®, iCoupler®","Active","Magnetic Coupling","General Purpose","Yes","4","2/2","Unidirectional","5000Vrms","25kV/µs","1Mbps","100ns, 100ns","40ns","2.5ns, 2.5ns","3V ~ 5.5V","-","-","-40°C ~ 105°C","Surface Mount","16-SOIC (0.295"", 7.50mm Width)","16-SOIC","https://www.digikey.be/en/products/detail/analog-devices-inc/ADUM6402ARWZ/2077106"
"https://www.analog.com/media/en/technical-documentation/data-sheets/ADuM6400_6401_6402_6403_6404.pdf","//mm.digikey.com/Volume0/opasdata/d220001/medias/images/6296/505%7ERI-16-1%7ERI%7E16.jpg","ADUM6402ARIZ-ND","ADUM6402ARIZ","Analog Devices Inc.","Analog Devices Inc.","DGTL ISOLTR 5KV 4CH GP 16-SOIC","37","15.24","0","1","Tube","IsoPower®, iCoupler®","Active","Magnetic Coupling","General Purpose","Yes","4","2/2","Unidirectional","5000Vrms","25kV/µs","1Mbps","100ns, 100ns","40ns","2.5ns, 2.5ns","3V ~ 5.5V","-","-","-40°C ~ 105°C","Surface Mount","16-SOIC (0.295"", 7.50mm Width)","16-SOIC-IC","https://www.digikey.be/en/products/detail/analog-devices-inc/ADUM6402ARIZ/3878358"
"https://www.analog.com/media/en/technical-documentation/data-sheets/ADuM6400_6401_6402_6403_6404.pdf","//mm.digikey.com/Volume0/opasdata/d220001/medias/images/7547/MFG_505%7ERW-16%7ERW%7E16.jpg","505-ADUM6402CRWZ-ND","ADUM6402CRWZ","Analog Devices Inc.","Analog Devices Inc.","DGTL ISOLTR 5KV 4CH GP 16-SOIC","23","16","0","1","Tube","IsoPower®, iCoupler®","Active","Magnetic Coupling","General Purpose","Yes","4","2/2","Unidirectional","5000Vrms","25kV/µs","25Mbps","60ns, 60ns","6ns","2.5ns, 2.5ns","3V ~ 5.5V","-","-","-40°C ~ 105°C","Surface Mount","16-SOIC (0.295"", 7.50mm Width)","16-SOIC","https://www.digikey.be/en/products/detail/analog-devices-inc/ADUM6402CRWZ/2077107"
"https://www.analog.com/media/en/technical-documentation/data-sheets/ADuM6400_6401_6402_6403_6404.pdf","//mm.digikey.com/Volume0/opasdata/d220001/medias/images/7547/MFG_505%7ERW-16%7ERW%7E16.jpg","505-ADUM6402CRWZ-RLTR-ND,505-ADUM6402CRWZ-RLCT-ND,505-ADUM6402CRWZ-RLDKR-ND","ADUM6402CRWZ-RL","Analog Devices Inc.","Analog Devices Inc.","DGTL ISOLTR 5KV 4CH GP 16-SOIC","138","16","0","1","Tape & Reel (TR),Cut Tape (CT),Digi-Reel®","IsoPower®, iCoupler®","Active","Magnetic Coupling","General Purpose","Yes","4","2/2","Unidirectional","5000Vrms","25kV/µs","25Mbps","60ns, 60ns","6ns","2.5ns, 2.5ns","3V ~ 5.5V","-","-","-40°C ~ 105°C","Surface Mount","16-SOIC (0.295"", 7.50mm Width)","16-SOIC","https://www.digikey.be/en/products/detail/analog-devices-inc/ADUM6402CRWZ-RL/2079343"
"https://www.analog.com/media/en/technical-documentation/data-sheets/ADuM6400_6401_6402_6403_6404.pdf","//mm.digikey.com/Volume0/opasdata/d220001/medias/images/6296/505%7ERI-16-1%7ERI%7E16.jpg","ADUM6402CRIZ-ND","ADUM6402CRIZ","Analog Devices Inc.","Analog Devices Inc.","DGTL ISOLTR 5KV 4CH GP 16-SOIC","44","16.49","0","1","Tube","IsoPower®, iCoupler®","Active","Magnetic Coupling","General Purpose","Yes","4","2/2","Unidirectional","5000Vrms","25kV/µs","25Mbps","60ns, 60ns","6ns","2.5ns, 2.5ns","3V ~ 5.5V","-","-","-40°C ~ 105°C","Surface Mount","16-SOIC (0.295"", 7.50mm Width)","16-SOIC-IC","https://www.digikey.be/en/products/detail/analog-devices-inc/ADUM6402CRIZ/3878359"
"https://www.analog.com/media/en/technical-documentation/data-sheets/ADuM3400-EP_3401-EP_3402-EP.pdf","//mm.digikey.com/Volume0/opasdata/d220001/medias/images/7547/MFG_505%7ERW-16%7ERW%7E16.jpg","ADUM3402TRWZ-EP-ND","ADUM3402TRWZ-EP","Analog Devices Inc.","Analog Devices Inc.","DGTL ISOLTR 2.5KV 4CH GP 16-SOIC","629","18.71","0","1","Tube","iCoupler®","Active","Magnetic Coupling","General Purpose","No","4","2/2","Unidirectional","2500Vrms","25kV/µs","10Mbps","50ns, 50ns","3ns","2.5ns, 2.5ns","3.135V ~ 5.5V","-","-","-55°C ~ 125°C","Surface Mount","16-SOIC (0.295"", 7.50mm Width)","16-SOIC","https://www.digikey.be/en/products/detail/analog-devices-inc/ADUM3402TRWZ-EP/5441087"
"https://www.analog.com/media/en/technical-documentation/data-sheets/ADuM5401W_5402W_5403W.pdf","//mm.digikey.com/Volume0/opasdata/d220001/medias/images/7547/MFG_505%7ERW-16%7ERW%7E16.jpg","505-ADUM5402WCRWZ-1RLTR-ND,505-ADUM5402WCRWZ-1RLCT-ND,505-ADUM5402WCRWZ-1RLDKR-ND","ADUM5402WCRWZ-1RL","Analog Devices Inc.","Analog Devices Inc.","DGTL ISOLTR 2.5KV 4CH GP 16-SOIC","844","19.06","0","1","Tape & Reel (TR),Cut Tape (CT),Digi-Reel®","-","Active","Magnetic Coupling","General Purpose","Yes","4","2/2","Unidirectional","2500Vrms","25kV/µs","25Mbps","60ns, 60ns","6ns","2.5ns, 2.5ns","3V ~ 5.5V","Automotive","-","-40°C ~ 105°C","Surface Mount","16-SOIC (0.295"", 7.50mm Width)","16-SOIC","https://www.digikey.be/en/products/detail/analog-devices-inc/ADUM5402WCRWZ-1RL/3542836"
"https://www.analog.com/media/en/technical-documentation/data-sheets/ADuM5401W_5402W_5403W.pdf","//mm.digikey.com/Volume0/opasdata/d220001/medias/images/7547/MFG_505%7ERW-16%7ERW%7E16.jpg","505-ADUM5402WCRWZ-1-ND","ADUM5402WCRWZ-1","Analog Devices Inc.","Analog Devices Inc.","DGTL ISOLTR 2.5KV 4CH GP 16-SOIC","104","19.63","0","1","Tube","-","Active","Magnetic Coupling","General Purpose","Yes","4","2/2","Unidirectional","2500Vrms","25kV/µs","25Mbps","60ns, 60ns","6ns","2.5ns, 2.5ns","3V ~ 5.5V","Automotive","-","-40°C ~ 105°C","Surface Mount","16-SOIC (0.295"", 7.50mm Width)","16-SOIC","https://www.digikey.be/en/products/detail/analog-devices-inc/ADUM5402WCRWZ-1/3542931"
"https://www.analog.com/media/en/technical-documentation/data-sheets/ADuM1300_1301.pdf","//mm.digikey.com/Volume0/opasdata/d220001/medias/images/7547/MFG_505%7ERW-16%7ERW%7E16.jpg","ADUM1301ARW-ND","ADUM1301ARW","Analog Devices Inc.","Analog Devices Inc.","DGTL ISOLTR 2.5KV 3CH GP 16-SOIC","0","Obsolete","0","0","Tube","iCoupler®","Obsolete","Magnetic Coupling","General Purpose","No","3","2/1","Unidirectional","2500Vrms","25kV/µs","1Mbps","100ns, 100ns","40ns","2.5ns, 2.5ns","2.7V ~ 5.5V","-","-","-40°C ~ 105°C","Surface Mount","16-SOIC (0.295"", 7.50mm Width)","16-SOIC","https://www.digikey.be/en/products/detail/analog-devices-inc/ADUM1301ARW/612546"
"https://www.analog.com/media/en/technical-documentation/data-sheets/ADuM5401W_5402W_5403W.pdf","//mm.digikey.com/Volume0/opasdata/d220001/medias/images/7547/MFG_505%7ERW-16%7ERW%7E16.jpg","ADUM5402WCRWZ-RLTR-ND","ADUM5402WCRWZ-RL","Analog Devices Inc.","Analog Devices Inc.","DGTL ISOLTR 2.5KV 4CH GP 16-SOIC","0","Discontinued at DigiKey","0","0","Tape & Reel (TR)","IsoPower®, iCoupler®","Discontinued at DigiKey","Magnetic Coupling","General Purpose","Yes","4","2/2","Unidirectional","2500Vrms","25kV/µs","25Mbps","60ns, 60ns","6ns","2.5ns, 2.5ns","3V ~ 5.5V","-","-","-40°C ~ 105°C","Surface Mount","16-SOIC (0.295"", 7.50mm Width)","16-SOIC","https://www.digikey.be/en/products/detail/analog-devices-inc/ADUM5402WCRWZ-RL/2272273"
"https://www.analog.com/media/en/technical-documentation/data-sheets/ADuM1300_1301.pdf","//mm.digikey.com/Volume0/opasdata/d220001/medias/images/7547/MFG_505%7ERW-16%7ERW%7E16.jpg","ADUM1301CRW-ND","ADUM1301CRW","Analog Devices Inc.","Analog Devices Inc.","DGTL ISOLTR 2.5KV 3CH GP 16-SOIC","0","Obsolete","0","0","Tube","iCoupler®","Obsolete","Magnetic Coupling","General Purpose","No","3","2/1","Unidirectional","2500Vrms","25kV/µs","90Mbps","32ns, 32ns","2ns","2.5ns, 2.5ns","2.7V ~ 5.5V","-","-","-40°C ~ 105°C","Surface Mount","16-SOIC (0.295"", 7.50mm Width)","16-SOIC","https://www.digikey.be/en/products/detail/analog-devices-inc/ADUM1301CRW/612548"
"https://www.analog.com/media/en/technical-documentation/data-sheets/adum1300_1301.pdf","//mm.digikey.com/Volume0/opasdata/d220001/medias/images/7547/MFG_505%7ERW-16%7ERW%7E16.jpg","ADUM1301BRW-RLTR-ND","ADUM1301BRW-RL","Analog Devices Inc.","Analog Devices Inc.","DGTL ISOLTR 2.5KV 3CH GP 16-SOIC","0","Obsolete","0","0","Tape & Reel (TR)","iCoupler®","Obsolete","Magnetic Coupling","General Purpose","No","3","2/1","Unidirectional","2500Vrms","25kV/µs","10Mbps","50ns, 50ns","3ns","2.5ns, 2.5ns","2.7V ~ 5.5V","-","-","-40°C ~ 105°C","Surface Mount","16-SOIC (0.295"", 7.50mm Width)","16-SOIC","https://www.digikey.be/en/products/detail/analog-devices-inc/ADUM1301BRW-RL/624615"
"https://www.analog.com/media/en/technical-documentation/data-sheets/ADuM1400_1401_1402.pdf","//mm.digikey.com/Volume0/opasdata/d220001/medias/images/7547/MFG_505%7ERW-16%7ERW%7E16.jpg","ADUM1402ARW-ND","ADUM1402ARW","Analog Devices Inc.","Analog Devices Inc.","DGTL ISOLTR 2.5KV 4CH GP 16-SOIC","0","Obsolete","0","0","Tube","iCoupler®","Obsolete","Magnetic Coupling","General Purpose","No","4","2/2","Unidirectional","2500Vrms","25kV/µs","1Mbps","100ns, 100ns","40ns","2.5ns, 2.5ns","2.7V ~ 5.5V","-","-","-40°C ~ 105°C","Surface Mount","16-SOIC (0.295"", 7.50mm Width)","16-SOIC","https://www.digikey.be/en/products/detail/analog-devices-inc/ADUM1402ARW/612555"
"https://www.analog.com/media/en/technical-documentation/data-sheets/ADuM1400_1401_1402.pdf","//mm.digikey.com/Volume0/opasdata/d220001/medias/images/7547/MFG_505%7ERW-16%7ERW%7E16.jpg","ADUM1402ARW-RLTR-ND","ADUM1402ARW-RL","Analog Devices Inc.","Analog Devices Inc.","DGTL ISOLTR 2.5KV 4CH GP 16-SOIC","0","Obsolete","0","0","Tape & Reel (TR)","iCoupler®","Obsolete","Magnetic Coupling","General Purpose","No","4","2/2","Unidirectional","2500Vrms","25kV/µs","1Mbps","100ns, 100ns","40ns","2.5ns, 2.5ns","2.7V ~ 5.5V","-","-","-40°C ~ 125°C","Surface Mount","16-SOIC (0.295"", 7.50mm Width)","16-SOIC","https://www.digikey.be/en/products/detail/analog-devices-inc/ADUM1402ARW-RL/624625"
"https://www.analog.com/media/en/technical-documentation/data-sheets/ADuM1400_1401_1402.pdf","//mm.digikey.com/Volume0/opasdata/d220001/medias/images/7547/MFG_505%7ERW-16%7ERW%7E16.jpg","ADUM1402CRW-ND","ADUM1402CRW","Analog Devices Inc.","Analog Devices Inc.","DGTL ISOLTR 2.5KV 4CH GP 16-SOIC","0","Obsolete","0","0","Tube","iCoupler®","Obsolete","Magnetic Coupling","General Purpose","No","4","2/2","Unidirectional","2500Vrms","25kV/µs","90Mbps","32ns, 32ns","2ns","2.5ns, 2.5ns","2.7V ~ 5.5V","-","-","-40°C ~ 105°C","Surface Mount","16-SOIC (0.295"", 7.50mm Width)","16-SOIC","https://www.digikey.be/en/products/detail/analog-devices-inc/ADUM1402CRW/612557"
"https://www.analog.com/media/en/technical-documentation/data-sheets/adum1300_1301.pdf","//mm.digikey.com/Volume0/opasdata/d220001/medias/images/7547/MFG_505%7ERW-16%7ERW%7E16.jpg","ADUM1301BRW-ND","ADUM1301BRW","Analog Devices Inc.","Analog Devices Inc.","DGTL ISOLTR 2.5KV 3CH GP 16-SOIC","0","Discontinued at DigiKey","0","0","Tube","iCoupler®","Discontinued at DigiKey","Magnetic Coupling","General Purpose","No","3","2/1","Unidirectional","2500Vrms","25kV/µs","10Mbps","50ns, 50ns","3ns","2.5ns, 2.5ns","2.7V ~ 5.5V","-","-","-40°C ~ 105°C","Surface Mount","16-SOIC (0.295"", 7.50mm Width)","16-SOIC","https://www.digikey.be/en/products/detail/analog-devices-inc/ADUM1301BRW/612547"
"https://www.analog.com/media/en/technical-documentation/data-sheets/ADuM5401W_5402W_5403W.pdf","//mm.digikey.com/Volume0/opasdata/d220001/medias/images/7547/MFG_505%7ERW-16%7ERW%7E16.jpg","ADUM5402WCRWZ-ND","ADUM5402WCRWZ","Analog Devices Inc.","Analog Devices Inc.","DGTL ISOLTR 2.5KV 4CH GP 16-SOIC","0","Discontinued at DigiKey","0","0","Tube","IsoPower®, iCoupler®","Discontinued at DigiKey","Magnetic Coupling","General Purpose","Yes","4","2/2","Unidirectional","2500Vrms","25kV/µs","25Mbps","60ns, 60ns","6ns","2.5ns, 2.5ns","3V ~ 5.5V","-","-","-40°C ~ 105°C","Surface Mount","16-SOIC (0.295"", 7.50mm Width)","16-SOIC","https://www.digikey.be/en/products/detail/analog-devices-inc/ADUM5402WCRWZ/2264658"
"https://www.analog.com/media/en/technical-documentation/data-sheets/ADuM1300_1301.pdf","//mm.digikey.com/Volume0/opasdata/d220001/medias/images/7547/MFG_505%7ERW-16%7ERW%7E16.jpg","ADUM1301ARW-RLTR-ND","ADUM1301ARW-RL","Analog Devices Inc.","Analog Devices Inc.","DGTL ISOLTR 2.5KV 3CH GP 16-SOIC","0","Obsolete","0","0","Tape & Reel (TR)","iCoupler®","Obsolete","Magnetic Coupling","General Purpose","No","3","2/1","Unidirectional","2500Vrms","25kV/µs","1Mbps","100ns, 100ns","40ns","2.5ns, 2.5ns","2.7V ~ 5.5V","-","-","-40°C ~ 105°C","Surface Mount","16-SOIC (0.295"", 7.50mm Width)","16-SOIC","https://www.digikey.be/en/products/detail/analog-devices-inc/ADUM1301ARW-RL/624614"
"https://www.analog.com/media/en/technical-documentation/data-sheets/ADuM1400_1401_1402.pdf","//mm.digikey.com/Volume0/opasdata/d220001/medias/images/7547/MFG_505%7ERW-16%7ERW%7E16.jpg","ADUM1402BRW-ND","ADUM1402BRW","Analog Devices Inc.","Analog Devices Inc.","DGTL ISOLTR 2.5KV 4CH GP 16-SOIC","0","Obsolete","0","0","Tube","iCoupler®","Obsolete","Magnetic Coupling","General Purpose","No","4","2/2","Unidirectional","2500Vrms","25kV/µs","10Mbps","50ns, 50ns","3ns","2.5ns, 2.5ns","2.7V ~ 5.5V","-","-","-40°C ~ 105°C","Surface Mount","16-SOIC (0.295"", 7.50mm Width)","16-SOIC","https://www.digikey.be/en/products/detail/analog-devices-inc/ADUM1402BRW/612556"
