Datasheet,Image,DK Part #,Mfr Part #,Mfr,Supplier,Description,Stock,Price,@ qty,Min Qty, Package,Series,Product Status,"Color","Configuration","Lens Color","Lens Transparency","Millicandela Rating","Lens Style","Lens Size","Voltage - Forward (Vf) (Typ)","Current - Test","Viewing Angle","Mounting Type","Wavelength - Dominant","Wavelength - Peak","Features","Grade","Qualification","Package / Case","Supplier Device Package","Size / Dimension","Height (Max)","URL"
"https://look.ams-osram.com/m/7ebaae268447acbc/original/LS-L29K.pdf","//mm.digikey.com/Volume0/opasdata/d220001/medias/images/2586/LS%20L89K-H1J2-1%2CLS%20L29K-H1J2-1.JPG","475-LSL29K-H1J2-1-ZTR-ND,475-LSL29K-H1J2-1-ZCT-ND,475-LSL29K-H1J2-1-ZDKR-ND","LS L29K-H1J2-1-0-2-R18-Z","ams-OSRAM USA INC.","ams-OSRAM USA INC.","LED RED DIFFUSED 0603 SMD","64.990","Obsolete","0","0","Tape & Reel (TR),Cut Tape (CT),Digi-Reel®","SMARTLED® 0603","Obsolete","Red","Standard","Colorless","Diffused","4.95mcd","Rectangle with Flat Top","1.30mm x 0.80mm","1.8V","2mA","160°","Surface Mount","630nm","643nm","-","Automotive","AEC-Q101","0603 (1608 Metric)","0603","1.70mm L x 0.80mm W","0.65mm","https://www.digikey.be/en/products/detail/ams-osram-usa-inc/LS-L29K-H1J2-1-0-2-R18-Z/810339"
"https://www.rohm.com/datasheet?p=SML-D12U1W&dist=Digi-key&media=referral&source=digi-key.com&campaign=Digi-key","//mm.digikey.com/Volume0/opasdata/d220001/medias/images/993/Rohm-SMLD12.jpg","SML-D12U1WT86TR-ND,SML-D12U1WT86CT-ND,SML-D12U1WT86DKR-ND","SML-D12U1WT86","Rohm Semiconductor","Rohm Semiconductor","LED RED DIFFUSED 1608 SMD","318.286","0.0578","100","1","Tape & Reel (TR),Cut Tape (CT),Digi-Reel®","SML-D12","Active","Red","Standard","White","Diffused","63mcd","Rectangle with Flat Top","1.20mm x 0.80mm","2.2V","20mA","-","Surface Mount","620nm","-","-","-","-","0603 (1608 Metric)","1608 (0603)","1.60mm L x 0.80mm W","0.65mm","https://www.digikey.be/en/products/detail/rohm-semiconductor/SML-D12U1WT86/5843853"
"https://optoelectronics.liteon.com/upload/download/DS-22-99-0151/LTST-C190KRKT.pdf","//mm.digikey.com/Volume0/opasdata/d220001/medias/images/7211/%7E160%7E0603-%281608-Metric%29%7E.jpg","160-1436-2-ND,160-1436-1-ND,160-1436-6-ND","LTST-C190KRKT","Lite-On Inc.","LITEON","LED RED CLEAR CHIP SMD","740.908","0.0701","100","1","Tape & Reel (TR),Cut Tape (CT),Digi-Reel®","-","Active","Red","Standard","Colorless","Clear","99mcd","Rectangle with Flat Top","1.10mm x 0.80mm","2V","20mA","130°","Surface Mount","631nm","639nm","-","-","-","0603 (1608 Metric)","Chip LED","1.60mm L x 0.80mm W","0.90mm","https://www.digikey.be/en/products/detail/liteon/LTST-C190KRKT/386817"
"https://optoelectronics.liteon.com/upload/download/DS-22-99-0149/LTST-C150KRKT.pdf","//mm.digikey.com/Volume0/opasdata/d220001/medias/images/7180/%7E160%7E1206-%283216-Metric%29%7E.jpg","160-1405-2-ND,160-1405-1-ND,160-1405-6-ND","LTST-C150KRKT","Lite-On Inc.","LITEON","LED RED CLEAR 1206 SMD","453.700","0.0737","100","1","Tape & Reel (TR),Cut Tape (CT),Digi-Reel®","-","Active","Red","Standard","Colorless","Clear","54mcd","Rectangle with Flat Top","2.06mm x 1.60mm","2V","20mA","130°","Surface Mount","631nm","639nm","-","-","-","1206 (3216 Metric)","1206","3.20mm L x 1.60mm W","1.10mm","https://www.digikey.be/en/products/detail/liteon/LTST-C150KRKT/386761"
"https://www.we-online.com/components/products/datasheet/150080SS75000.pdf","//mm.digikey.com/Volume0/opasdata/d220001/medias/images/3007/WL-SMCW%20Series%200805.jpg","732-4985-2-ND,732-4985-1-ND,732-4985-6-ND","150080SS75000","Würth Elektronik","Würth Elektronik","LED RED CLEAR 0805 SMD","21.739","0.151","100","1","Tape & Reel (TR),Cut Tape (CT),Digi-Reel®","WL-SMCW","Active","Red","Standard","Colorless","Clear","60mcd","Rectangle with Flat Top","1.40mm x 1.25mm","1.9V","20mA","140°","Surface Mount","630nm","645nm","-","-","-","0805 (2012 Metric)","0805","2.00mm L x 1.25mm W","0.80mm","https://www.digikey.be/en/products/detail/würth-elektronik/150080SS75000/4489921"
"https://www.KingbrightUSA.com/images/catalog/SPEC/APT2012SURCK.pdf","//mm.digikey.com/Volume0/opasdata/d220001/medias/images/4848/MFG_754_0805-%282012-Metric%29.jpg","754-1133-2-ND,754-1133-1-ND,754-1133-6-ND","APT2012SURCK","Kingbright","Kingbright","LED RED CLEAR CHIP SMD","143.957","0.0946","100","1","Tape & Reel (TR),Cut Tape (CT),Digi-Reel®","-","Active","Red","Standard","Colorless","Clear","80mcd","Rectangle with Flat Top","1.30mm x 1.25mm","1.95V","20mA","120°","Surface Mount","630nm","645nm","-","-","-","0805 (2012 Metric)","Chip LED","2.00mm L x 1.25mm W","0.75mm","https://www.digikey.be/en/products/detail/kingbright/APT2012SURCK/1747532"
"https://www.lumex.com/datasheet/files/SML-LXT0805IW-TR.pdf","//mm.digikey.com/Volume0/opasdata/d220001/medias/images/7165/%7E67%7E0805-%282012-Metric%29%7E.jpg","67-1552-2-ND,67-1552-1-ND,67-1552-6-ND","SML-LXT0805IW-TR","Lumex Opto/Components Inc.","Lumex Opto/Components Inc.","LED RED DIFFUSED SMD","94.255","0.0958","100","1","Tape & Reel (TR),Cut Tape (CT),Digi-Reel®","-","Active","Red","Standard","White","Diffused","11mcd","Rectangle with Flat Top","1.30mm x 1.25mm","2V","20mA","140°","Surface Mount","-","635nm","-","-","-","0805 (2012 Metric)","-","2.00mm L x 1.25mm W","0.80mm","https://www.digikey.be/en/products/detail/lumex-opto-components-inc/SML-LXT0805IW-TR/304365"
"https://www.sunledusa.com/products/spec/XZMDK68W-2.pdf","//mm.digikey.com/Volume0/opasdata/d220001/medias/images/4203/MFG_XZMDK68W-2.jpg","1497-1174-2-ND,1497-1174-1-ND,1497-1174-6-ND","XZMDK68W-2","SunLED","SunLED","LED RED CLEAR CHIP SMD","517.644","0.109","100","1","Tape & Reel (TR),Cut Tape (CT),Digi-Reel®","-","Active","Red","Standard","Colorless","Clear","69mcd","Rectangle with Flat Top","0.80mm x 0.50mm","1.95V","20mA","120°","Surface Mount","630nm","645nm","-","-","-","0402 (1005 Metric)","Chip LED","1.00mm L x 0.50mm W","0.60mm","https://www.digikey.be/en/products/detail/sunled/XZMDK68W-2/4745956"
"https://s3-us-west-2.amazonaws.com/catsy.557/DIA_Selector_Guide_SMD_060820.pdf","//mm.digikey.com/Volume0/opasdata/d220001/medias/images/2463/598%20Series%200603%20%281608%20Metric%29.jpg","350-2029-2-ND,350-2029-1-ND,350-2029-6-ND","5988010107F","Dialight","Dialight","LED RED CLEAR 0603 SMD","10.566","0.1116","100","1","Tape & Reel (TR),Cut Tape (CT),Digi-Reel®","598","Active","Red","Standard","Colorless","Clear","60mcd","Rectangle with Flat Top","1.10mm x 0.80mm","2.1V","20mA","140°","Surface Mount","633nm","-","-","-","-","0603 (1608 Metric)","0603","1.60mm L x 0.80mm W","0.70mm","https://www.digikey.be/en/products/detail/dialight/5988010107F/1291263"
"https://www.rohm.com/datasheet?p=SML-D12V8W(C)&dist=Digi-key&media=referral&source=digi-key.com&campaign=Digi-key","//mm.digikey.com/Volume0/opasdata/d220001/medias/images/319/MFG_SML-D12x8%28C%29.jpg","SML-D12V8WT86CTR-ND,SML-D12V8WT86CCT-ND,SML-D12V8WT86CDKR-ND","SML-D12V8WT86C","Rohm Semiconductor","Rohm Semiconductor","LED RED 1608 SMD","20.458","0.1142","100","1","Tape & Reel (TR),Cut Tape (CT),Digi-Reel®","EXCELED™","Active","Red","Standard","White","-","40mcd","Rectangle with Flat Top","1.20mm x 0.80mm","2.2V","20mA","-","Surface Mount","630nm","-","-","Automotive","AEC-Q102","0603 (1608 Metric)","1608 (0603)","1.60mm L x 0.80mm W","0.65mm","https://www.digikey.be/en/products/detail/rohm-semiconductor/SML-D12V8WT86C/9090423"
"https://www.qt-brightek.com/datasheet/QBLP595 Series.pdf","//mm.digikey.com/Volume0/opasdata/d220001/medias/images/7517/MFG_QBLP595-R.jpg","1516-1217-2-ND,1516-1217-1-ND,1516-1217-6-ND","QBLP595-R","QT Brightek (QTB)","QT Brightek (QTB)","LED RED CLEAR 0402 SMD","84.530","0.1219","100","1","Tape & Reel (TR),Cut Tape (CT),Digi-Reel®","QBLP595","Active","Red","Standard","Colorless","Clear","120mcd","Rectangle with Flat Top","0.70mm x 0.50mm","2V","20mA","140°","Surface Mount","620nm","628nm","-","-","-","0402 (1005 Metric)","0402","1.00mm L x 0.50mm W","0.60mm","https://www.digikey.be/en/products/detail/qt-brightek-qtb/QBLP595-R/6201908"
"https://s3-us-west-2.amazonaws.com/catsy.557/DIA_Selector_Guide_SMD_060820.pdf","//mm.digikey.com/Volume0/opasdata/d220001/medias/images/697/Dialight-0402-%281005-Metric%29.jpg","350-4446-2-ND,350-4446-1-ND,350-4446-6-ND","5988A10107F","Dialight","Dialight","LED RED 635NM 0402 SMD","28.348","0.1394","100","1","Tape & Reel (TR),Cut Tape (CT),Digi-Reel®","598","Active","Red","-","-","-","65mcd","Rectangle with Flat Top","1.00mm x 0.50mm","1.6V","5mA","-","Surface Mount","635nm","-","-","-","-","0402 (1005 Metric)","0402","1.00mm L x 0.50mm W","0.60mm","https://www.digikey.be/en/products/detail/dialight/5988A10107F/10108962"
"https://www.KingbrightUSA.com/images/catalog/SPEC/APTD2012LSURCK.pdf","//mm.digikey.com/Volume0/opasdata/d220001/medias/images/534/APTD1608.jpg","754-2044-2-ND,754-2044-1-ND,754-2044-6-ND","APTD2012LSURCK","Kingbright","Kingbright","LED RED CLEAR 2012 SMD","54.850","0.1442","100","1","Tape & Reel (TR),Cut Tape (CT),Digi-Reel®","-","Active","Red","Standard","Colorless","Clear","150mcd","Round with Domed Top","0.80mm Dia","1.75V","2mA","40°","Surface Mount","630nm","645nm","-","-","-","0805 (2012 Metric)","2012","2.00mm L x 1.25mm W","1.15mm","https://www.digikey.be/en/products/detail/kingbright/APTD2012LSURCK/7043074"
"https://www.lumex.com/datasheet/files/SML-LX0805SRC-TR.pdf","//mm.digikey.com/Volume0/opasdata/d220001/medias/images/7165/%7E67%7E0805-%282012-Metric%29%7E.jpg","67-2191-2-ND,67-2191-1-ND,67-2191-6-ND","SML-LX0805SRC-TR","Lumex Opto/Components Inc.","Lumex Opto/Components Inc.","LED RED CLEAR SMD","70.320","0.1493","100","1","Tape & Reel (TR),Cut Tape (CT),Digi-Reel®","-","Active","Red","Standard","Colorless","Clear","25mcd","Rectangle with Flat Top","1.40mm x 1.25mm","1.7V","20mA","140°","Surface Mount","-","660nm","-","-","-","0805 (2012 Metric)","-","2.00mm L x 1.25mm W","1.20mm","https://www.digikey.be/en/products/detail/lumex-opto-components-inc/SML-LX0805SRC-TR/515789"
"https://www.we-online.com/catalog/datasheet/150040RS73240.pdf","//mm.digikey.com/Volume0/opasdata/d220001/medias/images/804/MFG_150040RS73240.jpg","732-11991-2-ND,732-11991-1-ND,732-11991-6-ND","150040RS73240","Würth Elektronik","Würth Elektronik","LED RED CLEAR 0402 SMD","12.514","0.244","100","1","Tape & Reel (TR),Cut Tape (CT),Digi-Reel®","WL-SMCC","Active","Red","Standard","Colorless","Clear","100mcd","Rectangle with Flat Top","1.00mm x 0.50mm","2V","20mA","120°","Surface Mount","625nm","630nm","-","-","-","0402 (1005 Metric)","0402 (1005 Metric)","1.00mm L x 0.50mm W","0.50mm","https://www.digikey.be/en/products/detail/würth-elektronik/150040RS73240/8557156"
"https://docs.broadcom.com/docs/AV02-0378EN","//mm.digikey.com/Volume0/opasdata/d220001/medias/images/414/HSMW-CL25.jpg","516-2005-2-ND,516-2005-1-ND,516-2005-6-ND","ASMT-RR45-AQ902","Broadcom Limited","Broadcom Limited","LED RED DIFFUSED 0603 SMD","101.579","0.171","100","1","Tape & Reel (TR),Cut Tape (CT),Digi-Reel®","-","Active","Red","Standard","White","Diffused","120mcd","Rectangle with Flat Top","1.10mm x 0.80mm","2V","20mA","145°","Surface Mount","622nm","636nm","-","-","-","0603 (1608 Metric)","0603","1.60mm L x 0.80mm W","0.55mm","https://www.digikey.be/en/products/detail/broadcom-limited/ASMT-RR45-AQ902/1990403"
"https://www.lumex.com/datasheet/files/SML-LX0402SIC-TR.pdf","//mm.digikey.com/Volume0/opasdata/d220001/medias/images/7165/%7E67%7E0402-%281005-Metric%29%7E.jpg","67-1878-2-ND,67-1878-1-ND,67-1878-6-ND","SML-LX0402SIC-TR","Lumex Opto/Components Inc.","Lumex Opto/Components Inc.","LED RED CLEAR SMD","297.135","0.1781","100","1","Tape & Reel (TR),Cut Tape (CT),Digi-Reel®","-","Active","Red","Standard","Colorless","Clear","140mcd","Rectangle with Flat Top","0.80mm x 0.50mm","2V","20mA","120°","Surface Mount","-","636nm","-","-","-","0402 (1005 Metric)","-","1.00mm L x 0.50mm W","0.50mm","https://www.digikey.be/en/products/detail/lumex-opto-components-inc/SML-LX0402SIC-TR/469910"
"https://www.sunledusa.com/products/spec/XZMDR155W.pdf","//mm.digikey.com/Volume0/opasdata/d220001/medias/images/3931/MFG_XZMDR155W.jpg","1497-1296-2-ND,1497-1296-1-ND,1497-1296-6-ND","XZMDR155W","SunLED","SunLED","LED RED CLEAR 2SMD","32.820","0.1856","100","1","Tape & Reel (TR),Cut Tape (CT),Digi-Reel®","NanoPoint-0201","Active","Red","Standard","Colorless","Clear","34mcd","Rectangle with Flat Top","0.65mm x 0.35mm","2.4V","10mA","135°","Surface Mount","631nm","639nm","-","-","-","2-SMD, No Lead","2-SMD","0.65mm L x 0.35mm W","0.25mm","https://www.digikey.be/en/products/detail/sunled/XZMDR155W/5848466"
"https://www.rohm.com/datasheet?p=SML-P12UT(R)&dist=Digi-key&media=referral&source=digi-key.com&campaign=Digi-key","//mm.digikey.com/Volume0/opasdata/d220001/medias/images/646/SML-P12UTT86.jpg","846-1202-2-ND,846-1202-1-ND,846-1202-6-ND","SML-P12UTT86R","Rohm Semiconductor","Rohm Semiconductor","LED RED CLEAR PICOLED SMD","21.977","0.2015","100","1","Tape & Reel (TR),Cut Tape (CT),Digi-Reel®","PicoLED™","Active","Red","Standard","Colorless","Clear","85mcd","Square with Flat Top","0.60mm","2V","20mA","-","Surface Mount","620nm","-","-","-","-","0402 (1006 Metric)","PICOLED","1.00mm L x 0.60mm W","0.25mm","https://www.digikey.be/en/products/detail/rohm-semiconductor/SML-P12UTT86R/4862236"
"//mm.digikey.com/Volume0/opasdata/d220001/medias/docus/1506/sml-lxfm0603sic-tr.pdf","//mm.digikey.com/Volume0/opasdata/d220001/medias/images/7165/%7E67%7E0603-%281608-Metric%29%7E.jpg","67-2194-2-ND,67-2194-1-ND,67-2194-6-ND","SML-LXFM0603SIC-TR","Lumex Opto/Components Inc.","Lumex Opto/Components Inc.","LED RED CLEAR 0603 SMD","40.346","0.228","100","1","Tape & Reel (TR),Cut Tape (CT),Digi-Reel®","-","Active","Red","Standard","Colorless","Clear","150mcd","Rectangle with Flat Top","1.10mm x 0.80mm","2V","20mA","120°","Surface Mount","-","636nm","-","-","-","0603 (1608 Metric)","0603 (1608 Metric)","1.60mm L x 0.80mm W","1.10mm","https://www.digikey.be/en/products/detail/lumex-opto-components-inc/SML-LXFM0603SIC-TR/411897"
"https://www.KingbrightUSA.com/images/catalog/SPEC/APTD1608SECK-J3-PF.pdf","//mm.digikey.com/Volume0/opasdata/d220001/medias/images/6348/MFG_APTD1608.jpg","754-1801-2-ND,754-1801-1-ND,754-1801-6-ND","APTD1608SECK/J3-PF","Kingbright","Kingbright","LED RED CLEAR 2SMD","48.425","0.242","100","1","Tape & Reel (TR),Cut Tape (CT),Digi-Reel®","-","Active","Red","Standard","Colorless","Clear","800mcd","Round with Domed Top","0.70mm Dia","2.2V","20mA","60°","Surface Mount","625nm","640nm","-","-","-","0603 (1608 Metric)","2-SMD","1.60mm L x 0.80mm W","1.10mm","https://www.digikey.be/en/products/detail/kingbright/APTD1608SECK-J3-PF/4753644"
"https://docs.broadcom.com/docs/AV02-0112EN","//mm.digikey.com/Volume0/opasdata/d220001/medias/images/2375/FIG%2020%20HIGHLIGHTED%20GREEN%20T052%201579.jpg","516-2230-2-ND,516-2230-1-ND,516-2230-6-ND","HSMC-C191","Broadcom Limited","Broadcom Limited","LED RED DIFFUSED CHIP SMD","44.021","0.2513","100","1","Tape & Reel (TR),Cut Tape (CT),Digi-Reel®","-","Active","Red","Standard","White","Diffused","90mcd","Rectangle with Flat Top","1.00mm x 0.80mm","1.9V","20mA","170°","Surface Mount","626nm","637nm","-","-","-","0603 (1608 Metric)","Chip LED","1.60mm L x 0.80mm W","0.60mm","https://www.digikey.be/en/products/detail/broadcom-limited/HSMC-C191/1235193"
"https://docs.broadcom.com/doc/HSMx-A4xx-xxxxx-SMT-Surface-Mount-LED-Indicator-DS","//mm.digikey.com/Volume0/opasdata/d220001/medias/images/537/HSMC-A401-U80M1.JPG","516-2822-2-ND,516-2822-1-ND,516-2822-6-ND","HSMC-A401-U80M1","Broadcom Limited","Broadcom Limited","LED RED CLEAR 4PLCC SMD","46.614","0.3017","100","1","Tape & Reel (TR),Cut Tape (CT),Digi-Reel®","-","Active","Red","Standard","Colorless","Clear","980mcd","Round with Flat Top","2.20mm Dia","2.2V","50mA","120°","Surface Mount","626nm","635nm","-","-","-","4-PLCC","4-PLCC","3.20mm L x 2.80mm W","2.10mm","https://www.digikey.be/en/products/detail/broadcom-limited/HSMC-A401-U80M1/2672650"
"https://www.KingbrightUSA.com/images/catalog/SPEC/APTD1608SEC-J3.pdf","//mm.digikey.com/Volume0/opasdata/d220001/medias/images/6348/MFG_APTD1608.jpg","754-1542-2-ND,754-1542-1-ND,754-1542-6-ND","APTD1608SEC/J3","Kingbright","Kingbright","LED RED CLEAR CHIP SMD","44.878","0.3525","100","1","Tape & Reel (TR),Cut Tape (CT),Digi-Reel®","-","Active","Red","Standard","Colorless","Clear","900mcd","Round with Domed Top","0.70mm Dia","2.2V","20mA","60°","Surface Mount","625nm","640nm","-","-","-","0603 (1608 Metric)","Chip LED","1.60mm L x 0.80mm W","1.10mm","https://www.digikey.be/en/products/detail/kingbright/APTD1608SEC-J3/2514687"
"https://docs.broadcom.com/docs/HSMx-A10x-xxxxx-PLCC-2-SMT-LED-Indicator-DS","//mm.digikey.com/Volume0/opasdata/d220001/medias/images/2471/FIG%2026%20HIGHLIGHTED%20ORANGE%20T052%201579.jpg","516-2857-2-ND,516-2857-1-ND,516-2857-6-ND","HSMZ-A100-T00J1","Broadcom Limited","Broadcom Limited","LED RED CLEAR 2PLCC SMD","35.072","0.3506","100","1","Tape & Reel (TR),Cut Tape (CT),Digi-Reel®","-","Active","Red","Standard","Colorless","Clear","350mcd","Round with Flat Top","2.20mm Dia","2.2V","20mA","120°","Surface Mount","630nm","639nm","-","-","-","2-PLCC","2-PLCC","3.20mm L x 2.80mm W","2.10mm","https://www.digikey.be/en/products/detail/broadcom-limited/HSMZ-A100-T00J1/2220850"
"https://look.ams-osram.com/m/1a7835c3b65b6351/original/LS-Q976-01.pdf","//mm.digikey.com/Volume0/opasdata/d220001/medias/images/5617/MFG_Lx-Q9xx.o1series.jpg","475-LSQ976.01-N1Q2-1-20-R18TR-ND,475-LSQ976.01-N1Q2-1-20-R18CT-ND,475-LSQ976.01-N1Q2-1-20-R18DKR-ND","LS Q976.01-N1Q2-1-20-R18","ams-OSRAM USA INC.","ams-OSRAM USA INC.","LED RED CLEAR 0603 SMD","11.149","0.0599","100","1","Tape & Reel (TR),Cut Tape (CT),Digi-Reel®","Chip LED 0603","Active","Red","-","Colorless","Clear","70mcd","Rectangle with Flat Top","1.10mm x 0.80mm","2V","20mA","140°","Surface Mount","633nm","640nm","-","-","-","0603 (1608 Metric)","0603","1.60mm L x 0.80mm W","0.75mm","https://www.digikey.be/en/products/detail/ams-osram-usa-inc/LS-Q976-01-N1Q2-1-20-R18/21556498"
"//mm.digikey.com/Volume0/opasdata/d220001/medias/docus/911/LTST-C190EKT.pdf","//mm.digikey.com/Volume0/opasdata/d220001/medias/images/7211/%7E160%7E0603-%281608-Metric%29%7E.jpg","160-1182-2-ND,160-1182-1-ND,160-1182-6-ND","LTST-C190EKT","Lite-On Inc.","LITEON","LED RED CLEAR CHIP SMD","87.924","0.0644","100","1","Tape & Reel (TR),Cut Tape (CT),Digi-Reel®","-","Active","Red","Standard","Colorless","Clear","2mcd","Rectangle with Flat Top","1.10mm x 0.80mm","2V","10mA","130°","Surface Mount","621nm","630nm","-","-","-","0603 (1608 Metric)","Chip LED","1.60mm L x 0.80mm W","0.90mm","https://www.digikey.be/en/products/detail/liteon/LTST-C190EKT/269229"
"https://look.ams-osram.com/m/176539b7cf5e1ace/original/LS-T67K.pdf","//mm.digikey.com/Volume0/opasdata/d220001/medias/images/695/MFG_LT-T673.jpg","475-LST67K-J1L2-1-0-2-R18-ZTR-ND,475-LST67K-J1L2-1-0-2-R18-ZCT-ND,475-LST67K-J1L2-1-0-2-R18-ZDKR-ND","LS T67K-J1L2-1-0-2-R18-Z","ams-OSRAM USA INC.","ams-OSRAM USA INC.","LED RED CLEAR 2PLCC SMD","33.830","0.0939","100","1","Tape & Reel (TR),Cut Tape (CT),Digi-Reel®","TOPLED®","Active","Red","Standard","Colorless","Clear","11.25mcd","Round with Flat Top","2.40mm Dia","1.8V","2mA","120°","Surface Mount","630nm","643nm","-","-","-","2-PLCC","2-PLCC","3.20mm L x 2.80mm W","2.10mm","https://www.digikey.be/en/products/detail/ams-osram-usa-inc/LS-T67K-J1L2-1-0-2-R18-Z/1227991"
"https://s3-us-west-2.amazonaws.com/catsy.557/Dialight_CBI_data_599-0603_Apr2018.pdf","//mm.digikey.com/Volume0/opasdata/d220001/medias/images/697/MFG-59900xx007F.jpg","350-4346-2-ND,350-4346-1-ND,350-4346-6-ND","5990010007F","Dialight","Dialight","LED RED 0603 SMD","8.941","0.0958","100","1","Tape & Reel (TR),Cut Tape (CT),Digi-Reel®","599","Active","Red","Standard","-","-","45mcd","Rectangle with Flat Top","1.10mm x 0.80mm","2.1V","20mA","140°","Surface Mount","633nm","-","-","-","-","0603 (1608 Metric)","0603","1.60mm L x 0.80mm W","0.80mm","https://www.digikey.be/en/products/detail/dialight/5990010007F/9385401"
"https://look.ams-osram.com/m/102826b1e6166c39/original/LS-T67F-01.pdf","//mm.digikey.com/Volume0/opasdata/d220001/medias/images/695/MFG_LT-T673.jpg","475-LST67F.01-U2AB-1-3A4B-20-R18TR-ND,475-LST67F.01-U2AB-1-3A4B-20-R18CT-ND,475-LST67F.01-U2AB-1-3A4B-20-R18DKR-ND","LS T67F.01-U2AB-1-3A4B-20-R18","ams-OSRAM USA INC.","ams-OSRAM USA INC.","LED RED CLEAR 2PLCC SMD","20.297","0.1108","100","1","Tape & Reel (TR),Cut Tape (CT),Digi-Reel®","TOPLED®","Active","Red","-","Colorless","Clear","1180mcd","Round with Flat Top","2.40mm Dia","2.05V","20mA","120°","Surface Mount","633nm","645nm","-","-","-","2-PLCC","2-PLCC","3.20mm L x 1.30mm W","2.10mm","https://www.digikey.be/en/products/detail/ams-osram-usa-inc/LS-T67F-01-U2AB-1-3A4B-20-R18/21575538"
"https://www.sunledusa.com/products/spec/XZMDK54W-8.pdf","//mm.digikey.com/Volume0/opasdata/d220001/medias/images/4025/MFG_XZMDK54W-8.jpg","1497-1431-2-ND,1497-1431-1-ND,1497-1431-6-ND","XZMDK54W-8","SunLED","SunLED","LED RED CLEAR CHIP SMD","30.588","0.1381","100","1","Tape & Reel (TR),Cut Tape (CT),Digi-Reel®","-","Active","Red","Standard","Colorless","Clear","1640mcd","Round with Domed Top","0.80mm Dia","1.95V","20mA","40°","Surface Mount","630nm","645nm","-","-","-","0805 (2012 Metric)","Chip LED","2.00mm L x 1.25mm W","1.20mm","https://www.digikey.be/en/products/detail/sunled/XZMDK54W-8/8259038"
"https://www.qt-brightek.com/datasheet/QBLP653_series.pdf","//mm.digikey.com/Volume0/opasdata/d220001/medias/images/6152/MFG_QBLP653-R_S_Y_O_AG1_IR.jpg","1516-1094-2-ND,1516-1094-1-ND,1516-1094-6-ND","QBLP653-R","QT Brightek (QTB)","QT Brightek (QTB)","LED RED CLEAR 1208 SMD","18.299","0.1922","100","1","Tape & Reel (TR),Cut Tape (CT),Digi-Reel®","QBLP653","Active","Red","Standard","Colorless","Clear","3850mcd","Round with Domed Top","1.80mm Dia","2V","20mA","15°","Surface Mount","625nm","-","-","-","-","1209 (3224 Metric)","1208","3.20mm L x 2.40mm W","2.60mm","https://www.digikey.be/en/products/detail/qt-brightek-qtb/QBLP653-R/4814692"
"https://www.we-online.com/components/products/datasheet/150141RS73140.pdf","//mm.digikey.com/Volume0/opasdata/d220001/medias/images/4092/MFG_150141xS73140.jpg","732-150141RS73140TR-ND,732-150141RS73140CT-ND,732-150141RS73140DKR-ND","150141RS73140","Würth Elektronik","Würth Elektronik","LED RED CLEAR 4PLCC SMD","2.257","0.299","100","1","Tape & Reel (TR),Cut Tape (CT),Digi-Reel®","WL-SMTW","Active","Red","-","Colorless","Clear","3000mcd","Round with Flat Top","2.40mm Dia","2.4V","50mA","120°","Surface Mount","620nm","630nm","-","-","-","4-PLCC","4-PLCC","3.20mm L x 2.80mm W","2.05mm","https://www.digikey.be/en/products/detail/würth-elektronik/150141RS73140/13584810"
"https://docs.broadcom.com/docs/HSMx-A10x-xxxxx-PLCC-2-SMT-LED-Indicator-DS","//mm.digikey.com/Volume0/opasdata/d220001/medias/images/2471/FIG%2026%20HIGHLIGHTED%20ORANGE%20T052%201579.jpg","516-2821-2-ND,516-2821-1-ND,516-2821-6-ND","HSMC-A100-R00J1","Broadcom Limited","Broadcom Limited","LED RED CLEAR 2PLCC SMD","14.333","0.2107","100","1","Tape & Reel (TR),Cut Tape (CT),Digi-Reel®","-","Active","Red","Standard","Colorless","Clear","140mcd","Round with Flat Top","2.20mm Dia","1.9V","20mA","120°","Surface Mount","626nm","635nm","-","-","-","2-PLCC","2-PLCC","3.20mm L x 2.80mm W","2.10mm","https://www.digikey.be/en/products/detail/broadcom-limited/HSMC-A100-R00J1/2220745"
"//mm.digikey.com/Volume0/opasdata/d220001/medias/docus/819/1111C_Series.pdf","//mm.digikey.com/Volume0/opasdata/d220001/medias/images/4846/404_0603%20%281608%20metric%29%20Pkg.jpg","404-1006-2-ND,404-1006-1-ND,404-1006-6-ND","FR1111C-TR","Stanley Electric Co","Stanley Electric Co","LED RED DIFFUSED 1608 SMD","14.274","0.2139","100","1","Tape & Reel (TR),Cut Tape (CT),Digi-Reel®","1111C","Active","Red","Standard","White","Diffused","50mcd","Rectangle with Flat Top","1.10mm x 0.80mm","1.9V","20mA","140°, 150°","Surface Mount","626nm","635nm","-","-","-","0603 (1608 Metric)","1608","1.60mm L x 0.80mm W","0.80mm","https://www.digikey.be/en/products/detail/stanley-electric-co/FR1111C-TR/428744"
"https://www.vishay.com/docs/84215/vlmx234.pdf","//mm.digikey.com/Volume0/opasdata/d220001/medias/images/6348/751%7E6.541-5052.01-4%7E%7E2.jpg","VLMR234ABCA-GS08TR-ND,VLMR234ABCA-GS08CT-ND,VLMR234ABCA-GS08DKR-ND","VLMR234ABCA-GS08","Vishay Semiconductor Opto Division","Vishay Semiconductor Opto Division","LED RED SMD MINILED SMD","9.640","0.2242","100","1","Tape & Reel (TR),Cut Tape (CT),Digi-Reel®","MiniLED","Active","Red","Standard","-","-","2000mcd","Rectangle with Flat Top","1.50mm x 0.90mm","2.2V","50mA","120°","Surface Mount","625nm","632nm","-","-","-","2-SMD, J-Lead","SMD MiniLED","2.20mm L x 1.40mm W","1.40mm","https://www.digikey.be/en/products/detail/vishay-semiconductor-opto-division/VLMR234ABCA-GS08/4504837"
"https://www.we-online.com/catalog/datasheet/150040SS73220.pdf","//mm.digikey.com/Volume0/opasdata/d220001/medias/images/315/MFG_150040SS73220.jpg","732-13421-2-ND,732-13421-1-ND","150040SS73220","Würth Elektronik","Würth Elektronik","LED RED CLEAR 0402 SMD","1.768","0.39","100","1","Tape & Reel (TR),Cut Tape (CT)","WL-SMCC","Active","Red","-","Colorless","Clear","90mcd","Rectangle with Flat Top","1.00mm x 0.50mm","2V","20mA","120°","Surface Mount","630nm","645nm","-","-","-","0402 (1005 Metric)","0402","1.00mm L x 0.50mm W","0.35mm","https://www.digikey.be/en/products/detail/würth-elektronik/150040SS73220/9857944"
"https://www.rohm.com/datasheet?p=SML-010VT&dist=Digi-key&media=referral&source=digi-key.com&campaign=Digi-key","//mm.digikey.com/Volume0/opasdata/d220001/medias/images/2521/FIG%2014%2C%201671%20T053.jpg","846-SML-010VTT86TR-ND,846-SML-010VTT86CT-ND,846-SML-010VTT86DKR-ND","SML-010VTT86","Rohm Semiconductor","Rohm Semiconductor","LED RED CLEAR 3020 SMD","1.183","0.2712","100","1","Tape & Reel (TR),Cut Tape (CT),Digi-Reel®","SML-01","Active","Red","Standard","Colorless","Clear","6.3mcd","Rectangle with Flat Top","2.30mm x 1.60mm","2V","20mA","-","Surface Mount","-","650nm","-","-","-","1208 (3020 Metric)","3020(1208)","3.00mm L x 2.00mm W","1.50mm","https://www.digikey.be/en/products/detail/rohm-semiconductor/SML-010VTT86/637002"
"//mm.digikey.com/Volume0/opasdata/d220001/medias/docus/560/LED_SMD_Selector_Guide_Jun2020.pdf","//mm.digikey.com/Volume0/opasdata/d220001/medias/images/540/597-3021-507F.JPG","350-2948-2-ND,350-2948-1-ND,350-2948-6-ND","5973021507F","Dialight","Dialight","LED RED CLEAR 1208 SMD","4.874","0.28","100","1","Tape & Reel (TR),Cut Tape (CT),Digi-Reel®","597","Active","Red","Standard","Colorless","Clear","6.3mcd","Rectangle with Flat Top","2.30mm x 1.60mm","2V","20mA","110°","Surface Mount","653nm","650nm","-","-","-","1208 (3020 Metric)","1208","3.00mm L x 2.00mm W","1.50mm","https://www.digikey.be/en/products/detail/dialight/5973021507F/2432495"
"//mm.digikey.com/Volume0/opasdata/d220001/medias/docus/8456/SM0603HCL_B.pdf","//mm.digikey.com/Volume0/opasdata/d220001/medias/images/742/SM0603HCL.JPG","492-2524-2-ND,492-2524-1-ND,492-2524-6-ND","SM0603HCL","Bivar Inc.","Bivar Inc.","LED RED CLEAR 0603 SMD","5.918","0.2952","100","1","Tape & Reel (TR),Cut Tape (CT),Digi-Reel®","-","Active","Red","Standard","Colorless","Clear","11.5mcd","Rectangle with Flat Top","1.00mm x 0.80mm","1.9V","2mA","130°","Surface Mount","631nm","645nm","-","-","-","0603 (1608 Metric)","0603","1.60mm L x 0.80mm W","0.80mm","https://www.digikey.be/en/products/detail/bivar-inc/SM0603HCL/3095516"
"//mm.digikey.com/Volume0/opasdata/d220001/medias/docus/8456/SM0805HCL.pdf","//mm.digikey.com/Volume0/opasdata/d220001/medias/images/4844/492_0805%20%282012%20Metric%29.JPG","492-2281-2-ND,492-2281-1-ND,492-2281-6-ND","SM0805HCL","Bivar Inc.","Bivar Inc.","LED RED CLEAR 0805 SMD","1.306","0.3379","100","1","Tape & Reel (TR),Cut Tape (CT),Digi-Reel®","-","Active","Red","Independent","Colorless","Clear","11.5mcd","Rectangle with Flat Top","1.40mm x 1.20mm","1.9V","2mA","130°","Surface Mount","631nm","645nm","-","-","-","0805 (2012 Metric)","0805","2.00mm L x 1.20mm W","0.80mm","https://www.digikey.be/en/products/detail/bivar-inc/SM0805HCL/3095529"
"https://www.lumex.com/datasheet/files/SML-LX23SIC-TR.pdf","//mm.digikey.com/Volume0/opasdata/d220001/medias/images/390/SML-LX23.jpg","67-1722-2-ND,67-1722-1-ND,67-1722-6-ND","SML-LX23SIC-TR","Lumex Opto/Components Inc.","Lumex Opto/Components Inc.","LED RED CLEAR SMD","5.927","0.4189","100","1","Tape & Reel (TR),Cut Tape (CT),Digi-Reel®","-","Active","Red","Standard","Colorless","Clear","300mcd","Rectangle with Flat Top","2.00mm x 1.40mm","2V","20mA","90°","Surface Mount","-","636nm","-","-","-","2-SMD, J-Lead","SMD","3.00mm L x 2.00mm W","1.40mm","https://www.digikey.be/en/products/detail/lumex-opto-components-inc/SML-LX23SIC-TR/467562"
"https://www.we-online.com/catalog/datasheet/150224SS73100.pdf","//mm.digikey.com/Volume0/opasdata/d220001/medias/images/2545/Mfg_WL-SMTW_2214.jpg","732-11399-2-ND,732-11399-1-ND,732-11399-6-ND","150224SS73100","Würth Elektronik","Würth Elektronik","LED RED CLEAR 2SMD","1.907","0.282","100","1","Tape & Reel (TR),Cut Tape (CT),Digi-Reel®","WL-SMTW","Active","Red","Independent","Colorless","Clear","130mcd","Rectangle with Flat Top","-","2.1V","20mA","120°","Surface Mount","636nm","652nm","-","-","-","2-SMD, J-Lead","2-SMD","2.00mm L x 1.40mm W","1.31mm","https://www.digikey.be/en/products/detail/würth-elektronik/150224SS73100/7315743"
"-","//mm.digikey.com/Volume0/opasdata/d220001/medias/images/8898/MFG_1516_QBLP677B-RD-2897.jpg","1516-QBLP677B-RD-2897TR-ND","QBLP677B-RD-2897","QT Brightek (QTB)","QT Brightek (QTB)","LED RED CLEAR 4PLCC SMD","2.000","Active","0","2000","Tape & Reel (TR)","PLCC","Active","Red","Independent","Colorless","Clear","4200mcd","Round with Flat Top","2.35mm Dia","2.1V","50mA","120°","Surface Mount","625nm","630nm","-","-","-","4-SMD, J-Lead","4-PLCC","3.20mm L x 2.70mm W","2.05mm","https://www.digikey.be/en/products/detail/qt-brightek-qtb/QBLP677B-RD-2897/29267432"
"-","//mm.digikey.com/Volume0/opasdata/d220001/medias/images/8898/MFG_1516_QBLP677AD-XX.jpg","1516-QBLP677BD-RD-2897TR-ND","QBLP677BD-RD-2897","QT Brightek (QTB)","QT Brightek (QTB)","LED RED CLEAR DOME LENS 4PLCC SM","4.000","Active","0","2000","Tape & Reel (TR)","PLCC","Active","Red","Independent","Colorless","Clear","17500mcd","Round with Domed Top","2.40mm Dia","2.2V","50mA","30°","Surface Mount","620nm","630nm","-","-","-","4-SMD, J-Lead","4-PLCC","3.20mm L x 2.70mm W","3.80mm","https://www.digikey.be/en/products/detail/qt-brightek-qtb/QBLP677BD-RD-2897/29267420"
"https://look.ams-osram.com/m/2f27dd3308e66345/original/LS-E6SF.pdf","//mm.digikey.com/Volume0/opasdata/d220001/medias/images/2292/Advanced-Power-TOPLED.jpg","475-LSE6SF-AABB-1-3A4B-50-R18-ZTR-ND,475-LSE6SF-AABB-1-3A4B-50-R18-ZCT-ND,475-LSE6SF-AABB-1-3A4B-50-R18-ZDKR-ND","LS E6SF-AABB-1-3A4B-50-R18-Z","ams-OSRAM USA INC.","ams-OSRAM USA INC.","LED RED CLEAR 4PLCC SMD","8.980","0.1994","100","1","Tape & Reel (TR),Cut Tape (CT),Digi-Reel®","Power TOPLED®","Active","Red","-","Colorless","Clear","1960mcd","Round with Flat Top","2.40mm Dia","2.15V","50mA","120°","Surface Mount","633nm","645nm","-","-","-","4-PLCC","4-PLCC","3.20mm L x 1.30mm W","2.10mm","https://www.digikey.be/en/products/detail/ams-osram-usa-inc/LS-E6SF-AABB-1-3A4B-50-R18-Z/17629156"
"https://www.americanbrightled.com/pdffiles/led-components/smt/BL-HUB36G-AV-TRB.pdf","-","2007-BL-HUB36G-AV-TRBTR-ND,2007-BL-HUB36G-AV-TRBCT-ND,2007-BL-HUB36G-AV-TRBDKR-ND","BL-HUB36G-AV-TRB","American Bright Optoelectronics Corporation","American Bright Optoelectronics Corporation","0603 ULTRA RED SMT, SUPER THIN W","8.652","Active","0","32000","Tape & Reel (TR),Cut Tape (CT),Digi-Reel®","-","Active","Red","Independent","Colorless","Clear","50mcd","Rectangle with Flat Top","1.00mm x 0.80mm","2V","20mA","120°","Surface Mount","632nm","645nm","-","-","-","0603 (1608 Metric)","0603","1.60mm L x 0.80mm W","0.35mm","https://www.digikey.be/en/products/detail/american-bright-optoelectronics-corporation/BL-HUB36G-AV-TRB/22486928"
"https://www.americanbrightled.com/pdffiles/led-components/smt/BL-HUB34E-AV-TRB.pdf","//mm.digikey.com/Volume0/opasdata/d220001/medias/images/699/BL-HUB34E-AV-TRB.jpg","BL-HUB34E-AV-TRBTR-ND,BL-HUB34E-AV-TRBCT-ND,BL-HUB34E-AV-TRBDKR-ND","BL-HUB34E-AV-TRB","American Bright Optoelectronics Corporation","American Bright Optoelectronics Corporation","LED RED CLEAR 0802 SMD","24.000","Active","0","3000","Tape & Reel (TR),Cut Tape (CT),Digi-Reel®","-","Active","Red","-","Colorless","Clear","50mcd","Rectangle with Domed Top","1.70mm x 0.60mm","2V","20mA","130°","Surface Mount","632nm","645nm","-","-","-","2-SMD, No Lead","0802","2.10mm L x 0.60mm W","1.10mm","https://www.digikey.be/en/products/detail/american-bright-optoelectronics-corporation/BL-HUB34E-AV-TRB/9678179"
"//mm.digikey.com/Volume0/opasdata/d220001/medias/docus/402/HLMP-%286%2CQ%29xxxA%2CMV6x00A.pdf","-","HLMPQ155AGREL-ND","HLMPQ155AGR","Everlight Electronics Co Ltd","Everlight Electronics Co Ltd","LED RED CLEAR T-3/4 SMD","2.000","Active","0","1000","Tape & Reel (TR)","-","Active","Red","Standard","Colorless","Clear","50mcd","Round with Domed Top","1.75mm Dia","1.8V","20mA","25°","Surface Mount","-","660nm","-","-","-","2-SMD, Gull Wing","T-3/4","2.20mm L x 2.10mm W","2.92mm","https://www.digikey.be/en/products/detail/everlight-electronics-co-ltd/HLMPQ155AGR/2691213"
"//mm.digikey.com/Volume0/opasdata/d220001/medias/docus/7201/QTLP600C7TR-QT19-21SDRC-S530-A3-TR8%20-V2.pdf","//mm.digikey.com/Volume0/opasdata/d220001/medias/images/402/QTLP600C.jpg","1080-1400-2-ND,1080-1400-1-ND,1080-1400-6-ND","QTLP600C7TR","Everlight Electronics Co Ltd","Everlight Electronics Co Ltd","LED RED CLEAR 0603 SMD","6.907","0.0947","100","1","Tape & Reel (TR),Cut Tape (CT),Digi-Reel®","-","Active","Red","Standard","Colorless","Clear","20mcd","Rectangle with Flat Top","1.20mm x 0.80mm","1.9V","20mA","100°","Surface Mount","645nm","660nm","-","-","-","0603 (1608 Metric)","-","1.60mm L x 0.80mm W","0.80mm","https://www.digikey.be/en/products/detail/everlight-electronics-co-ltd/QTLP600C7TR/2675891"
"https://www.kingbrightusa.com/images/catalog/SPEC/APED3528SURC.pdf","-","APED3528SURC-ND","APED3528SURC","Kingbright","Kingbright","LED RED CLEAR 2SMD","1.500","Active","0","500","Tape & Reel (TR)","-","Active","Red","Standard","Colorless","Clear","500mcd","Round with Domed Top","2.60mm Dia","1.9V","20mA","40°","Surface Mount","628nm","640nm","-","-","-","2-SMD, No Lead","2-SMD","3.50mm L x 2.80mm W","3.40mm","https://www.digikey.be/en/products/detail/kingbright/APED3528SURC/2781725"
"https://www.qt-brightek.com/datasheet/QBLP631-R3A.pdf","//mm.digikey.com/Volume0/opasdata/d220001/medias/images/6167/MFG_QBLP631-R3.jpg","1516-QBLP631-R3ATR-ND,1516-QBLP631-R3ACT-ND,1516-QBLP631-R3ADKR-ND","QBLP631-R3A","QT Brightek (QTB)","QT Brightek (QTB)","0805 LED RED  631NM DOMINANT, 63","2.938","0.1037","100","1","Tape & Reel (TR),Cut Tape (CT),Digi-Reel®","QBLP631","Active","Red","Independent","Colorless","Clear","54mcd","Square with Flat Top","1.30mm x 1.25mm","2V","10mA","140°","Surface Mount","631nm","639nm","-","-","-","0805 (2012 Metric)","0805","2.00mm L x 1.25mm W","0.90mm","https://www.digikey.be/en/products/detail/qt-brightek-qtb/QBLP631-R3A/23026406"
"https://look.ams-osram.com/m/176539b7cf5e1ace/original/LS-T67K.pdf","//mm.digikey.com/Volume0/opasdata/d220001/medias/images/695/MFG_LT-T673.jpg","475-LST67K-J1K2-1-0-2-R33-ZTR-ND,475-LST67K-J1K2-1-0-2-R33-ZCT-ND,475-LST67K-J1K2-1-0-2-R33-ZDKR-ND","LS T67K-J1K2-1-0-2-R33-Z","ams-OSRAM USA INC.","ams-OSRAM USA INC.","LED RED CLEAR 2PLCC SMD","8.724","0.1087","100","1","Tape & Reel (TR),Cut Tape (CT),Digi-Reel®","TOPLED®","Active","Red","Standard","Colorless","Clear","7.85mcd","Round with Flat Top","2.40mm Dia","1.8V","2mA","120°","Surface Mount","630nm","643nm","-","-","-","2-PLCC","2-PLCC","3.20mm L x 2.80mm W","2.10mm","https://www.digikey.be/en/products/detail/ams-osram-usa-inc/LS-T67K-J1K2-1-0-2-R33-Z/808896"
"https://look.ams-osram.com/m/176539b7cf5e1ace/original/LS-T67K.pdf","//mm.digikey.com/Volume0/opasdata/d220001/medias/images/695/MFG_LT-T673.jpg","475-LST67K-K1L2-1-ZTR-ND,475-LST67K-K1L2-1-ZCT-ND,475-LST67K-K1L2-1-ZDKR-ND","LS T67K-K1L2-1-0-2-R18-Z","ams-OSRAM USA INC.","ams-OSRAM USA INC.","LED RED CLEAR 2PLCC SMD","14.275","0.1149","100","1","Tape & Reel (TR),Cut Tape (CT),Digi-Reel®","TOPLED®","Active","Red","Standard","Colorless","Clear","12.55mcd","Round with Flat Top","2.40mm Dia","1.8V","2mA","120°","Surface Mount","630nm","643nm","-","-","-","2-PLCC","2-PLCC","3.20mm L x 2.80mm W","2.10mm","https://www.digikey.be/en/products/detail/ams-osram-usa-inc/LS-T67K-K1L2-1-0-2-R18-Z/1938797"
"https://www.qt-brightek.com/datasheet/QBLP631-R3-2943.pdf","//mm.digikey.com/Volume0/opasdata/d220001/medias/images/6191/MFG_QBLP631-R3-2943.jpg","1516-QBLP631-R3-2943TR-ND,1516-QBLP631-R3-2943CT-ND,1516-QBLP631-R3-2943DKR-ND","QBLP631-R3-2943","QT Brightek (QTB)","QT Brightek (QTB)","0805 LED RED 630NM DOMINANT, 640","2.835","0.1193","100","1","Tape & Reel (TR),Cut Tape (CT),Digi-Reel®","QBLP631","Active","Red","Independent","White","Diffused","104mcd","Square with Flat Top","1.30mm x 1.25mm","1.95V","20mA","140°","Surface Mount","630nm","640nm","-","-","-","0805 (2012 Metric)","0805","2.00mm L x 1.25mm W","0.90mm","https://www.digikey.be/en/products/detail/qt-brightek-qtb/QBLP631-R3-2943/23026409"
"https://look.ams-osram.com/m/7ebaae268447acbc/original/LS-L29K.pdf","//mm.digikey.com/Volume0/opasdata/d220001/medias/images/2586/LS%20L89K-H1J2-1%2CLS%20L29K-H1J2-1.JPG","475-LSL29K-G1H2-1-0-2-R18-ZTR-ND,475-LSL29K-G1H2-1-0-2-R18-ZCT-ND,475-LSL29K-G1H2-1-0-2-R18-ZDKR-ND","LS L29K-G1H2-1-0-2-R18-Z","ams-OSRAM USA INC.","ams-OSRAM USA INC.","LED RED DIFFUSED 0603 SMD","44.577","0.1429","100","1","Tape & Reel (TR),Cut Tape (CT),Digi-Reel®","SMARTLED® 0603","Obsolete","Red","Standard","Colorless","Diffused","3.15mcd","Rectangle with Flat Top","1.30mm x 0.80mm","1.8V","2mA","160°","Surface Mount","630nm","643nm","-","Automotive","AEC-Q101","0603 (1608 Metric)","0603","1.70mm L x 0.80mm W","0.65mm","https://www.digikey.be/en/products/detail/ams-osram-usa-inc/LS-L29K-G1H2-1-0-2-R18-Z/2205624"
"https://look.ams-osram.com/m/1ce9402ea49508df/original/LS-L296.pdf","//mm.digikey.com/Volume0/opasdata/d220001/medias/images/4850/475_0603%20%281608%20metric%29.jpg","475-LSL296-P2Q2-1-0-20-R18-ZTR-ND,475-LSL296-P2Q2-1-0-20-R18-ZCT-ND,475-LSL296-P2Q2-1-0-20-R18-ZDKR-ND","LS L296-P2Q2-1-0-20-R18-Z","ams-OSRAM USA INC.","ams-OSRAM USA INC.","LED RED DIFFUSED 0603 SMD","62.310","0.1515","100","1","Tape & Reel (TR),Cut Tape (CT),Digi-Reel®","SMARTLED® 0603","Obsolete","Red","Standard","White","Diffused","84mcd","Rectangle with Flat Top","1.30mm x 0.80mm","2V","20mA","160°","Surface Mount","630nm","-","-","-","-","0603 (1608 Metric)","0603","1.70mm L x 0.80mm W","0.65mm","https://www.digikey.be/en/products/detail/ams-osram-usa-inc/LS-L296-P2Q2-1-0-20-R18-Z/1938792"
"https://s3-us-west-2.amazonaws.com/catsy.557/C18369B.pdf","//mm.digikey.com/Volume0/opasdata/d220001/medias/images/697/Dialight-5973005507F.jpg","350-4374-2-ND,350-4374-1-ND,350-4374-6-ND","5973005507F","Dialight","Dialight","LED RED 0603 SMD","10.048","0.1747","100","1","Tape & Reel (TR),Cut Tape (CT),Digi-Reel®","597","Obsolete","Red","Standard","-","-","90mcd","Rectangle with Flat Top","1.20mm x 0.80mm","2V","20mA","-","Surface Mount","630nm","-","-","-","-","0603 (1608 Metric)","0603","1.60mm L x 0.80mm W","0.68mm","https://www.digikey.be/en/products/detail/dialight/5973005507F/9385429"
"//mm.digikey.com/Volume0/opasdata/d220001/medias/docus/655/QTLP650%28C%2CD%29-2%2C3%2C4%2C7%2CB.pdf","//mm.digikey.com/Volume0/opasdata/d220001/medias/images/402/QTLP650C.jpg","1080-1417-2-ND,1080-1417-1-ND,1080-1417-6-ND","QTLP650D2TR","Everlight Electronics Co Ltd","Everlight Electronics Co Ltd","LED RED DIFFUSED 1206 SMD","7.813","0.1736","100","1","Tape & Reel (TR),Cut Tape (CT),Digi-Reel®","-","Active","Red","Standard","-","Diffused","8mcd","Rectangle with Flat Top","2.00mm x 1.60mm","2V","20mA","140°","Surface Mount","630nm","635nm","-","-","-","1206 (3216 Metric)","1206","3.20mm L x 1.60mm W","1.30mm","https://www.digikey.be/en/products/detail/everlight-electronics-co-ltd/QTLP650D2TR/2675908"
"https://www.qt-brightek.com/datasheet/QBLP653-R5.pdf","//mm.digikey.com/Volume0/opasdata/d220001/medias/images/6152/MFG_QBLP653-R_S_Y_O_AG1_IR.jpg","1516-QBLP653-R5TR-ND,1516-QBLP653-R5CT-ND,1516-QBLP653-R5DKR-ND","QBLP653-R5","QT Brightek (QTB)","QT Brightek (QTB)","LED RED CLEAR 1208 SMD","1.014","0.1946","100","1","Tape & Reel (TR),Cut Tape (CT),Digi-Reel®","QBLP653","Active","Red","Standard","Colorless","Clear","700mcd","Round with Domed Top","1.80mm Dia","1.8V","5mA","15°","Surface Mount","621nm","-","-","-","-","1209 (3224 Metric)","1208","3.20mm L x 2.40mm W","2.65mm","https://www.digikey.be/en/products/detail/qt-brightek-qtb/QBLP653-R5/19287201"
"https://www.qt-brightek.com/datasheet/QBLP653-S5.pdf","//mm.digikey.com/Volume0/opasdata/d220001/medias/images/6152/MFG_QBLP653-R_S_Y_O_AG1_IR.jpg","1516-QBLP653-S5TR-ND,1516-QBLP653-S5CT-ND,1516-QBLP653-S5DKR-ND","QBLP653-S5","QT Brightek (QTB)","QT Brightek (QTB)","LED RED CLEAR 1208 SMD","1.352","0.2123","100","1","Tape & Reel (TR),Cut Tape (CT),Digi-Reel®","QBLP653","Active","Red","Standard","Colorless","Clear","450mcd","Round with Domed Top","1.80mm Dia","1.8V","5mA","15°","Surface Mount","640nm","649nm","-","-","-","1209 (3224 Metric)","1208","3.20mm L x 2.40mm W","2.65mm","https://www.digikey.be/en/products/detail/qt-brightek-qtb/QBLP653-S5/19287208"
"https://docs.broadcom.com/docs/AV02-0975EN","//mm.digikey.com/Volume0/opasdata/d220001/medias/images/2523/FIG%2021%20HIGHLIGHTED%20%20PINK%20T052%201579.jpg","516-HSMC-C177TR-ND,516-HSMC-C177CT-ND,516-HSMC-C177DKR-ND","HSMC-C177","Broadcom Limited","Broadcom Limited","LED RED DIFFUSED 0805 SMD","15.130","0.2513","100","1","Tape & Reel (TR),Cut Tape (CT),Digi-Reel®","-","Obsolete","Red","Standard","White","Diffused","90mcd","Rectangle with Flat Top","2.00mm x 1.25mm","1.9V","20mA","130°","Surface Mount","626nm","637nm","-","-","-","0805 (2012 Metric)","0805","2.00mm L x 1.25mm W","0.40mm","https://www.digikey.be/en/products/detail/broadcom-limited/HSMC-C177/1235191"
"https://docs.broadcom.com/docs/AV02-3609EN","//mm.digikey.com/Volume0/opasdata/d220001/medias/images/536/HLMP-P156.jpg","HLMP-P205-F0031-ND","HLMP-P205-F0031","Broadcom Limited","Broadcom Limited","LED RED CLEAR ZBEND SMD","4.500","Active","0","1500","Tape & Reel (TR)","HLMP-Pxxx","Active","Red","Standard","Colorless","Clear","8mcd","Round with Flat Top","1.78mm Dia","1.8V","10mA","125°","Surface Mount","626nm","635nm","-","-","-","2-SMD, Z-Bend","Z-Bend","2.09mm L x 2.21mm W","2.44mm","https://www.digikey.be/en/products/detail/broadcom-limited/HLMP-P205-F0031/1235180"
"http://www.inolux-corp.com/datasheet/SMDLED/Mono%20Color%20Top%20View/IN-S42BT%20Series_V1.0.pdf","//mm.digikey.com/Volume0/opasdata/d220001/medias/images/204/IN-S42BT.jpg","1830-IN-S42BTR-ND,1830-IN-S42BCT-ND,1830-IN-S42BDKR-ND","IN-S42BTR","Inolux","Inolux","LED RED CLEAR 0402 SMD","643","0.0984","100","1","Tape & Reel (TR),Cut Tape (CT),Digi-Reel®","IN-S42BT","Active","Red","-","-","Clear","100mcd","Rectangle with Flat Top","0.70mm x 0.50mm","2.1V","20mA","120°","Surface Mount","622nm","625nm","-","-","-","0402 (1005 Metric)","0402","1.00mm L x 0.50mm W","0.50mm","https://www.digikey.be/en/products/detail/inolux/IN-S42BTR/10384742"
"https://www.qt-brightek.com/datasheet/QBLP650-S3.pdf","//mm.digikey.com/Volume0/opasdata/d220001/medias/images/5849/MFG_1516_QBLP650-S3.jpg","1516-QBLP650-S3TR-ND,1516-QBLP650-S3CT-ND,1516-QBLP650-S3DKR-ND","QBLP650-S3","QT Brightek (QTB)","QT Brightek (QTB)","LED RED CLEAR 1206 SMD","790","0.1407","100","1","Tape & Reel (TR),Cut Tape (CT),Digi-Reel®","QBLP650","Active","Red","Standard","Colorless","Clear","25mcd","Rectangle with Flat Top","2.00mm x 1.60mm","2.0V","20mA","140°","Surface Mount","640nm","660nm","-","-","-","1206 (3216 Metric)","1206","3.20mm L x 1.60mm W","1.20mm","https://www.digikey.be/en/products/detail/qt-brightek-qtb/QBLP650-S3/18666386"
"https://www.qt-brightek.com/datasheet/QBLP653-S.pdf","//mm.digikey.com/Volume0/opasdata/d220001/medias/images/6152/MFG_QBLP653-R_S_Y_O_AG1_IR.jpg","1516-QBLP653-STR-ND,1516-QBLP653-SCT-ND,1516-QBLP653-SDKR-ND","QBLP653-S","QT Brightek (QTB)","QT Brightek (QTB)","LED RED CLEAR 1208 SMD","759","0.2132","100","1","Tape & Reel (TR),Cut Tape (CT),Digi-Reel®","QBLP653","Active","Red","Standard","Colorless","Clear","1400mcd","Round with Domed Top","1.80mm Dia","2V","20mA","15°","Surface Mount","640nm","650nm","-","-","-","1209 (3224 Metric)","1208","3.20mm L x 2.40mm W","2.65mm","https://www.digikey.be/en/products/detail/qt-brightek-qtb/QBLP653-S/19287213"
"https://www.paralightusa.com/wp-content/uploads/DS-83-23-0008G-LC292JECT-5A-U1.pdf","//mm.digikey.com/Volume0/opasdata/d220001/medias/images/8911/MFG_LC292LBCT-5A-U1.jpg","5366-LC292JECT-5A-U1TR-ND,5366-LC292JECT-5A-U1CT-ND,5366-LC292JECT-5A-U1DKR-ND","LC292JECT-5A-U1","PARA LIGHT","PARA LIGHT","1.0X0.5MM SUPER RED SMD LED","4.962","0.057","100","1","Tape & Reel (TR),Cut Tape (CT),Digi-Reel®","-","Active","Red","Independent","Colorless","Clear","45mcd","Rectangle with Flat Top","0.70mm x 0.50mm","1.85V","5mA","120°","Surface Mount","620nm","-","-","-","-","0402 (1005 Metric)","Chip LED","1.00mm L x 0.50mm W","0.40mm","https://www.digikey.be/en/products/detail/para-light/LC292JECT-5A-U1/26692425"
"https://look.ams-osram.com/m/4c6f3e4bd792ccdf/original/LR-Q976-01.pdf","//mm.digikey.com/Volume0/opasdata/d220001/medias/images/6455/MFG_LG-Q976-01.jpg","475-LRQ976.01-P2R2-1-20-R18TR-ND,475-LRQ976.01-P2R2-1-20-R18CT-ND,475-LRQ976.01-P2R2-1-20-R18DKR-ND","LR Q976.01-P2R2-1-20-R18","ams-OSRAM USA INC.","ams-OSRAM USA INC.","LED CHIP 0603","7.974","0.0593","100","1","Tape & Reel (TR),Cut Tape (CT),Digi-Reel®","Chip LED 0603","Active","Red","Independent","Colorless","Clear","118mcd","Rectangle with Flat Top","1.10mm x 0.80mm","2V","20mA","140°","Surface Mount","623nm","628nm","-","-","-","0603 (1608 Metric)","0603","1.60mm L x 0.80mm W","0.75mm","https://www.digikey.be/en/products/detail/ams-osram-usa-inc/LR-Q976-01-P2R2-1-20-R18/21575615"
"https://look.ams-osram.com/m/4c6f3e4bd792ccdf/original/LR-Q976-01.pdf","//mm.digikey.com/Volume0/opasdata/d220001/medias/images/5617/MFG_Lx-Q9xx.o1series.jpg","475-LRQ976.01-P2R2-1TR-ND,475-LRQ976.01-P2R2-1CT-ND,475-LRQ976.01-P2R2-1DKR-ND","LR Q976.01-P2R2-1","ams-OSRAM USA INC.","ams-OSRAM USA INC.","LED RED CLEAR 0603 SMD","39.305","0.0599","100","1","Tape & Reel (TR),Cut Tape (CT),Digi-Reel®","Chip LED 0603","Active","Red","-","Colorless","Clear","118mcd","Rectangle with Flat Top","1.10mm x 0.80mm","2V","20mA","140°","Surface Mount","623nm","628nm","-","-","-","0603 (1608 Metric)","0603","1.60mm L x 0.80mm W","0.75mm","https://www.digikey.be/en/products/detail/ams-osram-usa-inc/LR-Q976-01-P2R2-1/21556490"
"https://www.americanbrightled.com/pdffiles/led-components/smt/BL-HUE33A-TRB.pdf","-","2007-BL-HUE33A-TRBTR-ND,2007-BL-HUE33A-TRBCT-ND,2007-BL-HUE33A-TRBDKR-ND","BL-HUE33A-TRB","American Bright Optoelectronics Corporation","American Bright Optoelectronics Corporation","1206 RED SMT/ WATER CLEAR","30.157","0.0599","100","1","Tape & Reel (TR),Cut Tape (CT),Digi-Reel®","-","Active","Red","Independent","Colorless","Clear","475mcd","Round with Domed Top","1.10mm Dia","2.2V","20mA","60°","Surface Mount","630nm","644nm","-","-","-","1206 (3216 Metric)","1206","3.20mm L x 1.60mm W","1.60mm","https://www.digikey.be/en/products/detail/american-bright-optoelectronics-corporation/BL-HUE33A-TRB/22486932"
"https://optoelectronics.liteon.com/upload/download/DS22-2000-223/LTST-C191KRKT.PDF","//mm.digikey.com/Volume0/opasdata/d220001/medias/images/7211/%7E160%7E0603-%281608-Metric%29%7E.jpg","160-1447-2-ND,160-1447-1-ND,160-1447-6-ND","LTST-C191KRKT","Lite-On Inc.","LITEON","LED RED CLEAR SMD","776.864","0.0623","100","1","Tape & Reel (TR),Cut Tape (CT),Digi-Reel®","-","Active","Red","Standard","Colorless","Clear","54mcd","Rectangle with Flat Top","1.10mm x 0.80mm","2V","20mA","130°","Surface Mount","631nm","639nm","-","-","-","0603 (1608 Metric)","-","1.60mm L x 0.80mm W","0.65mm","https://www.digikey.be/en/products/detail/liteon/LTST-C191KRKT/386837"
"//mm.digikey.com/Volume0/opasdata/d220001/medias/docus/729/LTST-C171EKT.pdf","//mm.digikey.com/Volume0/opasdata/d220001/medias/images/995/LTST-C171AKT%2CLTST-C171CKT%2CLTST-C171EKT%2CLTST-C171GKT%2CLTST-C171YKT.jpg","160-1422-2-ND,160-1422-1-ND,160-1422-6-ND","LTST-C171EKT","Lite-On Inc.","LITEON","LED RED CLEAR CHIP SMD","32.749","0.0632","100","1","Tape & Reel (TR),Cut Tape (CT),Digi-Reel®","-","Active","Red","Standard","Colorless","Clear","6mcd","Rectangle with Flat Top","1.40mm x 1.25mm","2V","20mA","130°","Surface Mount","621nm","630nm","-","-","-","0805 (2012 Metric)","Chip LED","2.00mm L x 1.25mm W","0.90mm","https://www.digikey.be/en/products/detail/liteon/LTST-C171EKT/386791"
"https://optoelectronics.liteon.com/upload/download/DS22-2000-109/LTST-C171KRKT.pdf","//mm.digikey.com/Volume0/opasdata/d220001/medias/images/1117/LTST-C171TBKT%2CLTST-C171KGKT%2CLTST-C171KRKT.jpg","160-1427-2-ND,160-1427-1-ND,160-1427-6-ND","LTST-C171KRKT","Lite-On Inc.","LITEON","LED RED CLEAR SMD","486.372","0.0654","100","1","Tape & Reel (TR),Cut Tape (CT),Digi-Reel®","-","Active","Red","Standard","Colorless","Clear","54mcd","Rectangle with Flat Top","1.40mm x 1.25mm","2V","20mA","130°","Surface Mount","631nm","639nm","-","-","-","0805 (2012 Metric)","-","2.00mm L x 1.25mm W","0.90mm","https://www.digikey.be/en/products/detail/liteon/LTST-C171KRKT/386801"
"https://optoelectronics.liteon.com/upload/download/DS-22-99-0150/LTST-C170KRKT.pdf","//mm.digikey.com/Volume0/opasdata/d220001/medias/images/1028/LTST-C170KGKT%2CLTST-C170KRKT%2CLTST-C170KSKT.jpg","160-1415-2-ND,160-1415-1-ND,160-1415-6-ND","LTST-C170KRKT","Lite-On Inc.","LITEON","LED RED CLEAR SMD","447.421","0.0681","100","1","Tape & Reel (TR),Cut Tape (CT),Digi-Reel®","-","Active","Red","Standard","Colorless","Clear","54mcd","Rectangle with Flat Top","1.40mm x 1.25mm","2V","20mA","130°","Surface Mount","631nm","639nm","-","-","-","0805 (2012 Metric)","-","2.00mm L x 1.25mm W","1.10mm","https://www.digikey.be/en/products/detail/liteon/LTST-C170KRKT/386779"
"https://everlightamericas.com/index.php?controller=attachment&id_attachment=1048","//mm.digikey.com/Volume0/opasdata/d220001/medias/images/631/QTLP630C.jpg","1080-EAST2012RA2TR-ND,1080-EAST2012RA2CT-ND,1080-EAST2012RA2DKR-ND","EAST2012RA2","Everlight Electronics Co Ltd","Everlight Electronics Co Ltd","LED RED CLEAR 0805 SMD","12.857","0.0693","100","1","Tape & Reel (TR),Cut Tape (CT),Digi-Reel®","-","Active","Red","-","Colorless","Clear","63mcd","Rectangle with Flat Top","1.40mm x 1.25mm","2.05V","20mA","140°","Surface Mount","631.5nm","639nm","-","-","-","0805 (2012 Metric)","0805","2.00mm L x 1.25mm W","1.10mm","https://www.digikey.be/en/products/detail/everlight-electronics-co-ltd/EAST2012RA2/11200793"
"https://look.ams-osram.com/m/d52ca9fd43e8197/original/KS-EELP41-22.pdf","//mm.digikey.com/Volume0/opasdata/d220001/medias/images/6455/MFG_LA-L296.jpg","475-KSEELP41.22-P1R2-58-A8J8-020-R18TR-ND,475-KSEELP41.22-P1R2-58-A8J8-020-R18CT-ND,475-KSEELP41.22-P1R2-58-A8J8-020-R18DKR-ND","KS EELP41.22-P1R2-58-A8J8-020-R18","ams-OSRAM USA INC.","ams-OSRAM USA INC.","LED RED DIFFUSED 0603 SMD","29.384","0.0698","100","1","Tape & Reel (TR),Cut Tape (CT),Digi-Reel®","SMARTLED® 0603","Active","Red","Standard","Colorless","Diffused","112.5mcd","Rectangle with Flat Top","1.16mm x 0.80mm","1.95V","20mA","130°, 130°","Surface Mount","631nm","640nm","-","-","-","0603 (1608 Metric)","0603","1.60mm L x 0.80mm W","0.50mm","https://www.digikey.be/en/products/detail/ams-osram-usa-inc/KS-EELP41-22-P1R2-58-A8J8-020-R18/24765247"
"https://look.ams-osram.com/m/7eda7e8e2ca21691/original/KR-EELP41-22.pdf","//mm.digikey.com/Volume0/opasdata/d220001/medias/images/6455/MFG_LA-L296.jpg","475-KREELP41.22-Q1S1-36-A8J8-020-R18TR-ND,475-KREELP41.22-Q1S1-36-A8J8-020-R18CT-ND,475-KREELP41.22-Q1S1-36-A8J8-020-R18DKR-ND","KR EELP41.22-Q1S1-36-A8J8-020-R18","ams-OSRAM USA INC.","ams-OSRAM USA INC.","LED RED DIFFUSED 0603 SMD","16.060","0.0698","100","1","Tape & Reel (TR),Cut Tape (CT),Digi-Reel®","SMARTLED® 0603","Active","Red","Standard","Colorless","Diffused","147.5mcd","Rectangle with Flat Top","1.16mm x 0.80mm","1.95V","20mA","130°, 130°","Surface Mount","624nm","636nm","-","-","-","0603 (1608 Metric)","0603","1.60mm L x 0.80mm W","0.50mm","https://www.digikey.be/en/products/detail/ams-osram-usa-inc/KR-EELP41-22-Q1S1-36-A8J8-020-R18/24765238"
"https://www.americanbrightled.com/pdffiles/led-components/smt/BL-HUE34C-TRB.pdf","-","2007-BL-HUE34C-TRBTR-ND,2007-BL-HUE34C-TRBCT-ND,2007-BL-HUE34C-TRBDKR-ND","BL-HUE34C-TRB","American Bright Optoelectronics Corporation","American Bright Optoelectronics Corporation","1204 RED CLR SIDE VIEW SMT LED (","9.000","0.071","100","1","Tape & Reel (TR),Cut Tape (CT),Digi-Reel®","-","Active","Red","Independent","Colorless","Clear","120mcd","Rectangle with Domed Top","2.00mm Dia","2.2V","20mA","105°","Surface Mount","630nm","635nm","-","-","-","1204 (3210 Metric)","1204","3.20mm L x 1.00mm W","1.80mm","https://www.digikey.be/en/products/detail/american-bright-optoelectronics-corporation/BL-HUE34C-TRB/22486933"
"//mm.digikey.com/Volume0/opasdata/d220001/medias/docus/1139/LTST-C170EKT.pdf","//mm.digikey.com/Volume0/opasdata/d220001/medias/images/1149/LTST-C170YKT%2CLTST-C170CKT%2CLTST-C170AKT%2CLTST-C170EKT%2CLTST-C170GKT.jpg","160-1178-2-ND,160-1178-1-ND,160-1178-6-ND","LTST-C170EKT","Lite-On Inc.","LITEON","LED RED CLEAR SMD","69","0.0722","100","1","Tape & Reel (TR),Cut Tape (CT),Digi-Reel®","-","Active","Red","Standard","Colorless","Clear","2mcd","Rectangle with Flat Top","1.40mm x 1.25mm","2V","10mA","130°","Surface Mount","621nm","630nm","-","-","-","0805 (2012 Metric)","-","2.00mm L x 1.25mm W","1.10mm","https://www.digikey.be/en/products/detail/liteon/LTST-C170EKT/269225"
"https://look.ams-osram.com/m/330c725e4ebb09ab/original/LS-R976.pdf","//mm.digikey.com/Volume0/opasdata/d220001/medias/images/2367/Chippled%200805.jpg","475-LSR976-NR-1TR-ND,475-LSR976-NR-1CT-ND,475-LSR976-NR-1DKR-ND","LS R976-NR-1-0-20-R18","ams-OSRAM USA INC.","ams-OSRAM USA INC.","LED RED DIFFUSED 0805 SMD","222.999","0.0732","100","1","Tape & Reel (TR),Cut Tape (CT),Digi-Reel®","CHIPLED 0805","Active","Red","Standard","White","Diffused","104mcd","Rectangle with Flat Top","1.30mm x 1.25mm","2V","20mA","160°","Surface Mount","633nm","645nm","-","-","-","0805 (2012 Metric)","0805","2.00mm L x 1.25mm W","0.90mm","https://www.digikey.be/en/products/detail/ams-osram-usa-inc/LS-R976-NR-1-0-20-R18/1227987"
"https://www.americanbrightled.com/pdffiles/led-components/smt/BL-HD033-TRB.pdf","-","2007-BL-HD033-TRBTR-ND,2007-BL-HD033-TRBCT-ND,2007-BL-HD033-TRBDKR-ND","BL-HD033-TRB","American Bright Optoelectronics Corporation","American Bright Optoelectronics Corporation","1206 SUP RED CLR SMT LED","15.930","0.0783","100","1","Tape & Reel (TR),Cut Tape (CT),Digi-Reel®","-","Active","Red","Independent","Colorless","Clear","15mcd","Rectangle with Flat Top","2.00mm x 1.60mm","2V","20mA","120°","Surface Mount","643nm","660nm","-","-","-","1206 (3216 Metric)","1206","3.20mm L x 1.60mm W","1.30mm","https://www.digikey.be/en/products/detail/american-bright-optoelectronics-corporation/BL-HD033-TRB/22486913"
"https://everlightamericas.com/index.php?controller=attachment&id_attachment=2888","//mm.digikey.com/Volume0/opasdata/d220001/medias/images/4312/MFG_EAST2012RA1.jpg","1080-EAST2012RA1TR-ND,1080-EAST2012RA1CT-ND,1080-EAST2012RA1DKR-ND","EAST2012RA1","Everlight Electronics Co Ltd","Everlight Electronics Co Ltd","LED RED CLEAR 2SMD","33.430","0.0817","100","1","Tape & Reel (TR),Cut Tape (CT),Digi-Reel®","-","Active","Red","Standard","Colorless","Clear","79mcd","Rectangle with Flat Top","1.40mm x 1.25mm","2V","20mA","120°","Surface Mount","626nm","632nm","-","-","-","0805 (2012 Metric)","2-SMD","2.00mm L x 1.25mm W","1.00mm","https://www.digikey.be/en/products/detail/everlight-electronics-co-ltd/EAST2012RA1/5142456"
"https://everlightamericas.com/index.php?controller=attachment&id_attachment=918","//mm.digikey.com/Volume0/opasdata/d220001/medias/images/883/MFG_xx-xxxGVC-AMNB3T.jpg","1080-EAST16084RA0TR-ND,1080-EAST16084RA0CT-ND,1080-EAST16084RA0DKR-ND","EAST16084RA0","Everlight Electronics Co Ltd","Everlight Electronics Co Ltd","LED RED CLEAR 2SMD","10.228","0.0817","100","1","Tape & Reel (TR),Cut Tape (CT),Digi-Reel®","-","Active","Red","Standard","Colorless","Clear","79mcd","Rectangle with Flat Top","1.00mm x 0.80mm","2V","20mA","120°","Surface Mount","624nm","632nm","-","-","-","0603 (1608 Metric)","2-SMD","1.60mm L x 0.80mm W","0.50mm","https://www.digikey.be/en/products/detail/everlight-electronics-co-ltd/EAST16084RA0/5142354"
"//mm.digikey.com/Volume0/opasdata/d220001/medias/docus/525/LTST-C193KRKT-2A.pdf","//mm.digikey.com/Volume0/opasdata/d220001/medias/images/7211/%7E160%7E0603-%281608-Metric%29%7E.jpg","160-1909-2-ND,160-1909-1-ND,160-1909-6-ND","LTST-C193KRKT-2A","Lite-On Inc.","LITEON","LED RED CLEAR CHIP SMD","103.172","0.0838","100","1","Tape & Reel (TR),Cut Tape (CT),Digi-Reel®","-","Active","Red","Standard","Colorless","Clear","6.5mcd","Rectangle with Flat Top","1.15mm x 0.80mm","1.9V","2mA","130°","Surface Mount","629nm","639nm","-","-","-","0603 (1608 Metric)","Chip LED","1.60mm L x 0.80mm W","0.35mm","https://www.digikey.be/en/products/detail/liteon/LTST-C193KRKT-2A/3694458"
"http://www.inolux-corp.com/datasheet/SMDLED/Mono%20Color%20Top%20View/IN-S63AT%20Series_V1.1.pdf","//mm.digikey.com/Volume0/opasdata/d220001/medias/images/778/IN-S63AT.JPG","1830-1065-2-ND,1830-1065-1-ND,1830-1065-6-ND","IN-S63ATR","Inolux","Inolux","LED RED CLEAR 0603 SMD","49.559","0.0849","100","1","Tape & Reel (TR),Cut Tape (CT),Digi-Reel®","IN-S63AT","Active","Red","Standard","Colorless","Clear","120mcd","Rectangle with Flat Top","1.15mm x 0.80mm","2.2V","20mA","120°","Surface Mount","622nm","636nm","-","-","-","0603 (1608 Metric)","0603","1.60mm L x 0.80mm W","0.40mm","https://www.digikey.be/en/products/detail/inolux/IN-S63ATR/7604934"
"https://www.qt-brightek.com/datasheet/QBLP601-R0-2943.pdf","//mm.digikey.com/Volume0/opasdata/d220001/medias/images/4264/MFG_QBLP601-AG1-2943.jpg","1516-QBLP601-R0-2943TR-ND,1516-QBLP601-R0-2943CT-ND,1516-QBLP601-R0-2943DKR-ND","QBLP601-R0-2943","QT Brightek (QTB)","QT Brightek (QTB)","LED RED DIFFUSED 0603 SMD","7.830","0.0849","100","1","Tape & Reel (TR),Cut Tape (CT),Digi-Reel®","QBLP601","Active","Red","Standard","White","Diffused","120mcd","Rectangle with Flat Top","1.10mm x 0.80mm","2V","20mA","140°","Surface Mount","622nm","636nm","-","-","-","0603 (1608 Metric)","0603","1.60mm L x 0.80mm W","0.70mm","https://www.digikey.be/en/products/detail/qt-brightek-qtb/QBLP601-R0-2943/14664287"
"http://www.inolux-corp.com/datasheet/SMDLED/Mono%20Color%20Top%20View/IN-S85AT%20Series_V1.0.pdf","//mm.digikey.com/Volume0/opasdata/d220001/medias/images/918/IN-S85AT.JPG","1830-1082-2-ND,1830-1082-1-ND,1830-1082-6-ND","IN-S85ATR","Inolux","Inolux","LED RED CLEAR 0805 SMD","1.677","0.0849","100","1","Tape & Reel (TR),Cut Tape (CT),Digi-Reel®","IN-S85AT","Active","Red","Standard","Colorless","Clear","140mcd","Rectangle with Flat Top","1.40mm x 1.25mm","2.2V","20mA","120°","Surface Mount","625nm","630nm","-","-","-","0805 (2012 Metric)","0805","2.00mm L x 1.25mm W","1.10mm","https://www.digikey.be/en/products/detail/inolux/IN-S85ATR/7604916"
"//mm.digikey.com/Volume0/opasdata/d220001/medias/docus/1059/QTLP601C-R%2CY%2CIB%2CE%2CAG%2CO%2CIG.pdf","//mm.digikey.com/Volume0/opasdata/d220001/medias/images/402/QTLP601C-x.jpg","1080-1407-2-ND,1080-1407-1-ND,1080-1407-6-ND","QTLP601CRTR","Everlight Electronics Co Ltd","Everlight Electronics Co Ltd","LED RED CLEAR 0603 SMD","5.180","0.0851","100","1","Tape & Reel (TR),Cut Tape (CT),Digi-Reel®","-","Active","Red","Standard","Colorless","Clear","35mcd","Rectangle with Flat Top","1.20mm x 0.80mm","2V","20mA","120°","Surface Mount","624nm","630nm","-","-","-","0603 (1608 Metric)","0603","1.60mm L x 0.80mm W","0.60mm","https://www.digikey.be/en/products/detail/everlight-electronics-co-ltd/QTLP601CRTR/2675898"
"-","//mm.digikey.com/Volume0/opasdata/d220001/medias/images/7180/%7E160%7E2-SMD%2C-No-Lead%7E.jpg","160-LTST-C250KRKTTR-ND,160-LTST-C250KRKTCT-ND,160-LTST-C250KRKTDKR-ND","LTST-C250KRKT","Lite-On Inc.","LITEON","LED RED CLEAR CHIP SMD","4.131","0.0866","100","1","Tape & Reel (TR),Cut Tape (CT),Digi-Reel®","-","Active","Red","Standard","Colorless","Clear","113mcd","Rectangle with Flat Top","1.20mm","1.8V","20mA","130°","Surface Mount","631nm","639nm","-","-","-","2-SMD, No Lead","Chip LED","3.20mm L x 1.20mm W","0.90mm","https://www.digikey.be/en/products/detail/liteon/LTST-C250KRKT/4307976"
"http://www.inolux-corp.com/datasheet/SMDLED/Mono%20Color%20Top%20View/IN-S126AT%20Series_V1.0.pdf","//mm.digikey.com/Volume0/opasdata/d220001/medias/images/790/IN-S126AT.JPG","1830-1092-2-ND,1830-1092-1-ND,1830-1092-6-ND","IN-S126ATR","Inolux","Inolux","LED RED CLEAR 1206 SMD","13.378","0.0877","100","1","Tape & Reel (TR),Cut Tape (CT),Digi-Reel®","IN-S126AT","Active","Red","Standard","Colorless","Clear","140mcd","Rectangle with Flat Top","2.00mm x 1.50mm","2V","20mA","120°","Surface Mount","622nm","630nm","-","-","-","1206 (3216 Metric)","1206","3.20mm L x 1.50mm W","1.10mm","https://www.digikey.be/en/products/detail/inolux/IN-S126ATR/7604906"
"https://www.KingbrightUSA.com/images/catalog/SPEC/APT1608EC.pdf","//mm.digikey.com/Volume0/opasdata/d220001/medias/images/6348/MFG_APT1608.jpg","754-1117-2-ND,754-1117-1-ND,754-1117-6-ND","APT1608EC","Kingbright","Kingbright","LED RED CLEAR CHIP SMD","136.150","0.09","100","1","Tape & Reel (TR),Cut Tape (CT),Digi-Reel®","-","Active","Red","Standard","Colorless","Clear","8mcd","Rectangle with Flat Top","1.20mm x 0.80mm","2V","20mA","120°","Surface Mount","617nm","627nm","-","-","-","0603 (1608 Metric)","Chip LED","1.60mm L x 0.80mm W","0.75mm","https://www.digikey.be/en/products/detail/kingbright/APT1608EC/1747515"
"//mm.digikey.com/Volume0/opasdata/d220001/medias/docus/4137/LTST-C171KDKT.PDF","//mm.digikey.com/Volume0/opasdata/d220001/medias/images/7177/MFG_LTST-C171KDXT.jpg","160-LTST-C171KDKTTR-ND,160-LTST-C171KDKTCT-ND,160-LTST-C171KDKTDKR-ND","LTST-C171KDKT","Lite-On Inc.","LITEON","LED RED CLEAR CHIP SMD","5.983","0.0901","100","1","Tape & Reel (TR),Cut Tape (CT),Digi-Reel®","-","Active","Red","-","Colorless","Clear","24.75mcd","Rectangle with Flat Top","1.40mm x 1.25mm","2V","20mA","130°","Surface Mount","638nm","650nm","-","-","-","0805 (2012 Metric)","Chip LED","2.00mm L x 1.30mm W","0.90mm","https://www.digikey.be/en/products/detail/liteon/LTST-C171KDKT/13588628"
"//mm.digikey.com/Volume0/opasdata/d220001/medias/docus/1230/QTLP600C-R%2CE%2CY.pdf","//mm.digikey.com/Volume0/opasdata/d220001/medias/images/402/QTLP600C.jpg","1080-1403-2-ND,1080-1403-1-ND,1080-1403-6-ND","QTLP600CRTR","Everlight Electronics Co Ltd","Everlight Electronics Co Ltd","LED RED CLEAR 0603 SMD","48.000","0.0911","100","1","Tape & Reel (TR),Cut Tape (CT),Digi-Reel®","-","Active","Red","Standard","Colorless","Clear","40mcd","Rectangle with Flat Top","1.20mm x 0.80mm","2V","20mA","100°","Surface Mount","-","630nm","-","-","-","0603 (1608 Metric)","0603","1.60mm L x 0.80mm W","0.80mm","https://www.digikey.be/en/products/detail/everlight-electronics-co-ltd/QTLP600CRTR/2675894"
"https://www.rohm.com/datasheet?p=SML-D12U8W&dist=Digi-key&media=referral&source=digi-key.com&campaign=Digi-key","//mm.digikey.com/Volume0/opasdata/d220001/medias/images/6336/846%7E1608%280603-0.55%29%7E%7E2.jpg","846-SML-D12U8WT86TR-ND,846-SML-D12U8WT86CT-ND,846-SML-D12U8WT86DKR-ND","SML-D12U8WT86","Rohm Semiconductor","Rohm Semiconductor","LED RED DIFFUSED 0603 SMD","98.927","0.0931","100","1","Tape & Reel (TR),Cut Tape (CT),Digi-Reel®","EXCELED™","Active","Red","Standard","White","Diffused","63mcd","Rectangle with Flat Top","1.20mm x 0.80mm","2.2V","20mA","-","Surface Mount","620nm","-","-","-","-","0603 (1608 Metric)","1608 (0603)","1.60mm L x 0.80mm W","0.65mm","https://www.digikey.be/en/products/detail/rohm-semiconductor/SML-D12U8WT86/1641799"
"https://www.rohm.com/datasheet?p=SML-D12V1W&dist=Digi-key&media=referral&source=digi-key.com&campaign=Digi-key","//mm.digikey.com/Volume0/opasdata/d220001/medias/images/993/Rohm-SMLD12.jpg","SML-D12V1WT86TR-ND,SML-D12V1WT86CT-ND,SML-D12V1WT86DKR-ND","SML-D12V1WT86","Rohm Semiconductor","Rohm Semiconductor","LED RED DIFFUSED 1608 SMD","48.374","0.0931","100","1","Tape & Reel (TR),Cut Tape (CT),Digi-Reel®","SML-D12","Active","Red","Standard","White","Diffused","40mcd","Rectangle with Flat Top","1.20mm x 0.80mm","2.2V","20mA","-","Surface Mount","630nm","-","-","-","-","0603 (1608 Metric)","1608 (0603)","1.60mm L x 0.80mm W","0.65mm","https://www.digikey.be/en/products/detail/rohm-semiconductor/SML-D12V1WT86/5843852"
"https://www.rohm.com/datasheet?p=SML-D12V8W&dist=Digi-key&media=referral&source=digi-key.com&campaign=Digi-key","//mm.digikey.com/Volume0/opasdata/d220001/medias/images/6336/846%7E1608%280603-0.55%29%7E%7E2.jpg","846-SML-D12V8WT86TR-ND,846-SML-D12V8WT86CT-ND,846-SML-D12V8WT86DKR-ND","SML-D12V8WT86","Rohm Semiconductor","Rohm Semiconductor","LED RED DIFFUSED 1608 SMD","41.567","0.0931","100","1","Tape & Reel (TR),Cut Tape (CT),Digi-Reel®","EXCELED™","Active","Red","Standard","White","Diffused","40mcd","Rectangle with Flat Top","1.20mm x 0.80mm","2.2V","20mA","-","Surface Mount","630nm","-","-","-","-","0603 (1608 Metric)","1608 (0603)","1.60mm L x 0.80mm W","0.65mm","https://www.digikey.be/en/products/detail/rohm-semiconductor/SML-D12V8WT86/1641800"
"https://www.qt-brightek.com/datasheet/QBLP601-R35.pdf","//mm.digikey.com/Volume0/opasdata/d220001/medias/images/5972/MFG_QBLP601-R35.jpg","1516-QBLP601-R35TR-ND,1516-QBLP601-R35CT-ND,1516-QBLP601-R35DKR-ND","QBLP601-R35","QT Brightek (QTB)","QT Brightek (QTB)","LED RED CLEAR 0603 SMD","696","0.0931","100","1","Tape & Reel (TR),Cut Tape (CT),Digi-Reel®","QBLP601","Active","Red","Standard","Colorless","Clear","26mcd","Rectangle with Flat Top","1.10mm x 0.80mm","1.9V","5mA","140°","Surface Mount","631nm","639nm","-","-","-","0603 (1608 Metric)","0603","1.60mm L x 0.80mm W","0.70mm","https://www.digikey.be/en/products/detail/qt-brightek-qtb/QBLP601-R35/16499665"
"//mm.digikey.com/Volume0/opasdata/d220001/medias/docus/993/LTST-C150EKT.pdf","//mm.digikey.com/Volume0/opasdata/d220001/medias/images/7180/%7E160%7E1206-%283216-Metric%29%7E.jpg","160-1168-2-ND,160-1168-1-ND,160-1168-6-ND","LTST-C150EKT","Lite-On Inc.","LITEON","LED RED CLEAR 1206 SMD","164.296","0.0934","100","1","Tape & Reel (TR),Cut Tape (CT),Digi-Reel®","-","Active","Red","Standard","Colorless","Clear","6mcd","Rectangle with Flat Top","2.06mm x 1.60mm","2V","10mA","130°","Surface Mount","621nm","630nm","-","-","-","1206 (3216 Metric)","1206","3.20mm L x 1.60mm W","1.10mm","https://www.digikey.be/en/products/detail/liteon/LTST-C150EKT/269215"
"https://www.KingbrightUSA.com/images/catalog/SPEC/APT1608SURCK.pdf","//mm.digikey.com/Volume0/opasdata/d220001/medias/images/6348/MFG_APT1608.jpg","754-1123-2-ND,754-1123-1-ND,754-1123-6-ND","APT1608SURCK","Kingbright","Kingbright","LED RED CLEAR CHIP SMD","112.314","0.0946","100","1","Tape & Reel (TR),Cut Tape (CT),Digi-Reel®","-","Active","Red","Standard","Colorless","Clear","80mcd","Rectangle with Flat Top","1.20mm x 0.80mm","1.95V","20mA","120°","Surface Mount","630nm","645nm","-","-","-","0603 (1608 Metric)","Chip LED","1.60mm L x 0.80mm W","0.75mm","https://www.digikey.be/en/products/detail/kingbright/APT1608SURCK/1747522"
"https://www.KingbrightUSA.com/images/catalog/SPEC/APT2012EC.pdf","//mm.digikey.com/Volume0/opasdata/d220001/medias/images/4848/MFG_754_0805-%282012-Metric%29.jpg","754-1128-2-ND,754-1128-1-ND,754-1128-6-ND","APT2012EC","Kingbright","Kingbright","LED RED CLEAR CHIP SMD","65.546","0.0946","100","1","Tape & Reel (TR),Cut Tape (CT),Digi-Reel®","-","Active","Red","Standard","Colorless","Clear","8mcd","Rectangle with Flat Top","1.30mm x 1.25mm","2V","20mA","120°","Surface Mount","617nm","627nm","-","-","-","0805 (2012 Metric)","Chip LED","2.00mm L x 1.25mm W","0.75mm","https://www.digikey.be/en/products/detail/kingbright/APT2012EC/1747527"
"//mm.digikey.com/Volume0/opasdata/d220001/medias/docus/6025/QLSP1306R.pdf","//mm.digikey.com/Volume0/opasdata/d220001/medias/images/6151/MFG_QLSP1306R.jpg","3970-QLSP1306RTR-ND,3970-QLSP1306RCT-ND,3970-QLSP1306RDKR-ND","QLSP1306R","Quelighting Corp","Quelighting Corp","0603 PKG, TOP VIEW, RED,20MA","7.487","0.0947","100","1","Tape & Reel (TR),Cut Tape (CT),Digi-Reel®","-","Active","Red","Independent","-","Clear","178.25mcd","Rectangle with Flat Top","1.10mm x 0.80mm","2.1V","20mA","120°","Surface Mount","623nm","608nm","-","-","-","0603 (1608 Metric)","0603","1.60mm L x 0.80mm W","0.70mm","https://www.digikey.be/en/products/detail/quelighting-corp/QLSP1306R/22312011"
"//mm.digikey.com/Volume0/opasdata/d220001/medias/docus/6025/QLSP23R.pdf","//mm.digikey.com/Volume0/opasdata/d220001/medias/images/6151/MFG_QLSP23R.jpg","3970-QLSP23RTR-ND,3970-QLSP23RCT-ND,3970-QLSP23RDKR-ND","QLSP23R","Quelighting Corp","Quelighting Corp","0402 PKG, TOP VIEW, RED, 20MA","5.610","0.0947","100","1","Tape & Reel (TR),Cut Tape (CT),Digi-Reel®","-","Active","Red","Independent","-","Clear","125.75mcd","Rectangle with Flat Top","0.65mm x 0.55mm","2.1V","20mA","120°","Surface Mount","625nm","626nm","-","-","-","0402 (1005 Metric)","0402","1.05mm L x 0.55mm W","0.58mm","https://www.digikey.be/en/products/detail/quelighting-corp/QLSP23R/22311983"
"https://www.americanbrightled.com/pdffiles/led-components/smt/BL-HUB35A-TRB.pdf","-","2007-BL-HUB35A-TRBTR-ND,2007-BL-HUB35A-TRBCT-ND,2007-BL-HUB35A-TRBDKR-ND","BL-HUB35A-TRB","American Bright Optoelectronics Corporation","American Bright Optoelectronics Corporation","LED RED CLEAR 0805 SMD","41.853","0.0952","100","1","Tape & Reel (TR),Cut Tape (CT),Digi-Reel®","BL-Hxxx5A","Active","Red","-","Colorless","Clear","50mcd","Rectangle with Flat Top","1.40mm x 1.25mm","2.1V","20mA","120°","Surface Mount","632nm","645nm","-","-","-","0805 (2012 Metric)","0805","2.00mm L x 1.25mm W","1.20mm","https://www.digikey.be/en/products/detail/american-bright-optoelectronics-corporation/BL-HUB35A-TRB/20505865"
"https://optoelectronics.liteon.com/upload/download/DS22-2005-077/LTST-C193KRKT-5A.PDF","//mm.digikey.com/Volume0/opasdata/d220001/medias/images/7211/%7E160%7E0603-%281608-Metric%29%7E.jpg","160-1830-2-ND,160-1830-1-ND,160-1830-6-ND","LTST-C193KRKT-5A","Lite-On Inc.","LITEON","LED RED CLEAR CHIP SMD","1.498","0.0955","100","1","Tape & Reel (TR),Cut Tape (CT),Digi-Reel®","-","Active","Red","Standard","Colorless","Clear","26.05mcd","Rectangle with Flat Top","1.15mm x 0.80mm","2V","5mA","130°","Surface Mount","631nm","639nm","-","-","-","0603 (1608 Metric)","Chip LED","1.60mm L x 0.80mm W","0.45mm","https://www.digikey.be/en/products/detail/liteon/LTST-C193KRKT-5A/2356244"
"https://www.sunledusa.com/products/spec/XZMDK53W-1.pdf","//mm.digikey.com/Volume0/opasdata/d220001/medias/images/4185/MFG_XZMDK53W-1.jpg","1497-1167-2-ND,1497-1167-1-ND,1497-1167-6-ND","XZMDK53W-1","SunLED","SunLED","LED RED CLEAR CHIP SMD","142.493","0.0958","100","1","Tape & Reel (TR),Cut Tape (CT),Digi-Reel®","-","Active","Red","Standard","Colorless","Clear","79mcd","Rectangle with Flat Top","1.10mm x 0.80mm","1.95V","20mA","120°","Surface Mount","630nm","645nm","-","-","-","0603 (1608 Metric)","Chip LED","1.60mm L x 0.80mm W","0.75mm","https://www.digikey.be/en/products/detail/sunled/XZMDK53W-1/4745950"
"https://www.sunledusa.com/products/spec/XZMDK54W-1.pdf","//mm.digikey.com/Volume0/opasdata/d220001/medias/images/4847/MFG_1497_XZMDK54W-1.jpg","1497-1170-2-ND,1497-1170-1-ND,1497-1170-6-ND","XZMDK54W-1","SunLED","SunLED","LED RED CLEAR CHIP SMD","104.425","0.0958","100","1","Tape & Reel (TR),Cut Tape (CT),Digi-Reel®","-","Active","Red","Standard","Colorless","Clear","79mcd","Rectangle with Flat Top","1.20mm x 1.25mm","1.95V","20mA","120°","Surface Mount","630nm","645nm","-","-","-","0805 (2012 Metric)","Chip LED","2.00mm L x 1.25mm W","0.75mm","https://www.digikey.be/en/products/detail/sunled/XZMDK54W-1/4745953"
"//mm.digikey.com/Volume0/opasdata/d220001/medias/docus/259/B1911URO-20D004214U1930.pdf","//mm.digikey.com/Volume0/opasdata/d220001/medias/images/6470/MFG_3147_B1911.jpg","3147-B1911URO-20D004214U1930TR-ND,3147-B1911URO-20D004214U1930CT-ND,3147-B1911URO-20D004214U1930DKR-ND","B1911URO-20D004214U1930","Harvatek Corporation","Harvatek Corporation","1.6(L) X 0.8(W) X 0.6(H)MM","6.513","0.0972","100","1","Tape & Reel (TR),Cut Tape (CT),Digi-Reel®","HT-191","Active","Red","Independent","Colorless","Diffused","120mcd","Rectangle with Flat Top","1.00mm x 0.80mm","1.9V","20mA","130°","Surface Mount","632nm","645nm","-","-","-","0603 (1608 Metric)","0603","1.60mm L x 0.80mm W","0.70mm","https://www.digikey.be/en/products/detail/harvatek-corporation/B1911URO-20D004214U1930/24635255"
"https://www.sunledusa.com/products/spec/XZMDKT53W-6.pdf","//mm.digikey.com/Volume0/opasdata/d220001/medias/images/4270/MFG_XZMDKT53W-6.jpg","1497-1239-2-ND,1497-1239-1-ND,1497-1239-6-ND","XZMDKT53W-6","SunLED","SunLED","LED RED CLEAR 2SMD","75.080","0.0984","100","1","Tape & Reel (TR),Cut Tape (CT),Digi-Reel®","-","Active","Red","Standard","Colorless","Clear","108mcd","Rectangle with Flat Top","1.20mm x 0.80mm","2V","20mA","120°","Surface Mount","630nm","645nm","-","-","-","0603 (1608 Metric)","2-SMD","1.60mm L x 0.80mm W","0.28mm","https://www.digikey.be/en/products/detail/sunled/XZMDKT53W-6/4902048"
"https://www.lumex.com/datasheet/files/SML-LX0603IW-TR.pdf","//mm.digikey.com/Volume0/opasdata/d220001/medias/images/7165/%7E67%7E0603-%281608-Metric%29%7E.jpg","67-1548-2-ND,67-1548-1-ND,67-1548-6-ND","SML-LX0603IW-TR","Lumex Opto/Components Inc.","Lumex Opto/Components Inc.","LED RED DIFFUSED SMD","46.426","0.0984","100","1","Tape & Reel (TR),Cut Tape (CT),Digi-Reel®","-","Active","Red","Standard","White","Diffused","14mcd","Rectangle with Flat Top","1.00mm x 0.80mm","2V","20mA","160°","Surface Mount","-","635nm","-","-","-","0603 (1608 Metric)","-","1.60mm L x 0.80mm W","0.60mm","https://www.digikey.be/en/products/detail/lumex-opto-components-inc/SML-LX0603IW-TR/304357"
"https://s3-us-west-2.amazonaws.com/catsy.557/Dialight_CBI_data_599-0805_Apr2018.pdf","//mm.digikey.com/Volume0/opasdata/d220001/medias/images/534/598-Series-0805-%282012-Metric%29-2.00x1.25x0.70.jpg","350-4353-2-ND,350-4353-1-ND,350-4353-6-ND","5990110007F","Dialight","Dialight","LED RED 0805 SMD","1.566","0.0984","100","1","Tape & Reel (TR),Cut Tape (CT),Digi-Reel®","599","Active","Red","Standard","-","-","29mcd","Rectangle with Flat Top","1.40mm x 1.25mm","2.1V","20mA","140°","Surface Mount","633nm","-","-","-","-","0805 (2012 Metric)","0805","2.00mm L x 1.25mm W","0.80mm","https://www.digikey.be/en/products/detail/dialight/5990110007F/9385408"
"https://www.sunledusa.com/products/spec/XZMDK54W-4.pdf","//mm.digikey.com/Volume0/opasdata/d220001/medias/images/4105/MFG_XZMDK54W-4.jpg","1497-XZMDK54W-4TR-ND,1497-XZMDK54W-4CT-ND,1497-XZMDK54W-4DKR-ND","XZMDK54W-4","SunLED","SunLED","LED RED CLEAR 0805 SMD","23.452","0.0996","100","1","Tape & Reel (TR),Cut Tape (CT),Digi-Reel®","-","Active","Red","-","Colorless","Clear","228mcd","Rectangle with Flat Top","1.30mm x 1.25mm","1.95V","20mA","140°","Surface Mount","630nm","645nm","-","-","-","0805 (2012 Metric)","0805","2.00mm L x 1.25mm W","0.50mm","https://www.digikey.be/en/products/detail/sunled/XZMDK54W-4/13559300"
"https://www.KingbrightUSA.com/images/catalog/SPEC/APT3216SURCK.pdf","//mm.digikey.com/Volume0/opasdata/d220001/medias/images/2614/APT3216SURCK.jpg","754-1143-2-ND,754-1143-1-ND,754-1143-6-ND","APT3216SURCK","Kingbright","Kingbright","LED RED CLEAR CHIP SMD","246.291","0.1","100","1","Tape & Reel (TR),Cut Tape (CT),Digi-Reel®","-","Active","Red","Standard","Colorless","Clear","80mcd","Rectangle with Flat Top","2.00mm x 1.60mm","1.95V","20mA","120°","Surface Mount","630nm","645nm","-","-","-","1206 (3216 Metric)","Chip LED","3.20mm L x 1.60mm W","0.75mm","https://www.digikey.be/en/products/detail/kingbright/APT3216SURCK/1747542"
"http://www.inolux-corp.com/datasheet/SMDLED/Mono%20Color%20Top%20View/IN-S21AT5R_V1.0.pdf#SMD-LED","//mm.digikey.com/Volume0/opasdata/d220001/medias/images/4226/MFG_IN-S21ATx-Series.jpg","1830-IN-S21AT5RTR-ND,1830-IN-S21AT5RCT-ND,1830-IN-S21AT5RDKR-ND","IN-S21AT5R","Inolux","Inolux","LED RED CLEAR SMD","3.082","0.1001","100","1","Tape & Reel (TR),Cut Tape (CT),Digi-Reel®","-","Active","Red","-","-","Clear","18mcd","Rectangle with Flat Top","0.65mm x 0.38mm","1.8V","5mA","110°","Surface Mount","621nm","629nm","-","-","-","2-SMD, No Lead","-","0.65mm L x 0.38mm W","0.41mm","https://www.digikey.be/en/products/detail/inolux/IN-S21AT5R/14555732"
"//mm.digikey.com/Volume0/opasdata/d220001/medias/docus/3694/B1911USD-20D000114U1930.pdf","//mm.digikey.com/Volume0/opasdata/d220001/medias/images/4095/MFG_B1911.jpg","3147-B1911USD-20D000114U1930TR-ND,3147-B1911USD-20D000114U1930CT-ND,3147-B1911USD-20D000114U1930DKR-ND","B1911USD-20D000114U1930","Harvatek Corporation","Harvatek Corporation","LED RED DIFFUSED 0603 SMD","11.633","0.1011","100","1","Tape & Reel (TR),Cut Tape (CT),Digi-Reel®","-","Active","Red","-","-","Diffused","71.5mcd","Rectangle with Flat Top","1.00mm x 0.80mm","2V","20mA","125°, 128°","Surface Mount","624nm","632nm","-","-","-","0603 (1608 Metric)","0603","1.60mm L x 0.80mm W","0.70mm","https://www.digikey.be/en/products/detail/harvatek-corporation/B1911USD-20D000114U1930/15519991"
"//mm.digikey.com/Volume0/opasdata/d220001/medias/docus/6130/BL-HUB36A-AV-TRB_7-19-22.pdf","//mm.digikey.com/Volume0/opasdata/d220001/medias/images/4089/BL-HUB36A-AV-TRB.jpg","BL-HUB36A-AV-TRBTR-ND,BL-HUB36A-AV-TRBCT-ND,BL-HUB36A-AV-TRBDKR-ND","BL-HUB36A-AV-TRB","American Bright Optoelectronics Corporation","American Bright Optoelectronics Corporation","LED RED CLEAR 0603 SMD","16.097","0.1016","100","1","Tape & Reel (TR),Cut Tape (CT),Digi-Reel®","-","Active","Red","Standard","Colorless","Clear","94mcd","Rectangle with Flat Top","-","2.2V","20mA","120°","Surface Mount","632nm","645nm","-","-","-","0603 (1608 Metric)","0603","1.60mm L x 0.80mm W","0.70mm","https://www.digikey.be/en/products/detail/american-bright-optoelectronics-corporation/BL-HUB36A-AV-TRB/9678174"
"https://optoelectronics.liteon.com/upload/download/DS22-2000-094/LTST-C930KRKT.pdf","//mm.digikey.com/Volume0/opasdata/d220001/medias/images/7180/%7E160%7E1209-%283224-Metric%29.jpg","160-1463-2-ND,160-1463-1-ND,160-1463-6-ND","LTST-C930KRKT","Lite-On Inc.","LITEON","LED RED CLEAR CHIP SMD","205.496","0.104","100","1","Tape & Reel (TR),Cut Tape (CT),Digi-Reel®","-","Active","Red","Standard","Colorless","Clear","850mcd","Round with Domed Top","1.80mm Dia","2V","20mA","25°","Surface Mount","631nm","639nm","-","-","-","1209 (3224 Metric)","Chip LED","3.20mm L x 2.40mm W","2.40mm","https://www.digikey.be/en/products/detail/liteon/LTST-C930KRKT/386867"
"//mm.digikey.com/Volume0/opasdata/d220001/medias/docus/4819/QTLP600C.pdf","//mm.digikey.com/Volume0/opasdata/d220001/medias/images/402/QTLP600C.jpg","1080-1397-2-ND,1080-1397-1-ND,1080-1397-6-ND","QTLP600C2TR","Everlight Electronics Co Ltd","Everlight Electronics Co Ltd","LED RED CLEAR 0603 SMD","15.482","0.1053","100","1","Tape & Reel (TR),Cut Tape (CT),Digi-Reel®","-","Active","Red","Standard","Colorless","Clear","9mcd","Rectangle with Flat Top","1.20mm x 0.80mm","2V","20mA","100°","Surface Mount","630nm","635nm","-","-","-","0603 (1608 Metric)","-","1.60mm L x 0.80mm W","0.80mm","https://www.digikey.be/en/products/detail/everlight-electronics-co-ltd/QTLP600C2TR/2675888"
"https://everlightamericas.com/index.php?controller=attachment&id_attachment=889","//mm.digikey.com/Volume0/opasdata/d220001/medias/images/833/MFG_EAST10053RA0.jpg","1080-EAST1005RA0TR-ND,1080-EAST1005RA0CT-ND,1080-EAST1005RA0DKR-ND","EAST1005RA0","Everlight Electronics Co Ltd","Everlight Electronics Co Ltd","LED RED CLEAR 2SMD","8.965","0.1055","100","1","Tape & Reel (TR),Cut Tape (CT),Digi-Reel®","-","Active","Red","Standard","Colorless","Clear","30mcd","Rectangle with Flat Top","1.00mm x 0.50mm","2V","10mA","120°","Surface Mount","626nm","632nm","-","-","-","0402 (1005 Metric)","2-SMD","1.00mm L x 0.50mm W","0.45mm","https://www.digikey.be/en/products/detail/everlight-electronics-co-ltd/EAST1005RA0/5142331"
"https://s3-us-west-2.amazonaws.com/catsy.557/DIA_Selector_Guide_SMD_060820.pdf","//mm.digikey.com/Volume0/opasdata/d220001/medias/images/534/598-Series-0805-%282012-Metric%29-2.00x1.25x0.70.jpg","350-2038-2-ND,350-2038-1-ND,350-2038-6-ND","5988110107F","Dialight","Dialight","LED RED CLEAR 0805 SMD","65.011","0.1064","100","1","Tape & Reel (TR),Cut Tape (CT),Digi-Reel®","598","Active","Red","Standard","Colorless","Clear","40mcd","Rectangle with Flat Top","1.40mm x 1.25mm","2.2V","20mA","140°","Surface Mount","635nm","-","-","-","-","0805 (2012 Metric)","0805","2.00mm L x 1.25mm W","0.80mm","https://www.digikey.be/en/products/detail/dialight/5988110107F/1291272"
"//mm.digikey.com/Volume0/opasdata/d220001/medias/docus/3667/B1931URO-20D000114U1930.pdf","//mm.digikey.com/Volume0/opasdata/d220001/medias/images/4437/MFG_B1931.jpg","3147-B1931URO-20D000114U1930TR-ND,3147-B1931URO-20D000114U1930CT-ND,3147-B1931URO-20D000114U1930DKR-ND","B1931URO-20D000114U1930","Harvatek Corporation","Harvatek Corporation","LED RED DIFFUSED 0603 SMD","6.501","0.1064","100","1","Tape & Reel (TR),Cut Tape (CT),Digi-Reel®","-","Active","Red","-","-","Diffused","45mcd","Rectangle with Flat Top","1.00mm x 0.80mm","2V","20mA","125°, 135°","Surface Mount","631nm","639nm","-","-","-","0603 (1608 Metric)","0603","1.60mm L x 0.80mm W","0.50mm","https://www.digikey.be/en/products/detail/harvatek-corporation/B1931URO-20D000114U1930/15910603"
"https://s3-us-west-2.amazonaws.com/catsy.557/C18736.pdf","//mm.digikey.com/Volume0/opasdata/d220001/medias/images/6448/MFG_5990010137F.jpg","350-5990010137FTR-ND,350-5990010137FCT-ND,350-5990010137FDKR-ND","5990010137F","Dialight","Dialight","599 SMD LED 0603 LOW PROFILE 0.4","5.080","0.1073","100","1","Tape & Reel (TR),Cut Tape (CT),Digi-Reel®","599","Active","Red","Independent","Colorless","Clear","125mcd","Rectangle with Flat Top","1.00mm x 0.80mm","2.2V","20mA","130°","Surface Mount","630nm","-","-","-","-","0603 (1608 Metric)","0603","1.60mm L x 0.80mm W","0.53mm","https://www.digikey.be/en/products/detail/dialight/5990010137F/25616802"
"https://optoelectronics.liteon.com/upload/download/DS22-2006-020/LTST-C21KRKT.pdf","//mm.digikey.com/Volume0/opasdata/d220001/medias/images/7180/%7E160%7E1206-%283216-Metric%29%7E.jpg","160-2024-2-ND,160-2024-1-ND,160-2024-6-ND","LTST-C21KRKT","Lite-On Inc.","LITEON","LED RED CLEAR CHIP SMD","948","0.1077","100","1","Tape & Reel (TR),Cut Tape (CT),Digi-Reel®","-","Active","Red","Standard","Colorless","Clear","100mcd","Round with Flat Top","-","2V","20mA","70°","Surface Mount","631nm","639nm","-","-","-","1206 (3216 Metric)","Chip LED","3.20mm L x 1.60mm W","1.10mm","https://www.digikey.be/en/products/detail/liteon/LTST-C21KRKT/3198713"
"https://everlighteurope.com/index.php?controller=attachment&id_attachment=6134","//mm.digikey.com/Volume0/opasdata/d220001/medias/images/770/MFG_26-21R6C-AR2T1LYCA.jpg","1080-25-21/R6C-BR2S2B/2ATR-ND,1080-25-21/R6C-BR2S2B/2ACT-ND,1080-25-21/R6C-BR2S2B/2ADKR-ND","25-21/R6C-BR2S2B/2A","Everlight Electronics Co Ltd","Everlight Electronics Co Ltd","LED RED CLEAR 1206 SMD","3.821","0.1078","100","1","Tape & Reel (TR),Cut Tape (CT),Digi-Reel®","-","Active","Red","-","Colorless","Clear","212.5mcd","Round with Domed Top","1.10mm Dia","2.05V","20mA","60°","Surface Mount","624nm","632nm","-","-","-","1206 (3216 Metric)","1206","3.20mm L x 1.60mm W","1.20mm","https://www.digikey.be/en/products/detail/everlight-electronics-co-ltd/25-21-R6C-BR2S2B-2A/12177238"
"https://www.vishay.com/docs/82437/vlmo1300.pdf","//mm.digikey.com/Volume0/opasdata/d220001/medias/images/6348/751%7E6.541-5092.01-4%7E%7E2.jpg","VLMS1300-GS08TR-ND,VLMS1300-GS08CT-ND,VLMS1300-GS08DKR-ND","VLMS1300-GS08","Vishay Semiconductor Opto Division","Vishay Semiconductor Opto Division","LED RED 0603 SMD","20.596","0.1079","100","1","Tape & Reel (TR),Cut Tape (CT),Digi-Reel®","CHIPLED","Active","Red","Standard","-","-","54mcd","Rectangle with Flat Top","1.10mm x 0.80mm","2V","20mA","130°","Surface Mount","631nm","639nm","-","-","-","0603 (1608 Metric)","0603","1.60mm L x 0.80mm W","1.00mm","https://www.digikey.be/en/products/detail/vishay-semiconductor-opto-division/VLMS1300-GS08/2813354"
"https://www.sunledusa.com/products/spec/XZUR54W-1.pdf","//mm.digikey.com/Volume0/opasdata/d220001/medias/images/410/MFG_XZUR54W-1.jpg","1497-1208-2-ND,1497-1208-1-ND,1497-1208-6-ND","XZUR54W-1","SunLED","SunLED","LED RED CLEAR CHIP SMD","2.433","0.1079","100","1","Tape & Reel (TR),Cut Tape (CT),Digi-Reel®","-","Active","Red","Standard","Colorless","Clear","7mcd","Rectangle with Flat Top","1.20mm x 1.25mm","2V","20mA","120°","Surface Mount","617nm","627nm","-","-","-","0805 (2012 Metric)","Chip LED","2.00mm L x 1.25mm W","0.75mm","https://www.digikey.be/en/products/detail/sunled/XZUR54W-1/4745810"
"https://www.KingbrightUSA.com/images/catalog/SPEC/APG1608SURKC-T.pdf","//mm.digikey.com/Volume0/opasdata/d220001/medias/images/2452/APG%20Series.jpg","754-1359-2-ND,754-1359-1-ND,754-1359-6-ND","APG1608SURKC/T","Kingbright","Kingbright","LED RED CLEAR CHIP SMD","138.997","0.1081","100","1","Tape & Reel (TR),Cut Tape (CT),Digi-Reel®","-","Active","Red","Standard","Colorless","Clear","110mcd","Rectangle with Flat Top","1.20mm x 0.80mm","2V","20mA","120°","Surface Mount","630nm","645nm","-","-","-","0603 (1608 Metric)","Chip LED","1.60mm L x 0.80mm W","0.28mm","https://www.digikey.be/en/products/detail/kingbright/APG1608SURKC-T/1919167"
"https://www.KingbrightUSA.com/images/catalog/SPEC/AP2012EC.pdf","//mm.digikey.com/Volume0/opasdata/d220001/medias/images/7156/%7E754%7E0805%7E2012-Metric%7E.jpg","754-AP2012ECTR-ND,754-AP2012ECCT-ND,754-AP2012ECDKR-ND","AP2012EC","Kingbright","Kingbright","LED RED CLEAR SMD","6.814","0.1081","100","1","Tape & Reel (TR),Cut Tape (CT),Digi-Reel®","-","Active","Red","Standard","Colorless","Clear","15mcd","Rectangle with Flat Top","1.30mm x 1.25mm","2V","20mA","120°","Surface Mount","625nm","627nm","-","-","-","0805 (2012 Metric)","SMD","2.00mm L x 1.25mm W","1.10mm","https://www.digikey.be/en/products/detail/kingbright/AP2012EC/2658844"
"https://www.lumex.com/datasheet/files/SML-LX1206IC-TR.pdf","//mm.digikey.com/Volume0/opasdata/d220001/medias/images/7165/%7E67%7E1206-%283216-Metric%29%7E.jpg","67-1356-2-ND,67-1356-1-ND,67-1356-6-ND","SML-LX1206IC-TR","Lumex Opto/Components Inc.","Lumex Opto/Components Inc.","LED RED CLEAR 1206 SMD","33.323","0.109","100","1","Tape & Reel (TR),Cut Tape (CT),Digi-Reel®","-","Active","Red","Standard","Colorless","Clear","9mcd","Rectangle with Flat Top","2.00mm x 1.50mm","2V","20mA","130°","Surface Mount","-","640nm","-","-","-","1206 (3216 Metric)","1206","3.20mm L x 1.50mm W","1.10mm","https://www.digikey.be/en/products/detail/lumex-opto-components-inc/SML-LX1206IC-TR/229140"
"https://www.sunledusa.com/products/spec/XZMDK53W-3.pdf","//mm.digikey.com/Volume0/opasdata/d220001/medias/images/3927/MFG_XZMDK53W-3.jpg","1497-1168-2-ND,1497-1168-1-ND,1497-1168-6-ND","XZMDK53W-3","SunLED","SunLED","LED RED CLEAR CHIP SMD","4.474","0.109","100","1","Tape & Reel (TR),Cut Tape (CT),Digi-Reel®","-","Active","Red","Standard","Colorless","Clear","79mcd","Rectangle with Flat Top","1.10mm x 0.80mm","1.95V","20mA","120°","Surface Mount","630nm","645nm","-","-","-","0603 (1608 Metric)","Chip LED","1.60mm L x 0.80mm W","0.45mm","https://www.digikey.be/en/products/detail/sunled/XZMDK53W-3/4745951"
"https://www.sunledusa.com/products/spec/XZUR53W-1.pdf","//mm.digikey.com/Volume0/opasdata/d220001/medias/images/410/MFG_XZUR53W-1.jpg","1497-1207-2-ND,1497-1207-1-ND,1497-1207-6-ND","XZUR53W-1","SunLED","SunLED","LED RED CLEAR CHIP SMD","3.479","0.109","100","1","Tape & Reel (TR),Cut Tape (CT),Digi-Reel®","-","Active","Red","Standard","Colorless","Clear","7mcd","Rectangle with Flat Top","1.10mm x 0.80mm","2V","20mA","120°","Surface Mount","617nm","627nm","-","-","-","0603 (1608 Metric)","Chip LED","1.60mm L x 0.80mm W","0.75mm","https://www.digikey.be/en/products/detail/sunled/XZUR53W-1/4745809"
"https://www.qt-brightek.com/datasheet/QBLP595-2R3.pdf","//mm.digikey.com/Volume0/opasdata/d220001/medias/images/7517/MFG_QBLP595-R.jpg","1516-QBLP595-2R3TR-ND,1516-QBLP595-2R3CT-ND,1516-QBLP595-2R3DKR-ND","QBLP595-2R3","QT Brightek (QTB)","QT Brightek (QTB)","LED RED CLEAR 0402 SMD","4.741","0.109","100","1","Tape & Reel (TR),Cut Tape (CT),Digi-Reel®","QBLP595","Active","Red","Standard","Colorless","Clear","54mcd","Rectangle with Flat Top","0.70mm x 0.50mm","2V","20mA","140°","Surface Mount","631nm","639nm","-","-","-","0402 (1005 Metric)","0402","1.00mm L x 0.50mm W","0.60mm","https://www.digikey.be/en/products/detail/qt-brightek-qtb/QBLP595-2R3/26763188"
"https://www.qt-brightek.com/datasheet/QBLP595-R3.pdf","//mm.digikey.com/Volume0/opasdata/d220001/medias/images/7517/MFG_QBLP595-R.jpg","1516-QBLP595-R3TR-ND,1516-QBLP595-R3CT-ND,1516-QBLP595-R3DKR-ND","QBLP595-R3","QT Brightek (QTB)","QT Brightek (QTB)","LED RED CLEAR 0402 SMD","4.617","0.109","100","1","Tape & Reel (TR),Cut Tape (CT),Digi-Reel®","QBLP595","Active","Red","Standard","Colorless","Clear","70mcd","Rectangle with Flat Top","0.70mm x 0.50mm","2V","20mA","140°","Surface Mount","630nm","645nm","-","-","-","0402 (1005 Metric)","0402","1.00mm L x 0.50mm W","0.60mm","https://www.digikey.be/en/products/detail/qt-brightek-qtb/QBLP595-R3/26763204"
"https://look.ams-osram.com/m/7ba318df0a5155c2/original/LS-M67K.pdf","//mm.digikey.com/Volume0/opasdata/d220001/medias/images/2375/FIG%208%2C%20PINK%20HIGHLIGHT%201669%20T053.jpg","475-LSM67K-H2L1-1-0-2-R18-ZTR-ND,475-LSM67K-H2L1-1-0-2-R18-ZCT-ND,475-LSM67K-H2L1-1-0-2-R18-ZDKR-ND","LS M67K-H2L1-1-0-2-R18-Z","ams-OSRAM USA INC.","ams-OSRAM USA INC.","LED RED CLEAR SMD","37.849","0.1092","100","1","Tape & Reel (TR),Cut Tape (CT),Digi-Reel®","Mini TOPLED®","Active","Red","Standard","Colorless","Clear","8.78mcd","Rectangle with Flat Top","1.50mm x 1.00mm","1.8V","2mA","120°","Surface Mount","630nm","643nm","-","-","-","2-SMD, J-Lead","SMD","2.00mm L x 1.40mm W","1.40mm","https://www.digikey.be/en/products/detail/ams-osram-usa-inc/LS-M67K-H2L1-1-0-2-R18-Z/1227984"
"https://www.KingbrightUSA.com/images/catalog/SPEC/APHCM2012SURCK-F01.pdf","//mm.digikey.com/Volume0/opasdata/d220001/medias/images/534/APHCM2012.jpg","754-1097-2-ND,5053-APHCM2012SURCK-F01TR-ND,754-1097-1-ND,5053-APHCM2012SURCK-F01CT-ND,754-1097-6-ND,5053-APHCM2012SURCK-F01DKR-ND","APHCM2012SURCK-F01","Kingbright","Kingbright","LED RED CLEAR CHIP SMD","118.918","0.1","100","1","Tape & Reel (TR),Tape & Reel (TR),Cut Tape (CT),Cut Tape (CT),Digi-Reel®,Digi-Reel®","-","Active","Red","Standard","Colorless","Clear","80mcd","Rectangle with Flat Top","1.30mm x 1.25mm","1.95V","20mA","110°","Surface Mount","630nm","645nm","-","-","-","0805 (2012 Metric)","Chip LED","2.00mm L x 1.25mm W","0.40mm","https://www.digikey.be/en/products/detail/kingbright/APHCM2012SURCK-F01/1747495"
"https://www.qt-brightek.com/datasheet/QBLP631-R5-2897.pdf","//mm.digikey.com/Volume0/opasdata/d220001/medias/images/6167/MFG_QBLP631-R3.jpg","1516-QBLP631-R5-2897TR-ND,1516-QBLP631-R5-2897CT-ND,1516-QBLP631-R5-2897DKR-ND","QBLP631-R5-2897","QT Brightek (QTB)","QT Brightek (QTB)","0805 LED RED 625NM DOMINANT, 631","1.542","0.1098","100","1","Tape & Reel (TR),Cut Tape (CT),Digi-Reel®","QBLP631","Active","Red","Independent","Colorless","Clear","80mcd","Square with Flat Top","1.30mm x 1.25mm","2V","5mA","140°","Surface Mount","625nm","631nm","-","-","-","0805 (2012 Metric)","0805","2.00mm L x 1.25mm W","0.90mm","https://www.digikey.be/en/products/detail/qt-brightek-qtb/QBLP631-R5-2897/23026393"
"//mm.digikey.com/Volume0/opasdata/d220001/medias/docus/1068/SML-31_Series.pdf","//mm.digikey.com/Volume0/opasdata/d220001/medias/images/2608/MFG_SML-310%20SERIES.jpg","846-SML-310VTT86TR-ND,846-SML-310VTT86CT-ND,846-SML-310VTT86DKR-ND","SML-310VTT86","Rohm Semiconductor","Rohm Semiconductor","LED RED CLEAR 1608 SMD","73.511","0.1116","100","1","Tape & Reel (TR),Cut Tape (CT),Digi-Reel®","SML-31","Not For New Designs","Red","Standard","Colorless","Clear","4mcd","Rectangle with Flat Top","1.20mm x 0.80mm","2V","20mA","-","Surface Mount","-","650nm","-","-","-","0603 (1608 Metric)","1608 (0603)","1.60mm L x 0.80mm W","0.90mm","https://www.digikey.be/en/products/detail/rohm-semiconductor/SML-310VTT86/637029"
"http://www.inolux-corp.com/datasheet/SMDLED/Mono%20Color%20Top%20View/IN-S42AT%20Series_V1.1.pdf","//mm.digikey.com/Volume0/opasdata/d220001/medias/images/731/IN-S42AT.JPG","1830-1057-2-ND,1830-1057-1-ND,1830-1057-6-ND","IN-S42ATR","Inolux","Inolux","LED RED CLEAR 0402 SMD","12.018","0.1116","100","1","Tape & Reel (TR),Cut Tape (CT),Digi-Reel®","IN-S42AT","Active","Red","Standard","Colorless","Clear","90mcd","Rectangle with Flat Top","0.60mm x 0.45mm","2.1V","20mA","130°","Surface Mount","631nm","645nm","-","-","-","0402 (1005 Metric)","0402","1.00mm L x 0.50mm W","0.55mm","https://www.digikey.be/en/products/detail/inolux/IN-S42ATR/7604962"
"https://s3-us-west-2.amazonaws.com/catsy.557/C18789.pdf","//mm.digikey.com/Volume0/opasdata/d220001/medias/images/6535/MFG_5991Ax0147F.jpg","350-5991A10147FTR-ND,350-5991A10147FCT-ND,350-5991A10147FDKR-ND","5991A10147F","Dialight","Dialight","599 SMD LED 0402 0.35MM HEIGHT R","4.290","0.1116","100","1","Tape & Reel (TR),Cut Tape (CT),Digi-Reel®","599","Active","Red","Independent","Colorless","Diffused","70.5mcd","Rectangle with Flat Top","1.00mm x 0.50mm","2V","20mA","118°, 160°","Surface Mount","640nm","-","-","-","-","0402 (1005 Metric)","0402","1.00mm L x 0.50mm W","0.38mm","https://www.digikey.be/en/products/detail/dialight/5991A10147F/25965533"
"https://www.sunledusa.com/products/spec/XZMDK55W-1.pdf","//mm.digikey.com/Volume0/opasdata/d220001/medias/images/4005/MFG_XZMDK55W-1.jpg","1497-1171-2-ND,1497-1171-1-ND,1497-1171-6-ND","XZMDK55W-1","SunLED","SunLED","LED RED CLEAR CHIP SMD","1.113","0.1116","100","1","Tape & Reel (TR),Cut Tape (CT),Digi-Reel®","-","Active","Red","Standard","Colorless","Clear","79mcd","Rectangle with Flat Top","1.90mm x 1.60mm","1.95V","20mA","120°","Surface Mount","630nm","645nm","-","-","-","1206 (3216 Metric)","Chip LED","3.20mm L x 1.60mm W","0.75mm","https://www.digikey.be/en/products/detail/sunled/XZMDK55W-1/4745954"
"https://look.ams-osram.com/m/71cad974eca389fc/original/KR-DELPS1-22.pdf","//mm.digikey.com/Volume0/opasdata/d220001/medias/images/4998/MFG_KRDELPS1xSeries.jpg","475-KRDELPS1.22-VGVI-23-H3Q4-20-R18TR-ND,475-KRDELPS1.22-VGVI-23-H3Q4-20-R18CT-ND,475-KRDELPS1.22-VGVI-23-H3Q4-20-R18DKR-ND","KR DELPS1.22-VGVI-23-H3Q4-20-R18","ams-OSRAM USA INC.","ams-OSRAM USA INC.","LED RED CLEAR SMD","52.932","0.1131","100","1","Tape & Reel (TR),Cut Tape (CT),Digi-Reel®","TOPLED® E1608","Active","Red","-","Colorless","Clear","915mcd","Oval with Flat Top","1.23mm x 0.60mm","2.225V","20mA","120°","Surface Mount","616nm","623nm","-","-","-","2-SMD, Flat Leads","SMD","1.40mm L x 0.80mm W","0.70mm","https://www.digikey.be/en/products/detail/ams-osram-usa-inc/KR-DELPS1-22-VGVI-23-H3Q4-20-R18/16803594"
"-","//mm.digikey.com/Volume0/opasdata/d220001/medias/images/5570/MFG_KS%20DELPS1.22series.jpg","475-KSDELPS1.22-THVH-68-H3Q4-20-STR-ND,475-KSDELPS1.22-THVH-68-H3Q4-20-SCT-ND,475-KSDELPS1.22-THVH-68-H3Q4-20-SDKR-ND","KS DELPS1.22-THVH-68-H3Q4-20-S","ams-OSRAM USA INC.","ams-OSRAM USA INC.","LED RED CLEAR SMD","17.400","0.1131","100","1","Tape & Reel (TR),Cut Tape (CT),Digi-Reel®","TOPLED® E1608","Active","Red","-","Colorless","Clear","-","Oval with Flat Top","1.23mm x 0.60mm","2.225V","20mA","120°","Surface Mount","632nm","643nm","-","-","-","2-SMD, Flat Leads","SMD","1.40mm L x 0.80mm W","0.70mm","https://www.digikey.be/en/products/detail/ams-osram-usa-inc/KS-DELPS1-22-THVH-68-H3Q4-20-S/16803606"
"https://look.ams-osram.com/m/71cad974eca389fc/original/KR-DELPS1-22.pdf","//mm.digikey.com/Volume0/opasdata/d220001/medias/images/4998/MFG_KRDELPS1xSeries.jpg","475-KRDELPS1.22-UIVG-46-H3Q4-20-R18-XXTR-ND,475-KRDELPS1.22-UIVG-46-H3Q4-20-R18-XXCT-ND,475-KRDELPS1.22-UIVG-46-H3Q4-20-R18-XXDKR-ND","KR DELPS1.22-UIVG-46-H3Q4-20-R18-XX","ams-OSRAM USA INC.","ams-OSRAM USA INC.","LED RED CLEAR SMD","13.890","0.1131","100","1","Tape & Reel (TR),Cut Tape (CT),Digi-Reel®","TOPLED® E1608","Active","Red","-","Colorless","Clear","715mcd","Oval with Flat Top","1.23mm x 0.60mm","2.225V","20mA","120°","Surface Mount","625nm","623nm","-","-","-","2-SMD, Flat Leads","SMD","1.40mm L x 0.80mm W","0.70mm","https://www.digikey.be/en/products/detail/ams-osram-usa-inc/KR-DELPS1-22-UIVG-46-H3Q4-20-R18-XX/16803627"
"https://look.ams-osram.com/m/202491379a14c6c4/original/KS-DELPS1-22.pdf","//mm.digikey.com/Volume0/opasdata/d220001/medias/images/5570/MFG_KS%20DELPS1.22series.jpg","475-KSDELPS1.22-UGVG-67-H3Q4-20-R18-XXTR-ND,475-KSDELPS1.22-UGVG-67-H3Q4-20-R18-XXCT-ND,475-KSDELPS1.22-UGVG-67-H3Q4-20-R18-XXDKR-ND","KS DELPS1.22-UGVG-67-H3Q4-20-R18-XX","ams-OSRAM USA INC.","ams-OSRAM USA INC.","LED RED CLEAR SMD","10.955","0.1131","100","1","Tape & Reel (TR),Cut Tape (CT),Digi-Reel®","TOPLED® E1608","Active","Red","-","Colorless","Clear","635mcd","Oval with Flat Top","1.23mm x 0.60mm","2.225V","20mA","120°","Surface Mount","631nm","643nm","-","-","-","2-SMD, Flat Leads","SMD","1.40mm L x 0.80mm W","0.70mm","https://www.digikey.be/en/products/detail/ams-osram-usa-inc/KS-DELPS1-22-UGVG-67-H3Q4-20-R18-XX/16803612"
"https://www.kingbrightusa.com/images/catalog/SPEC/AP1608EC.pdf","//mm.digikey.com/Volume0/opasdata/d220001/medias/images/6469/MFG_754_AP1608EC.jpg","754-AP1608ECTR-ND,754-AP1608ECCT-ND,754-AP1608ECDKR-ND","AP1608EC","Kingbright","Kingbright","1.6X0.8MM RED SMD LED","1.671","0.1134","100","1","Tape & Reel (TR),Cut Tape (CT),Digi-Reel®","-","Active","Red","Independent","Colorless","Clear","15mcd","Rectangle with Flat Top","1.20mm x 0.80mm","2V","20mA","150°","Surface Mount","617nm","627nm","-","-","-","0603 (1608 Metric)","0603","1.60mm L x 0.80mm W","1.10mm","https://www.digikey.be/en/products/detail/kingbright/AP1608EC/25807521"
"https://optoelectronics.liteon.com/upload/download/DS22-2008-0117/LTST-C281KRKT.pdf","//mm.digikey.com/Volume0/opasdata/d220001/medias/images/7175/%7E160%7E0402-%281005-Metric%29%7E.jpg","160-LTST-C281KRKTTR-ND,160-LTST-C281KRKTCT-ND,160-LTST-C281KRKTDKR-ND","LTST-C281KRKT","Lite-On Inc.","LITEON","LED RED CLEAR CHIP SMD","23.529","0.1139","100","1","Tape & Reel (TR),Cut Tape (CT),Digi-Reel®","-","Active","Red","Standard","Colorless","Clear","54mcd","Rectangle with Flat Top","0.50mm x 1.00mm","2V","20mA","130°","Surface Mount","631nm","639nm","-","-","-","0402 (1005 Metric)","Chip LED","1.00mm L x 0.50mm W","0.35mm","https://www.digikey.be/en/products/detail/liteon/LTST-C281KRKT/3198723"
"https://look.ams-osram.com/m/71cad974eca389fc/original/KR-DELPS1-22.pdf","//mm.digikey.com/Volume0/opasdata/d220001/medias/images/4998/MFG_KRDELPS1xSeries.jpg","475-KRDELPS1.22-UHVI-26-H3Q4-20-STR-ND,475-KRDELPS1.22-UHVI-26-H3Q4-20-SCT-ND,475-KRDELPS1.22-UHVI-26-H3Q4-20-SDKR-ND","KR DELPS1.22-UHVI-26-H3Q4-20-S","ams-OSRAM USA INC.","ams-OSRAM USA INC.","LED RED CLEAR SMD","104.112","0.1142","100","1","Tape & Reel (TR),Cut Tape (CT),Digi-Reel®","TOPLED® E1608","Active","Red","-","Colorless","Clear","820mcd","Oval with Flat Top","1.23mm x 0.60mm","2.225V","20mA","120°","Surface Mount","621nm","623nm","-","-","-","2-SMD, Flat Leads","SMD","1.40mm L x 0.80mm W","0.70mm","https://www.digikey.be/en/products/detail/ams-osram-usa-inc/KR-DELPS1-22-UHVI-26-H3Q4-20-S/10433460"
"https://s3-us-west-2.amazonaws.com/catsy.557/DIA_Selector_Guide_SMD_060820.pdf","//mm.digikey.com/Volume0/opasdata/d220001/medias/images/2485/1206%20SMD.jpg","350-2047-2-ND,350-2047-1-ND,350-2047-6-ND","5988210107F","Dialight","Dialight","LED RED CLEAR 1206 SMD","24.334","0.1142","100","1","Tape & Reel (TR),Cut Tape (CT),Digi-Reel®","598","Active","Red","Standard","Colorless","Clear","55mcd","Rectangle with Flat Top","2.00mm x 1.60mm","2V","20mA","140°","Surface Mount","635nm","-","-","-","-","1206 (3216 Metric)","1206","3.20mm L x 1.60mm W","0.70mm","https://www.digikey.be/en/products/detail/dialight/5988210107F/1291281"
"https://www.qt-brightek.com/datasheet/QBLP595-R5.pdf","//mm.digikey.com/Volume0/opasdata/d220001/medias/images/7517/MFG_QBLP595-R.jpg","1516-QBLP595-R5TR-ND,1516-QBLP595-R5CT-ND,1516-QBLP595-R5DKR-ND","QBLP595-R5","QT Brightek (QTB)","QT Brightek (QTB)","LED RED CLEAR 0402 SMD","4.729","0.1142","100","1","Tape & Reel (TR),Cut Tape (CT),Digi-Reel®","QBLP595","Active","Red","Standard","Colorless","Clear","32mcd","Rectangle with Flat Top","0.70mm x 0.50mm","1.85V","5mA","140°","Surface Mount","623nm","632nm","-","-","-","0402 (1005 Metric)","0402","1.00mm L x 0.50mm W","0.60mm","https://www.digikey.be/en/products/detail/qt-brightek-qtb/QBLP595-R5/17050042"
"https://look.ams-osram.com/m/202491379a14c6c4/original/KS-DELPS1-22.pdf","//mm.digikey.com/Volume0/opasdata/d220001/medias/images/6476/MFG_KS-DELPS1.22-TIVH-68-H3Q4-20-S.jpg","475-KSDELPS1.22-TIVH-68-H3Q4-20-STR-ND,475-KSDELPS1.22-TIVH-68-H3Q4-20-SCT-ND,475-KSDELPS1.22-TIVH-68-H3Q4-20-SDKR-ND","KS DELPS1.22-TIVH-68-H3Q4-20-S","ams-OSRAM USA INC.","ams-OSRAM USA INC.","LED RED CLEAR SMD","1","0.1142","100","1","Tape & Reel (TR),Cut Tape (CT),Digi-Reel®","TOPLED® E1608","Active","Red","-","Colorless","Clear","680mcd","Oval with Flat Top","1.23mm x 0.60mm","2.2V","20mA","120°","Surface Mount","628nm","643nm","-","-","-","2-SMD, Flat Leads","SMD","1.40mm L x 0.80mm W","0.70mm","https://www.digikey.be/en/products/detail/ams-osram-usa-inc/KS-DELPS1-22-TIVH-68-H3Q4-20-S/9999374"
"//mm.digikey.com/Volume0/opasdata/d220001/medias/docus/6025/QLSP27RD.pdf","//mm.digikey.com/Volume0/opasdata/d220001/medias/images/6151/MFG_QLSP27RD.jpg","3970-QLSP27RDTR-ND,3970-QLSP27RDCT-ND,3970-QLSP27RDDKR-ND","QLSP27RD","Quelighting Corp","Quelighting Corp","PLCC2, TOP VIEW, RED, 30, 50MA","1.245","0.1147","100","1","Tape & Reel (TR),Cut Tape (CT),Digi-Reel®","-","Active","Red","Independent","-","Clear","6000mcd","Round with Domed Top","2.40mm Dia","2V","50mA","30°","Surface Mount","625nm","-","-","-","-","2-PLCC","2-PLCC","3.20mm L x 2.80mm W","3.55mm","https://www.digikey.be/en/products/detail/quelighting-corp/QLSP27RD/22312020"
"https://www.rohm.com/datasheet?p=SML-D12U8W(C)&dist=Digi-key&media=referral&source=digi-key.com&campaign=Digi-key","//mm.digikey.com/Volume0/opasdata/d220001/medias/images/319/MFG_SML-D12x8%28C%29.jpg","SML-D12U8WT86CTR-ND,SML-D12U8WT86CCT-ND,SML-D12U8WT86CDKR-ND","SML-D12U8WT86C","Rohm Semiconductor","Rohm Semiconductor","LED RED 1608 SMD","12.570","0.1155","100","1","Tape & Reel (TR),Cut Tape (CT),Digi-Reel®","EXCELED™","Active","Red","Standard","White","-","63mcd","Rectangle with Flat Top","1.20mm x 0.80mm","2.2V","20mA","-","Surface Mount","620nm","-","-","Automotive","AEC-Q102","0603 (1608 Metric)","1608 (0603)","1.60mm L x 0.80mm W","0.65mm","https://www.digikey.be/en/products/detail/rohm-semiconductor/SML-D12U8WT86C/9090422"
"https://www.KingbrightUSA.com/images/catalog/SPEC/APT3216EC.pdf","//mm.digikey.com/Volume0/opasdata/d220001/medias/images/2979/APT3216SRCPRV.jpg","754-1137-2-ND,754-1137-1-ND,754-1137-6-ND","APT3216EC","Kingbright","Kingbright","LED RED CLEAR CHIP SMD","6.500","0.116","100","1","Tape & Reel (TR),Cut Tape (CT),Digi-Reel®","-","Active","Red","Standard","Colorless","Clear","8mcd","Rectangle with Flat Top","2.00mm x 1.60mm","2V","20mA","120°","Surface Mount","617nm","627nm","-","-","-","1206 (3216 Metric)","Chip LED","3.20mm L x 1.60mm W","0.75mm","https://www.digikey.be/en/products/detail/kingbright/APT3216EC/1747536"
"https://everlightamericas.com/index.php?controller=attachment&id_attachment=3052","//mm.digikey.com/Volume0/opasdata/d220001/medias/images/4366/MFG_EAST3216RA1.jpg","1080-EAST3216RA1TR-ND,1080-EAST3216RA1CT-ND,1080-EAST3216RA1DKR-ND","EAST3216RA1","Everlight Electronics Co Ltd","Everlight Electronics Co Ltd","LED RED CLEAR SMD","90","0.1162","100","1","Tape & Reel (TR),Cut Tape (CT),Digi-Reel®","-","Active","Red","Standard","Colorless","Clear","500mcd","Round with Domed Top","1.60mm Dia","2V","20mA","30°","Surface Mount","624nm","632nm","-","-","-","2-SMD, No Lead","SMD","3.20mm L x 1.60mm W","2.00mm","https://www.digikey.be/en/products/detail/everlight-electronics-co-ltd/EAST3216RA1/13562926"
"https://www.lumex.com/datasheet/files/SML-LX0805IC-TR.pdf","//mm.digikey.com/Volume0/opasdata/d220001/medias/images/7165/%7E67%7E0805-%282012-Metric%29%7E.jpg","67-2189-2-ND,67-2189-1-ND,67-2189-6-ND","SML-LX0805IC-TR","Lumex Opto/Components Inc.","Lumex Opto/Components Inc.","LED RED CLEAR SMD","46.675","0.1167","100","1","Tape & Reel (TR),Cut Tape (CT),Digi-Reel®","-","Active","Red","Standard","Colorless","Clear","9mcd","Rectangle with Flat Top","1.40mm x 1.25mm","2V","20mA","140°","Surface Mount","-","635nm","-","-","-","0805 (2012 Metric)","-","2.00mm L x 1.25mm W","1.20mm","https://www.digikey.be/en/products/detail/lumex-opto-components-inc/SML-LX0805IC-TR/515787"
"https://everlightamericas.com/index.php?controller=attachment&id_attachment=3575","//mm.digikey.com/Volume0/opasdata/d220001/medias/images/833/MFG_EAST10053RA0.jpg","1080-1556-2-ND,1080-1556-1-ND,1080-1556-6-ND","EAST10053RA0","Everlight Electronics Co Ltd","Everlight Electronics Co Ltd","LED RED CLEAR 2SMD","6.370","0.1189","100","1","Tape & Reel (TR),Cut Tape (CT),Digi-Reel®","-","Active","Red","Standard","Colorless","Clear","-","Rectangle with Flat Top","1.00mm x 0.50mm","2.05V","5mA","120°","Surface Mount","-","639nm","-","-","-","0402 (1005 Metric)","2-SMD","1.00mm L x 0.50mm W","0.35mm","https://www.digikey.be/en/products/detail/everlight-electronics-co-ltd/EAST10053RA0/8510365"
"https://look.ams-osram.com/m/71cad974eca389fc/original/KR-DELPS1-22.pdf","//mm.digikey.com/Volume0/opasdata/d220001/medias/images/4998/MFG_KRDELPS1xSeries.jpg","475-KRDELPS1.22-VGVI-24-H3Q4-20-R18TR-ND,475-KRDELPS1.22-VGVI-24-H3Q4-20-R18CT-ND,475-KRDELPS1.22-VGVI-24-H3Q4-20-R18DKR-ND","KR DELPS1.22-VGVI-24-H3Q4-20-R18","ams-OSRAM USA INC.","ams-OSRAM USA INC.","LED RED CLEAR SMD","248","0.1192","100","1","Tape & Reel (TR),Cut Tape (CT),Digi-Reel®","TOPLED® E1608","Active","Red","-","Colorless","Clear","915mcd","Oval with Flat Top","1.23mm x 0.60mm","2.225V","20mA","120°","Surface Mount","618nm","623nm","-","-","-","2-SMD, Flat Leads","SMD","1.40mm L x 0.80mm W","0.70mm","https://www.digikey.be/en/products/detail/ams-osram-usa-inc/KR-DELPS1-22-VGVI-24-H3Q4-20-R18/16803617"
"//mm.digikey.com/Volume0/opasdata/d220001/medias/docus/1068/SML-31_Series.pdf","//mm.digikey.com/Volume0/opasdata/d220001/medias/images/2608/MFG_SML-310%20SERIES.jpg","846-SML-310LTT86TR-ND,846-SML-310LTT86CT-ND,846-SML-310LTT86DKR-ND","SML-310LTT86","Rohm Semiconductor","Rohm Semiconductor","LED RED CLEAR 0603 SMD","29.401","0.1193","100","1","Tape & Reel (TR),Cut Tape (CT),Digi-Reel®","SML-31","Not For New Designs","Red","Standard","Colorless","Clear","16mcd","Rectangle with Flat Top","1.20mm x 0.80mm","1.75V","20mA","-","Surface Mount","-","660nm","-","-","-","0603 (1608 Metric)","1608 (0603)","1.60mm L x 0.80mm W","0.90mm","https://www.digikey.be/en/products/detail/rohm-semiconductor/SML-310LTT86/637026"
"https://look.ams-osram.com/m/202491379a14c6c4/original/KS-DELPS1-22.pdf","//mm.digikey.com/Volume0/opasdata/d220001/medias/images/5570/MFG_KS%20DELPS1.22series.jpg","475-KSDELPS1.22-TIVG-78-H3Q4-20-STR-ND,475-KSDELPS1.22-TIVG-78-H3Q4-20-SCT-ND,475-KSDELPS1.22-TIVG-78-H3Q4-20-SDKR-ND","KS DELPS1.22-TIVG-78-H3Q4-20-S","ams-OSRAM USA INC.","ams-OSRAM USA INC.","LED RED CLEAR SMD","15.860","0.1193","100","1","Tape & Reel (TR),Cut Tape (CT),Digi-Reel®","TOPLED® E1608","Active","Red","-","Colorless","Clear","605mcd","Oval with Flat Top","1.23mm x 0.60mm","2.225V","20mA","120°","Surface Mount","634nm","643nm","-","-","-","2-SMD, Flat Leads","SMD","1.40mm L x 0.80mm W","0.70mm","https://www.digikey.be/en/products/detail/ams-osram-usa-inc/KS-DELPS1-22-TIVG-78-H3Q4-20-S/16803605"
"https://look.ams-osram.com/m/16c67a1fd7a34720/original/LS-T676.pdf","//mm.digikey.com/Volume0/opasdata/d220001/medias/images/695/MFG_LT-T673.jpg","475-LST676-Q1R2-1-ZTR-ND,475-LST676-Q1R2-1-ZCT-ND,475-LST676-Q1R2-1-ZDKR-ND","LS T676-Q1R2-1-0-20-R18-Z","ams-OSRAM USA INC.","ams-OSRAM USA INC.","LED RED CLEAR 2PLCC SMD","102.149","0.1196","100","1","Tape & Reel (TR),Cut Tape (CT),Digi-Reel®","TOPLED®","Active","Red","Standard","Colorless","Clear","125.5mcd","Round with Flat Top","2.40mm Dia","2V","20mA","120°","Surface Mount","633nm","645nm","-","-","-","2-PLCC","2-PLCC","3.20mm L x 2.80mm W","2.10mm","https://www.digikey.be/en/products/detail/ams-osram-usa-inc/LS-T676-Q1R2-1-0-20-R18-Z/808849"
"https://look.ams-osram.com/m/16c67a1fd7a34720/original/LS-T676.pdf","//mm.digikey.com/Volume0/opasdata/d220001/medias/images/695/MFG_LT-T673.jpg","475-LST676-R1S1-1-ZTR-ND,475-LST676-R1S1-1-ZCT-ND,475-LST676-R1S1-1-ZDKR-ND","LS T676-R1S1-1-0-20-R18-Z","ams-OSRAM USA INC.","ams-OSRAM USA INC.","LED RED CLEAR 2PLCC SMD","58.707","0.1196","100","1","Tape & Reel (TR),Cut Tape (CT),Digi-Reel®","TOPLED®","Active","Red","Standard","Colorless","Clear","168mcd","Round with Flat Top","2.40mm Dia","2V","20mA","120°","Surface Mount","633nm","645nm","-","-","-","2-PLCC","2-PLCC","3.20mm L x 2.80mm W","2.10mm","https://www.digikey.be/en/products/detail/ams-osram-usa-inc/LS-T676-R1S1-1-0-20-R18-Z/1938714"
"https://look.ams-osram.com/m/16c67a1fd7a34720/original/LS-T676.pdf","//mm.digikey.com/Volume0/opasdata/d220001/medias/images/695/MFG_LT-T673.jpg","475-LST676-P2S1-1-ZTR-ND,475-LST676-P2S1-1-ZCT-ND,475-LST676-P2S1-1-ZDKR-ND","LS T676-P2S1-1-0-20-R18-Z","ams-OSRAM USA INC.","ams-OSRAM USA INC.","LED RED CLEAR 2PLCC SMD","50.808","0.1196","100","1","Tape & Reel (TR),Cut Tape (CT),Digi-Reel®","TOPLED®","Active","Red","Standard","Colorless","Clear","140mcd","Round with Flat Top","2.40mm Dia","2V","20mA","120°","Surface Mount","633nm","645nm","-","-","-","2-PLCC","2-PLCC","3.20mm L x 2.80mm W","2.10mm","https://www.digikey.be/en/products/detail/ams-osram-usa-inc/LS-T676-P2S1-1-0-20-R18-Z/1227989"
"https://everlightamericas.com/index.php?controller=attachment&id_attachment=3699","//mm.digikey.com/Volume0/opasdata/d220001/medias/images/4100/MFG_EASR3216RA5.jpg","1080-EASR3216RA5TR-ND,1080-EASR3216RA5CT-ND,1080-EASR3216RA5DKR-ND","EASR3216RA5","Everlight Electronics Co Ltd","Everlight Electronics Co Ltd","LED RED CLEAR 2SMD","7.497","0.1196","100","1","Tape & Reel (TR),Cut Tape (CT),Digi-Reel®","-","Active","Red","-","Colorless","Clear","935mcd","Round with Domed Top","1.60mm Dia","2.05V","20mA","30°","Surface Mount","626nm","632nm","-","-","-","1206 (3216 Metric)","2-SMD","3.20mm L x 1.60mm W","2.00mm","https://www.digikey.be/en/products/detail/everlight-electronics-co-ltd/EASR3216RA5/12177241"
"//mm.digikey.com/Volume0/opasdata/d220001/medias/docus/4803/B1501SD--20D000213U1930.pdf","//mm.digikey.com/Volume0/opasdata/d220001/medias/images/6357/MFG_B1501-Normal.jpg","3147-B1501SD--20D000213U1930TR-ND,3147-B1501SD--20D000213U1930CT-ND,3147-B1501SD--20D000213U1930DKR-ND","B1501SD--20D000213U1930","Harvatek Corporation","Harvatek Corporation","3.2(L) X 1.6(W) X 1.1(H)MM","2.899","0.1196","100","1","Tape & Reel (TR),Cut Tape (CT),Digi-Reel®","HT-150","Active","Red","Independent","Colorless","Diffused","14mcd","Rectangle with Flat Top","2.00mm x 1.60mm","2.1V","20mA","-","Surface Mount","629nm","642nm","-","-","-","1206 (3216 Metric)","1206","3.20mm L x 1.60mm W","1.20mm","https://www.digikey.be/en/products/detail/harvatek-corporation/B1501SD-20D000213U1930/24635252"
"//mm.digikey.com/Volume0/opasdata/d220001/medias/docus/550/B1501URO-20D000113U1930.pdf","//mm.digikey.com/Volume0/opasdata/d220001/medias/images/6470/MFG_B1501.jpg","3147-B1501URO-20D000113U1930TR-ND,3147-B1501URO-20D000113U1930CT-ND,3147-B1501URO-20D000113U1930DKR-ND","B1501URO-20D000113U1930","Harvatek Corporation","Harvatek Corporation","3.2(L) X 1.6(W) X 1.1(H)MM","2.471","0.1196","100","1","Tape & Reel (TR),Cut Tape (CT),Digi-Reel®","HT-150","Active","Red","Independent","Colorless","Diffused","95mcd","Rectangle with Flat Top","2.00mm x 1.60mm","1.9V","20mA","-","Surface Mount","632nm","645nm","-","-","-","1206 (3216 Metric)","1206","3.20mm L x 1.60mm W","1.20mm","https://www.digikey.be/en/products/detail/harvatek-corporation/B1501URO-20D000113U1930/24635250"
"https://www.americanbrightled.com/pdffiles/led-components/smt/BL-HUB33H-AV-TRB.pdf","//mm.digikey.com/Volume0/opasdata/d220001/medias/images/314/MFG_BL-HUB33H-AV-TRB.jpg","BL-HUB33H-AV-TRBTR-ND,BL-HUB33H-AV-TRBCT-ND,BL-HUB33H-AV-TRBDKR-ND","BL-HUB33H-AV-TRB","American Bright Optoelectronics Corporation","American Bright Optoelectronics Corporation","LED RED CLEAR 1206 SMD","31.589","0.1199","100","1","Tape & Reel (TR),Cut Tape (CT),Digi-Reel®","-","Active","Red","Standard","Colorless","Clear","50mcd","Rectangle with Flat Top","1.60mm x 1.40mm","2.2V","20mA","120°","Surface Mount","632nm","645nm","-","-","-","1206 (3216 Metric)","1206","3.20mm L x 1.60mm W","1.20mm","https://www.digikey.be/en/products/detail/american-bright-optoelectronics-corporation/BL-HUB33H-AV-TRB/9678185"
"https://www.rohm.com/datasheet?p=SML-P12U2T(R)&dist=Digi-key&media=referral&source=digi-key.com&campaign=Digi-key","//mm.digikey.com/Volume0/opasdata/d220001/medias/images/646/SML-P12UTT86.jpg","846-1192-2-ND,846-1192-1-ND,846-1192-6-ND","SML-P12U2TT86R","Rohm Semiconductor","Rohm Semiconductor","LED RED CLEAR 1006 SMD","32.215","0.1201","100","1","Tape & Reel (TR),Cut Tape (CT),Digi-Reel®","PicoLED™","Active","Red","Standard","Colorless","Clear","70mcd","Square with Flat Top","0.60mm","2V","20mA","-","Surface Mount","615nm","-","-","-","-","0402 (1006 Metric)","1006 (0402)","1.00mm L x 0.60mm W","0.25mm","https://www.digikey.be/en/products/detail/rohm-semiconductor/SML-P12U2TT86R/5355777"
"https://www.stanley-electric.com/product/product_file/file/FHR1105P-TR_e.pdf","//mm.digikey.com/Volume0/opasdata/d220001/medias/images/729/MFG_FHx1105P-TR.JPG","404-1211-2-ND,404-1211-1-ND,404-1211-6-ND","FHR1105P-TR","Stanley Electric Co","Stanley Electric Co","LED RED CLEAR 1005 SMD","60.689","0.1213","100","1","Tape & Reel (TR),Cut Tape (CT),Digi-Reel®","-","Active","Red","Standard","Colorless","Clear","32mcd","Rectangle with Flat Top","1.00mm x 0.50mm","1.9V","5mA","-","Surface Mount","623nm","632nm","-","-","-","0402 (1005 Metric)","1005","1.00mm L x 0.50mm W","0.25mm","https://www.digikey.be/en/products/detail/stanley-electric-co/FHR1105P-TR/6205305"
"https://s3-us-west-2.amazonaws.com/catsy.557/DIA_Selector_Guide_SMD_060820.pdf","//mm.digikey.com/Volume0/opasdata/d220001/medias/images/2485/1206%20SMD.jpg","350-2048-2-ND,350-2048-1-ND,350-2048-6-ND","5988220107F","Dialight","Dialight","LED RED CLEAR 1206 SMD","35.525","0.1219","100","1","Tape & Reel (TR),Cut Tape (CT),Digi-Reel®","598","Active","Red","Standard","Colorless","Clear","150mcd","Rectangle with Flat Top","2.00mm x 1.60mm","2V","20mA","140°","Surface Mount","625nm","-","-","-","-","1206 (3216 Metric)","1206","3.20mm L x 1.60mm W","0.70mm","https://www.digikey.be/en/products/detail/dialight/5988220107F/1291282"
"https://www.qt-brightek.com/datasheet/QBLP601_series.pdf","//mm.digikey.com/Volume0/opasdata/d220001/medias/images/5972/MFG_QBLP601-R.jpg","1516-1059-2-ND,1516-1059-1-ND,1516-1059-6-ND","QBLP601-R","QT Brightek (QTB)","QT Brightek (QTB)","LED RED CLEAR 0603 SMD","20.119","0.1219","100","1","Tape & Reel (TR),Cut Tape (CT),Digi-Reel®","QBLP601","Active","Red","Standard","Colorless","Clear","100mcd","Rectangle with Flat Top","1.10mm x 0.80mm","2V","20mA","140°","Surface Mount","625nm","640nm","-","-","-","0603 (1608 Metric)","0603","1.60mm L x 0.80mm W","0.60mm","https://www.digikey.be/en/products/detail/qt-brightek-qtb/QBLP601-R/4814657"
"https://www.qt-brightek.com/datasheet/QBLP601-R5.pdf","//mm.digikey.com/Volume0/opasdata/d220001/medias/images/5972/MFG_1516_QBLP601-R5.jpg","1516-QBLP601-R5TR-ND,1516-QBLP601-R5CT-ND,1516-QBLP601-R5DKR-ND","QBLP601-R5","QT Brightek (QTB)","QT Brightek (QTB)","LED RED CLEAR 625NM 0603 SMD","9.632","0.1219","100","1","Tape & Reel (TR),Cut Tape (CT),Digi-Reel®","QBLP601","Active","Red","Standard","Colorless","Clear","33mcd","Rectangle with Flat Top","1.10mm x 0.80mm","1.8V","5mA","140°","Surface Mount","625nm","633nm","-","-","-","0603 (1608 Metric)","0603","1.60mm L x 0.80mm W","0.70mm","https://www.digikey.be/en/products/detail/qt-brightek-qtb/QBLP601-R5/16499683"
"https://www.sunledusa.com/products/spec/XZUR55W.pdf","-","1497-XZUR55WTR-ND,1497-XZUR55WCT-ND,1497-XZUR55WDKR-ND","XZUR55W","SunLED","SunLED","LED SMD RED 3.2X1.6MM","6.000","0.1219","100","1","Tape & Reel (TR),Cut Tape (CT),Digi-Reel®","-","Active","Red","Independent","Colorless","Clear","11mcd","Rectangle with Flat Top","2.00mm x 1.60mm","2V","20mA","120°","Surface Mount","625nm","627nm","-","-","-","1206 (3216 Metric)","1206","3.20mm L x 1.60mm W","1.10mm","https://www.digikey.be/en/products/detail/sunled/XZUR55W/6568441"
"https://www.qt-brightek.com/datasheet/QBLP601-RA-2897.pdf","//mm.digikey.com/Volume0/opasdata/d220001/medias/images/8765/MFG_QBLP601-RA-2897.jpg","1516-QBLP601-RA-2897TR-ND,1516-QBLP601-RA-2897CT-ND,1516-QBLP601-RA-2897DKR-ND","QBLP601-RA-2897","QT Brightek (QTB)","QT Brightek (QTB)","LED RED CLEAR 0603 SMD","2.940","0.1219","100","1","Tape & Reel (TR),Cut Tape (CT),Digi-Reel®","QBLP601","Active","Red","Independent","Colorless","Clear","250mcd","Rectangle with Flat Top","1.10mm x 0.80mm","2V","10mA","140°","Surface Mount","625nm","630nm","-","-","-","0603 (1608 Metric)","0603","1.60mm L x 0.80mm W","0.70mm","https://www.digikey.be/en/products/detail/qt-brightek-qtb/QBLP601-RA-2897/28771355"
"https://www.quelighting.com/proimage/control_page/2025_quelighting_led_flyer.pdf","//mm.digikey.com/Volume0/opasdata/d220001/medias/images/7134/MFG_QLSP38RF.jpg","3970-QLSP38RFTR-ND,3970-QLSP38RFCT-ND,3970-QLSP38RFDKR-ND","QLSP38RF","Quelighting Corp","Quelighting Corp","2214 PACKAGE LED, TOP VIEW, RED","6.000","0.122","100","1","Tape & Reel (TR),Cut Tape (CT),Digi-Reel®","-","Active","Red","Independent","-","-","1200mcd","Oval with Flat Top","-","2.1V","30mA","120°","Surface Mount","625nm","-","-","-","-","2-SMD, J-Lead","2-SMD","-","1.30mm","https://www.digikey.be/en/products/detail/quelighting-corp/QLSP38RF/26797786"
"//mm.digikey.com/Volume0/opasdata/d220001/medias/docus/202/B1501USD-20D000313U1930.pdf","//mm.digikey.com/Volume0/opasdata/d220001/medias/images/6470/MFG_B1501.jpg","3147-B1501USD-20D000313U1930TR-ND,3147-B1501USD-20D000313U1930CT-ND,3147-B1501USD-20D000313U1930DKR-ND","B1501USD-20D000313U1930","Harvatek Corporation","Harvatek Corporation","3.2(L) X 1.6(W) X 1.1(H)MM","3.260","0.122","100","1","Tape & Reel (TR),Cut Tape (CT),Digi-Reel®","HT-150","Active","Red","Independent","Colorless","Diffused","120mcd","Rectangle with Flat Top","2.00mm x 1.60mm","1.9V","20mA","-","Surface Mount","622nm","636nm","-","-","-","1206 (3216 Metric)","1206","3.20mm L x 1.60mm W","1.20mm","https://www.digikey.be/en/products/detail/harvatek-corporation/B1501USD-20D000313U1930/24635249"
"https://everlightamericas.com/index.php?controller=attachment&id_attachment=2715","//mm.digikey.com/Volume0/opasdata/d220001/medias/images/780/MFG_EAST10052xxx.jpg","1080-1559-2-ND,1080-1559-1-ND,1080-1559-6-ND","EAST10052RA1","Everlight Electronics Co Ltd","Everlight Electronics Co Ltd","LED RED CLEAR 2SMD","6.618","0.1225","100","1","Tape & Reel (TR),Cut Tape (CT),Digi-Reel®","-","Active","Red","Standard","Colorless","Clear","-","Rectangle with Flat Top","1.00mm x 0.50mm","2.05V","5mA","120°","Surface Mount","-","632nm","-","-","-","0402 (1005 Metric)","2-SMD","1.00mm L x 0.50mm W","0.25mm","https://www.digikey.be/en/products/detail/everlight-electronics-co-ltd/EAST10052RA1/8510368"
"https://look.ams-osram.com/m/7366d4cb1de5951d/original/LR-T67F-01.pdf","//mm.digikey.com/Volume0/opasdata/d220001/medias/images/695/MFG_LT-T673.jpg","475-LRT67F.01-U2AA-1-3A4B-20-R18-ZTR-ND,475-LRT67F.01-U2AA-1-3A4B-20-R18-ZCT-ND,475-LRT67F.01-U2AA-1-3A4B-20-R18-ZDKR-ND","LR T67F.01-U2AA-1-3A4B-20-R18-Z","ams-OSRAM USA INC.","ams-OSRAM USA INC.","LED RED CLEAR 2PLCC SMD","27.149","0.1232","100","1","Tape & Reel (TR),Cut Tape (CT),Digi-Reel®","TOPLED®","Active","Red","-","Colorless","Clear","980mcd","Round with Flat Top","2.40mm Dia","2.05V","20mA","120°","Surface Mount","625nm","634nm","-","-","-","2-PLCC","2-PLCC","3.20mm L x 1.30mm W","2.10mm","https://www.digikey.be/en/products/detail/ams-osram-usa-inc/LR-T67F-01-U2AA-1-3A4B-20-R18-Z/21575565"
"https://www.qt-brightek.com/datasheet/QBLP631-R1-2943.pdf","//mm.digikey.com/Volume0/opasdata/d220001/medias/images/4277/MFG_QBLP631-R1-2943.jpg","1516-QBLP631-R1-2943TR-ND,1516-QBLP631-R1-2943CT-ND,1516-QBLP631-R1-2943DKR-ND","QBLP631-R1-2943","QT Brightek (QTB)","QT Brightek (QTB)","LED RED DIFFUSED 0805 SMD","1.299","0.1234","100","1","Tape & Reel (TR),Cut Tape (CT),Digi-Reel®","QBLP631","Active","Red","Standard","White","Diffused","9mcd","Rectangle with Flat Top","1.30mm x 1.25mm","2V","20mA","140°","Surface Mount","624nm","628nm","-","-","-","0805 (2012 Metric)","0805","2.00mm L x 1.25mm W","0.90mm","https://www.digikey.be/en/products/detail/qt-brightek-qtb/QBLP631-R1-2943/16499646"
"//mm.digikey.com/Volume0/opasdata/d220001/medias/docus/6592/DSA003837211998.pdf","//mm.digikey.com/Volume0/opasdata/d220001/medias/images/7156/%7E754%7E1206%7E3216-Metric%7E.jpg","754-AP3216IDTR-ND,754-AP3216IDCT-ND,754-AP3216IDDKR-ND","AP3216ID","Kingbright","Kingbright","LED RED DIFFUSED CHIP SMD","66.036","0.1238","100","1","Tape & Reel (TR),Cut Tape (CT),Digi-Reel®","-","Active","Red","Standard","Red","Diffused","12.5mcd","Rectangle with Flat Top","2.00mm x 1.60mm","2V","20mA","60°","Surface Mount","625nm","627nm","-","-","-","1206 (3216 Metric)","Chip LED","3.20mm L x 1.60mm W","1.10mm","https://www.digikey.be/en/products/detail/kingbright/AP3216ID/2043723"
"https://www.we-online.com/components/products/datasheet/150060RS75000.pdf","//mm.digikey.com/Volume0/opasdata/d220001/medias/images/2958/WL-SMCW%20Series%200603.jpg","732-4978-2-ND,732-4978-1-ND,732-4978-6-ND","150060RS75000","Würth Elektronik","Würth Elektronik","LED RED CLEAR 0603 SMD","345.414","0.1239","100","1","Tape & Reel (TR),Cut Tape (CT),Digi-Reel®","WL-SMCW","Active","Red","Standard","Colorless","Clear","250mcd","Rectangle with Flat Top","1.10mm x 0.70mm","2V","20mA","140°","Surface Mount","625nm","630nm","-","-","-","0603 (1608 Metric)","0603","1.60mm L x 0.80mm W","0.80mm","https://www.digikey.be/en/products/detail/würth-elektronik/150060RS75000/4489901"
"https://www.we-online.com/components/products/datasheet/150060SS75000.pdf","//mm.digikey.com/Volume0/opasdata/d220001/medias/images/2958/WL-SMCW%20Series%200603.jpg","732-4979-2-ND,732-4979-1-ND,732-4979-6-ND","150060SS75000","Würth Elektronik","Würth Elektronik","LED RED CLEAR 0603 SMD","45.479","0.1239","100","1","Tape & Reel (TR),Cut Tape (CT),Digi-Reel®","WL-SMCW","Active","Red","Standard","Colorless","Clear","60mcd","Rectangle with Flat Top","1.10mm x 0.70mm","1.9V","20mA","140°","Surface Mount","630nm","645nm","-","-","-","0603 (1608 Metric)","0603","1.60mm L x 0.80mm W","0.80mm","https://www.digikey.be/en/products/detail/würth-elektronik/150060SS75000/4489903"
"https://www.vishay.com/docs/82554/vlmo1500.pdf","//mm.digikey.com/Volume0/opasdata/d220001/medias/images/6348/751%7E6.541-5096.01-4%7E%7E2.jpg","VLMS1500-GS08TR-ND,VLMS1500-GS08CT-ND,VLMS1500-GS08DKR-ND","VLMS1500-GS08","Vishay Semiconductor Opto Division","Vishay Semiconductor Opto Division","LED RED 0402 SMD","90.385","0.1241","100","1","Tape & Reel (TR),Cut Tape (CT),Digi-Reel®","CHIPLED","Active","Red","Standard","-","-","54mcd","Rectangle with Flat Top","1.00mm x 0.50mm","2V","20mA","130°","Surface Mount","631nm","639nm","-","-","-","0402 (1005 Metric)","0402","1.00mm L x 0.50mm W","0.55mm","https://www.digikey.be/en/products/detail/vishay-semiconductor-opto-division/VLMS1500-GS08/3504681"
"https://www.lumex.com/datasheet/files/SML-LX1206SRC-TR.pdf","-","67-1359-2-ND,67-1359-1-ND,67-1359-6-ND","SML-LX1206SRC-TR","Lumex Opto/Components Inc.","Lumex Opto/Components Inc.","LED RED CLEAR 1206 SMD","223.931","0.1244","100","1","Tape & Reel (TR),Cut Tape (CT),Digi-Reel®","-","Active","Red","Standard","Colorless","Clear","18mcd","Rectangle with Flat Top","2.00mm x 1.50mm","1.7V","20mA","140°","Surface Mount","-","660nm","-","-","-","1206 (3216 Metric)","1206","3.20mm L x 1.60mm W","1.10mm","https://www.digikey.be/en/products/detail/lumex-opto-components-inc/SML-LX1206SRC-TR/229141"
"https://www.rohm.com/datasheet?p=SML-E12U8W&dist=Digi-key&media=referral&source=digi-key.com&campaign=Digi-key","//mm.digikey.com/Volume0/opasdata/d220001/medias/images/6296/846%7E1608%280603-0.36%29%7E%7E2.jpg","846-SML-E12U8WT86TR-ND,846-SML-E12U8WT86CT-ND,846-SML-E12U8WT86DKR-ND","SML-E12U8WT86","Rohm Semiconductor","Rohm Semiconductor","LED RED DIFFUSED 1608 SMD","29.236","0.1244","100","1","Tape & Reel (TR),Cut Tape (CT),Digi-Reel®","EXCELED™","Active","Red","Standard","White","Diffused","63mcd","Rectangle with Flat Top","1.20mm x 0.80mm","2.2V","20mA","-","Surface Mount","620nm","-","-","-","-","0603 (1608 Metric)","1608 (0603)","1.60mm L x 0.80mm W","0.46mm","https://www.digikey.be/en/products/detail/rohm-semiconductor/SML-E12U8WT86/1641805"
"https://www.rohm.com/datasheet?p=SML-E12V8W&dist=Digi-key&media=referral&source=digi-key.com&campaign=Digi-key","//mm.digikey.com/Volume0/opasdata/d220001/medias/images/6296/846%7E1608%280603-0.36%29%7E%7E2.jpg","846-SML-E12V8WT86TR-ND,846-SML-E12V8WT86CT-ND,846-SML-E12V8WT86DKR-ND","SML-E12V8WT86","Rohm Semiconductor","Rohm Semiconductor","LED RED DIFFUSED 1608 SMD","10.932","0.1244","100","1","Tape & Reel (TR),Cut Tape (CT),Digi-Reel®","EXCELED™","Active","Red","Standard","White","Diffused","40mcd","Rectangle with Flat Top","1.20mm x 0.80mm","2.2V","20mA","-","Surface Mount","630nm","-","-","-","-","0603 (1608 Metric)","1608 (0603)","1.60mm L x 0.80mm W","0.46mm","https://www.digikey.be/en/products/detail/rohm-semiconductor/SML-E12V8WT86/1641806"
"https://www.qt-brightek.com/datasheet/QBLP601-R3-2943.pdf","//mm.digikey.com/Volume0/opasdata/d220001/medias/images/4264/MFG_QBLP601-AG1-2943.jpg","1516-QBLP601-R3-2943TR-ND,1516-QBLP601-R3-2943CT-ND,1516-QBLP601-R3-2943DKR-ND","QBLP601-R3-2943","QT Brightek (QTB)","QT Brightek (QTB)","LED RED DIFFUSED 0603 SMD","3.569","0.1244","100","1","Tape & Reel (TR),Cut Tape (CT),Digi-Reel®","QBLP601","Active","Red","Standard","White","Diffused","90mcd","Rectangle with Flat Top","1.10mm x 0.80mm","2V","20mA","140°","Surface Mount","633nm","639nm","-","-","-","0603 (1608 Metric)","0603","1.60mm L x 0.80mm W","0.70mm","https://www.digikey.be/en/products/detail/qt-brightek-qtb/QBLP601-R3-2943/14664293"
"https://s3-us-west-2.amazonaws.com/catsy.557/DIA_Selector_Guide_SMD_060820.pdf","//mm.digikey.com/Volume0/opasdata/d220001/medias/images/4885/MFG_598-8N40-107F.jpg","350-598-8N10-107FTR-ND,350-598-8N10-107FCT-ND,350-598-8N10-107FDKR-ND","598-8N10-107F","Dialight","Dialight","LED RED CLEAR 0603 SMD","1.020","0.1244","100","1","Tape & Reel (TR),Cut Tape (CT),Digi-Reel®","598","Active","Red","-","Colorless","Clear","64mcd","Rectangle with Flat Top","1.10mm x 0.80mm","2.1V","20mA","140°","Surface Mount","632nm","-","-","-","-","0603 (1608 Metric)","0603","1.60mm L x 0.80mm W","0.35mm","https://www.digikey.be/en/products/detail/dialight/598-8N10-107F/18867988"
"https://www.qt-brightek.com/datasheet/QBLP595-R35.pdf","//mm.digikey.com/Volume0/opasdata/d220001/medias/images/7517/MFG_QBLP595-R.jpg","1516-QBLP595-R35TR-ND,1516-QBLP595-R35CT-ND,1516-QBLP595-R35DKR-ND","QBLP595-R35","QT Brightek (QTB)","QT Brightek (QTB)","LED RED CLEAR 0402 SMD","4.650","0.1244","100","1","Tape & Reel (TR),Cut Tape (CT),Digi-Reel®","QBLP595","Active","Red","Standard","Colorless","Clear","25mcd","Rectangle with Flat Top","0.70mm x 0.50mm","2V","5mA","140°","Surface Mount","630nm","645nm","-","-","-","0402 (1005 Metric)","0402","1.00mm L x 0.50mm W","0.60mm","https://www.digikey.be/en/products/detail/qt-brightek-qtb/QBLP595-R35/26763190"
"//mm.digikey.com/Volume0/opasdata/d220001/medias/docus/3777/B1931USD-20D000814U1930.pdf","//mm.digikey.com/Volume0/opasdata/d220001/medias/images/4437/MFG_B1931.jpg","3147-B1931USD-20D000814U1930TR-ND,3147-B1931USD-20D000814U1930CT-ND,3147-B1931USD-20D000814U1930DKR-ND","B1931USD-20D000814U1930","Harvatek Corporation","Harvatek Corporation","LED RED DIFFUSED 0603 SMD","29.762","0.1244","100","1","Tape & Reel (TR),Cut Tape (CT),Digi-Reel®","-","Active","Red","-","-","Diffused","71.5mcd","Rectangle with Flat Top","1.00mm x 0.80mm","2V","20mA","125°","Surface Mount","624nm","632nm","-","-","-","0603 (1608 Metric)","0603","1.60mm L x 0.80mm W","0.50mm","https://www.digikey.be/en/products/detail/harvatek-corporation/B1931USD-20D000814U1930/15861265"
"https://www.americanbrightled.com/pdffiles/led-components/smt/BL-HUF33J-AV-TRB.pdf","//mm.digikey.com/Volume0/opasdata/d220001/medias/images/733/BL-HUF33J-AV-TRB.jpg","BL-HUF33J-AV-TRBTR-ND,BL-HUF33J-AV-TRBCT-ND,BL-HUF33J-AV-TRBDKR-ND","BL-HUF33J-AV-TRB","American Bright Optoelectronics Corporation","American Bright Optoelectronics Corporation","LED RED CLEAR 1206 SMD","1.054","0.1245","100","1","Tape & Reel (TR),Cut Tape (CT),Digi-Reel®","-","Active","Red","-","Colorless","Clear","1070mcd","Round with Domed Top","1.35mm Dia","2.2V","20mA","30°","Surface Mount","633nm","645nm","-","-","-","1206 (3216 Metric)","1206","3.20mm L x 1.60mm W","2.70mm","https://www.digikey.be/en/products/detail/american-bright-optoelectronics-corporation/BL-HUF33J-AV-TRB/9678186"
"https://www.KingbrightUSA.com/images/catalog/SPEC/APL3015SURCK-F01.pdf","//mm.digikey.com/Volume0/opasdata/d220001/medias/images/4344/APL3015SURCK-F01.jpg","754-1113-2-ND,754-1113-1-ND,754-1113-6-ND","APL3015SURCK-F01","Kingbright","Kingbright","LED RED CLEAR CHIP SMD","15.145","0.1264","100","1","Tape & Reel (TR),Cut Tape (CT),Digi-Reel®","-","Active","Red","Standard","Colorless","Clear","180mcd","Round with Flat Top","0.18mm Dia","1.95V","20mA","70°","Surface Mount","630nm","645nm","-","-","-","2-SMD, No Lead","Chip LED","3.00mm L x 1.50mm W","1.40mm","https://www.digikey.be/en/products/detail/kingbright/APL3015SURCK-F01/1747511"
"https://www.kingbrightusa.com/images/catalog/SPEC/AP3216EC.pdf","//mm.digikey.com/Volume0/opasdata/d220001/medias/images/6469/MFG_AP3216EC.jpg","754-AP3216ECTR-ND,754-AP3216ECCT-ND,754-AP3216ECDKR-ND","AP3216EC","Kingbright","Kingbright","3.2X1.6MM (1206) RED SMD LED","5.588","0.1264","100","1","Tape & Reel (TR),Cut Tape (CT),Digi-Reel®","-","Active","Red","Independent","Colorless","Clear","15mcd","Rectangle with Flat Top","2.00mm x 1.60mm","2V","20mA","160°","Surface Mount","617nm","627nm","-","-","-","1206 (3216 Metric)","1206","3.20mm L x 1.60mm W","1.30mm","https://www.digikey.be/en/products/detail/kingbright/AP3216EC/25807446"
"//mm.digikey.com/Volume0/opasdata/d220001/medias/docus/655/QTLP650%28C%2CD%29-2%2C3%2C4%2C7%2CB.pdf","//mm.digikey.com/Volume0/opasdata/d220001/medias/images/402/QTLP650C.jpg","1080-1413-2-ND,1080-1413-1-ND,1080-1413-6-ND","QTLP650C2TR","Everlight Electronics Co Ltd","Everlight Electronics Co Ltd","LED RED CLEAR 1206 SMD","15.698","0.1264","100","1","Tape & Reel (TR),Cut Tape (CT),Digi-Reel®","-","Active","Red","Standard","Colorless","Clear","10mcd","Rectangle with Flat Top","2.00mm x 1.60mm","2V","20mA","140°","Surface Mount","630nm","635nm","-","-","-","1206 (3216 Metric)","1206","3.20mm L x 1.60mm W","1.30mm","https://www.digikey.be/en/products/detail/everlight-electronics-co-ltd/QTLP650C2TR/2675904"
"//mm.digikey.com/Volume0/opasdata/d220001/medias/docus/713/24-21SURC-S530-A2-TR8.pdf","//mm.digikey.com/Volume0/opasdata/d220001/medias/images/919/MFG_24-21SURCS530-A2TR8.jpg","1080-1594-2-ND,1080-1594-1-ND,1080-1594-6-ND","24-21SURC/S530-A2/TR8","Everlight Electronics Co Ltd","Everlight Electronics Co Ltd","LED RED CLEAR 2SMD","2.459","0.1266","100","1","Tape & Reel (TR),Cut Tape (CT),Digi-Reel®","-","Active","Red","Standard","Colorless","Clear","39mcd","Round with Flat Top","1.60mm Dia","2V","20mA","130°","Surface Mount","624nm","632nm","-","-","-","1206 (3216 Metric)","2-SMD","3.20mm L x 1.60mm W","1.20mm","https://www.digikey.be/en/products/detail/everlight-electronics-co-ltd/24-21SURC-S530-A2-TR8/8535288"
"https://www.qt-brightek.com/datasheet/QBLP595-2R35-2897.pdf","//mm.digikey.com/Volume0/opasdata/d220001/medias/images/7517/MFG_QBLP595-R.jpg","1516-QBLP595-2R35-2897TR-ND,1516-QBLP595-2R35-2897CT-ND,1516-QBLP595-2R35-2897DKR-ND","QBLP595-2R35-2897","QT Brightek (QTB)","QT Brightek (QTB)","LED RED CLEAR 0402 SMD","4.789","0.1269","100","1","Tape & Reel (TR),Cut Tape (CT),Digi-Reel®","QBLP595","Active","Red","Standard","Colorless","Clear","54mcd","Rectangle with Flat Top","0.70mm x 0.50mm","2V","5mA","140°","Surface Mount","631nm","639nm","-","-","-","0402 (1005 Metric)","0402","1.00mm L x 0.50mm W","0.60mm","https://www.digikey.be/en/products/detail/qt-brightek-qtb/QBLP595-2R35-2897/26763189"
"//mm.digikey.com/Volume0/opasdata/d220001/medias/docus/4496/B2841USD-20D001014U1930.pdf","-","3147-B2841USD-20D001014U1930TR-ND,3147-B2841USD-20D001014U1930CT-ND,3147-B2841USD-20D001014U1930DKR-ND","B2841USD-20D001014U1930","Harvatek Corporation","Harvatek Corporation","LED RED DIFFUSED 0402 SMD","33.394","0.1269","100","1","Tape & Reel (TR),Cut Tape (CT),Digi-Reel®","B2841USD-20","Active","Red","-","-","Diffused","112.5mcd","Rectangle with Flat Top","1.00mm x 0.50mm","2V","20mA","120°, 128°","Surface Mount","624nm","632nm","-","-","-","0402 (1005 Metric)","0402","1.00mm L x 0.50mm W","0.60mm","https://www.digikey.be/en/products/detail/harvatek-corporation/B2841USD-20D001014U1930/16729514"
"//mm.digikey.com/Volume0/opasdata/d220001/medias/docus/4183/F1961USD-20D000514U1930.pdf","//mm.digikey.com/Volume0/opasdata/d220001/medias/images/2799/MFG_F1961-series.jpg","3147-F1961USD-20D000514U1930-ND","F1961USD-20D000514U1930","Harvatek Corporation","Harvatek Corporation","LED RED CHIP SMD","6.387","0.1269","100","1","Strip","F1961USD-20","Active","Red","Standard","-","-","112.5mcd","Rectangle with Flat Top","1.10mm x 0.80mm","2V","20mA","-","Surface Mount","624nm","632nm","-","-","-","0603 (1608 Metric)","Chip LED","1.60mm L x 0.80mm W","0.45mm","https://www.digikey.be/en/products/detail/harvatek-corporation/F1961USD-20D000514U1930/16341549"
"https://www.sunledusa.com/products/spec/XZMDK53W-8.pdf","//mm.digikey.com/Volume0/opasdata/d220001/medias/images/3927/MFG_XZMDK53W-8.jpg","1497-1169-2-ND,1497-1169-1-ND,1497-1169-6-ND","XZMDK53W-8","SunLED","SunLED","LED RED CLEAR CHIP SMD","38.546","0.1294","100","1","Tape & Reel (TR),Cut Tape (CT),Digi-Reel®","PixsoLED","Active","Red","Standard","Colorless","Clear","248mcd","Round with Domed Top","0.35mm Dia","1.95V","20mA","60°","Surface Mount","630nm","645nm","-","-","-","0603 (1608 Metric)","Chip LED","1.60mm L x 0.80mm W","0.95mm","https://www.digikey.be/en/products/detail/sunled/XZMDK53W-8/4745952"
"https://www.qt-brightek.com/datasheet/QBLP601-R5-2897.pdf","//mm.digikey.com/Volume0/opasdata/d220001/medias/images/5741/MFG_QBLP601-R5-2897.jpg","1516-QBLP601-R5-2897TR-ND,1516-QBLP601-R5-2897CT-ND,1516-QBLP601-R5-2897DKR-ND","QBLP601-R5-2897","QT Brightek (QTB)","QT Brightek (QTB)","0603 LED RED 620NM DOMINANT,630N","2.784","0.1294","100","1","Tape & Reel (TR),Cut Tape (CT),Digi-Reel®","QBLP601","Active","Red","Standard","Colorless","Clear","110mcd","Rectangle with Flat Top","1.10mm x 0.80mm","1.9V","5mA","140°","Surface Mount","620nm","630nm","-","-","-","0603 (1608 Metric)","0603","1.60mm L x 0.80mm W","0.70mm","https://www.digikey.be/en/products/detail/qt-brightek-qtb/QBLP601-R5-2897/22106649"
"https://look.ams-osram.com/m/7ebaae268447acbc/original/LS-L29K.pdf","//mm.digikey.com/Volume0/opasdata/d220001/medias/images/2586/LS%20L89K-H1J2-1%2CLS%20L29K-H1J2-1.JPG","475-LSL29K-G1J2-1-0-2-R18-ZTR-ND,475-LSL29K-G1J2-1-0-2-R18-ZCT-ND,475-LSL29K-G1J2-1-0-2-R18-ZDKR-ND","LS L29K-G1J2-1-0-2-R18-Z","ams-OSRAM USA INC.","ams-OSRAM USA INC.","LED RED DIFFUSED 0603 SMD","370.000","0.1294","100","1","Tape & Reel (TR),Cut Tape (CT),Digi-Reel®","SMARTLED® 0603","Obsolete","Red","Standard","Colorless","Diffused","4.5mcd","Rectangle with Flat Top","1.30mm x 0.80mm","1.8V","2mA","160°","Surface Mount","630nm","643nm","-","Automotive","AEC-Q101","0603 (1608 Metric)","0603","1.70mm L x 0.80mm W","0.65mm","https://www.digikey.be/en/products/detail/ams-osram-usa-inc/LS-L29K-G1J2-1-0-2-R18-Z/1227979"
"https://www.KingbrightUSA.com/images/catalog/SPEC/APL3015EC-F01.pdf","//mm.digikey.com/Volume0/opasdata/d220001/medias/images/4407/APL3015EC-F01.jpg","754-1107-2-ND,754-1107-1-ND,754-1107-6-ND","APL3015EC-F01","Kingbright","Kingbright","LED RED CLEAR CHIP SMD","2.062","0.1315","100","1","Tape & Reel (TR),Cut Tape (CT),Digi-Reel®","-","Active","Red","Standard","Colorless","Clear","12mcd","Round with Flat Top","0.18mm Dia","2V","20mA","70°","Surface Mount","617nm","627nm","-","-","-","2-SMD, No Lead","Chip LED","3.00mm L x 1.50mm W","1.40mm","https://www.digikey.be/en/products/detail/kingbright/APL3015EC-F01/1747505"
"https://look.ams-osram.com/m/24f0d6befa2971d6/original/LS-M676.pdf","//mm.digikey.com/Volume0/opasdata/d220001/medias/images/2375/FIG%208%2C%20PINK%20HIGHLIGHT%201669%20T053.jpg","475-LSM676-P2S1-1-ZTR-ND,475-LSM676-P2S1-1-ZCT-ND,475-LSM676-P2S1-1-ZDKR-ND","LS M676-P2S1-1-0-20-R18-Z","ams-OSRAM USA INC.","ams-OSRAM USA INC.","LED RED CLEAR SMD","20.208","0.1317","100","1","Tape & Reel (TR),Cut Tape (CT),Digi-Reel®","Mini TOPLED®","Active","Red","Standard","Colorless","Clear","140mcd","Rectangle with Flat Top","1.50mm x 1.00mm","2V","20mA","120°","Surface Mount","633nm","645nm","-","-","-","2-SMD, J-Lead","SMD","2.00mm L x 1.40mm W","1.40mm","https://www.digikey.be/en/products/detail/ams-osram-usa-inc/LS-M676-P2S1-1-0-20-R18-Z/1227983"
"https://www.qt-brightek.com/datasheet/QBLP595-S03.pdf","//mm.digikey.com/Volume0/opasdata/d220001/medias/images/7517/MFG_QBLP595-R.jpg","1516-QBLP595-S03TR-ND,1516-QBLP595-S03CT-ND,1516-QBLP595-S03DKR-ND","QBLP595-S03","QT Brightek (QTB)","QT Brightek (QTB)","LED RED CLEAR 0402 SMD","4.721","0.132","100","1","Tape & Reel (TR),Cut Tape (CT),Digi-Reel®","QBLP595","Active","Red","Standard","Colorless","Clear","4mcd","Rectangle with Flat Top","0.70mm x 0.50mm","1.8V","3mA","140°","Surface Mount","640nm","660nm","-","-","-","0402 (1005 Metric)","0402","1.00mm L x 0.50mm W","0.60mm","https://www.digikey.be/en/products/detail/qt-brightek-qtb/QBLP595-S03/26763187"
"https://www.sunledusa.com/products/spec/XZMDK60W.pdf","//mm.digikey.com/Volume0/opasdata/d220001/medias/images/4175/MFG_XZMDK60W.jpg","1497-1396-2-ND,1497-1396-1-ND,1497-1396-6-ND","XZMDK60W","SunLED","SunLED","LED RED CLEAR 2SMD","4.015","0.1326","100","1","Tape & Reel (TR),Cut Tape (CT),Digi-Reel®","-","Active","Red","Standard","Colorless","Clear","178mcd","Rectangle with Flat Top","2.00mm x 1.50mm","1.95V","20mA","70°","Surface Mount","630nm","645nm","-","-","-","1206 (3216 Metric)","2-SMD","3.00mm L x 1.50mm W","1.40mm","https://www.digikey.be/en/products/detail/sunled/XZMDK60W/4902037"
"http://www.inolux-corp.com/datasheet/SMDLED/Mono%20Color%20Top%20View/IN-P23CTJR_V1.0.pdf#SMD-LED","//mm.digikey.com/Volume0/opasdata/d220001/medias/images/3629/IN-P23CTx.jpg","1830-IN-P23CTJRTR-ND,1830-IN-P23CTJRCT-ND,1830-IN-P23CTJRDKR-ND","IN-P23CTJR","Inolux","Inolux","LED RED CLEAR 1411 SMD","11.909","0.1332","100","1","Tape & Reel (TR),Cut Tape (CT),Digi-Reel®","-","Active","Red","Common Cathode","Colorless","Clear","-","Rectangle with Flat Top","-","2.1V","60mA","120°","Surface Mount","624nm","632nm","-","-","-","1411 (3528 Metric)","1411","3.50mm L x 2.80mm W","1.00mm","https://www.digikey.be/en/products/detail/inolux/IN-P23CTJR/14555740"
"https://everlightamericas.com/index.php?controller=attachment&id_attachment=2591","//mm.digikey.com/Volume0/opasdata/d220001/medias/images/4346/MFG_EASR3216RA0.jpg","1080-EASR3216RA0TR-ND,1080-EASR3216RA0CT-ND,1080-EASR3216RA0DKR-ND","EASR3216RA0","Everlight Electronics Co Ltd","Everlight Electronics Co Ltd","LED RED CLEAR 2SMD","3.190","0.1334","100","1","Tape & Reel (TR),Cut Tape (CT),Digi-Reel®","-","Active","Red","Standard","Colorless","Clear","27mcd","Rectangle with Flat Top","1.40mm x 1.60mm","1.85V","5mA","130°","Surface Mount","626nm","632nm","-","-","-","1206 (3216 Metric)","2-SMD","3.20mm L x 1.60mm W","1.10mm","https://www.digikey.be/en/products/detail/everlight-electronics-co-ltd/EASR3216RA0/5142310"
"https://optoelectronics.liteon.com/upload/download/DS22-2011-0318/LTST-M670KRKT.pdf","//mm.digikey.com/Volume0/opasdata/d220001/medias/images/7175/%7E160%7E2-SMD%2C-J-Lead%7E.jpg","160-LTST-M670KRKTTR-ND,160-LTST-M670KRKTCT-ND,160-LTST-M670KRKTDKR-ND","LTST-M670KRKT","Lite-On Inc.","LITEON","LED RED CLEAR 2PLCC SMD","1.807","0.1342","100","1","Tape & Reel (TR),Cut Tape (CT),Digi-Reel®","-","Active","Red","Standard","Colorless","Clear","185mcd","Rectangle with Flat Top","-","2V","20mA","120°","Surface Mount","631nm","639nm","-","-","-","2-SMD, J-Lead","2-PLCC","3.00mm L x 2.00mm W","1.30mm","https://www.digikey.be/en/products/detail/liteon/LTST-M670KRKT/3198757"
"https://s3-us-west-2.amazonaws.com/catsy.557/C18743.pdf","//mm.digikey.com/Volume0/opasdata/d220001/medias/images/6153/MFG_5990K40107F.jpg","350-5990K10107FTR-ND,350-5990K10107FCT-ND,350-5990K10107FDKR-ND","5990K10107F","Dialight","Dialight","SMD LED REVERSE MOUNT 3.2X1.25X1","10.613","0.1343","100","1","Tape & Reel (TR),Cut Tape (CT),Digi-Reel®","599","Active","Red","Independent","Colorless","Clear","120mcd","Rectangle with Flat Top","1.40mm x 1.19mm","2.1V","20mA","140°","Surface Mount","633nm","-","-","-","-","2-SMD, No Lead","-","3.20mm L x 1.25mm W","1.07mm","https://www.digikey.be/en/products/detail/dialight/5990K10107F/22592501"
"https://www.qt-brightek.com/datasheet/QBLP601D.pdf","//mm.digikey.com/Volume0/opasdata/d220001/medias/images/4178/MFG_QBLP601D.jpg","1516-QBLP601D-RTR-ND,1516-QBLP601D-RCT-ND,1516-QBLP601D-RDKR-ND","QBLP601D-R","QT Brightek (QTB)","QT Brightek (QTB)","LED RED CLEAR 0603 SMD","33.437","0.1345","100","1","Tape & Reel (TR),Cut Tape (CT),Digi-Reel®","QBLP601","Active","Red","Standard","Colorless","Clear","420mcd","Round with Domed Top","0.7mm Dia","2V","20mA","35°","Surface Mount","624nm","632nm","-","-","-","0603 (1608 Metric)","0603","1.60mm L x 0.80mm W","1.05mm","https://www.digikey.be/en/products/detail/qt-brightek-qtb/QBLP601D-R/13278854"
"https://www.qt-brightek.com/datasheet/QBLP631_series.pdf","//mm.digikey.com/Volume0/opasdata/d220001/medias/images/6223/MFG_QBLP631-O.jpg","1516-1087-2-ND,1516-1087-1-ND,1516-1087-6-ND","QBLP631-R","QT Brightek (QTB)","QT Brightek (QTB)","LED RED CLEAR 0805 SMD","156","0.1345","100","1","Tape & Reel (TR),Cut Tape (CT),Digi-Reel®","QBLP631","Active","Red","Standard","Colorless","Clear","100mcd","Rectangle with Flat Top","1.30mm x 1.25mm","2V","20mA","140°","Surface Mount","625nm","-","-","-","-","0805 (2012 Metric)","0805","2.00mm L x 1.25mm W","0.90mm","https://www.digikey.be/en/products/detail/qt-brightek-qtb/QBLP631-R/4814685"
"https://ce.citizen.co.jp/up_img/product/zzOM8tpTLfGL/CL-196_e.pdf","//mm.digikey.com/Volume0/opasdata/d220001/medias/images/1261/MFG_CL-196.jpg","1642-CL-196HR-CD-TTR-ND,1642-CL-196HR-CD-TCT-ND,1642-CL-196HR-CD-TDKR-ND","CL-196HR-CD","Citizen","Citizen","LED RED SMD","4.808","0.1354","100","1","Tape & Reel (TR),Cut Tape (CT),Digi-Reel®","CL-196","Active","Red","Standard","-","-","23mcd","Rectangle with Flat Top","1.60mm x 0.80mm","1.8V","20mA","-","Surface Mount","640nm","-","-","-","-","0603 (1608 Metric)","-","1.60mm L x 0.80mm W","0.60mm","https://www.digikey.be/en/products/detail/citizen/CL-196HR-CD/6005906"
"https://ce.citizen.co.jp/up_img/product/l3DSeGGaYefr/CL-195_e.pdf","//mm.digikey.com/Volume0/opasdata/d220001/medias/images/918/MFG_CL-195.jpg","1642-CL-195HR-CD-TTR-ND,1642-CL-195HR-CD-TCT-ND,1642-CL-195HR-CD-TDKR-ND","CL-195HR-CD","Citizen","Citizen","LED RED SMD","3.121","0.1354","100","1","Tape & Reel (TR),Cut Tape (CT),Digi-Reel®","CL-195","Active","Red","Standard","-","-","23mcd","Rectangle with Flat Top","1.60mm x 0.80mm","1.8V","20mA","-","Surface Mount","640nm","-","-","-","-","0603 (1608 Metric)","-","1.60mm L x 0.80mm W","0.80mm","https://www.digikey.be/en/products/detail/citizen/CL-195HR-CD/6005904"
"https://look.ams-osram.com/m/6ba65868306e3c02/original/KR-EGLP41-22.pdf","//mm.digikey.com/Volume0/opasdata/d220001/medias/images/7181/MFG_KR-EGLP41.22-PR-AD-0-20-S.jpg","475-KREGLP41.22-PR-AD-0-20-STR-ND,475-KREGLP41.22-PR-AD-0-20-SCT-ND,475-KREGLP41.22-PR-AD-0-20-SDKR-ND","KR EGLP41.22-PR-AD-0-20-S","ams-OSRAM USA INC.","ams-OSRAM USA INC.","LED RED DIFFUSED 0402 SMD","2.750","0.1357","100","1","Tape & Reel (TR),Cut Tape (CT),Digi-Reel®","Chip LED 0402","Active","Red","-","Colorless","Diffused","112.5mcd","Rectangle with Flat Top","1.00mm x 0.50mm","1.93V","20mA","75°, 140°","Surface Mount","624nm","632nm","-","-","-","0402 (1005 Metric)","0402","1.00mm L x 0.50mm W","0.35mm","https://www.digikey.be/en/products/detail/ams-osram-usa-inc/KR-EGLP41-22-PR-AD-0-20-S/21700206"
"http://www.stanley-components.com/php/downloaddatafile.php?rp=0,VFHR1111C-3BY2A-TR_e.pdf","//mm.digikey.com/Volume0/opasdata/d220001/medias/images/835/MFG_VFHR1111C-3BY2A-TR.jpg","404-1310-2-ND,404-1310-1-ND,404-1310-6-ND","VFHR1111C-3BY2A-TR","Stanley Electric Co","Stanley Electric Co","LED RED DIFFUSED 1608 SMD","10.760","0.1365","100","1","Tape & Reel (TR),Cut Tape (CT),Digi-Reel®","-","Active","Red","Standard","White","Diffused","91mcd","Rectangle with Flat Top","1.10mm x 0.80mm","1.9V","20mA","140°","Surface Mount","626nm","635nm","-","-","-","0603 (1608 Metric)","1608","1.60mm L x 0.80mm W","0.80mm","https://www.digikey.be/en/products/detail/stanley-electric-co/VFHR1111C-3BY2A-TR/6615658"
"http://www.stanley-components.com/php/downloaddatafile.php?rp=0,VFHV1111C-3BY2B-TR_e.pdf","//mm.digikey.com/Volume0/opasdata/d220001/medias/images/951/MFG_VFHV1111C-3BY2B-TR.jpg","404-1313-2-ND,404-1313-1-ND,404-1313-6-ND","VFHV1111C-3BY2B-TR","Stanley Electric Co","Stanley Electric Co","LED RED DIFFUSED 1608 SMD","4.560","0.1365","100","1","Tape & Reel (TR),Cut Tape (CT),Digi-Reel®","-","Active","Red","Standard","White","Diffused","91mcd","Rectangle with Flat Top","1.10mm x 0.80mm","1.9V","20mA","140°","Surface Mount","615nm","624nm","-","-","-","0603 (1608 Metric)","1608","1.60mm L x 0.80mm W","0.80mm","https://www.digikey.be/en/products/detail/stanley-electric-co/VFHV1111C-3BY2B-TR/6615661"
"https://www.KingbrightUSA.com/images/catalog/SPEC/APTD3216EC.pdf","//mm.digikey.com/Volume0/opasdata/d220001/medias/images/668/MFG_APTD3216.jpg","754-1153-2-ND,754-1153-1-ND,754-1153-6-ND","APTD3216EC","Kingbright","Kingbright","LED RED CLEAR 2SMD","75.570","0.1366","100","1","Tape & Reel (TR),Cut Tape (CT),Digi-Reel®","-","Active","Red","Standard","Colorless","Clear","50mcd","Round with Domed Top","1.60mm Dia","2V","20mA","35°","Surface Mount","617nm","627nm","-","-","-","1206 (3216 Metric)","2-SMD","3.20mm L x 1.60mm W","1.90mm","https://www.digikey.be/en/products/detail/kingbright/APTD3216EC/1747552"
"https://www.qt-brightek.com/datasheet/QBLP631-R35.pdf","//mm.digikey.com/Volume0/opasdata/d220001/medias/images/6167/MFG_QBLP631-R3.jpg","1516-QBLP631-R35TR-ND,1516-QBLP631-R35CT-ND,1516-QBLP631-R35DKR-ND","QBLP631-R35","QT Brightek (QTB)","QT Brightek (QTB)","0805 LED RED  631NM DOMINANT, 63","2.967","0.1367","100","1","Tape & Reel (TR),Cut Tape (CT),Digi-Reel®","QBLP631","Active","Red","Independent","Colorless","Clear","30mcd","Square with Flat Top","1.30mm x 1.25mm","1.8V","5mA","140°","Surface Mount","631nm","639nm","-","-","-","0805 (2012 Metric)","0805","2.00mm L x 1.25mm W","0.90mm","https://www.digikey.be/en/products/detail/qt-brightek-qtb/QBLP631-R35/23026398"
"https://www.qt-brightek.com/datasheet/QBLP595-R5-2897.pdf","//mm.digikey.com/Volume0/opasdata/d220001/medias/images/7517/MFG_QBLP595-R.jpg","1516-QBLP595-R5-2897TR-ND,1516-QBLP595-R5-2897CT-ND,1516-QBLP595-R5-2897DKR-ND","QBLP595-R5-2897","QT Brightek (QTB)","QT Brightek (QTB)","LED RED CLEAR 0402 SMD","113.353","0.137","100","1","Tape & Reel (TR),Cut Tape (CT),Digi-Reel®","QBLP595","Active","Red","Standard","Colorless","Clear","95mcd","Rectangle with Flat Top","0.70mm x 0.50mm","1.85V","5mA","140°","Surface Mount","622nm","630nm","-","-","-","0402 (1005 Metric)","0402","1.00mm L x 0.50mm W","0.60mm","https://www.digikey.be/en/products/detail/qt-brightek-qtb/QBLP595-R5-2897/17048972"
"https://look.ams-osram.com/m/24f0d6befa2971d6/original/LS-M676.pdf","//mm.digikey.com/Volume0/opasdata/d220001/medias/images/2375/FIG%208%2C%20PINK%20HIGHLIGHT%201669%20T053.jpg","475-LSM676-P2R1-1-ZTR-ND,475-LSM676-P2R1-1-ZCT-ND,475-LSM676-P2R1-1-ZDKR-ND","LS M676-P2R1-1-Z","ams-OSRAM USA INC.","ams-OSRAM USA INC.","LED RED CLEAR SMD","9.220","0.137","100","1","Tape & Reel (TR),Cut Tape (CT),Digi-Reel®","Mini TOPLED®","Active","Red","Standard","Colorless","Clear","98mcd","Rectangle with Flat Top","1.50mm x 1.00mm","2V","20mA","120°","Surface Mount","633nm","645nm","-","-","-","2-SMD, J-Lead","SMD","2.00mm L x 1.40mm W","1.40mm","https://www.digikey.be/en/products/detail/ams-osram-usa-inc/LS-M676-P2R1-1-Z/808869"
"https://look.ams-osram.com/m/24f0d6befa2971d6/original/LS-M676.pdf","//mm.digikey.com/Volume0/opasdata/d220001/medias/images/2375/FIG%208%2C%20PINK%20HIGHLIGHT%201669%20T053.jpg","475-LSM676-Q2S1-1-ZTR-ND,475-LSM676-Q2S1-1-ZCT-ND,475-LSM676-Q2S1-1-ZDKR-ND","LS M676-Q2S1-1-Z","ams-OSRAM USA INC.","ams-OSRAM USA INC.","LED RED CLEAR SMD","5.105","0.137","100","1","Tape & Reel (TR),Cut Tape (CT),Digi-Reel®","Mini TOPLED®","Active","Red","Standard","Colorless","Clear","157mcd","Rectangle with Flat Top","1.50mm x 1.00mm","2V","20mA","120°","Surface Mount","633nm","645nm","-","-","-","2-SMD, J-Lead","SMD","2.00mm L x 1.40mm W","1.40mm","https://www.digikey.be/en/products/detail/ams-osram-usa-inc/LS-M676-Q2S1-1-Z/1938721"
"https://specs.marktechopto.com/pdf/products/datasheet/MTSM6320-UR-A.pdf","//mm.digikey.com/Volume0/opasdata/d220001/medias/images/8901/MFG_MTSM6320-UR-A.jpg","1125-MTSM6320-UR-ATR-ND,1125-MTSM6320-UR-ACT-ND,1125-MTSM6320-UR-ADKR-ND","MTSM6320-UR-A","Marktech Optoelectronics","Marktech Optoelectronics","632NM VISIBLE EMITTER 2.8X3.5 MM","8.000","0.137","100","1","Tape & Reel (TR),Cut Tape (CT),Digi-Reel®","-","Active","Red","-","Colorless","Clear","750mcd","Rectangle","2.80mm x 3.50mm","1.9V","20mA","120°","Surface Mount","-","632nm","-","-","-","1411 (3528 Metric)","1411","3.50mm L x 2.80mm W","0.95mm","https://www.digikey.be/en/products/detail/marktech-optoelectronics/MTSM6320-UR-A/28948223"
"//mm.digikey.com/Volume0/opasdata/d220001/medias/docus/7304/5990110137F.pdf","//mm.digikey.com/Volume0/opasdata/d220001/medias/images/7188/MFG_59901X0137F.jpg","350-5990110137FTR-ND,350-5990110137FCT-ND,350-5990110137FDKR-ND","5990110137F","Dialight","Dialight","599 SMD LED 0805 0.80MM HEIGHT R","7.918","0.137","100","1","Tape & Reel (TR),Cut Tape (CT),Digi-Reel®","599","Active","Red","Independent","Colorless","Clear","80mcd","Rectangle with Flat Top","1.40mm x 1.25mm","2V","20mA","140°","Surface Mount","630nm","-","-","-","-","0805 (2012 Metric)","0805","2.00mm L x 1.25mm W","0.80mm","https://www.digikey.be/en/products/detail/dialight/5990110137F/27557851"
"//mm.digikey.com/Volume0/opasdata/d220001/medias/docus/7304/5991010147F.pdf","//mm.digikey.com/Volume0/opasdata/d220001/medias/images/7188/MFG_59910X0147F.jpg","350-5991010147FTR-ND,350-5991010147FCT-ND,350-5991010147FDKR-ND","5991010147F","Dialight","Dialight","599 SMD LED 0603 0.60MM HEIGHT R","7.293","0.137","100","1","Tape & Reel (TR),Cut Tape (CT),Digi-Reel®","599","Active","Red","Independent","Tinted","Diffused","45mcd","Rectangle with Flat Top","1.60mm x 0.79mm","2V","20mA","130°","Surface Mount","624nm","-","-","-","-","0603 (1608 Metric)","0603","1.60mm L x 0.80mm W","0.61mm","https://www.digikey.be/en/products/detail/dialight/5991010147F/27557886"
"//mm.digikey.com/Volume0/opasdata/d220001/medias/docus/7304/5991110147F.pdf","//mm.digikey.com/Volume0/opasdata/d220001/medias/images/7188/MFG_59911X0147F.jpg","350-5991110147FTR-ND,350-5991110147FCT-ND,350-5991110147FDKR-ND","5991110147F","Dialight","Dialight","599 SMD LED 0805 2.0X1.3X0.8MM R","7.261","0.137","100","1","Tape & Reel (TR),Cut Tape (CT),Digi-Reel®","599","Active","Red","Independent","Colorless","Diffused","112mcd","Rectangle with Flat Top","1.40mm x 1.30mm","2V","20mA","130°","Surface Mount","624nm","-","-","-","-","0805 (2012 Metric)","0805","2.00mm L x 1.30mm W","0.80mm","https://www.digikey.be/en/products/detail/dialight/5991110147F/27557856"
"//mm.digikey.com/Volume0/opasdata/d220001/medias/docus/4341/B2841URO-20C001114U1930.pdf","-","3147-B2841URO-20C001114U1930TR-ND,3147-B2841URO-20C001114U1930CT-ND,3147-B2841URO-20C001114U1930DKR-ND","B2841URO-20C001114U1930","Harvatek Corporation","Harvatek Corporation","LED RED CLEAR 0402 SMD","6.386","0.137","100","1","Tape & Reel (TR),Cut Tape (CT),Digi-Reel®","B2841URO-20","Active","Red","-","-","Clear","112.5mcd","Rectangle with Flat Top","1.00mm x 0.50mm","2V","20mA","120°, 128°","Surface Mount","631nm","639nm","-","-","-","0402 (1005 Metric)","0402","1.00mm L x 0.50mm W","0.60mm","https://www.digikey.be/en/products/detail/harvatek-corporation/B2841URO-20C001114U1930/16729547"
"http://www.inolux-corp.com/datasheet/SMDLED/Mono%20Color%20Top%20View/IN-P32AT%20Series_V1.0.pdf","//mm.digikey.com/Volume0/opasdata/d220001/medias/images/716/IN-P32AT.JPG","1830-1111-2-ND,1830-1111-1-ND,1830-1111-6-ND","IN-P32ATR","Inolux","Inolux","LED RED CLEAR 2PLCC SMD","15","0.137","100","1","Tape & Reel (TR),Cut Tape (CT),Digi-Reel®","IN-P32AT","Active","Red","Standard","Colorless","Clear","285mcd","Round with Flat Top","2.40mm Dia","2V","20mA","120°","Surface Mount","622nm","628nm","-","-","-","2-PLCC","2-PLCC","3.20mm L x 2.80mm W","1.90mm","https://www.digikey.be/en/products/detail/inolux/IN-P32ATR/7604880"
"//mm.digikey.com/Volume0/opasdata/d220001/medias/docus/6642/EVERS00512-1.pdf","//mm.digikey.com/Volume0/opasdata/d220001/medias/images/631/QTLP630C.jpg","1080-1412-2-ND,1080-1412-1-ND,1080-1412-6-ND","QTLP630C7TR","Everlight Electronics Co Ltd","Everlight Electronics Co Ltd","LED RED CLEAR 0805 SMD","37.649","0.1388","100","1","Tape & Reel (TR),Cut Tape (CT),Digi-Reel®","-","Active","Red","Standard","Colorless","Clear","20mcd","Rectangle with Flat Top","1.40mm x 1.25mm","1.9V","20mA","140°","Surface Mount","645nm","660nm","-","-","-","0805 (2012 Metric)","0805","2.00mm L x 1.25mm W","1.20mm","https://www.digikey.be/en/products/detail/everlight-electronics-co-ltd/QTLP630C7TR/2675903"
"https://www.qt-brightek.com/datasheet/QBLP601-R1.pdf","//mm.digikey.com/Volume0/opasdata/d220001/medias/images/5741/MFG_QBLP601-R5-2897.jpg","1516-QBLP601-R1TR-ND,1516-QBLP601-R1CT-ND,1516-QBLP601-R1DKR-ND","QBLP601-R1","QT Brightek (QTB)","QT Brightek (QTB)","0603 LED RED 623NM DOMINANT, 628","324","0.1394","100","1","Tape & Reel (TR),Cut Tape (CT),Digi-Reel®","QBLP601","Active","Red","Standard","Colorless","Clear","10mcd","Rectangle with Flat Top","1.10mm x 0.80mm","2V","20mA","140°","Surface Mount","626nm","630nm","-","-","-","0603 (1608 Metric)","0603","1.60mm L x 0.80mm W","0.70mm","https://www.digikey.be/en/products/detail/qt-brightek-qtb/QBLP601-R1/22106643"
"https://www.sunledusa.com/products/spec/XZMDK55W-3.pdf","//mm.digikey.com/Volume0/opasdata/d220001/medias/images/4184/MFG_XZMDK55W-3.jpg","1497-1172-2-ND,1497-1172-1-ND,1497-1172-6-ND","XZMDK55W-3","SunLED","SunLED","LED RED CLEAR CHIP SMD","37.581","0.1395","100","1","Tape & Reel (TR),Cut Tape (CT),Digi-Reel®","-","Active","Red","Standard","Colorless","Clear","795mcd","Round with Domed Top","1.60mm Dia","1.95V","20mA","35°","Surface Mount","630nm","645nm","-","-","-","1206 (3216 Metric)","Chip LED","3.20mm L x 1.60mm W","1.80mm","https://www.digikey.be/en/products/detail/sunled/XZMDK55W-3/4745955"
"https://www.rohm.com/datasheet?p=SML-P11UT(R)&dist=Digi-key&media=referral&source=digi-key.com&campaign=Digi-key","//mm.digikey.com/Volume0/opasdata/d220001/medias/images/646/SML-P12UTT86.jpg","SML-P11UTT86RTR-ND,SML-P11UTT86RCT-ND,SML-P11UTT86RDKR-ND","SML-P11UTT86R","Rohm Semiconductor","Rohm Semiconductor","LED RED CLEAR 1006 SMD","51.384","0.1402","100","1","Tape & Reel (TR),Cut Tape (CT),Digi-Reel®","PicoLED™","Active","Red","Standard","Colorless","Clear","2.5mcd","Square with Flat Top","0.60mm","1.8V","1mA","-","Surface Mount","621nm","-","-","-","-","0402 (1006 Metric)","1006 (0402)","1.00mm L x 0.60mm W","0.25mm","https://www.digikey.be/en/products/detail/rohm-semiconductor/SML-P11UTT86R/4862230"
"http://www.stanley-components.com/php/downloaddatafile.php?rp=0,VFHR1104P-4C42A-TR_e.pdf","//mm.digikey.com/Volume0/opasdata/d220001/medias/images/1811/MFG_VFHx1104P-4C42C-TR.JPG","404-1215-2-ND,404-1215-1-ND,404-1215-6-ND","VFHR1104P-4C42A-TR","Stanley Electric Co","Stanley Electric Co","LED RED CLEAR 1608 SMD","16.381","0.1402","100","1","Tape & Reel (TR),Cut Tape (CT),Digi-Reel®","-","Active","Red","Standard","Colorless","Clear","250mcd","Round with Domed Top","1.00mm Dia","1.9V","20mA","-","Surface Mount","626nm","635nm","-","-","-","0603 (1608 Metric)","1608","1.60mm L x 0.80mm W","1.15mm","https://www.digikey.be/en/products/detail/stanley-electric-co/VFHR1104P-4C42A-TR/6205309"
"https://www.KingbrightUSA.com/images/catalog/SPEC/APTD1608LSURCK.pdf","//mm.digikey.com/Volume0/opasdata/d220001/medias/images/6348/MFG_APTD1608.jpg","754-2038-2-ND,754-2038-1-ND,754-2038-6-ND","APTD1608LSURCK","Kingbright","Kingbright","LED RED CLEAR 1608 SMD","57.742","0.1417","100","1","Tape & Reel (TR),Cut Tape (CT),Digi-Reel®","-","Active","Red","Standard","Colorless","Clear","110mcd","Round with Domed Top","0.70mm Dia","1.75V","2mA","60°","Surface Mount","630nm","645nm","-","-","-","0603 (1608 Metric)","1608","1.60mm L x 0.80mm W","1.10mm","https://www.digikey.be/en/products/detail/kingbright/APTD1608LSURCK/7043070"
"https://www.KingbrightUSA.com/images/catalog/SPEC/APTD3216SURCK.pdf","//mm.digikey.com/Volume0/opasdata/d220001/medias/images/668/MFG_APTD3216.jpg","754-1159-2-ND,754-1159-1-ND,754-1159-6-ND","APTD3216SURCK","Kingbright","Kingbright","LED RED CLEAR 2SMD","14.616","0.1417","100","1","Tape & Reel (TR),Cut Tape (CT),Digi-Reel®","-","Active","Red","Standard","Colorless","Clear","800mcd","Round with Domed Top","1.60mm Dia","1.95V","20mA","35°","Surface Mount","630nm","645nm","-","-","-","1206 (3216 Metric)","2-SMD","3.20mm L x 1.60mm W","1.90mm","https://www.digikey.be/en/products/detail/kingbright/APTD3216SURCK/1747558"
"https://look.ams-osram.com/m/7ba318df0a5155c2/original/LS-M67K.pdf","//mm.digikey.com/Volume0/opasdata/d220001/medias/images/2375/FIG%208%2C%20PINK%20HIGHLIGHT%201669%20T053.jpg","475-LSM67K-J2L1-1-ZTR-ND,475-LSM67K-J2L1-1-ZCT-ND,475-LSM67K-J2L1-1-ZDKR-ND","LS M67K-J2L1-1-0-2-R18-Z","ams-OSRAM USA INC.","ams-OSRAM USA INC.","LED RED CLEAR SMD","17.631","0.1417","100","1","Tape & Reel (TR),Cut Tape (CT),Digi-Reel®","Mini TOPLED®","Active","Red","Standard","Colorless","Clear","9.8mcd","Rectangle with Flat Top","1.50mm x 1.00mm","1.8V","2mA","120°","Surface Mount","630nm","643nm","-","-","-","2-SMD, J-Lead","SMD","2.00mm L x 1.40mm W","1.40mm","https://www.digikey.be/en/products/detail/ams-osram-usa-inc/LS-M67K-J2L1-1-0-2-R18-Z/1938722"
"https://look.ams-osram.com/m/1ce9402ea49508df/original/LS-L296.pdf","//mm.digikey.com/Volume0/opasdata/d220001/medias/images/4850/475_0603%20%281608%20metric%29.jpg","475-LSL296-N2Q1-1-0-20-R18-ZTR-ND,475-LSL296-N2Q1-1-0-20-R18-ZCT-ND,475-LSL296-N2Q1-1-0-20-R18-ZDKR-ND","LS L296-N2Q1-1-0-20-R18-Z","ams-OSRAM USA INC.","ams-OSRAM USA INC.","LED RED DIFFUSED 0603 SMD","7.718","0.1429","100","1","Tape & Reel (TR),Cut Tape (CT),Digi-Reel®","SMARTLED® 0603","Obsolete","Red","Standard","White","Diffused","62.75mcd","Rectangle with Flat Top","1.30mm x 0.80mm","2V","20mA","160°","Surface Mount","633nm","-","-","-","-","0603 (1608 Metric)","0603","1.70mm L x 0.80mm W","0.65mm","https://www.digikey.be/en/products/detail/ams-osram-usa-inc/LS-L296-N2Q1-1-0-20-R18-Z/2205623"
"https://fscdn.rohm.com/en/products/databook/datasheet/opto/led/chip_mono/sml-p11-e.pdf","//mm.digikey.com/Volume0/opasdata/d220001/medias/images/646/SML-P12UTT86.jpg","846-SML-P11UTT86TR-ND,846-SML-P11UTT86CT-ND,846-SML-P11UTT86DKR-ND","SML-P11UTT86","Rohm Semiconductor","Rohm Semiconductor","LED RED CLEAR 1006 SMD","43.952","0.1441","100","1","Tape & Reel (TR),Cut Tape (CT),Digi-Reel®","PicoLED™","Not For New Designs","Red","Standard","Colorless","Clear","2.5mcd","Square with Flat Top","0.60mm","1.8V","1mA","-","Surface Mount","621nm","-","-","-","-","0402 (1006 Metric)","1006 (0402)","1.00mm L x 0.60mm W","0.25mm","https://www.digikey.be/en/products/detail/rohm-semiconductor/SML-P11UTT86/2036458"
"https://www.KingbrightUSA.com/images/catalog/SPEC/APHD1608LSURCK.pdf","//mm.digikey.com/Volume0/opasdata/d220001/medias/images/534/APTD1608.jpg","754-2032-2-ND,754-2032-1-ND,754-2032-6-ND","APHD1608LSURCK","Kingbright","Kingbright","LED RED CLEAR 1608 SMD","26.911","0.1442","100","1","Tape & Reel (TR),Cut Tape (CT),Digi-Reel®","-","Active","Red","Standard","Colorless","Clear","45mcd","Round with Domed Top","0.70mm Dia","1.75V","2mA","100°","Surface Mount","630nm","645nm","-","-","-","0603 (1608 Metric)","1608","1.60mm L x 0.80mm W","0.75mm","https://www.digikey.be/en/products/detail/kingbright/APHD1608LSURCK/7043064"
"https://www.KingbrightUSA.com/images/catalog/SPEC/APG1005SEC-E-T.pdf","//mm.digikey.com/Volume0/opasdata/d220001/medias/images/6348/MFG_APG1005.jpg","754-1812-2-ND,754-1812-1-ND,754-1812-6-ND","APG1005SEC/E-T","Kingbright","Kingbright","LED RED CLEAR CHIP SMD","9.411","0.1442","100","1","Tape & Reel (TR),Cut Tape (CT),Digi-Reel®","-","Active","Red","Standard","Colorless","Clear","75mcd","Rectangle with Flat Top","0.60mm x 0.50mm","2V","20mA","120°","Surface Mount","624nm","632nm","-","-","-","0402 (1005 Metric)","Chip LED","1.00mm L x 0.50mm W","0.25mm","https://www.digikey.be/en/products/detail/kingbright/APG1005SEC-E-T/4764967"
"https://www.rohm.com/datasheet?p=SML-D15UW&dist=Digi-key&media=referral&source=digi-key.com&campaign=Digi-key","//mm.digikey.com/Volume0/opasdata/d220001/medias/images/717/Rohm-SML-D15.jpg","SML-D15UWT86TR-ND,SML-D15UWT86CT-ND,SML-D15UWT86DKR-ND","SML-D15UWT86","Rohm Semiconductor","Rohm Semiconductor","LED RED DIFFUSED 1608 SMD","11.622","0.1444","100","1","Tape & Reel (TR),Cut Tape (CT),Digi-Reel®","SML-D15","Active","Red","Standard","White","Diffused","112mcd","Rectangle with Flat Top","1.20mm x 0.80mm","2V","20mA","-","Surface Mount","620nm","-","-","-","-","0603 (1608 Metric)","1608 (0603)","1.60mm L x 0.80mm W","0.65mm","https://www.digikey.be/en/products/detail/rohm-semiconductor/SML-D15UWT86/5822342"
"https://www.rohm.com/datasheet?p=SML-D15VW&dist=Digi-key&media=referral&source=digi-key.com&campaign=Digi-key","//mm.digikey.com/Volume0/opasdata/d220001/medias/images/717/Rohm-SML-D15.jpg","SML-D15VWT86TR-ND,SML-D15VWT86CT-ND,SML-D15VWT86DKR-ND","SML-D15VWT86","Rohm Semiconductor","Rohm Semiconductor","LED RED DIFFUSED 1608 SMD","10.325","0.1444","100","1","Tape & Reel (TR),Cut Tape (CT),Digi-Reel®","SML-D15","Active","Red","Standard","White","Diffused","90mcd","Rectangle with Flat Top","1.20mm x 0.80mm","2V","20mA","-","Surface Mount","630nm","-","-","-","-","0603 (1608 Metric)","1608 (0603)","1.60mm L x 0.80mm W","0.65mm","https://www.digikey.be/en/products/detail/rohm-semiconductor/SML-D15VWT86/5822343"
"https://www.rohm.com/datasheet?p=SML-D15U2W&dist=Digi-key&media=referral&source=digi-key.com&campaign=Digi-key","//mm.digikey.com/Volume0/opasdata/d220001/medias/images/717/Rohm-SML-D15.jpg","SML-D15U2WT86TR-ND,SML-D15U2WT86CT-ND,SML-D15U2WT86DKR-ND","SML-D15U2WT86","Rohm Semiconductor","Rohm Semiconductor","LED RED DIFFUSED 1608 SMD","1.270","0.1444","100","1","Tape & Reel (TR),Cut Tape (CT),Digi-Reel®","SML-D15","Active","Red","Standard","White","Diffused","140mcd","Rectangle with Flat Top","1.20mm x 0.80mm","2V","20mA","-","Surface Mount","615nm","-","-","-","-","0603 (1608 Metric)","1608 (0603)","1.60mm L x 0.80mm W","0.65mm","https://www.digikey.be/en/products/detail/rohm-semiconductor/SML-D15U2WT86/5822341"
"https://www.sunledusa.com/products/spec/XZMDK55W-A2RT.pdf","//mm.digikey.com/Volume0/opasdata/d220001/medias/images/4175/MFG_XZMDK55W-A2RT.jpg","1497-1289-2-ND,1497-1289-1-ND,1497-1289-6-ND","XZMDK55W-A2RT","SunLED","SunLED","LED RED CLEAR 2SMD","44.768","0.1444","100","1","Tape & Reel (TR),Cut Tape (CT),Digi-Reel®","-","Active","Red","Standard","Colorless","Clear","228mcd","Round with Flat Top","1.10mm Dia","1.95V","20mA","70°","Surface Mount","630nm","645nm","-","-","-","1206 (3216 Metric)","2-SMD","3.20mm L x 1.60mm W","1.20mm","https://www.digikey.be/en/products/detail/sunled/XZMDK55W-A2RT/5775264"
"https://s3-us-west-2.amazonaws.com/catsy.557/DIA_Selector_Guide_SMD_060820.pdf","//mm.digikey.com/Volume0/opasdata/d220001/medias/images/6284/MFG_5988D10107F.jpg","350-5988D10107FTR-ND,350-5988D10107FCT-ND,350-5988D10107FDKR-ND","5988D10107F","Dialight","Dialight","LED RED 0603 SMD 7"" REEL","13.700","0.1444","100","1","Tape & Reel (TR),Cut Tape (CT),Digi-Reel®","598","Active","Red","-","-","-","60mcd","Rectangle with Flat Top","1.23mm x 0.80mm","1.8V","20mA","140°","Surface Mount","635nm","-","-","-","-","0603 (1608 Metric)","0603","1.60mm L x 0.80mm W","1.11mm","https://www.digikey.be/en/products/detail/dialight/5988D10107F/18091107"
"//mm.digikey.com/Volume0/opasdata/d220001/medias/docus/7304/5990P10137F.pdf","//mm.digikey.com/Volume0/opasdata/d220001/medias/images/7188/MFG_5990PX0137F.jpg","350-5990P10137FTR-ND,350-5990P10137FCT-ND,350-5990P10137FDKR-ND","5990P10137F","Dialight","Dialight","599 SMD LED 1206  1.1MM HEIGHT R","5.790","0.1444","100","1","Tape & Reel (TR),Cut Tape (CT),Digi-Reel®","599","Active","Red","Independent","Colorless","Clear","150mcd","Rectangle with Flat Top","2.01mm x 1.60mm","2.1V","20mA","140°","Surface Mount","630nm","-","-","-","-","1206 (3216 Metric)","1206","3.20mm L x 1.60mm W","1.10mm","https://www.digikey.be/en/products/detail/dialight/5990P10137F/27557878"
"http://www.stanley-components.com/php/downloaddatafile.php?rp=0,VFHR1116P-4C82A_e.pdf","//mm.digikey.com/Volume0/opasdata/d220001/medias/images/2242/MFG_6P.jpg","404-1224-2-ND,404-1224-1-ND,404-1224-6-ND","VFHR1116P-4C82A-TR","Stanley Electric Co","Stanley Electric Co","LED RED DIFFUSED 1608 SMD","11.966","0.1454","100","1","Tape & Reel (TR),Cut Tape (CT),Digi-Reel®","-","Active","Red","Standard","White","Diffused","560mcd","Round with Domed Top","0.90mm Dia","1.9V","20mA","-","Surface Mount","626nm","635nm","-","-","-","0603 (1608 Metric)","1608","1.64mm L x 0.84mm W","2.26mm","https://www.digikey.be/en/products/detail/stanley-electric-co/VFHR1116P-4C82A-TR/6797996"
"https://look.ams-osram.com/m/1e4a53afa42042da/original/LR-ETSF-01.pdf","-","475-LRETSF.01-7B8C-46-G3R3-050-SCT-ND,475-LRETSF.01-7B8C-46-G3R3-050-SDKR-ND,475-LRETSF.01-7B8C-46-G3R3-050-STR-ND","LR ETSF.01-7B8C-46-G3R3-050-S","ams-OSRAM USA INC.","ams-OSRAM USA INC.","LR ETSF.01-7B8C-46-G3R3-050-S","12.000","0.1456","100","1","Cut Tape (CT),Digi-Reel®,Bulk","Power TOPLED®","Active","Red","Standard","Colorless","Clear","3370mcd","Round with Flat Top","2.40mm Dia","2.15V","50mA","120°","Surface Mount","625nm (620nm ~ 630nm)","634nm","-","Automotive","AEC-Q102","4-PLCC","4-PLCC","3.20mm L x 2.80mm W","2.10mm","https://www.digikey.be/en/products/detail/ams-osram-usa-inc/LR-ETSF-01-7B8C-46-G3R3-050-S/28535254"
"http://www.stanley-components.com/php/downloaddatafile.php?rp=0,VFHV1112H-3BZ2B-TR_e.pdf","//mm.digikey.com/Volume0/opasdata/d220001/medias/images/766/VFHV1112H-3BZ2B-TR.jpg","404-1314-2-ND,404-1314-1-ND,404-1314-6-ND","VFHV1112H-3BZ2B-TR","Stanley Electric Co","Stanley Electric Co","LED RED SMD","364","0.1457","100","1","Tape & Reel (TR),Cut Tape (CT),Digi-Reel®","-","Active","Red","Standard","White","-","110mcd","Rectangle with Flat Top","1.30mm x 1.25mm","1.9V","20mA","140°","Surface Mount","615nm","624nm","-","-","-","0805 (2012 Metric)","-","2.00mm L x 1.25mm W","0.90mm","https://www.digikey.be/en/products/detail/stanley-electric-co/VFHV1112H-3BZ2B-TR/8544279"
"https://www.KingbrightUSA.com/images/catalog/SPEC/APTL3216SURCK-01.pdf","//mm.digikey.com/Volume0/opasdata/d220001/medias/images/5598/MFG_APTL3216QBC_D-01.jpg","754-APTL3216SURCK-01TR-ND,754-APTL3216SURCK-01CT-ND,754-APTL3216SURCK-01DKR-ND","APTL3216SURCK-01","Kingbright","Kingbright","LED RED CLEAR 1206 SMD","33.601","0.1467","100","1","Tape & Reel (TR),Cut Tape (CT),Digi-Reel®","Heli-R","Active","Red","-","Colorless","Clear","230mcd","Round with Domed Top","1.10mm Dia","1.95V","20mA","80°","Surface Mount","630nm","645nm","-","-","-","1206 (3216 Metric)","1206","3.20mm L x 1.60mm W","1.20mm","https://www.digikey.be/en/products/detail/kingbright/APTL3216SURCK-01/10293084"
"https://www.KingbrightUSA.com/images/catalog/SPEC/AP3216SURCK.pdf","//mm.digikey.com/Volume0/opasdata/d220001/medias/images/698/Kingbright-AP3216SURCK.jpg","754-2162-2-ND,754-2162-1-ND,754-2162-6-ND","AP3216SURCK","Kingbright","Kingbright","LED RED CLEAR CHIP SMD","22.469","0.1467","100","1","Tape & Reel (TR),Cut Tape (CT),Digi-Reel®","-","Active","Red","Standard","Colorless","Clear","230mcd","Rectangle with Flat Top","2.00mm x 1.60mm","1.95V","20mA","120°","Surface Mount","630nm","650nm","-","-","-","1206 (3216 Metric)","Chip LED","3.20mm L x 1.60mm W","1.10mm","https://www.digikey.be/en/products/detail/kingbright/AP3216SURCK/1987374"
"https://docs.broadcom.com/docs/AV02-0551EN","//mm.digikey.com/Volume0/opasdata/d220001/medias/images/2427/FIG%2022%20HIGHLIGHTED%20BLUE%20T052%201579.jpg","516-1440-2-ND,516-1440-1-ND,516-1440-6-ND","HSMS-C150","Broadcom Limited","Broadcom Limited","LED RED DIFFUSED CHIP SMD","122.261","0.1468","100","1","Tape & Reel (TR),Cut Tape (CT),Digi-Reel®","-","Active","Red","Standard","White","Diffused","10mcd","Rectangle with Flat Top","2.00mm x 1.60mm","2.1V","20mA","170°","Surface Mount","626nm","630nm","-","-","-","1206 (3216 Metric)","Chip LED","3.20mm L x 1.60mm W","1.10mm","https://www.digikey.be/en/products/detail/broadcom-limited/HSMS-C150/637701"
"//mm.digikey.com/Volume0/opasdata/d220001/medias/docus/1068/SML-31_Series.pdf","//mm.digikey.com/Volume0/opasdata/d220001/medias/images/2608/MFG_SML-310%20SERIES.jpg","846-SML-311UTT86TR-ND,846-SML-311UTT86CT-ND,846-SML-311UTT86DKR-ND","SML-311UTT86","Rohm Semiconductor","Rohm Semiconductor","LED RED CLEAR 0603 SMD","44.826","0.1468","100","1","Tape & Reel (TR),Cut Tape (CT),Digi-Reel®","SML-31","Not For New Designs","Red","Standard","Colorless","Clear","2.5mcd","Rectangle with Flat Top","1.20mm x 0.80mm","1.8V","2mA","-","Surface Mount","620nm","-","-","-","-","0603 (1608 Metric)","1608 (0603)","1.60mm L x 0.80mm W","0.90mm","https://www.digikey.be/en/products/detail/rohm-semiconductor/SML-311UTT86/637032"
"https://docs.broadcom.com/docs/AV02-0551EN","//mm.digikey.com/Volume0/opasdata/d220001/medias/images/2375/FIG%2020%20HIGHLIGHTED%20GREEN%20T052%201579.jpg","516-HSMS-C197TR-ND,516-HSMS-C197CT-ND,516-HSMS-C197DKR-ND","HSMS-C197","Broadcom Limited","Broadcom Limited","LED RED DIFFUSED SMD","8.397","0.1468","100","1","Tape & Reel (TR),Cut Tape (CT),Digi-Reel®","-","Active","Red","Standard","White","Diffused","10mcd","Rectangle with Flat Top","1.60mm x 0.80mm","2.1V","20mA","130°","Surface Mount","626nm","630nm","-","-","-","0603 (1608 Metric)","Chip LED","1.60mm L x 0.80mm W","0.40mm","https://www.digikey.be/en/products/detail/broadcom-limited/HSMS-C197/1235371"
"https://www.qt-brightek.com/datasheet/QBLP651_series.pdf","//mm.digikey.com/Volume0/opasdata/d220001/medias/images/1284/MFG_QBLP651-AG.jpg","1516-1172-2-ND,1516-1172-1-ND,1516-1172-6-ND","QBLP651-R","QT Brightek (QTB)","QT Brightek (QTB)","LED RED CLEAR 1206 SMD","1.327","0.1468","100","1","Tape & Reel (TR),Cut Tape (CT),Digi-Reel®","QBLP651","Active","Red","Standard","Colorless","Clear","600mcd","Round with Flat Top","1.10mm Dia","2V","20mA","40°","Surface Mount","620nm","-","-","-","-","1206 (3216 Metric)","1206","3.00mm L x 1.50mm W","1.40mm","https://www.digikey.be/en/products/detail/qt-brightek-qtb/QBLP651-R/5017766"
"https://docs.broadcom.com/docs/AV02-0551EN","//mm.digikey.com/Volume0/opasdata/d220001/medias/images/2375/FIG%2020%20HIGHLIGHTED%20GREEN%20T052%201579.jpg","516-1422-2-ND,516-1422-1-ND,516-1422-6-ND","HSMS-C190","Broadcom Limited","Broadcom Limited","LED RED DIFFUSED SMD","49.254","0.1493","100","1","Tape & Reel (TR),Cut Tape (CT),Digi-Reel®","-","Active","Red","Standard","White","Diffused","10mcd","Rectangle with Flat Top","1.00mm x 0.80mm","2.1V","20mA","170°","Surface Mount","626nm","630nm","-","-","-","0603 (1608 Metric)","Chip LED","1.60mm L x 0.80mm W","0.80mm","https://www.digikey.be/en/products/detail/broadcom-limited/HSMS-C190/637683"
"https://www.qt-brightek.com/datasheet/QBLP595-S3.pdf","//mm.digikey.com/Volume0/opasdata/d220001/medias/images/7517/MFG_QBLP595-R.jpg","1516-QBLP595-S3TR-ND,1516-QBLP595-S3CT-ND,1516-QBLP595-S3DKR-ND","QBLP595-S3","QT Brightek (QTB)","QT Brightek (QTB)","0402 LED RED 640NM DOMINANT, 660","2.859","0.1493","100","1","Tape & Reel (TR),Cut Tape (CT),Digi-Reel®","QBLP595","Active","Red","Standard","Colorless","Clear","25mcd","Rectangle with Flat Top","0.70mm x 0.50mm","1.9V","20mA","140°","Surface Mount","640nm","660nm","-","-","-","0402 (1005 Metric)","0402","1.00mm L x 0.50mm W","0.60mm","https://www.digikey.be/en/products/detail/qt-brightek-qtb/QBLP595-S3/22106642"
"//mm.digikey.com/Volume0/opasdata/d220001/medias/docus/5343/T1691URO-20C000212U1930.pdf","//mm.digikey.com/Volume0/opasdata/d220001/medias/images/3850/MFG_T1691.jpg","3147-T1691URO-20C000212U1930TR-ND,3147-T1691URO-20C000212U1930CT-ND,3147-T1691URO-20C000212U1930DKR-ND","T1691URO-20C000212U1930","Harvatek Corporation","Harvatek Corporation","LED RED CLEAR 2PLCC SMD","11.789","0.1493","100","1","Tape & Reel (TR),Cut Tape (CT),Digi-Reel®","-","Active","Red","-","-","Clear","150mcd","Round with Flat Top","2.00mm Dia","2.1V","20mA","120°","Surface Mount","631nm","639nm","-","-","-","2-PLCC","2-PLCC","-","2.00mm","https://www.digikey.be/en/products/detail/harvatek-corporation/T1691URO-20C000212U1930/16818077"
"//mm.digikey.com/Volume0/opasdata/d220001/medias/docus/5342/SML-210xT%2CSML-212xT%2CSML-212U2T%28A%29.pdf","//mm.digikey.com/Volume0/opasdata/d220001/medias/images/6336/846%7E2012%280805%29%7E%7E2.jpg","846-SML-210VTT86TR-ND,846-SML-210VTT86CT-ND,846-SML-210VTT86DKR-ND","SML-210VTT86","Rohm Semiconductor","Rohm Semiconductor","LED RED CLEAR 0805 SMD","167","0.1493","100","1","Tape & Reel (TR),Cut Tape (CT),Digi-Reel®","SML-21","Not For New Designs","Red","Standard","Colorless","Clear","4mcd","Rectangle with Flat Top","1.40mm x 1.25mm","2V","20mA","-","Surface Mount","-","650nm","-","-","-","0805 (2012 Metric)","2012 (0805)","2.00mm L x 1.25mm W","0.90mm","https://www.digikey.be/en/products/detail/rohm-semiconductor/SML-210VTT86/637017"
"-","//mm.digikey.com/Volume0/opasdata/d220001/medias/images/7165/%7E67%7E0805-%282012-Metric%29%7E.jpg","67-SML-LXF0805SRC-TR-ND,67-SML-LXF0805SRC-TRCT-ND,67-SML-LXF0805SRC-TRDKR-ND","SML-LXF0805SRC-TR","Lumex Opto/Components Inc.","Lumex Opto/Components Inc.","LED RED CLEAR SMD","821","0.1493","100","1","Tape & Reel (TR),Cut Tape (CT),Digi-Reel®","-","Active","Red","Standard","Colorless","Clear","70mcd","Rectangle with Flat Top","1.30mm x 1.25mm","1.7V","20mA","120°","Surface Mount","-","660nm","-","-","-","0805 (2012 Metric)","-","2.00mm L x 1.25mm W","1.10mm","https://www.digikey.be/en/products/detail/lumex-opto-components-inc/SML-LXF0805SRC-TR/515865"
"https://www.lumex.com/datasheet/files/SML-LX0805DRC-TR.pdf","//mm.digikey.com/Volume0/opasdata/d220001/medias/images/7165/%7E67%7E0805-%282012-Metric%29%7E.jpg","67-SML-LX0805DRC-TR-ND,67-SML-LX0805DRC-TRCT-ND,67-SML-LX0805DRC-TRDKR-ND","SML-LX0805DRC-TR","Lumex Opto/Components Inc.","Lumex Opto/Components Inc.","LED RED CLEAR SMD","486","0.1493","100","1","Tape & Reel (TR),Cut Tape (CT),Digi-Reel®","-","Active","Red","Independent","Colorless","Clear","25mcd","Rectangle with Flat Top","1.40mm x 1.24mm","2V","20mA","140°","Surface Mount","-","650nm","-","-","-","0805 (2012 Metric)","-","2.00mm L x 1.25mm W","1.20mm","https://www.digikey.be/en/products/detail/lumex-opto-components-inc/SML-LX0805DRC-TR/7364554"
"https://www.rohm.com/datasheet?p=SML-H12V8T&dist=Digi-key&media=referral&source=digi-key.com&campaign=Digi-key","//mm.digikey.com/Volume0/opasdata/d220001/medias/images/6336/846%7E2012%280805%29%7E%7E2.jpg","846-1210-2-ND,846-1210-1-ND,846-1210-6-ND","SML-H12V8TT86C","Rohm Semiconductor","Rohm Semiconductor","LED RED CLEAR 2012 SMD","25.692","0.15","100","1","Tape & Reel (TR),Cut Tape (CT),Digi-Reel®","EXCELED™","Active","Red","Standard","Colorless","Clear","25mcd","Rectangle with Flat Top","1.52mm x 1.25mm","2.2V","20mA","-","Surface Mount","630nm","-","-","-","-","0805 (2012 Metric)","2012 (0805)","2.00mm L x 1.25mm W","0.90mm","https://www.digikey.be/en/products/detail/rohm-semiconductor/SML-H12V8TT86C/4004601"
"https://www.rohm.com/datasheet?p=SML-H12U8T(C)&dist=Digi-key&media=referral&source=digi-key.com&campaign=Digi-key","//mm.digikey.com/Volume0/opasdata/d220001/medias/images/692/MFG_Automotive%2CAEC-Q101%2CSMLH12-Series.jpg","SML-H12U8TT86CTR-ND,SML-H12U8TT86CCT-ND,SML-H12U8TT86CDKR-ND","SML-H12U8TT86C","Rohm Semiconductor","Rohm Semiconductor","LED RED CLEAR 2012 SMD","3.011","0.15","100","1","Tape & Reel (TR),Cut Tape (CT),Digi-Reel®","SML-H12","Active","Red","Standard","Colorless","Clear","40mcd","Rectangle with Flat Top","1.52mm x 1.25mm","2.2V","20mA","-","Surface Mount","620nm","-","-","Automotive","AEC-Q101","0805 (2012 Metric)","2012 (0805)","2.00mm L x 1.25mm W","0.90mm","https://www.digikey.be/en/products/detail/rohm-semiconductor/SML-H12U8TT86C/9090446"
"https://look.ams-osram.com/m/381a1b58000ec667/original/LR-T68F.pdf","//mm.digikey.com/Volume0/opasdata/d220001/medias/images/1159/LATBT686-QR%2BRS%2BKL-Z.jpg","475-LRT68F-U1AA-1-1-20-R18-ZTR-ND,475-LRT68F-U1AA-1-1-20-R18-ZCT-ND,475-LRT68F-U1AA-1-1-20-R18-ZDKR-ND","LR T68F-U1AA-1-1-20-R18-Z","ams-OSRAM USA INC.","ams-OSRAM USA INC.","LED RED CLEAR 2PLCC SMD","64.671","0.1505","100","1","Tape & Reel (TR),Cut Tape (CT),Digi-Reel®","TOPLED® Black Surface","Active","Red","Standard","Colorless","Clear","925mcd","Round with Flat Top","2.40mm Dia","2.05V","20mA","120°","Surface Mount","625nm","634nm","-","-","-","2-PLCC","2-PLCC","3.20mm L x 2.80mm W","2.10mm","https://www.digikey.be/en/products/detail/ams-osram-usa-inc/LR-T68F-U1AA-1-1-20-R18-Z/2176326"
"https://www.we-online.com/components/products/datasheet/150080RS75000.pdf","//mm.digikey.com/Volume0/opasdata/d220001/medias/images/3007/WL-SMCW%20Series%200805.jpg","732-4984-2-ND,732-4984-1-ND,732-4984-6-ND","150080RS75000","Würth Elektronik","Würth Elektronik","LED RED CLEAR 0805 SMD","137.094","0.151","100","1","Tape & Reel (TR),Cut Tape (CT),Digi-Reel®","WL-SMCW","Active","Red","Standard","Colorless","Clear","150mcd","Rectangle with Flat Top","1.40mm x 1.25mm","2V","20mA","140°","Surface Mount","625nm","630nm","-","-","-","0805 (2012 Metric)","0805","2.00mm L x 1.25mm W","0.80mm","https://www.digikey.be/en/products/detail/würth-elektronik/150080RS75000/4489918"
"http://www.stanley-components.com/php/downloaddatafile.php?rp=0,VFHR1112H-3BY2A-TR_e.pdf","//mm.digikey.com/Volume0/opasdata/d220001/medias/images/2453/FIG%202%200805%20THIN%20TYPE.jpg","404-1311-2-ND,404-1311-1-ND,404-1311-6-ND","VFHR1112H-3BY2A-TR","Stanley Electric Co","Stanley Electric Co","LED RED DIFFUSED 2125 SMD","35.903","0.151","100","1","Tape & Reel (TR),Cut Tape (CT),Digi-Reel®","-","Active","Red","Standard","White","Diffused","91mcd","Rectangle with Flat Top","1.20mm x 1.25mm","1.9V","20mA","140°","Surface Mount","626nm","635nm","-","-","-","0805 (2012 Metric)","2125","2.00mm L x 1.25mm W","0.90mm","https://www.digikey.be/en/products/detail/stanley-electric-co/VFHR1112H-3BY2A-TR/6615659"
"https://www.KingbrightUSA.com/images/catalog/SPEC/APTD3216LSURCK.pdf","//mm.digikey.com/Volume0/opasdata/d220001/medias/images/668/MFG_APTD3216.jpg","754-2050-2-ND,754-2050-1-ND,754-2050-6-ND","APTD3216LSURCK","Kingbright","Kingbright","LED RED CLEAR 2SMD","20.056","0.1514","100","1","Tape & Reel (TR),Cut Tape (CT),Digi-Reel®","-","Active","Red","Standard","Colorless","Clear","150mcd","Round with Domed Top","1.60mm Dia","1.75V","2mA","40°","Surface Mount","630nm","645nm","-","-","-","1206 (3216 Metric)","2-SMD","3.20mm L x 1.60mm W","1.90mm","https://www.digikey.be/en/products/detail/kingbright/APTD3216LSURCK/7043080"
"https://docs.broadcom.com/docs/AV02-0551EN","//mm.digikey.com/Volume0/opasdata/d220001/medias/images/2523/FIG%2021%20HIGHLIGHTED%20%20PINK%20T052%201579.jpg","516-1429-2-ND,516-1429-1-ND,516-1429-6-ND","HSMS-C170","Broadcom Limited","Broadcom Limited","LED RED DIFFUSED CHIP SMD","124.605","0.1517","100","1","Tape & Reel (TR),Cut Tape (CT),Digi-Reel®","-","Active","Red","Standard","White","Diffused","10mcd","Rectangle with Flat Top","1.40mm x 1.25mm","2.1V","20mA","170°","Surface Mount","626nm","630nm","-","-","-","0805 (2012 Metric)","Chip LED","2.00mm L x 1.25mm W","0.80mm","https://www.digikey.be/en/products/detail/broadcom-limited/HSMS-C170/637690"
"https://www.KingbrightUSA.com/images/catalog/SPEC/AA3528SURSK.pdf","//mm.digikey.com/Volume0/opasdata/d220001/medias/images/538/AA3528SRS.JPG","754-1537-2-ND,754-1537-1-ND,754-1537-6-ND","AA3528SURSK","Kingbright","Kingbright","LED RED CLEAR SMD","51.630","0.1517","100","1","Tape & Reel (TR),Cut Tape (CT),Digi-Reel®","-","Active","Red","Standard","Colorless","Clear","100mcd","Round with Flat Top","2.40mm Dia","1.95V","20mA","120°","Surface Mount","630nm","650nm","-","-","-","2-PLCC","SMD","3.20mm L x 2.80mm W","2.10mm","https://www.digikey.be/en/products/detail/kingbright/AA3528SURSK/2440559"
"https://s3-us-west-2.amazonaws.com/catsy.557/C18653.pdf","//mm.digikey.com/Volume0/opasdata/d220001/medias/images/4884/MFG_599-2500-127F.jpg","350-599-0510-127FTR-ND,350-599-0510-127FCT-ND,350-599-0510-127FDKR-ND","599-0510-127F","Dialight","Dialight","LED RED CLEAR 1206 SMD","7.989","0.1517","100","1","Tape & Reel (TR),Cut Tape (CT),Digi-Reel®","559","Active","Red","-","Colorless","Clear","366mcd","Irregular","-","2.1V","20mA","70°","Surface Mount","625nm","-","-","-","-","1206 (3216 Metric)","1206","3.20mm L x 1.60mm W","1.23mm","https://www.digikey.be/en/products/detail/dialight/599-0510-127F/18735509"
"https://www.KingbrightUSA.com/images/catalog/SPEC/APHHS1005SURCK.pdf","//mm.digikey.com/Volume0/opasdata/d220001/medias/images/6348/MFG_APG1005.jpg","754-1104-2-ND,754-1104-1-ND,754-1104-6-ND","APHHS1005SURCK","Kingbright","Kingbright","LED RED CLEAR CHIP SMD","60.574","0.1519","100","1","Tape & Reel (TR),Cut Tape (CT),Digi-Reel®","-","Active","Red","Standard","Colorless","Clear","70mcd","Rectangle with Flat Top","0.80mm x 0.50mm","1.95V","20mA","120°","Surface Mount","630nm","645nm","-","-","-","0402 (1005 Metric)","Chip LED","1.00mm L x 0.50mm W","0.60mm","https://www.digikey.be/en/products/detail/kingbright/APHHS1005SURCK/1747502"
"https://www.qt-brightek.com/datasheet/QBLP601-S3.pdf","//mm.digikey.com/Volume0/opasdata/d220001/medias/images/5849/MFG_QBLP601-S3.jpg","1516-QBLP601-S3TR-ND,1516-QBLP601-S3CT-ND,1516-QBLP601-S3DKR-ND","QBLP601-S3","QT Brightek (QTB)","QT Brightek (QTB)","LED RED CLEAR 0603 SMD","2.298","0.1522","100","1","Tape & Reel (TR),Cut Tape (CT),Digi-Reel®","QBLP601","Active","Red","Standard","Colorless","Clear","25mcd","Rectangle with Flat Top","1.10mm x 0.80mm","2.0V","20mA","140°","Surface Mount","640nm","660nm","-","-","-","0603 (1608 Metric)","0603","1.60mm L x 0.80mm W","0.70mm","https://www.digikey.be/en/products/detail/qt-brightek-qtb/QBLP601-S3/18666385"
"https://www.sunledusa.com/products/spec/XZMER68W-3.pdf","//mm.digikey.com/Volume0/opasdata/d220001/medias/images/3741/MFG_XZVGR68W-3.jpg","1497-1384-2-ND,1497-1384-1-ND,1497-1384-6-ND","XZMER68W-3","SunLED","SunLED","LED RED CLEAR 0402 SMD","10.046","0.1535","100","1","Tape & Reel (TR),Cut Tape (CT),Digi-Reel®","-","Active","Red","Standard","Colorless","Clear","74mcd","Rectangle with Flat Top","0.60mm x 0.50mm","2V","20mA","120°","Surface Mount","624nm","632nm","-","-","-","0402 (1005 Metric)","0402","1.00mm L x 0.50mm W","0.25mm","https://www.digikey.be/en/products/detail/sunled/XZMER68W-3/6615527"
"//mm.digikey.com/Volume0/opasdata/d220001/medias/docus/889/sml-210.pdf","//mm.digikey.com/Volume0/opasdata/d220001/medias/images/6336/846%7E2012%280805%29%7E%7E2.jpg","846-SML-210LTT86TR-ND,846-SML-210LTT86CT-ND,846-SML-210LTT86DKR-ND","SML-210LTT86","Rohm Semiconductor","Rohm Semiconductor","LED RED CLEAR 2012 SMD","37.435","0.1542","100","1","Tape & Reel (TR),Cut Tape (CT),Digi-Reel®","SML-21","Not For New Designs","Red","Standard","Colorless","Clear","10mcd","Rectangle with Flat Top","1.40mm x 1.25mm","1.75V","20mA","-","Surface Mount","-","660nm","-","-","-","0805 (2012 Metric)","2012 (0805)","2.00mm L x 1.25mm W","0.90mm","https://www.digikey.be/en/products/detail/rohm-semiconductor/SML-210LTT86/637014"
"https://www.rohm.com/datasheet?p=SML-D14VW(A)&dist=Digi-Key&media=referral&source=digi-key.com&campaign=Digi-Key","//mm.digikey.com/Volume0/opasdata/d220001/medias/images/319/MFG_SML-D12x8%28C%29.jpg","846-SML-D14VWT86AASTR-ND,846-SML-D14VWT86AASCT-ND,846-SML-D14VWT86AASDKR-ND","SML-D14VWT86AAS","Rohm Semiconductor","Rohm Semiconductor","LED RED DIFFUSED 0603 SMD","15.922","0.1542","100","1","Tape & Reel (TR),Cut Tape (CT),Digi-Reel®","SML-D14(A)","Active","Red","Standard","White","Diffused","100mcd","Rectangle with Flat Top","1.20mm x 0.80mm","2V","20mA","-","Surface Mount","630nm","-","-","-","-","0603 (1608 Metric)","0603 (1608 Metric)","1.60mm L x 0.80mm W","-","https://www.digikey.be/en/products/detail/rohm-semiconductor/SML-D14VWT86AAS/4004598"
"https://www.qt-brightek.com/datasheet/QBLP595-2R5-2897.pdf","//mm.digikey.com/Volume0/opasdata/d220001/medias/images/7517/MFG_QBLP595-R.jpg","1516-QBLP595-2R5-2897TR-ND,1516-QBLP595-2R5-2897CT-ND,1516-QBLP595-2R5-2897DKR-ND","QBLP595-2R5-2897","QT Brightek (QTB)","QT Brightek (QTB)","LED RED CLEAR 0402 SMD","4.014","0.1542","100","1","Tape & Reel (TR),Cut Tape (CT),Digi-Reel®","QBLP595","Active","Red","Standard","Colorless","Clear","140mcd","Rectangle with Flat Top","0.70mm x 0.50mm","1.9V","5mA","140°","Surface Mount","620nm","630nm","-","-","-","0402 (1005 Metric)","0402","1.00mm L x 0.50mm W","0.60mm","https://www.digikey.be/en/products/detail/qt-brightek-qtb/QBLP595-2R5-2897/26763206"
"https://optoelectronics.liteon.com/upload/download/DS22-2014-0002/LTST-T680KRWT.pdf","//mm.digikey.com/Volume0/opasdata/d220001/medias/images/7180/%7E160%7E2-PLCC%7E.jpg","160-2180-2-ND,160-2180-1-ND,160-2180-6-ND","LTST-T680KRWT","Lite-On Inc.","LITEON","LED RED DIFFUSED 2SMD","1.216","0.1549","100","1","Tape & Reel (TR),Cut Tape (CT),Digi-Reel®","-","Active","Red","Standard","-","Diffused","185mcd","Round with Flat Top","-","2V","20mA","120°","Surface Mount","631nm","639nm","-","-","-","2-PLCC","2-SMD","3.20mm L x 2.80mm W","1.90mm","https://www.digikey.be/en/products/detail/liteon/LTST-T680KRWT/5231358"
"https://www.KingbrightUSA.com/images/catalog/SPEC/APTL3216SURCK.pdf","//mm.digikey.com/Volume0/opasdata/d220001/medias/images/534/APTL3216.jpg","754-1165-2-ND,754-1165-1-ND,754-1165-6-ND","APTL3216SURCK","Kingbright","Kingbright","LED RED CLEAR CHIP SMD","1.507","0.1556","100","1","Tape & Reel (TR),Cut Tape (CT),Digi-Reel®","-","Active","Red","Standard","Colorless","Clear","230mcd","Round with Flat Top","1.60mm Dia","1.95V","20mA","70°","Surface Mount","630nm","645nm","-","-","-","1206 (3216 Metric)","Chip LED","3.20mm L x 1.60mm W","1.10mm","https://www.digikey.be/en/products/detail/kingbright/APTL3216SURCK/1747564"
"https://www.sunledusa.com/products/spec/XZMDK55W-3HTA.pdf","//mm.digikey.com/Volume0/opasdata/d220001/medias/images/4117/MFG_XZMDK55W-3HTA.jpg","1497-XZMDK55W-3HTATR-ND,1497-XZMDK55W-3HTACT-ND,1497-XZMDK55W-3HTADKR-ND","XZMDK55W-3HTA","SunLED","SunLED","LED RED CLEAR CHIP SMD","1.675","0.1566","100","1","Tape & Reel (TR),Cut Tape (CT),Digi-Reel®","High Temperature","Active","Red","-","Colorless","Clear","-","Round with Domed Top","1.60mm Dia","1.95V","20mA","40°","Surface Mount","630nm","645nm","-","-","-","1206 (3216 Metric)","Chip LED","3.20mm L x 1.60mm W","2.00mm","https://www.digikey.be/en/products/detail/sunled/XZMDK55W-3HTA/11312523"
"https://www.we-online.com/components/products/datasheet/150060RS55040.pdf","//mm.digikey.com/Volume0/opasdata/d220001/medias/images/713/MFG_150060RS55040.jpg","732-12015-2-ND,732-12015-1-ND,732-12015-6-ND","150060RS55040","Würth Elektronik","Würth Elektronik","LED RED DIFFUSED 0603 SMD","20.238","0.157","100","1","Tape & Reel (TR),Cut Tape (CT),Digi-Reel®","WL-SMCD","Active","Red","Standard","-","Diffused","90mcd","Rectangle with Flat Top","1.00mm x 0.80mm","2V","20mA","140°","Surface Mount","624nm","632nm","-","-","-","0603 (1608 Metric)","0603 (1608 Metric)","1.60mm L x 0.80mm W","0.50mm","https://www.digikey.be/en/products/detail/würth-elektronik/150060RS55040/8557180"
"https://www.we-online.com/components/products/datasheet/150060SS55040.pdf","//mm.digikey.com/Volume0/opasdata/d220001/medias/images/713/MFG_150060RS55040.jpg","732-12016-2-ND,732-12016-1-ND,732-12016-6-ND","150060SS55040","Würth Elektronik","Würth Elektronik","LED RED DIFFUSED 0603 SMD","10.345","0.157","100","1","Tape & Reel (TR),Cut Tape (CT),Digi-Reel®","WL-SMCD","Active","Red","Standard","-","Diffused","70mcd","Rectangle with Flat Top","1.00mm x 0.80mm","2V","20mA","140°","Surface Mount","630nm","645nm","-","-","-","0603 (1608 Metric)","0603 (1608 Metric)","1.60mm L x 0.80mm W","0.50mm","https://www.digikey.be/en/products/detail/würth-elektronik/150060SS55040/8557181"
"https://www.inolux-corp.com/datasheet/SMDLED/Mono%20Color%20Top%20View/IN-S63WT%20Series_V1.0.pdf","//mm.digikey.com/Volume0/opasdata/d220001/medias/images/5849/MFG_IN-S63WTxseries.jpg","1830-IN-S63WTR-ND,1830-IN-S63WTRCT-ND,1830-IN-S63WTRDKR-ND","IN-S63WTR","Inolux","Inolux","LED RED CLEAR 0603 SMD","5.369","0.1572","100","1","Tape & Reel (TR),Cut Tape (CT),Digi-Reel®","IN-S63WT","Active","Red","-","Colorless","Clear","400mcd","Round with Domed Top","0.70mm Dia","2.2V","20mA","35°","Surface Mount","624nm","632nm","-","-","-","0603 (1608 Metric)","0603","1.60mm L x 0.80mm W","1.05mm","https://www.digikey.be/en/products/detail/inolux/IN-S63WTR/21679414"
"https://www.qt-brightek.com/datasheet/QBLP601-R-2897.pdf","//mm.digikey.com/Volume0/opasdata/d220001/medias/images/5741/MFG_QBLP601-R5-2897.jpg","1516-QBLP601-R-2897TR-ND,1516-QBLP601-R-2897CT-ND,1516-QBLP601-R-2897DKR-ND","QBLP601-R-2897","QT Brightek (QTB)","QT Brightek (QTB)","0603 LED RED 620NM DOMINANT,630N","8.830","0.159","100","1","Tape & Reel (TR),Cut Tape (CT),Digi-Reel®","QBLP601","Active","Red","Standard","Colorless","Clear","480mcd","Rectangle with Flat Top","1.10mm x 0.80mm","2V","20mA","140°","Surface Mount","620nm","630nm","-","-","-","0603 (1608 Metric)","0603","1.60mm L x 0.80mm W","0.70mm","https://www.digikey.be/en/products/detail/qt-brightek-qtb/QBLP601-R-2897/22106637"
"https://www.sunledusa.com/products/spec/XZMDR68W-3.pdf","//mm.digikey.com/Volume0/opasdata/d220001/medias/images/3741/MFG_XZVGR68W-3.jpg","1497-XZMDR68W-3TR-ND,1497-XZMDR68W-3CT-ND,1497-XZMDR68W-3DKR-ND","XZMDR68W-3","SunLED","SunLED","LED RED CLEAR 0402 SMD","2.559","0.159","100","1","Tape & Reel (TR),Cut Tape (CT),Digi-Reel®","-","Active","Red","Standard","Colorless","Clear","64mcd","Rectangle with Flat Top","0.60mm x 0.50mm","2V","20mA","120°","Surface Mount","631nm","639nm","-","-","-","0402 (1005 Metric)","0402","1.00mm L x 0.50mm W","0.25mm","https://www.digikey.be/en/products/detail/sunled/XZMDR68W-3/6615526"
"https://www.qt-brightek.com/datasheet/QBLP670_series.pdf","//mm.digikey.com/Volume0/opasdata/d220001/medias/images/2601/MFG_QBLP670-XX%20Series.jpg","1516-1110-2-ND,1516-1110-1-ND,1516-1110-6-ND","QBLP670-R","QT Brightek (QTB)","QT Brightek (QTB)","LED RED CLEAR 2PLCC SMD","3.272","0.159","100","1","Tape & Reel (TR),Cut Tape (CT),Digi-Reel®","QBLP670","Active","Red","Standard","Colorless","Clear","230mcd","Round with Flat Top","2.40mm Dia","2V","20mA","120°","Surface Mount","620nm","-","-","-","-","2-PLCC","2-PLCC","3.20mm L x 2.80mm W","2.10mm","https://www.digikey.be/en/products/detail/qt-brightek-qtb/QBLP670-R/4814708"
"https://SunLEDusa.com/products/spec/XZMDK53W-8HTA.pdf","//mm.digikey.com/Volume0/opasdata/d220001/medias/images/4727/MFG_XZMDK53W-8HTA.jpg","1497-XZMDK53W-8HTATR-ND,1497-XZMDK53W-8HTACT-ND,1497-XZMDK53W-8HTADKR-ND","XZMDK53W-8HTA","SunLED","SunLED","LED RED CLEAR 2SMD","2.422","0.1591","100","1","Tape & Reel (TR),Cut Tape (CT),Digi-Reel®","High Temperature","Active","Red","-","Colorless","Clear","-","Round with Domed Top","0.35mm Dia","1.95V","20mA","60°","Surface Mount","630nm","645nm","-","-","-","0603 (1608 Metric)","2-SMD","1.60mm L x 0.80mm W","1.10mm","https://www.digikey.be/en/products/detail/sunled/XZMDK53W-8HTA/11312525"
"https://www.KingbrightUSA.com/images/catalog/SPEC/AA3528EC.pdf","//mm.digikey.com/Volume0/opasdata/d220001/medias/images/7156/%7E754%7E2-PLCC%7E.jpg","754-AA3528ECTR-ND,754-AA3528ECCT-ND,754-AA3528ECDKR-ND","AA3528EC","Kingbright","Kingbright","LED RED CLEAR 2SMD","7.439","0.1592","100","1","Tape & Reel (TR),Cut Tape (CT),Digi-Reel®","-","Active","Red","Standard","Colorless","Clear","12mcd","Round with Flat Top","2.40mm Dia","2V","20mA","120°","Surface Mount","617nm","627nm","-","-","-","2-PLCC","2-SMD","3.20mm L x 2.80mm W","2.10mm","https://www.digikey.be/en/products/detail/kingbright/AA3528EC/5309038"
"//mm.digikey.com/Volume0/opasdata/d220001/medias/docus/200/AA3528LEC_Ver.5A_12-4-19.pdf","//mm.digikey.com/Volume0/opasdata/d220001/medias/images/4091/MFG_AA3528LEC.jpg","754-AA3528LECTR-ND,754-AA3528LECCT-ND,754-AA3528LECDKR-ND","AA3528LEC","Kingbright","Kingbright","LED RED CLEAR 2PLCC SMD","24.617","0.1592","100","1","Tape & Reel (TR),Cut Tape (CT),Digi-Reel®","-","Active","Red","Standard","Colorless","Clear","1.2mcd","Round with Flat Top","2.40mm Dia","1.7V","2mA","120°","Surface Mount","617nm","627nm","-","-","-","2-PLCC","2-PLCC","3.20mm L x 2.80mm W","2.10mm","https://www.digikey.be/en/products/detail/kingbright/AA3528LEC/10822826"
"https://www.KingbrightUSA.com/images/catalog/SPEC/AA3528ES.pdf","//mm.digikey.com/Volume0/opasdata/d220001/medias/images/4203/AA3528ES.jpg","754-1531-2-ND,754-1531-1-ND,754-1531-6-ND","AA3528ES","Kingbright","Kingbright","LED RED CLEAR SMD","17.595","0.1592","100","1","Tape & Reel (TR),Cut Tape (CT),Digi-Reel®","-","Active","Red","Standard","Colorless","Clear","12mcd","Round with Flat Top","2.40mm Dia","2V","20mA","120°","Surface Mount","625nm","627nm","-","-","-","2-PLCC","SMD","3.20mm L x 2.80mm W","2.10mm","https://www.digikey.be/en/products/detail/kingbright/AA3528ES/2440554"
"https://look.ams-osram.com/m/3fab26d6d8ed8e49/original/LR-E67F.pdf","//mm.digikey.com/Volume0/opasdata/d220001/medias/images/2292/Advanced-Power-TOPLED.jpg","475-LRE67F-ABCB-1-1-50-R18TR-ND,475-LRE67F-ABCB-1-1-50-R18CT-ND,475-LRE67F-ABCB-1-1-50-R18DKR-ND","LR E67F-ABCB-1-1-50-R18","ams-OSRAM USA INC.","ams-OSRAM USA INC.","LED RED CLEAR 4PLCC SMD","11.154","0.1597","100","1","Tape & Reel (TR),Cut Tape (CT),Digi-Reel®","Power TOPLED®","Active","Red","-","Colorless","Clear","2950mcd","Round with Flat Top","2.40mm Dia","2.15V","50mA","120°","Surface Mount","625nm","634nm","-","-","-","4-PLCC","4-PLCC","3.20mm L x 1.30mm W","2.10mm","https://www.digikey.be/en/products/detail/ams-osram-usa-inc/LR-E67F-ABCB-1-1-50-R18/17629032"
"//mm.digikey.com/Volume0/opasdata/d220001/medias/docus/792/16-213SDRC-S530-A3-TR8.pdf","//mm.digikey.com/Volume0/opasdata/d220001/medias/images/895/MFG_16-213SDRCS530-A3TR8.jpg","1080-1570-2-ND,1080-1570-1-ND,1080-1570-6-ND","16-213SDRC/S530-A3/TR8","Everlight Electronics Co Ltd","Everlight Electronics Co Ltd","LED RED CLEAR 0402 SMD","12.590","0.1603","100","1","Tape & Reel (TR),Cut Tape (CT),Digi-Reel®","-","Active","Red","Standard","Colorless","Clear","43mcd","Rectangle with Flat Top","1.00mm x 0.50mm","2V","20mA","120°","Surface Mount","639nm","650nm","-","-","-","0402 (1005 Metric)","0402","1.00mm L x 0.50mm W","0.55mm","https://www.digikey.be/en/products/detail/everlight-electronics-co-ltd/16-213SDRC-S530-A3-TR8/8535264"
"https://www.sunledusa.com/products/spec/XZMDK53W-8ST.pdf","//mm.digikey.com/Volume0/opasdata/d220001/medias/images/934/MFG_XZMDK53W-8ST.jpg","1497-1427-2-ND,1497-1427-1-ND,1497-1427-6-ND","XZMDK53W-8ST","SunLED","SunLED","LED RED CLEAR CHIP SMD","4.000","0.1614","100","1","Tape & Reel (TR),Cut Tape (CT),Digi-Reel®","-","Active","Red","Standard","Colorless","Clear","507mcd","Round with Domed Top","0.70mm Dia","1.95V","20mA","100°","Surface Mount","630nm","645nm","-","-","-","0603 (1608 Metric)","Chip LED","1.60mm L x 0.80mm W","0.80mm","https://www.digikey.be/en/products/detail/sunled/XZMDK53W-8ST/8259034"
"https://www.sunledusa.com/products/spec/XZMDK55W-A2.pdf","//mm.digikey.com/Volume0/opasdata/d220001/medias/images/3997/MFG_XZMDK55W-A2.jpg","1497-1400-2-ND,1497-1400-1-ND,1497-1400-6-ND","XZMDK55W-A2","SunLED","SunLED","LED RED CLEAR 2SMD","2.000","0.1614","100","1","Tape & Reel (TR),Cut Tape (CT),Digi-Reel®","-","Active","Red","Standard","Colorless","Clear","228mcd","Round with Flat Top","1.60mm Dia","1.95V","20mA","70°","Surface Mount","630nm","645nm","-","-","-","1206 (3216 Metric)","2-SMD","3.20mm L x 1.60mm W","1.10mm","https://www.digikey.be/en/products/detail/sunled/XZMDK55W-A2/4902035"
"https://docs.broadcom.com/doc/ASMM-Cx03-xxxxx-DS","//mm.digikey.com/Volume0/opasdata/d220001/medias/images/7157/ASMM-Cx0x-xxx2.jpg","516-ASMM-CR03-BU802TR-ND,516-ASMM-CR03-BU802CT-ND,516-ASMM-CR03-BU802DKR-ND","ASMM-CR03-BU802","Broadcom Limited","Broadcom Limited","LED RED 2PLCC SMD","47.240","0.1614","100","1","Tape & Reel (TR),Cut Tape (CT),Digi-Reel®","-","Active","Red","-","-","-","650mcd","Round with Flat Top","2.40mm Dia","2.1V","20mA","120°","Surface Mount","625nm","630nm","-","-","-","2-PLCC","2-PLCC","3.20mm L x 2.80mm W","2.10mm","https://www.digikey.be/en/products/detail/broadcom-limited/ASMM-CR03-BU802/13907003"
"https://s3.us-west-2.amazonaws.com/catsy.557/Dialight_datasheet_599_Single-Color_0603_Domed_Lens.pdf","//mm.digikey.com/Volume0/opasdata/d220001/medias/images/8893/MFG_5990XX0147F.jpg","350-5990710147FTR-ND,350-5990710147FCT-ND,350-5990710147FDKR-ND","5990710147F","Dialight","Dialight","599 SMD LED 0603 DOMED LENS RED","7.995","0.1614","100","1","Tape & Reel (TR),Cut Tape (CT),Digi-Reel®","599","Active","Red","Independent","Colorless","Clear","750mcd","Round with Domed Top","0.7mm Dia","2V","20mA","55°","Surface Mount","622nm","-","-","-","-","0603 (1608 Metric)","0603","1.60mm L x 0.80mm W","0.95mm","https://www.digikey.be/en/products/detail/dialight/5990710147F/29184847"
"//mm.digikey.com/Volume0/opasdata/d220001/medias/docus/5344/T1681URO-20C000312U1930.pdf","//mm.digikey.com/Volume0/opasdata/d220001/medias/images/3568/MFG_T1681.jpg","3147-T1681URO-20C000312U1930TR-ND,3147-T1681URO-20C000312U1930CT-ND,3147-T1681URO-20C000312U1930DKR-ND","T1681URO-20C000312U1930","Harvatek Corporation","Harvatek Corporation","LED RED CLEAR 4PLCC SMD","1.862","0.1614","100","1","Tape & Reel (TR),Cut Tape (CT),Digi-Reel®","-","Active","Red","-","-","Clear","120mcd","Round with Flat Top","2.00mm Dia","2V","20mA","120°","Surface Mount","631nm","639nm","-","-","-","4-PLCC","4-PLCC","-","2.00mm","https://www.digikey.be/en/products/detail/harvatek-corporation/T1681URO-20C000312U1930/16818085"
"http://www.inolux-corp.com/datasheet/SMDLED/Mono%20Color%20Top%20View/IN-P23CTKR_V1.0.pdf#SMD-LED","//mm.digikey.com/Volume0/opasdata/d220001/medias/images/3629/IN-P23CTx.jpg","1830-IN-P23CTKRTR-ND,1830-IN-P23CTKRCT-ND,1830-IN-P23CTKRDKR-ND","IN-P23CTKR","Inolux","Inolux","LED RED CLEAR 1411 SMD","5.470","0.1623","100","1","Tape & Reel (TR),Cut Tape (CT),Digi-Reel®","-","Active","Red","-","Colorless","Clear","4500mcd","Rectangle with Flat Top","-","2V","150mA","120°","Surface Mount","624nm","632nm","-","-","-","1411 (3528 Metric)","1411","3.50mm L x 2.80mm W","0.95mm","https://www.digikey.be/en/products/detail/inolux/IN-P23CTKR/14555739"
"https://www.we-online.com/components/products/datasheet/150141RS73100.pdf","//mm.digikey.com/Volume0/opasdata/d220001/medias/images/536/WL-SMTW-SERIES.jpg","732-5000-2-ND,732-5000-1-ND,732-5000-6-ND","150141RS73100","Würth Elektronik","Würth Elektronik","LED RED CLEAR 3528 SMD","9.528","0.163","100","1","Tape & Reel (TR),Cut Tape (CT),Digi-Reel®","WL-SMTW","Active","Red","Standard","Colorless","Clear","300mcd","Round with Flat Top","2.40mm Dia","2V","20mA","120°","Surface Mount","625nm","630nm","-","-","-","1411 (3528 Metric)","3528","3.50mm L x 2.80mm W","2.10mm","https://www.digikey.be/en/products/detail/würth-elektronik/150141RS73100/4489966"
"https://www.vishay.com/docs/81322/vlms30vlmo30vlmy30.pdf","//mm.digikey.com/Volume0/opasdata/d220001/medias/images/6296/751%7E6.541-5067.01-4%7E%7E2.jpg","VLMS30K1L2-GS08TR-ND,VLMS30K1L2-GS08CT-ND,VLMS30K1L2-GS08DKR-ND","VLMS30K1L2-GS08","Vishay Semiconductor Opto Division","Vishay Semiconductor Opto Division","LED RED CLEAR 2PLCC SMD","39.851","0.1631","100","1","Tape & Reel (TR),Cut Tape (CT),Digi-Reel®","VLM.3","Active","Red","Standard","-","Clear","13mcd","Round with Flat Top","2.40mm Dia","1.8V","2mA","120°","Surface Mount","630nm","635nm","-","-","-","2-SMD, J-Lead","2-PLCC","3.00mm L x 2.80mm W","1.85mm","https://www.digikey.be/en/products/detail/vishay-semiconductor-opto-division/VLMS30K1L2-GS08/4074234"
"https://www.vishay.com/docs/81322/vlms30vlmo30vlmy30.pdf","//mm.digikey.com/Volume0/opasdata/d220001/medias/images/6296/751%7E6.541-5067.01-4%7E%7E2.jpg","751-VLMS30J1L2-GS08TR-ND,751-VLMS30J1L2-GS08CT-ND,751-VLMS30J1L2-GS08DKR-ND","VLMS30J1L2-GS08","Vishay Semiconductor Opto Division","Vishay Semiconductor Opto Division","LED RED CLEAR 2PLCC SMD","2.096","0.1631","100","1","Tape & Reel (TR),Cut Tape (CT),Digi-Reel®","VLM.3","Active","Red","Standard","-","Clear","11mcd","Round with Flat Top","2.40mm Dia","1.8V","2mA","120°","Surface Mount","630nm","635nm","-","-","-","2-SMD, J-Lead","2-PLCC","3.00mm L x 2.80mm W","1.85mm","https://www.digikey.be/en/products/detail/vishay-semiconductor-opto-division/VLMS30J1L2-GS08/4074230"
"https://www.vishay.com/docs/81322/vlms30vlmo30vlmy30.pdf","//mm.digikey.com/Volume0/opasdata/d220001/medias/images/6296/751%7E6.541-5067.01-4%7E%7E2.jpg","VLMS3000-GS08TR-ND,VLMS3000-GS08CT-ND,VLMS3000-GS08DKR-ND","VLMS3000-GS08","Vishay Semiconductor Opto Division","Vishay Semiconductor Opto Division","LED RED CLEAR 2PLCC SMD","7.075","0.1631","100","1","Tape & Reel (TR),Cut Tape (CT),Digi-Reel®","VLM.3","Active","Red","Standard","-","Clear","2.8mcd","Round with Flat Top","2.40mm Dia","1.8V","2mA","120°","Surface Mount","630nm","635nm","-","-","-","2-SMD, J-Lead","2-PLCC","3.00mm L x 2.80mm W","1.85mm","https://www.digikey.be/en/products/detail/vishay-semiconductor-opto-division/VLMS3000-GS08/4074226"
"https://www.vishay.com/docs/81322/vlms30vlmo30vlmy30.pdf","//mm.digikey.com/Volume0/opasdata/d220001/medias/images/6296/751%7E6.541-5067.01-4%7E%7E2.jpg","VLMS30J1K2-GS08TR-ND,VLMS30J1K2-GS08CT-ND,VLMS30J1K2-GS08DKR-ND","VLMS30J1K2-GS08","Vishay Semiconductor Opto Division","Vishay Semiconductor Opto Division","LED RED CLEAR 2PLCC SMD","7.150","0.1631","100","1","Tape & Reel (TR),Cut Tape (CT),Digi-Reel®","VLM.3","Active","Red","Standard","-","Clear","8mcd","Round with Flat Top","2.40mm Dia","1.8V","2mA","120°","Surface Mount","630nm","635nm","-","-","-","2-SMD, J-Lead","2-PLCC","3.00mm L x 2.80mm W","1.85mm","https://www.digikey.be/en/products/detail/vishay-semiconductor-opto-division/VLMS30J1K2-GS08/4074228"
"//mm.digikey.com/Volume0/opasdata/d220001/medias/docus/7135/525762.pdf","//mm.digikey.com/Volume0/opasdata/d220001/medias/images/6296/751%7E6.541-5067.01-4%7E%7E2.jpg","751-VLMS30K2L2-GS08TR-ND,751-VLMS30K2L2-GS08CT-ND,751-VLMS30K2L2-GS08DKR-ND","VLMS30K2L2-GS08","Vishay Semiconductor Opto Division","Vishay Semiconductor Opto Division","LED RED CLEAR 2PLCC SMD","6.613","0.1631","100","1","Tape & Reel (TR),Cut Tape (CT),Digi-Reel®","VLM.3","Active","Red","Standard","-","Clear","14mcd","Round with Flat Top","2.40mm Dia","1.8V","2mA","120°","Surface Mount","630nm","635nm","-","-","-","2-SMD, J-Lead","2-PLCC","3.00mm L x 2.80mm W","1.85mm","https://www.digikey.be/en/products/detail/vishay-semiconductor-opto-division/VLMS30K2L2-GS08/4074236"
"https://vcclite.com/wp-content/uploads/products/LSM0603412V/datasheet/LSM0603412V-Datasheet-Rev-2.pdf","//mm.digikey.com/Volume0/opasdata/d220001/medias/images/771/MFG_LSM0603412V.jpg","LSM0603412VTR-ND,LSM0603412VCT-ND,LSM0603412VDKR-ND","LSM0603412V","Visual Communications Company - VCC","Visual Communications Company - VCC","LED RED CLEAR CHIP SMD","14.844","0.1636","100","1","Tape & Reel (TR),Cut Tape (CT),Digi-Reel®","LSM0603","Active","Red","Standard","Colorless","Clear","65mcd","Rectangle with Flat Top","1.20mm x 0.80mm","2V","20mA","120°","Surface Mount","635nm","635nm","-","-","-","0603 (1608 Metric)","Chip LED","1.60mm L x 0.80mm W","0.65mm","https://www.digikey.be/en/products/detail/visual-communications-company-vcc/LSM0603412V/9486722"
"https://www.KingbrightUSA.com/images/catalog/SPEC/APD3224SURCK-F01.pdf","//mm.digikey.com/Volume0/opasdata/d220001/medias/images/534/APD3224.jpg","754-1086-2-ND,754-1086-1-ND,754-1086-6-ND","APD3224SURCK-F01","Kingbright","Kingbright","LED RED CLEAR SMD","31.835","0.1641","100","1","Tape & Reel (TR),Cut Tape (CT),Digi-Reel®","-","Active","Red","Standard","Colorless","Clear","1500mcd","Round with Domed Top","1.70mm Dia","1.95V","20mA","20°","Surface Mount","630nm","645nm","-","-","-","1210 (3225 Metric)","SMD","3.20mm L x 2.40mm W","2.40mm","https://www.digikey.be/en/products/detail/kingbright/APD3224SURCK-F01/1747484"
"https://look.ams-osram.com/m/3fab26d6d8ed8e49/original/LR-E67F.pdf","//mm.digikey.com/Volume0/opasdata/d220001/medias/images/2494/FIG%204%2C%20GREEN%20HIGHLIGHT%201669%20TO53.jpg","475-LRE67F-ABCA-1-1-50-R18-ZTR-ND,475-LRE67F-ABCA-1-1-50-R18-ZCT-ND,475-LRE67F-ABCA-1-1-50-R18-ZDKR-ND","LR E67F-ABCA-1-1-50-R18-Z","ams-OSRAM USA INC.","ams-OSRAM USA INC.","LED RED CLEAR 4PLCC SMD","9.190","0.1646","100","1","Tape & Reel (TR),Cut Tape (CT),Digi-Reel®","Power TOPLED®","Active","Red","Standard","Colorless","Clear","-","Round with Flat Top","2.41mm Dia","2.15V","50mA","120°","Surface Mount","625nm","634nm","-","-","-","4-PLCC","4-PLCC","3.20mm L x 2.80mm W","2.10mm","https://www.digikey.be/en/products/detail/ams-osram-usa-inc/LR-E67F-ABCA-1-1-50-R18-Z/7908258"
"https://look.ams-osram.com/m/588b7609e5e69366/original/LS-E67F.pdf","//mm.digikey.com/Volume0/opasdata/d220001/medias/images/2494/FIG%204%2C%20GREEN%20HIGHLIGHT%201669%20TO53.jpg","475-LSE67F-ABBB-1-1-ZTR-ND,475-LSE67F-ABBB-1-1-ZCT-ND,475-LSE67F-ABBB-1-1-ZDKR-ND","LS E67F-ABBB-1-1-Z","ams-OSRAM USA INC.","ams-OSRAM USA INC.","LED RED CLEAR 4PLCC SMD","38.941","0.1662","100","1","Tape & Reel (TR),Cut Tape (CT),Digi-Reel®","Power TOPLED®","Active","Red","Standard","Colorless","Clear","2100mcd","Round with Flat Top","2.40mm Dia","2.15V","50mA","120°","Surface Mount","633nm","645nm","-","-","-","4-PLCC","4-PLCC","3.20mm L x 2.80mm W","2.10mm","https://www.digikey.be/en/products/detail/ams-osram-usa-inc/LS-E67F-ABBB-1-1-Z/4431564"
"//mm.digikey.com/Volume0/opasdata/d220001/medias/docus/5645/T15B1USD-20C000112U1930.pdf","//mm.digikey.com/Volume0/opasdata/d220001/medias/images/5645/MFG_T15B1.jpg","3147-T15B1USD-20C000112U1930TR-ND,3147-T15B1USD-20C000112U1930CT-ND,3147-T15B1USD-20C000112U1930DKR-ND","T15B1USD-20C000112U1930","Harvatek Corporation","Harvatek Corporation","LED RED CLEAR SMD","1.968","0.1667","100","1","Tape & Reel (TR),Cut Tape (CT),Digi-Reel®","-","Active","Red","-","-","Clear","180mcd","Oval with Flat Top","2.40mm x 1.70mm","2V","20mA","120°","Surface Mount","624nm","632nm","-","-","-","2-SMD, J-Lead","SMD","2.70mm L x 2.00mm W","1.40mm","https://www.digikey.be/en/products/detail/harvatek-corporation/T15B1USD-20C000112U1930/21709241"
"//mm.digikey.com/Volume0/opasdata/d220001/medias/docus/5338/QLSP05R.pdf","//mm.digikey.com/Volume0/opasdata/d220001/medias/images/4165/MFG_QLSP05R.jpg","3970-QLSP05RTR-ND,3970-QLSP05RCT-ND,3970-QLSP05RDKR-ND","QLSP05R","Quelighting Corp","Quelighting Corp","LED RED CLEAR 2PLCC SMD","3.128","0.167","100","1","Tape & Reel (TR),Cut Tape (CT),Digi-Reel®","-","Active","Red","-","-","Clear","700mcd","Round with Flat Top","-","2.2V","20mA","120°","Surface Mount","623nm","-","-","Automotive","AEC-Q101","1411 (3528 Metric)","2-PLCC","3.50mm L x 2.80mm W","2.00mm","https://www.digikey.be/en/products/detail/quelighting-corp/QLSP05R/15848748"
"https://www.vishay.com/docs/81681/vlme23.pdf","//mm.digikey.com/Volume0/opasdata/d220001/medias/images/6348/751%7E6.541-5052.01-4%7E%7E2.jpg","VLMK23P2S1-GS08TR-ND,VLMK23P2S1-GS08CT-ND,VLMK23P2S1-GS08DKR-ND","VLMK23P2S1-GS08","Vishay Semiconductor Opto Division","Vishay Semiconductor Opto Division","LED RED CLEAR SMD MINILED SMD","9.070","0.1681","100","1","Tape & Reel (TR),Cut Tape (CT),Digi-Reel®","MiniLED","Active","Red","Standard","-","Clear","140mcd","Rectangle with Flat Top","1.50mm x 0.90mm","1.9V","20mA","120°","Surface Mount","630nm","643nm","-","-","-","2-SMD, J-Lead","SMD MiniLED","2.20mm L x 1.40mm W","1.40mm","https://www.digikey.be/en/products/detail/vishay-semiconductor-opto-division/VLMK23P2S1-GS08/4075841"
"https://www.vishay.com/docs/81219/vlmk2300.pdf","//mm.digikey.com/Volume0/opasdata/d220001/medias/images/6348/751%7E6.541-5052.01-4%7E%7E2.jpg","VLMK2300-GS08TR-ND,VLMK2300-GS08CT-ND,VLMK2300-GS08DKR-ND","VLMK2300-GS08","Vishay Semiconductor Opto Division","Vishay Semiconductor Opto Division","LED RED CLEAR SMD MINILED SMD","1.824","0.1681","100","1","Tape & Reel (TR),Cut Tape (CT),Digi-Reel®","MiniLED","Active","Red","Standard","-","Clear","90mcd","Rectangle with Flat Top","1.50mm x 0.90mm","1.9V","20mA","120°","Surface Mount","630nm","643nm","-","-","-","2-SMD, J-Lead","SMD MiniLED","2.20mm L x 1.40mm W","1.40mm","https://www.digikey.be/en/products/detail/vishay-semiconductor-opto-division/VLMK2300-GS08/4075836"
"https://www.vishay.com/docs/81681/vlme23.pdf","//mm.digikey.com/Volume0/opasdata/d220001/medias/images/6348/751%7E6.541-5052.01-4%7E%7E2.jpg","VLMK23P2R1-GS08TR-ND,VLMK23P2R1-GS08CT-ND,VLMK23P2R1-GS08DKR-ND","VLMK23P2R1-GS08","Vishay Semiconductor Opto Division","Vishay Semiconductor Opto Division","LED RED CLEAR SMD MINILED SMD","705","0.1681","100","1","Tape & Reel (TR),Cut Tape (CT),Digi-Reel®","MiniLED","Active","Red","Standard","-","Clear","98mcd","Rectangle with Flat Top","1.50mm x 0.90mm","1.9V","20mA","120°","Surface Mount","630nm","643nm","-","-","-","2-SMD, J-Lead","SMD MiniLED","2.20mm L x 1.40mm W","1.40mm","https://www.digikey.be/en/products/detail/vishay-semiconductor-opto-division/VLMK23P2R1-GS08/4075838"
"https://optoelectronics.liteon.com/upload/download/DS22-2011-0412/LTST-M140QEKT.pdf","//mm.digikey.com/Volume0/opasdata/d220001/medias/images/7175/%7E160%7E2-SMD%2C-J-Lead%7E.jpg","160-2229-2-ND,160-2229-1-ND,160-2229-6-ND","LTST-M140QEKT","Lite-On Inc.","LITEON","LED RED CLEAR 2PLCC SMD","12.000","0.1684","100","1","Tape & Reel (TR),Cut Tape (CT),Digi-Reel®","-","Active","Red","Standard","Colorless","Clear","370mcd","Rectangle with Flat Top","-","2V","20mA","120°","Surface Mount","624nm","631nm","-","-","-","2-SMD, J-Lead","2-PLCC","3.00mm L x 1.40mm W","1.20mm","https://www.digikey.be/en/products/detail/liteon/LTST-M140QEKT/3198751"
"https://look.ams-osram.com/m/7ba318df0a5155c2/original/LS-M67K.pdf","//mm.digikey.com/Volume0/opasdata/d220001/medias/images/2375/FIG%208%2C%20PINK%20HIGHLIGHT%201669%20T053.jpg","475-LSM67K-H2K1-1-0-2-R18-ZTR-ND,475-LSM67K-H2K1-1-0-2-R18-ZCT-ND,475-LSM67K-H2K1-1-0-2-R18-ZDKR-ND","LS M67K-H2K1-1-0-2-R18-Z","ams-OSRAM USA INC.","ams-OSRAM USA INC.","LED RED CLEAR SMD","11.945","0.1686","100","1","Tape & Reel (TR),Cut Tape (CT),Digi-Reel®","Mini TOPLED®","Active","Red","Standard","Colorless","Clear","6.3mcd","Rectangle with Flat Top","1.50mm x 1.00mm","1.8V","2mA","120°","Surface Mount","630nm","643nm","-","-","-","2-SMD, J-Lead","SMD","2.00mm L x 1.40mm W","1.40mm","https://www.digikey.be/en/products/detail/ams-osram-usa-inc/LS-M67K-H2K1-1-0-2-R18-Z/1642971"
"http://www.stanley-components.com/php/downloaddatafile.php?rp=0,VFHV1104P-4C62B-TR_e.pdf","//mm.digikey.com/Volume0/opasdata/d220001/medias/images/1811/MFG_VFHx1104P-4C42C-TR.JPG","404-1217-2-ND,404-1217-1-ND,404-1217-6-ND","VFHV1104P-4C62B-TR","Stanley Electric Co","Stanley Electric Co","LED RED CLEAR 1608 SMD","1.884","0.1691","100","1","Tape & Reel (TR),Cut Tape (CT),Digi-Reel®","-","Active","Red","Standard","Colorless","Clear","420mcd","Round with Domed Top","1.00mm Dia","1.9V","20mA","-","Surface Mount","616nm","624nm","-","-","-","0603 (1608 Metric)","1608","1.60mm L x 0.80mm W","1.15mm","https://www.digikey.be/en/products/detail/stanley-electric-co/VFHV1104P-4C62B-TR/6205311"
"https://www.qt-brightek.com/datasheet/QBLP651-S.pdf","//mm.digikey.com/Volume0/opasdata/d220001/medias/images/4551/MFG_QBLP651-S.jpg","1516-QBLP651-STR-ND,1516-QBLP651-SCT-ND,1516-QBLP651-SDKR-ND","QBLP651-S","QT Brightek (QTB)","QT Brightek (QTB)","LED RED CLEAR 1206 SMD","2.840","0.1691","100","1","Tape & Reel (TR),Cut Tape (CT),Digi-Reel®","QBLP651","Active","Red","Standard","Colorless","Clear","87mcd","Round with Domed Top","1.10mm Dia","2V","20mA","40°","Surface Mount","640nm","660nm","-","-","-","1206 (3216 Metric)","1206","3.00mm L x 1.50mm W","1.50mm","https://www.digikey.be/en/products/detail/qt-brightek-qtb/QBLP651-S/17049619"
"https://www.qt-brightek.com/datasheet/QBLP595-R-2897.pdf","//mm.digikey.com/Volume0/opasdata/d220001/medias/images/7517/MFG_QBLP595-R.jpg","1516-QBLP595-R-2897TR-ND,1516-QBLP595-R-2897CT-ND,1516-QBLP595-R-2897DKR-ND","QBLP595-R-2897","QT Brightek (QTB)","QT Brightek (QTB)","LED RED CLEAR 0402 SMD","66.963","0.171","100","1","Tape & Reel (TR),Cut Tape (CT),Digi-Reel®","QBLP595","Active","Red","Standard","Colorless","Clear","330mcd","Rectangle with Flat Top","0.70mm x 0.50mm","2.1V","20mA","120°","Surface Mount","620nm","630nm","-","-","-","0402 (1005 Metric)","0402","1.00mm L x 0.50mm W","0.60mm","https://www.digikey.be/en/products/detail/qt-brightek-qtb/QBLP595-R-2897/16499677"
"https://docs.broadcom.com/docs/AV02-0378EN","//mm.digikey.com/Volume0/opasdata/d220001/medias/images/414/HSMW-CL25.jpg","516-ASMT-RH45-AQ502TR-ND,516-ASMT-RH45-AQ502CT-ND,516-ASMT-RH45-AQ502DKR-ND","ASMT-RH45-AQ502","Broadcom Limited","Broadcom Limited","LED RED DIFFUSED 0603 SMD","46.296","0.171","100","1","Tape & Reel (TR),Cut Tape (CT),Digi-Reel®","-","Active","Red","Standard","White","Diffused","-","Rectangle with Flat Top","1.10mm x 0.80mm","-","20mA","145°","Surface Mount","-","-","-","-","-","0603 (1608 Metric)","0603","1.60mm L x 0.80mm W","0.45mm","https://www.digikey.be/en/products/detail/broadcom-limited/ASMT-RH45-AQ502/2211226"
"https://docs.broadcom.com/doc/ASMM-Cx03-xxxxx-DS","//mm.digikey.com/Volume0/opasdata/d220001/medias/images/7157/ASMM-Cx0x-xxx2.jpg","516-ASMM-CR03-BV302TR-ND,516-ASMM-CR03-BV302CT-ND,516-ASMM-CR03-BV302DKR-ND","ASMM-CR03-BV302","Broadcom Limited","Broadcom Limited","LED RED 2PLCC SMD","45.377","0.171","100","1","Tape & Reel (TR),Cut Tape (CT),Digi-Reel®","-","Active","Red","-","-","-","800mcd","Round with Flat Top","2.40mm Dia","2.1V","20mA","120°","Surface Mount","625nm","630nm","-","-","-","2-PLCC","2-PLCC","3.20mm L x 2.80mm W","2.10mm","https://www.digikey.be/en/products/detail/broadcom-limited/ASMM-CR03-BV302/13907012"
"https://www.sunledusa.com/products/spec/XZMDK78W.pdf","//mm.digikey.com/Volume0/opasdata/d220001/medias/images/3979/MFG_XZMDK78W.jpg","1497-1176-2-ND,1497-1176-1-ND,1497-1176-6-ND","XZMDK78W","SunLED","SunLED","LED RED CLEAR CHIP SMD","10.296","0.171","100","1","Tape & Reel (TR),Cut Tape (CT),Digi-Reel®","-","Active","Red","Standard","Colorless","Clear","1495mcd","Round with Domed Top","1.80mm Dia","1.95V","20mA","20°","Surface Mount","630nm","645nm","-","-","-","1209 (3224 Metric)","Chip LED","3.20mm L x 2.40mm W","2.40mm","https://www.digikey.be/en/products/detail/sunled/XZMDK78W/4745958"
"https://www.KingbrightUSA.com/images/catalog/SPEC/AA3528SURCK.pdf","//mm.digikey.com/Volume0/opasdata/d220001/medias/images/2246/MFG_AA3528SURCK.jpg","754-2076-2-ND,754-2076-1-ND,754-2076-6-ND","AA3528SURCK","Kingbright","Kingbright","LED RED CLEAR 2SMD","1.370","0.1714","100","1","Tape & Reel (TR),Cut Tape (CT),Digi-Reel®","-","Active","Red","Independent","Colorless","Clear","350mcd","Round with Flat Top","2.40mm Dia","1.95V","20mA","120°","Surface Mount","630nm","645nm","-","-","-","2-PLCC","2-SMD","3.20mm L x 2.80mm W","2.15mm","https://www.digikey.be/en/products/detail/kingbright/AA3528SURCK/7318931"
"https://s3-us-west-2.amazonaws.com/catsy.557/C18654.pdf","//mm.digikey.com/Volume0/opasdata/d220001/medias/images/5644/MFG_599-0460-127F.jpg","350-599-0410-127FTR-ND,350-599-0410-127FCT-ND,350-599-0410-127FDKR-ND","599-0410-127F","Dialight","Dialight","LED RED CLEAR 1206 SMD","78.706","0.1734","100","1","Tape & Reel (TR),Cut Tape (CT),Digi-Reel®","599","Active","Red","-","Colorless","Clear","105mcd","Round with Flat Top","1.10mm Dia","2.1V","20mA","40°","Surface Mount","640nm","-","-","-","-","1206 (3216 Metric)","1206","3.00mm L x 1.50mm W","1.53mm","https://www.digikey.be/en/products/detail/dialight/599-0410-127F/21710495"
"https://www.rohm.com/datasheet?p=SML-D15UW(C)&dist=Digi-key&media=referral&source=digi-key.com&campaign=Digi-key","//mm.digikey.com/Volume0/opasdata/d220001/medias/images/319/MFG_SML-D15xW%28C%29.jpg","SML-D15UWT86CTR-ND,SML-D15UWT86CCT-ND,SML-D15UWT86CDKR-ND","SML-D15UWT86C","Rohm Semiconductor","Rohm Semiconductor","LED RED 1608 SMD","14.409","0.1734","100","1","Tape & Reel (TR),Cut Tape (CT),Digi-Reel®","SML-D15","Active","Red","Standard","White","-","112mcd","Rectangle with Flat Top","1.20mm x 0.80mm","2V","20mA","-","Surface Mount","620nm","-","-","Automotive","AEC-Q102","0603 (1608 Metric)","1608 (0603)","1.60mm L x 0.80mm W","0.65mm","https://www.digikey.be/en/products/detail/rohm-semiconductor/SML-D15UWT86C/9090440"
"https://s3-us-west-2.amazonaws.com/catsy.557/C18700.pdf","//mm.digikey.com/Volume0/opasdata/d220001/medias/images/5644/MFG_597-3003-407NF.jpg","350-597-3003-407NFTR-ND,350-597-3003-407NFCT-ND,350-597-3003-407NFDKR-ND","597-3003-407NF","Dialight","Dialight","LED RED DIFFUSED 0805 SMD","11.225","0.1734","100","1","Tape & Reel (TR),Cut Tape (CT),Digi-Reel®","597","Active","Red","-","White","Diffused","91mcd","Rectangle with Flat Top","1.30mm x 1.25mm","2.15V","20mA","140°","Surface Mount","626nm","-","-","-","-","0805 (2012 Metric)","0805","2.00mm L x 1.25mm W","0.93mm","https://www.digikey.be/en/products/detail/dialight/597-3003-407NF/21710497"
"https://www.rohm.com/datasheet?p=SML-D15U2W(C)&dist=Digi-key&media=referral&source=digi-key.com&campaign=Digi-key","//mm.digikey.com/Volume0/opasdata/d220001/medias/images/319/MFG_SML-D15xW%28C%29.jpg","SML-D15U2WT86CTR-ND,SML-D15U2WT86CCT-ND,SML-D15U2WT86CDKR-ND","SML-D15U2WT86C","Rohm Semiconductor","Rohm Semiconductor","LED RED 1608 SMD","5.376","0.1734","100","1","Tape & Reel (TR),Cut Tape (CT),Digi-Reel®","SML-D15","Active","Red","Standard","White","-","140mcd","Rectangle with Flat Top","1.20mm x 0.80mm","2V","20mA","-","Surface Mount","615nm","-","-","Automotive","AEC-Q102","0603 (1608 Metric)","1608 (0603)","1.60mm L x 0.80mm W","0.65mm","https://www.digikey.be/en/products/detail/rohm-semiconductor/SML-D15U2WT86C/9090439"
"https://s3-us-west-2.amazonaws.com/catsy.557/C18654.pdf","//mm.digikey.com/Volume0/opasdata/d220001/medias/images/4884/MFG_599-0411-127F.jpg","350-599-0411-127FTR-ND,350-599-0411-127FCT-ND,350-599-0411-127FDKR-ND","599-0411-127F","Dialight","Dialight","LED RED CLEAR 1206 SMD","5.806","0.1734","100","1","Tape & Reel (TR),Cut Tape (CT),Digi-Reel®","599","Active","Red","-","Colorless","Clear","415mcd","Round with Domed Top","-","2.1V","-","40°","Surface Mount","630nm","-","-","-","-","1206 (3216 Metric)","1206","3.00mm L x 1.50mm W","1.53mm","https://www.digikey.be/en/products/detail/dialight/599-0411-127F/18735506"
"https://www.rohm.com/datasheet?p=SML-D14VW(C)&dist=Digi-key&media=referral&source=digi-key.com&campaign=Digi-key","//mm.digikey.com/Volume0/opasdata/d220001/medias/images/319/MFG_SML-D14xW%28C%29.jpg","SML-D14VWT86CTR-ND,SML-D14VWT86CCT-ND,SML-D14VWT86CDKR-ND","SML-D14VWT86C","Rohm Semiconductor","Rohm Semiconductor","LED RED 1608 SMD","2.681","0.1734","100","1","Tape & Reel (TR),Cut Tape (CT),Digi-Reel®","SML-D14","Active","Red","Standard","White","-","100mcd","Rectangle with Flat Top","1.20mm x 0.80mm","2V","20mA","-","Surface Mount","630nm","-","-","Automotive","AEC-Q102","0603 (1608 Metric)","1608 (0603)","1.60mm L x 0.80mm W","0.65mm","https://www.digikey.be/en/products/detail/rohm-semiconductor/SML-D14VWT86C/9090434"
"https://www.qt-brightek.com/datasheet/QBLP631-S3.pdf","//mm.digikey.com/Volume0/opasdata/d220001/medias/images/5849/MFG_1516_QBLP631-S3.jpg","1516-QBLP631-S3TR-ND,1516-QBLP631-S3CT-ND,1516-QBLP631-S3DKR-ND","QBLP631-S3","QT Brightek (QTB)","QT Brightek (QTB)","0805 LED RED 640NM DOMINANT, 660","1.113","0.1734","100","1","Tape & Reel (TR),Cut Tape (CT),Digi-Reel®","QBLP631","Active","Red","Standard","Colorless","Clear","25mcd","Rectangle with Flat Top","1.30mm x 1.25mm","1.9V","20mA","140°","Surface Mount","640nm","660nm","-","-","-","0805 (2012 Metric)","0805","2.00mm L x 1.25mm W","0.90mm","https://www.digikey.be/en/products/detail/qt-brightek-qtb/QBLP631-S3/22106636"
"//mm.digikey.com/Volume0/opasdata/d220001/medias/docus/5344/T1681USD-20C000312U1930.pdf","//mm.digikey.com/Volume0/opasdata/d220001/medias/images/3568/MFG_T1681.jpg","3147-T1681USD-20C000312U1930TR-ND,3147-T1681USD-20C000312U1930CT-ND,3147-T1681USD-20C000312U1930DKR-ND","T1681USD-20C000312U1930","Harvatek Corporation","Harvatek Corporation","LED RED CLEAR 4PLCC SMD","2.009","0.1734","100","1","Tape & Reel (TR),Cut Tape (CT),Digi-Reel®","-","Active","Red","-","-","Clear","1200mcd","Round with Flat Top","2.00mm Dia","2V","20mA","120°","Surface Mount","623nm","630nm","-","-","-","4-PLCC","4-PLCC","-","2.00mm","https://www.digikey.be/en/products/detail/harvatek-corporation/T1681USD-20C000312U1930/16818082"
"https://www.rohm.com/datasheet?p=SML-D15VW(C)&dist=Digi-key&media=referral&source=digi-key.com&campaign=Digi-key","//mm.digikey.com/Volume0/opasdata/d220001/medias/images/319/MFG_SML-D15xW%28C%29.jpg","SML-D15VWT86CTR-ND,SML-D15VWT86CCT-ND,SML-D15VWT86CDKR-ND","SML-D15VWT86C","Rohm Semiconductor","Rohm Semiconductor","LED RED 1608 SMD","830","0.1734","100","1","Tape & Reel (TR),Cut Tape (CT),Digi-Reel®","SML-D15","Active","Red","Standard","White","-","90mcd","Rectangle with Flat Top","1.20mm x 0.80mm","2V","20mA","-","Surface Mount","630nm","-","-","Automotive","AEC-Q102","0603 (1608 Metric)","1608 (0603)","1.60mm L x 0.80mm W","0.65mm","https://www.digikey.be/en/products/detail/rohm-semiconductor/SML-D15VWT86C/9090441"
"https://www.rohm.com/datasheet?p=SML-D13VW(C)&dist=Digi-key&media=referral&source=digi-key.com&campaign=Digi-key","//mm.digikey.com/Volume0/opasdata/d220001/medias/images/719/SML-D13xWT86C.jpg","SML-D13VWT86CTR-ND,SML-D13VWT86CCT-ND,SML-D13VWT86CDKR-ND","SML-D13VWT86C","Rohm Semiconductor","Rohm Semiconductor","LED RED 1608 SMD","5","0.1734","100","1","Tape & Reel (TR),Cut Tape (CT),Digi-Reel®","SML-D13","Active","Red","Standard","White","-","55mcd","Rectangle with Flat Top","1.20mm x 0.80mm","2V","20mA","-","Surface Mount","630nm","-","-","Automotive","AEC-Q102","0603 (1608 Metric)","1608 (0603)","1.60mm L x 0.80mm W","0.65mm","https://www.digikey.be/en/products/detail/rohm-semiconductor/SML-D13VWT86C/9090430"
"https://s3-us-west-2.amazonaws.com/catsy.557/C18369B.pdf","//mm.digikey.com/Volume0/opasdata/d220001/medias/images/697/Dialight-5973035507F.jpg","350-4375-2-ND,350-4375-1-ND,350-4375-6-ND","5973035507F","Dialight","Dialight","LED RED 0603 SMD","2.918","0.1747","100","1","Tape & Reel (TR),Cut Tape (CT),Digi-Reel®","597","Obsolete","Red","Standard","-","-","112mcd","Rectangle with Flat Top","1.20mm x 0.80mm","2V","20mA","-","Surface Mount","620nm","-","-","-","-","0603 (1608 Metric)","0603","1.60mm L x 0.80mm W","0.68mm","https://www.digikey.be/en/products/detail/dialight/5973035507F/9385430"
"https://downloads.cree-led.com/files/ds/h/HB-CLM2D-RCC-ACC.pdf","//mm.digikey.com/Volume0/opasdata/d220001/medias/images/7424/MFG_CLM2D-RCC-CA0C0BB3.jpg","90-CLM2D-RCC-CA0C0BB3TR-ND,90-CLM2D-RCC-CA0C0BB3CT-ND,90-CLM2D-RCC-CA0C0BB3DKR-ND","CLM2D-RCC-CA0C0BB3","Cree LED","Cree LED","LED RED DIFFUSED SMD","2.200","0.1754","100","1","Tape & Reel (TR),Cut Tape (CT),Digi-Reel®","CLM2D-RCC","Active","Red","-","-","Diffused","8500mcd","Round with Domed Top","2.45mm Dia","2V","20mA","-","Surface Mount","621nm","-","-","-","-","4-SMD, J-Lead","-","3.50mm L x 2.80mm W","3.72mm","https://www.digikey.be/en/products/detail/cree-led/CLM2D-RCC-CA0C0BB3/18094743"
"https://www.vishay.com/docs/81339/vlms20.pdf","//mm.digikey.com/Volume0/opasdata/d220001/medias/images/6348/751%7E6.541-5052.01-4%7E%7E2.jpg","VLMS20J2L1-GS08TR-ND,VLMS20J2L1-GS08CT-ND,VLMS20J2L1-GS08DKR-ND","VLMS20J2L1-GS08","Vishay Semiconductor Opto Division","Vishay Semiconductor Opto Division","LED RED CLEAR SMD MINILED SMD","5.716","0.1755","100","1","Tape & Reel (TR),Cut Tape (CT),Digi-Reel®","MiniLED","Active","Red","Standard","-","Clear","10mcd","Rectangle with Flat Top","1.50mm x 0.90mm","1.8V","2mA","120°","Surface Mount","630nm","643nm","-","-","-","2-SMD, J-Lead","SMD MiniLED","2.20mm L x 1.40mm W","1.40mm","https://www.digikey.be/en/products/detail/vishay-semiconductor-opto-division/VLMS20J2L1-GS08/4074221"
"https://www.vishay.com/docs/81230/vlmk310.pdf","//mm.digikey.com/Volume0/opasdata/d220001/medias/images/6296/751%7E6.541-5067.01-4%7E%7E2.jpg","VLMK3102-GS08TR-ND,VLMK3102-GS08CT-ND,VLMK3102-GS08DKR-ND","VLMK3102-GS08","Vishay Semiconductor Opto Division","Vishay Semiconductor Opto Division","LED RED CLEAR 2PLCC SMD","5.363","0.1755","100","1","Tape & Reel (TR),Cut Tape (CT),Digi-Reel®","VLM3","Active","Red","Standard","-","Clear","39mcd","Round with Flat Top","2.40mm Dia","1.9V","10mA","120°","Surface Mount","630nm","643nm","-","-","-","2-SMD, J-Lead","2-PLCC","3.00mm L x 2.80mm W","1.85mm","https://www.digikey.be/en/products/detail/vishay-semiconductor-opto-division/VLMK3102-GS08/4075674"
"https://www.vishay.com/docs/81339/vlms20.pdf","//mm.digikey.com/Volume0/opasdata/d220001/medias/images/6348/751%7E6.541-5052.01-4%7E%7E2.jpg","751-VLMS20H2K1-GS08TR-ND,751-VLMS20H2K1-GS08CT-ND,751-VLMS20H2K1-GS08DKR-ND","VLMS20H2K1-GS08","Vishay Semiconductor Opto Division","Vishay Semiconductor Opto Division","LED RED CLEAR SMD MINILED SMD","4.031","0.1755","100","1","Tape & Reel (TR),Cut Tape (CT),Digi-Reel®","MiniLED","Active","Red","Standard","-","Clear","6mcd","Rectangle with Flat Top","1.50mm x 0.90mm","1.8V","2mA","120°","Surface Mount","630nm","643nm","-","-","-","2-SMD, J-Lead","SMD MiniLED","2.20mm L x 1.40mm W","1.40mm","https://www.digikey.be/en/products/detail/vishay-semiconductor-opto-division/VLMS20H2K1-GS08/4074218"
"https://www.vishay.com/docs/81329/vlmk31.pdf","//mm.digikey.com/Volume0/opasdata/d220001/medias/images/6296/751%7E6.541-5067.01-4%7E%7E2.jpg","751-VLMK31Q1R2-GS08TR-ND,751-VLMK31Q1R2-GS08CT-ND,751-VLMK31Q1R2-GS08DKR-ND","VLMK31Q1R2-GS08","Vishay Semiconductor Opto Division","Vishay Semiconductor Opto Division","LED RED CLEAR 2PLCC SMD","3.675","0.1755","100","1","Tape & Reel (TR),Cut Tape (CT),Digi-Reel®","VLM.3","Active","Red","Standard","-","Clear","126mcd","Round with Flat Top","2.40mm Dia","1.9V","20mA","120°","Surface Mount","630nm","643nm","-","-","-","2-SMD, J-Lead","2-PLCC","3.00mm L x 2.80mm W","1.85mm","https://www.digikey.be/en/products/detail/vishay-semiconductor-opto-division/VLMK31Q1R2-GS08/4075680"
"https://www.vishay.com/docs/81339/vlms20.pdf","//mm.digikey.com/Volume0/opasdata/d220001/medias/images/6348/751%7E6.541-5052.01-4%7E%7E2.jpg","VLMS20H2L1-GS08TR-ND,VLMS20H2L1-GS08CT-ND,VLMS20H2L1-GS08DKR-ND","VLMS20H2L1-GS08","Vishay Semiconductor Opto Division","Vishay Semiconductor Opto Division","LED RED CLEAR SMD MINILED SMD","2.616","0.1755","100","1","Tape & Reel (TR),Cut Tape (CT),Digi-Reel®","MiniLED","Active","Red","Standard","-","Clear","9mcd","Rectangle with Flat Top","1.50mm x 0.90mm","1.8V","2mA","120°","Surface Mount","630nm","643nm","-","-","-","2-SMD, J-Lead","SMD MiniLED","2.20mm L x 1.40mm W","1.40mm","https://www.digikey.be/en/products/detail/vishay-semiconductor-opto-division/VLMS20H2L1-GS08/4074219"
"https://www.vishay.com/docs/81230/vlmk310.pdf","//mm.digikey.com/Volume0/opasdata/d220001/medias/images/6296/751%7E6.541-5067.01-4%7E%7E2.jpg","751-VLMK3105-GS08TR-ND,751-VLMK3105-GS08CT-ND,751-VLMK3105-GS08DKR-ND","VLMK3105-GS08","Vishay Semiconductor Opto Division","Vishay Semiconductor Opto Division","LED RED CLEAR 2PLCC SMD","7.336","0.1755","100","1","Tape & Reel (TR),Cut Tape (CT),Digi-Reel®","VLM3","Active","Red","Standard","-","Clear","63mcd","Round with Flat Top","2.40mm Dia","1.9V","10mA","120°","Surface Mount","630nm","643nm","-","-","-","2-SMD, J-Lead","2-PLCC","3.00mm L x 2.80mm W","1.85mm","https://www.digikey.be/en/products/detail/vishay-semiconductor-opto-division/VLMK3105-GS08/4075676"
"https://www.vishay.com/docs/81339/vlms20.pdf","//mm.digikey.com/Volume0/opasdata/d220001/medias/images/6348/751%7E6.541-5052.01-4%7E%7E2.jpg","VLMS2000-GS08TR-ND,VLMS2000-GS08CT-ND,VLMS2000-GS08DKR-ND","VLMS2000-GS08","Vishay Semiconductor Opto Division","Vishay Semiconductor Opto Division","LED RED CLEAR SMD MINILED SMD","336","0.1755","100","1","Tape & Reel (TR),Cut Tape (CT),Digi-Reel®","MiniLED","Active","Red","Standard","-","Clear","4.5mcd","Rectangle with Flat Top","1.50mm x 0.90mm","1.8V","2mA","120°","Surface Mount","630nm","643nm","-","-","-","2-SMD, J-Lead","SMD MiniLED","2.20mm L x 1.40mm W","1.40mm","https://www.digikey.be/en/products/detail/vishay-semiconductor-opto-division/VLMS2000-GS08/4074217"
"https://s3-us-west-2.amazonaws.com/catsy.557/DIA_Selector_Guide_SMD_060820.pdf","//mm.digikey.com/Volume0/opasdata/d220001/medias/images/6463/MFG_5988C10107F.jpg","350-4459-2-ND,350-4459-1-ND,350-4459-6-ND","5988C10107F","Dialight","Dialight","LED RED 2MINIPLCC SMD","4.153","0.1758","100","1","Tape & Reel (TR),Cut Tape (CT),Digi-Reel®","598","Active","Red","-","-","-","405mcd","Rectangle with Flat Top","-","1.8V","5mA","-","Surface Mount","625nm","-","-","-","-","2-Mini PLCC","2-MiniPLCC","2.20mm L x 1.40mm W","1.35mm","https://www.digikey.be/en/products/detail/dialight/5988C10107F/10108975"
"https://s3-us-west-2.amazonaws.com/catsy.557/DIA_Selector_Guide_SMD_060820.pdf","//mm.digikey.com/Volume0/opasdata/d220001/medias/images/2392/597%20Series%202-PLCC%20AlGaAs%20Red%20Clear.jpg","350-4453-2-ND,350-4453-1-ND,350-4453-6-ND","5988B10107F","Dialight","Dialight","LED RED 623NM 2PLCC SMD","1.235","0.1758","100","1","Tape & Reel (TR),Cut Tape (CT),Digi-Reel®","598","Active","Red","-","-","-","380mcd","Round with Flat Top","-","1.8V","20mA","-","Surface Mount","623nm","-","-","-","-","2-PLCC","2-PLCC","3.20mm L x 2.80mm W","2.10mm","https://www.digikey.be/en/products/detail/dialight/5988B10107F/10108969"
"http://www.stanley-components.com/php/downloaddatafile.php?rp=0,FKR1111C-TR_e.pdf","//mm.digikey.com/Volume0/opasdata/d220001/medias/images/828/FKR1111C-TR.jpg","404-1269-2-ND,404-1269-1-ND,404-1269-6-ND","FKR1111C-TR","Stanley Electric Co","Stanley Electric Co","LED RED DIFFUSED 1608 SMD","1.688","0.1762","100","1","Tape & Reel (TR),Cut Tape (CT),Digi-Reel®","1111C","Active","Red","Standard","White","Diffused","310mcd","Rectangle with Flat Top","1.20mm x 0.80mm","2.1V","20mA","-","Surface Mount","626nm","638nm","-","-","-","0603 (1608 Metric)","1608","1.60mm L x 0.80mm W","0.80mm","https://www.digikey.be/en/products/detail/stanley-electric-co/FKR1111C-TR/6615581"
"https://www.KingbrightUSA.com/images/catalog/SPEC/AA3021ES.pdf","//mm.digikey.com/Volume0/opasdata/d220001/medias/images/2494/AA3021QBCT%5ED.jpg","754-1523-2-ND,754-1523-1-ND,754-1523-6-ND","AA3021ES","Kingbright","Kingbright","LED RED CLEAR SMD","4.034","0.1763","100","1","Tape & Reel (TR),Cut Tape (CT),Digi-Reel®","-","Active","Red","Standard","Colorless","Clear","18mcd","Oval with Flat Top","2.50mm x 1.50mm","2V","20mA","125°","Surface Mount","617nm","627nm","-","-","-","2-SMD, J-Lead","SMD","2.70mm L x 2.00mm W","1.50mm","https://www.digikey.be/en/products/detail/kingbright/AA3021ES/2438960"
"https://everlightamericas.com/index.php?controller=attachment&id_attachment=909","//mm.digikey.com/Volume0/opasdata/d220001/medias/images/748/MFG_EAST16083RA1.jpg","1080-1545-2-ND,1080-1545-1-ND,1080-1545-6-ND","EAST16083RA1","Everlight Electronics Co Ltd","Everlight Electronics Co Ltd","LED RED CLEAR 2SMD","20.818","0.1781","100","1","Tape & Reel (TR),Cut Tape (CT),Digi-Reel®","-","Active","Red","Standard","Colorless","Clear","40mcd","Rectangle with Flat Top","1.60mm x 0.80mm","1.85V","5mA","120°","Surface Mount","626nm","632nm","-","-","-","0603 (1608 Metric)","2-SMD","1.60mm L x 0.80mm W","0.40mm","https://www.digikey.be/en/products/detail/everlight-electronics-co-ltd/EAST16083RA1/5142346"
"https://look.ams-osram.com/m/2f4437bcd317c172/original/LS-E67F-dual-binning.pdf","//mm.digikey.com/Volume0/opasdata/d220001/medias/images/2292/Advanced-Power-TOPLED.jpg","475-LSE67F-Q2S1-1-3X4Y+ABBB-68-3A4A-R18-ZTR-ND,475-LSE67F-Q2S1-1-3X4Y+ABBB-68-3A4A-R18-ZCT-ND,475-LSE67F-Q2S1-1-3X4Y+ABBB-68-3A4A-R18-ZDKR-ND","LS E67F-Q2S1-1-3X4Y+ABBB-68-3A4A-R18-Z","ams-OSRAM USA INC.","ams-OSRAM USA INC.","LED RED CLEAR 4PLCC SMD","9.620","0.1791","100","1","Tape & Reel (TR),Cut Tape (CT),Digi-Reel®","Power TOPLED®","Active","Red","-","Colorless","Clear","2100mcd","Round with Flat Top","2.40mm Dia","2.15V","50mA","120°","Surface Mount","633nm","645nm","-","-","-","4-PLCC","4-PLCC","3.20mm L x 1.30mm W","2.10mm","https://www.digikey.be/en/products/detail/ams-osram-usa-inc/LS-E67F-Q2S1-1-3X4Y-ABBB-68-3A4A-R18-Z/17628775"
"https://www.lumex.com/datasheet/files/SML-LX1206SIC-TR.pdf","//mm.digikey.com/Volume0/opasdata/d220001/medias/images/7165/%7E67%7E1206-%283216-Metric%29%7E.jpg","67-1695-2-ND,67-1695-1-ND,67-1695-6-ND","SML-LX1206SIC-TR","Lumex Opto/Components Inc.","Lumex Opto/Components Inc.","LED RED CLEAR 1206 SMD","7.958","0.1805","100","1","Tape & Reel (TR),Cut Tape (CT),Digi-Reel®","-","Active","Red","Standard","Colorless","Clear","54mcd","Rectangle with Flat Top","2.00mm x 1.50mm","2V","20mA","130°","Surface Mount","-","632nm","-","-","-","1206 (3216 Metric)","1206","3.20mm L x 1.60mm W","1.10mm","https://www.digikey.be/en/products/detail/lumex-opto-components-inc/SML-LX1206SIC-TR/467543"
"https://www.vishay.com/docs/81230/vlmk310.pdf","//mm.digikey.com/Volume0/opasdata/d220001/medias/images/6296/751%7E6.541-5067.01-4%7E%7E2.jpg","VLMK3100-GS08TR-ND,VLMK3100-GS08CT-ND,VLMK3100-GS08DKR-ND","VLMK3100-GS08","Vishay Semiconductor Opto Division","Vishay Semiconductor Opto Division","LED RED CLEAR 2PLCC SMD","6.195","0.1805","100","1","Tape & Reel (TR),Cut Tape (CT),Digi-Reel®","VLM3","Active","Red","Standard","-","Clear","50mcd","Round with Flat Top","2.40mm Dia","1.9V","10mA","120°","Surface Mount","630nm","643nm","-","-","-","2-SMD, J-Lead","2-PLCC","3.00mm L x 2.80mm W","1.85mm","https://www.digikey.be/en/products/detail/vishay-semiconductor-opto-division/VLMK3100-GS08/1994744"
"https://docs.broadcom.com/doc/ASMM-Cx03-xxxxx-DS","//mm.digikey.com/Volume0/opasdata/d220001/medias/images/7157/ASMM-Cx0x-xxx2.jpg","516-ASMM-CS03-HM002TR-ND,516-ASMM-CS03-HM002CT-ND,516-ASMM-CS03-HM002DKR-ND","ASMM-CS03-HM002","Broadcom Limited","Broadcom Limited","LED RED 2PLCC SMD","43.589","0.1805","100","1","Tape & Reel (TR),Cut Tape (CT),Digi-Reel®","-","Active","Red","-","-","-","40mcd","Round with Flat Top","2.40mm Dia","2.1V","20mA","120°","Surface Mount","637nm","645nm","-","-","-","2-PLCC","2-PLCC","3.20mm L x 2.80mm W","2.10mm","https://www.digikey.be/en/products/detail/broadcom-limited/ASMM-CS03-HM002/13906992"
"https://www.vishay.com/docs/81329/vlmk31.pdf","//mm.digikey.com/Volume0/opasdata/d220001/medias/images/6296/751%7E6.541-5067.01-4%7E%7E2.jpg","VLMK31R1S1-GS08TR-ND,VLMK31R1S1-GS08CT-ND,VLMK31R1S1-GS08DKR-ND","VLMK31R1S1-GS08","Vishay Semiconductor Opto Division","Vishay Semiconductor Opto Division","LED RED CLEAR 2PLCC SMD","7.245","0.1805","100","1","Tape & Reel (TR),Cut Tape (CT),Digi-Reel®","VLM.3","Active","Red","Standard","-","Clear","168mcd","Round with Flat Top","2.40mm Dia","1.9V","20mA","120°","Surface Mount","630nm","643nm","-","-","-","2-SMD, J-Lead","2-PLCC","3.00mm L x 2.80mm W","1.85mm","https://www.digikey.be/en/products/detail/vishay-semiconductor-opto-division/VLMK31R1S1-GS08/4075682"
"https://www.we-online.com/catalog/datasheet/150224RS73100A.pdf","//mm.digikey.com/Volume0/opasdata/d220001/medias/images/747/MFG_150224YS73100A.jpg","732-12030-2-ND,732-12030-1-ND,732-12030-6-ND","150224RS73100A","Würth Elektronik","Würth Elektronik","LED RED CLEAR 2SMD","2.450","0.181","100","1","Tape & Reel (TR),Cut Tape (CT),Digi-Reel®","WL-SMTW","Active","Red","Standard","Colorless","Clear","350mcd","Rectangle with Flat Top","-","2V","20mA","120°","Surface Mount","625nm","630nm","-","-","-","2-SMD, J-Lead","2-SMD","2.00mm L x 1.40mm W","1.41mm","https://www.digikey.be/en/products/detail/würth-elektronik/150224RS73100A/8557195"
"http://www.us.kingbright.com/images/catalog/SPEC/APT1608SURC.pdf","//mm.digikey.com/Volume0/opasdata/d220001/medias/images/6469/MFG_754_APT1608SGD3.jpg","754-APT1608SURCTR-ND,754-APT1608SURCCT-ND,754-APT1608SURCDKR-ND","APT1608SURC","Kingbright","Kingbright","1.6X0.8MM,RED SMD LED","2.443","0.1811","100","1","Tape & Reel (TR),Cut Tape (CT),Digi-Reel®","-","Active","Red","Independent","Colorless","Clear","200mcd","Rectangle with Flat Top","1.20mm x 0.80mm","1.9V","20mA","120°","Surface Mount","628nm","640nm","-","-","-","0603 (1608 Metric)","0603","1.60mm L x 0.85mm W","0.85mm","https://www.digikey.be/en/products/detail/kingbright/APT1608SURC/25807475"
"https://www.we-online.com/components/products/datasheet/150120SS75000.pdf","//mm.digikey.com/Volume0/opasdata/d220001/medias/images/536/WL-SMCW-SERIES-1206-PKG.jpg","732-4992-2-ND,732-4992-1-ND,732-4992-6-ND","150120SS75000","Würth Elektronik","Würth Elektronik","LED RED CLEAR 1206 SMD","8.613","0.182","100","1","Tape & Reel (TR),Cut Tape (CT),Digi-Reel®","WL-SMCW","Active","Red","Standard","Colorless","Clear","60mcd","Rectangle with Flat Top","2.00mm x 1.60mm","1.9V","20mA","140°","Surface Mount","630nm","645nm","-","-","-","1206 (3216 Metric)","1206","3.20mm L x 1.60mm W","0.69mm","https://www.digikey.be/en/products/detail/würth-elektronik/150120SS75000/4489942"
"//mm.digikey.com/Volume0/opasdata/d220001/medias/docus/7147/3970_QLSP27RD_B.pdf","//mm.digikey.com/Volume0/opasdata/d220001/medias/images/7135/MFG_QLSP27RD_B.jpg","3970-QLSP27RD_BTR-ND,3970-QLSP27RD_BCT-ND,3970-QLSP27RD_BDKR-ND","QLSP27RD_B","Quelighting Corp","Quelighting Corp","3528 PACKAGE LED, PLCC2 DOME LEN","3.936","0.1826","100","1","Tape & Reel (TR),Cut Tape (CT),Digi-Reel®","-","Active","Red","Independent","-","-","6000mcd","Round with Domed Top","2.40mm Dia","2V","50mA","30°","Surface Mount","625nm","-","-","-","-","2-PLCC","2-PLCC","3.20mm L x 2.80mm W","3.55mm","https://www.digikey.be/en/products/detail/quelighting-corp/QLSP27RD-B/26797785"
"https://docs.broadcom.com/docs/HSMx-A10x-xxxxx-PLCC-2-SMT-LED-Indicator-DS","//mm.digikey.com/Volume0/opasdata/d220001/medias/images/2471/FIG%2026%20HIGHLIGHTED%20ORANGE%20T052%201579.jpg","516-HSMC-A100-Q70J1TR-ND,516-HSMC-A100-Q70J1CT-ND,516-HSMC-A100-Q70J1DKR-ND","HSMC-A100-Q70J1","Broadcom Limited","Broadcom Limited","LED RED CLEAR 2PLCC SMD","45.858","0.1829","100","1","Tape & Reel (TR),Cut Tape (CT),Digi-Reel®","-","Active","Red","Standard","Colorless","Clear","-","Round with Flat Top","2.20mm Dia","1.9V","20mA","120°","Surface Mount","626nm","635nm","-","-","-","2-PLCC","2-PLCC","3.20mm L x 2.80mm W","2.10mm","https://www.digikey.be/en/products/detail/broadcom-limited/HSMC-A100-Q70J1/2220744"
"https://downloads.cree-led.com/files/ds/h/HB-CLM4B-RKW-AKW.pdf","//mm.digikey.com/Volume0/opasdata/d220001/medias/images/28/MFG_CLM4B-AKW-CWAXB263.jpg","CLM4B-RKW-CWAXBAA3TR-ND,CLM4B-RKW-CWAXBAA3CT-ND,CLM4B-RKW-CWAXBAA3DKR-ND","CLM4B-RKW-CWAXBAA3","Cree LED","Cree LED","LED RED CLEAR 4PLCC SMD","13.922","0.1846","100","1","Tape & Reel (TR),Cut Tape (CT),Digi-Reel®","-","Active","Red","Standard","Colorless","Clear","1960mcd","Round with Flat Top","-","2.4V","50mA","-","Surface Mount","624nm","-","-","-","-","4-PLCC","4-PLCC","3.20mm L x 2.70mm W","2.05mm","https://www.digikey.be/en/products/detail/cree-led/CLM4B-RKW-CWAXBAA3/2341923"
"//mm.digikey.com/Volume0/opasdata/d220001/medias/docus/6025/QLSP28RD.pdf","//mm.digikey.com/Volume0/opasdata/d220001/medias/images/6151/MFG_QLSP28RD.jpg","3970-QLSP28RDTR-ND,3970-QLSP28RDCT-ND,3970-QLSP28RDDKR-ND","QLSP28RD","Quelighting Corp","Quelighting Corp","PLCC4, TOP VIEW, RED, 30, 50MA","2.380","0.1848","100","1","Tape & Reel (TR),Cut Tape (CT),Digi-Reel®","-","Active","Red","Independent","-","Clear","8000mcd","Round with Domed Top","2.40mm Dia","1.9V","50mA","30°","Surface Mount","625nm","-","-","-","-","4-PLCC","4-PLCC","3.20mm L x 2.80mm W","3.35mm","https://www.digikey.be/en/products/detail/quelighting-corp/QLSP28RD/22311989"
"https://s3-us-west-2.amazonaws.com/catsy.557/C18699.pdf","//mm.digikey.com/Volume0/opasdata/d220001/medias/images/5644/MFG_597-5004-407NF.jpg","350-597-5004-407NFTR-ND,350-597-5004-407NFCT-ND,350-597-5004-407NFDKR-ND","597-5004-407NF","Dialight","Dialight","LED RED DIFFUSED 0603 SMD","2.342","0.1852","100","1","Tape & Reel (TR),Cut Tape (CT),Digi-Reel®","597","Active","Red","-","White","Diffused","91mcd","Rectangle with Flat Top","1.20mm x 0.80mm","2.15V","20mA","140°","Surface Mount","626nm","-","-","-","-","0603 (1608 Metric)","0603","1.60mm L x 0.80mm W","0.83mm","https://www.digikey.be/en/products/detail/dialight/597-5004-407NF/21710494"
"//mm.digikey.com/Volume0/opasdata/d220001/medias/docus/4237/B19Y1USD-20C000113U1930.pdf","//mm.digikey.com/Volume0/opasdata/d220001/medias/images/4542/B1xxxxx-xxxxxxxxxU1930.jpg","3147-B19Y1USD-20C000113U1930TR-ND,3147-B19Y1USD-20C000113U1930CT-ND,3147-B19Y1USD-20C000113U1930DKR-ND","B19Y1USD-20C000113U1930","Harvatek Corporation","Harvatek Corporation","LED RED CLEAR 0603 SMD","13.274","0.1852","100","1","Tape & Reel (TR),Cut Tape (CT),Digi-Reel®","B19Y1USD-20","Active","Red","-","-","Clear","71.5mcd","Rectangle with Flat Top","1.60mm x 0.80mm","2V","20mA","105°, 120°","Surface Mount","624nm","632nm","-","-","-","0603 (1608 Metric)","0603","1.60mm L x 0.80mm W","0.25mm","https://www.digikey.be/en/products/detail/harvatek-corporation/B19Y1USD-20C000113U1930/16602930"
"//mm.digikey.com/Volume0/opasdata/d220001/medias/docus/3739/B1701URO-20D000114U1930.pdf","//mm.digikey.com/Volume0/opasdata/d220001/medias/images/4847/MFG_3147_B1701.jpg","3147-B1701URO-20D000114U1930TR-ND,3147-B1701URO-20D000114U1930CT-ND,3147-B1701URO-20D000114U1930DKR-ND","B1701URO-20D000114U1930","Harvatek Corporation","Harvatek Corporation","LED RED DIFFUSED 0805 SMD","3.849","0.1852","100","1","Tape & Reel (TR),Cut Tape (CT),Digi-Reel®","B1701URO","Active","Red","-","-","Diffused","71.5mcd","Rectangle with Flat Top","1.40mm x 1.30mm","2V","20mA","130°","Surface Mount","631nm","639nm","-","-","-","0805 (2012 Metric)","0805","2.00mm L x 1.30mm W","0.90mm","https://www.digikey.be/en/products/detail/harvatek-corporation/B1701URO-20D000114U1930/16671739"
"//mm.digikey.com/Volume0/opasdata/d220001/medias/docus/3750/B1701USD-20D000114U1930.pdf","//mm.digikey.com/Volume0/opasdata/d220001/medias/images/4847/MFG_3147_B1701.jpg","3147-B1701USD-20D000114U1930TR-ND,3147-B1701USD-20D000114U1930CT-ND,3147-B1701USD-20D000114U1930DKR-ND","B1701USD-20D000114U1930","Harvatek Corporation","Harvatek Corporation","LED RED DIFFUSED 0805 SMD","3.661","0.1852","100","1","Tape & Reel (TR),Cut Tape (CT),Digi-Reel®","B1701USD","Active","Red","-","-","Diffused","71.5mcd","Rectangle with Flat Top","1.40mm x 1.30mm","2V","20mA","130°","Surface Mount","624nm","632nm","-","-","-","0805 (2012 Metric)","0805","2.00mm L x 1.30mm W","0.90mm","https://www.digikey.be/en/products/detail/harvatek-corporation/B1701USD-20D000114U1930/16671746"
"https://www.rohm.com/datasheet?p=SML-E12UW&dist=Digi-key&media=referral&source=digi-key.com&campaign=Digi-key","//mm.digikey.com/Volume0/opasdata/d220001/medias/images/6296/846%7E1608%280603-0.36%29%7E%7E2.jpg","846-SML-E12UWT86TR-ND,846-SML-E12UWT86CT-ND,846-SML-E12UWT86DKR-ND","SML-E12UWT86","Rohm Semiconductor","Rohm Semiconductor","LED RED DIFFUSED 1608 SMD","656","0.1852","100","1","Tape & Reel (TR),Cut Tape (CT),Digi-Reel®","EXCELED™","Active","Red","Standard","White","Diffused","100mcd","Rectangle with Flat Top","1.20mm x 0.80mm","2.1V","20mA","-","Surface Mount","624nm","-","-","-","-","0603 (1608 Metric)","1608 (0603)","1.60mm L x 0.80mm W","0.46mm","https://www.digikey.be/en/products/detail/rohm-semiconductor/SML-E12UWT86/2337259"
"https://www.rohm.com/datasheet?p=SML-P12VT(R)&dist=Digi-key&media=referral&source=digi-key.com&campaign=Digi-key","//mm.digikey.com/Volume0/opasdata/d220001/medias/images/505/MFG_SML-P10.jpg","846-1168-2-ND,846-1168-1-ND,846-1168-6-ND","SML-P12VTT86R","Rohm Semiconductor","Rohm Semiconductor","LED RED CLEAR 1006 SMD","18.595","0.1859","100","1","Tape & Reel (TR),Cut Tape (CT),Digi-Reel®","PicoLED™","Active","Red","Standard","Colorless","Clear","60mcd","Square with Flat Top","0.60mm","2V","20mA","-","Surface Mount","630nm","-","-","-","-","0402 (1006 Metric)","1006 (0402)","1.00mm L x 0.60mm W","0.25mm","https://www.digikey.be/en/products/detail/rohm-semiconductor/SML-P12VTT86R/4862237"
"https://docs.broadcom.com/docs/AV02-0551EN","//mm.digikey.com/Volume0/opasdata/d220001/medias/images/2375/FIG%2020%20HIGHLIGHTED%20GREEN%20T052%201579.jpg","516-3074-2-ND,516-3074-1-ND,516-3074-6-ND","HSMS-C191","Broadcom Limited","Broadcom Limited","LED RED DIFFUSED CHIP SMD","33.070","0.1876","100","1","Tape & Reel (TR),Cut Tape (CT),Digi-Reel®","-","Active","Red","Standard","White","Diffused","10mcd","Rectangle with Flat Top","1.00mm x 0.80mm","2.1V","20mA","170°","Surface Mount","626nm","630nm","-","-","-","0603 (1608 Metric)","Chip LED","1.60mm L x 0.80mm W","0.60mm","https://www.digikey.be/en/products/detail/broadcom-limited/HSMS-C191/1235360"
"https://www.sunledusa.com/products/spec/XZMDK45S.pdf","//mm.digikey.com/Volume0/opasdata/d220001/medias/images/409/MFG_XZMDK45S.jpg","1497-1166-2-ND,1497-1166-1-ND,1497-1166-6-ND","XZMDK45S","SunLED","SunLED","LED RED CLEAR 2PLCC SMD","15.282","0.1876","100","1","Tape & Reel (TR),Cut Tape (CT),Digi-Reel®","-","Active","Red","Standard","Colorless","Clear","98mcd","Round with Flat Top","2.40mm Dia","1.95V","20mA","120°","Surface Mount","630nm","645nm","-","-","-","2-PLCC","2-PLCC","3.20mm L x 2.80mm W","2.10mm","https://www.digikey.be/en/products/detail/sunled/XZMDK45S/4745789"
"https://www.sunledusa.com/products/spec/XZMDK45WT.pdf","//mm.digikey.com/Volume0/opasdata/d220001/medias/images/4750/MFG_XZMDK45WT.jpg","1497-1321-2-ND,1497-1321-1-ND,1497-1321-6-ND","XZMDK45WT","SunLED","SunLED","LED RED CLEAR 2PLCC SMD","9.185","0.1876","100","1","Tape & Reel (TR),Cut Tape (CT),Digi-Reel®","-","Active","Red","Standard","Colorless","Clear","98mcd","Round with Flat Top","2.40mm Dia","1.95V","20mA","120°","Surface Mount","630nm","645nm","-","-","-","2-PLCC","2-PLCC","3.20mm L x 2.80mm W","2.15mm","https://www.digikey.be/en/products/detail/sunled/XZMDK45WT/6615702"
"https://downloads.cree-led.com/files/ds/h/HB-CLM3C-RKW-AKW.pdf","//mm.digikey.com/Volume0/opasdata/d220001/medias/images/7158/CLM3C-RKW-2-PLCC.jpg","CLM3C-RKW-CUBVAAA3TR-ND,CLM3C-RKW-CUBVAAA3CT-ND,CLM3C-RKW-CUBVAAA3DKR-ND","CLM3C-RKW-CUBVAAA3","Cree LED","Cree LED","LED RED CLEAR 2PLCC SMD","26.687","0.1882","100","1","Tape & Reel (TR),Cut Tape (CT),Digi-Reel®","-","Active","Red","Standard","Colorless","Clear","730mcd","Rectangle with Flat Top","-","2.1V","20mA","-","Surface Mount","624nm","-","-","-","-","2-SMD, J-Lead","2-PLCC","2.70mm L x 2.00mm W","1.40mm","https://www.digikey.be/en/products/detail/cree-led/CLM3C-RKW-CUBVAAA3/2341905"
"https://fscdn.rohm.com/en/products/databook/datasheet/opto/led/chip_mono/sml-p1-e.pdf","//mm.digikey.com/Volume0/opasdata/d220001/medias/images/646/SML-P12UTT86.jpg","846-SML-P12VTT86TR-ND,846-SML-P12VTT86CT-ND,846-SML-P12VTT86DKR-ND","SML-P12VTT86","Rohm Semiconductor","Rohm Semiconductor","LED RED CLEAR 1006 SMD","4.689","0.1897","100","1","Tape & Reel (TR),Cut Tape (CT),Digi-Reel®","PicoLED™","Not For New Designs","Red","Standard","Colorless","Clear","60mcd","Square with Flat Top","0.60mm","2V","20mA","-","Surface Mount","630nm","-","-","-","-","0402 (1006 Metric)","1006 (0402)","1.00mm L x 0.60mm W","0.25mm","https://www.digikey.be/en/products/detail/rohm-semiconductor/SML-P12VTT86/1643120"
"https://www.rohm.com/datasheet?p=SML-012V8T&dist=Digi-key&media=referral&source=digi-key.com&campaign=Digi-key","//mm.digikey.com/Volume0/opasdata/d220001/medias/images/2521/FIG%2014%2C%201671%20T053.jpg","846-SML-012V8TT86TR-ND,846-SML-012V8TT86CT-ND,846-SML-012V8TT86DKR-ND","SML-012V8TT86","Rohm Semiconductor","Rohm Semiconductor","LED RED CLEAR 3020 SMD","7.756","0.1899","100","1","Tape & Reel (TR),Cut Tape (CT),Digi-Reel®","SML-01","Active","Red","Standard","Colorless","Clear","63mcd","Rectangle with Flat Top","2.30mm x 1.60mm","2.2V","20mA","-","Surface Mount","630nm","-","-","-","-","1208 (3020 Metric)","3020 (1208)","3.00mm L x 2.00mm W","1.50mm","https://www.digikey.be/en/products/detail/rohm-semiconductor/SML-012V8TT86/2337262"
"https://docs.broadcom.com/docs/HSMx-A10x-xxxxx-PLCC-2-SMT-LED-Indicator-DS","//mm.digikey.com/Volume0/opasdata/d220001/medias/images/2471/FIG%2026%20HIGHLIGHTED%20ORANGE%20T052%201579.jpg","516-2121-2-ND,516-2121-1-ND,516-2121-6-ND","HSMC-A100-Q00J1","Broadcom Limited","Broadcom Limited","LED RED CLEAR 2PLCC SMD","145.066","0.1922","100","1","Tape & Reel (TR),Cut Tape (CT),Digi-Reel®","-","Active","Red","Standard","Colorless","Clear","100mcd","Round with Flat Top","2.20mm Dia","1.9V","20mA","120°","Surface Mount","626nm","635nm","-","-","-","2-PLCC","2-PLCC","3.20mm L x 2.80mm W","2.10mm","https://www.digikey.be/en/products/detail/broadcom-limited/HSMC-A100-Q00J1/1990519"
"https://www.rohm.com/datasheet?p=SML-012U8T&dist=Digi-key&media=referral&source=digi-key.com&campaign=Digi-key","//mm.digikey.com/Volume0/opasdata/d220001/medias/images/2521/FIG%2014%2C%201671%20T053.jpg","846-SML-012U8TT86TR-ND,846-SML-012U8TT86CT-ND,846-SML-012U8TT86DKR-ND","SML-012U8TT86","Rohm Semiconductor","Rohm Semiconductor","LED RED CLEAR 3020 SMD","1.130","0.1922","100","1","Tape & Reel (TR),Cut Tape (CT),Digi-Reel®","SML-01","Active","Red","Standard","Colorless","Clear","100mcd","Rectangle with Flat Top","2.30mm x 1.60mm","2.2V","20mA","-","Surface Mount","620nm","-","-","-","-","1208 (3020 Metric)","3020 (1208)","3.00mm L x 2.00mm W","1.50mm","https://www.digikey.be/en/products/detail/rohm-semiconductor/SML-012U8TT86/2337258"
"//mm.digikey.com/Volume0/opasdata/d220001/medias/docus/751/26-21-R6C-AR2T1LY-CA.pdf","//mm.digikey.com/Volume0/opasdata/d220001/medias/images/770/MFG_26-21R6C-AR2T1LYCA.jpg","1080-1596-2-ND,1080-1596-1-ND,1080-1596-6-ND","26-21/R6C-AR2T1LY/CA","Everlight Electronics Co Ltd","Everlight Electronics Co Ltd","LED RED CLEAR 2SMD","3.657","0.1924","100","1","Tape & Reel (TR),Cut Tape (CT),Digi-Reel®","-","Active","Red","Standard","Colorless","Clear","-","Round with Domed Top","1.60mm Dia","2V","5mA","30°","Surface Mount","626nm","632nm","-","-","-","1206 (3216 Metric)","2-SMD","3.20mm L x 1.60mm W","2.00mm","https://www.digikey.be/en/products/detail/everlight-electronics-co-ltd/26-21-R6C-AR2T1LY-CA/8535290"
"//mm.digikey.com/Volume0/opasdata/d220001/medias/docus/655/QTLP650%28C%2CD%29-2%2C3%2C4%2C7%2CB.pdf","//mm.digikey.com/Volume0/opasdata/d220001/medias/images/402/QTLP650C.jpg","1080-1416-2-ND,1080-1416-1-ND,1080-1416-6-ND","QTLP650CRTR","Everlight Electronics Co Ltd","Everlight Electronics Co Ltd","LED RED CLEAR 1206 SMD","301","0.1924","100","1","Tape & Reel (TR),Cut Tape (CT),Digi-Reel®","-","Active","Red","Standard","Colorless","Clear","70mcd","Rectangle with Flat Top","2.00mm x 1.60mm","2V","20mA","140°","Surface Mount","624nm","630nm","-","-","-","1206 (3216 Metric)","1206","3.20mm L x 1.60mm W","1.30mm","https://www.digikey.be/en/products/detail/everlight-electronics-co-ltd/QTLP650CRTR/2675907"
"https://www.sunledusa.com/products/spec/XZMER155W.pdf","//mm.digikey.com/Volume0/opasdata/d220001/medias/images/3987/MFG_XZMER155W.jpg","1497-1297-2-ND,1497-1297-1-ND,1497-1297-6-ND","XZMER155W","SunLED","SunLED","LED RED CLEAR 2SMD","578","0.1925","100","1","Tape & Reel (TR),Cut Tape (CT),Digi-Reel®","NanoPoint-0201","Active","Red","Standard","Colorless","Clear","39mcd","Rectangle with Flat Top","0.65mm x 0.35mm","2.4V","10mA","135°","Surface Mount","624nm","632nm","-","-","-","2-SMD, No Lead","2-SMD","0.65mm L x 0.35mm W","0.25mm","https://www.digikey.be/en/products/detail/sunled/XZMER155W/5848467"
"https://www.vishay.com/docs/81710/vlmt3100.pdf","//mm.digikey.com/Volume0/opasdata/d220001/medias/images/6296/751%7E6.541-5067.01-4%7E%7E2.jpg","VLMT3100-GS08TR-ND,VLMT3100-GS08CT-ND,VLMT3100-GS08DKR-ND","VLMT3100-GS08","Vishay Semiconductor Opto Division","Vishay Semiconductor Opto Division","LED RED CLEAR 2PLCC SMD","11.166","0.1929","100","1","Tape & Reel (TR),Cut Tape (CT),Digi-Reel®","VLM.3","Active","Red","Standard","-","Clear","1.1mcd","Round with Flat Top","2.40mm Dia","2.2V","2mA","120°","Surface Mount","619nm","635nm","-","-","-","2-SMD, J-Lead","2-PLCC","3.00mm L x 2.80mm W","1.85mm","https://www.digikey.be/en/products/detail/vishay-semiconductor-opto-division/VLMT3100-GS08/4074207"
"https://www.rohm.com/datasheet?p=SML-D13U8W&dist=Digi-key&media=referral&source=digi-key.com&campaign=Digi-key","//mm.digikey.com/Volume0/opasdata/d220001/medias/images/4383/CSL1901.jpg","846-SML-D13U8WT86TR-ND,846-SML-D13U8WT86CT-ND,846-SML-D13U8WT86DKR-ND","SML-D13U8WT86","Rohm Semiconductor","Rohm Semiconductor","LED RED 0603 SMD","5.808","0.1929","100","1","Tape & Reel (TR),Cut Tape (CT),Digi-Reel®","SML-D12x8/D13x8","Active","Red","-","-","-","70mcd","Rectangle with Flat Top","1.20mm x 0.80mm","2.2V","20mA","-","Surface Mount","620nm","-","-","-","-","0603 (1608 Metric)","0603","1.60mm L x 0.80mm W","0.65mm","https://www.digikey.be/en/products/detail/rohm-semiconductor/SML-D13U8WT86/16285870"
"https://look.ams-osram.com/m/4d7251c5b4a8fc23/original/LR-P47F.pdf","//mm.digikey.com/Volume0/opasdata/d220001/medias/images/6455/MFG_POINTLED-InGaN-Lx-P47F.jpg","475-LRP47F-U2AB-1-3A5A-30-R18F-ZTR-ND,475-LRP47F-U2AB-1-3A5A-30-R18F-ZCT-ND,475-LRP47F-U2AB-1-3A5A-30-R18F-ZDKR-ND","LR P47F-U2AB-1-3A5A-30-R18F-Z","ams-OSRAM USA INC.","ams-OSRAM USA INC.","LED RED CLEAR SMD","25.905","0.1939","100","1","Tape & Reel (TR),Cut Tape (CT),Digi-Reel®","PointLED®","Active","Red","-","Colorless","Clear","1180mcd","Round with Flat Top","1.60mm Dia","2.175V","30mA","120°","Surface Mount","625nm","634nm","-","-","-","2-SMD, Flat Leads","SMD","3.40mm L x 1.90mm W","0.88mm","https://www.digikey.be/en/products/detail/ams-osram-usa-inc/LR-P47F-U2AB-1-3A5A-30-R18F-Z/15206112"
"https://look.ams-osram.com/m/4d7251c5b4a8fc23/original/LR-P47F.pdf","//mm.digikey.com/Volume0/opasdata/d220001/medias/images/6455/MFG_POINTLED-InGaN-Lx-P47F.jpg","475-LRP47F-U2AB-1-3A5A-30-R18-ZTR-ND,475-LRP47F-U2AB-1-3A5A-30-R18-ZCT-ND,475-LRP47F-U2AB-1-3A5A-30-R18-ZDKR-ND","LR P47F-U2AB-1-3A5A-30-R18-Z","ams-OSRAM USA INC.","ams-OSRAM USA INC.","LED RED CLEAR SMD","10.195","0.1939","100","1","Tape & Reel (TR),Cut Tape (CT),Digi-Reel®","PointLED®","Active","Red","-","Colorless","Clear","1180mcd","Round with Flat Top","1.90mm Dia","2.2V","30mA","120°","Surface Mount","625nm","634nm","-","-","-","2-SMD, Flat Leads","SMD","3.40mm L x 1.55mm W","0.88mm","https://www.digikey.be/en/products/detail/ams-osram-usa-inc/LR-P47F-U2AB-1-3A5A-30-R18-Z/17629025"
"https://look.ams-osram.com/m/6d031dca441ae767/original/LS-P47F.pdf","//mm.digikey.com/Volume0/opasdata/d220001/medias/images/6455/MFG_POINTLED-InGaN-Lx-P47F.jpg","475-LSP47F-U2AA-1-3A5A-30-R18-ZTR-ND,475-LSP47F-U2AA-1-3A5A-30-R18-ZCT-ND,475-LSP47F-U2AA-1-3A5A-30-R18-ZDKR-ND","LS P47F-U2AA-1-3A5A-30-R18-Z","ams-OSRAM USA INC.","ams-OSRAM USA INC.","LED POINTLED REV SMD","941","0.1939","100","1","Tape & Reel (TR),Cut Tape (CT),Digi-Reel®","PointLED®","Active","Red","-","Colorless","Clear","980mcd","Round with Flat Top","1.60mm Dia","2.2V","30mA","120°","Surface Mount","633nm","645nm","-","-","-","2-SMD, Flat Leads","SMD","3.40mm L x 1.90mm W","0.88mm","https://www.digikey.be/en/products/detail/ams-osram-usa-inc/LS-P47F-U2AA-1-3A5A-30-R18-Z/10061137"
"https://look.ams-osram.com/m/6d031dca441ae767/original/LS-P47F.pdf","//mm.digikey.com/Volume0/opasdata/d220001/medias/images/6455/MFG_POINTLED-InGaN-Lx-P47F.jpg","475-LSP47F-U2AA-1-3A5A-30-R18F-ZTR-ND,475-LSP47F-U2AA-1-3A5A-30-R18F-ZCT-ND,475-LSP47F-U2AA-1-3A5A-30-R18F-ZDKR-ND","LS P47F-U2AA-1-3A5A-30-R18F-Z","ams-OSRAM USA INC.","ams-OSRAM USA INC.","LED RED CLEAR SMD","123","0.1939","100","1","Tape & Reel (TR),Cut Tape (CT),Digi-Reel®","PointLED®","Active","Red","-","Colorless","Clear","980mcd","Round with Flat Top","1.60mm Dia","2.2V","30mA","120°","Surface Mount","633nm","645nm","-","-","-","2-SMD, Flat Leads","SMD","3.40mm L x 1.90mm W","0.88mm","https://www.digikey.be/en/products/detail/ams-osram-usa-inc/LS-P47F-U2AA-1-3A5A-30-R18F-Z/10474046"
"https://www.sunledusa.com/products/spec/XZMDK105S.pdf","//mm.digikey.com/Volume0/opasdata/d220001/medias/images/4697/MFG_XZMDK105S.jpg","1497-1165-2-ND,1497-1165-1-ND,1497-1165-6-ND","XZMDK105S","SunLED","SunLED","LED RED CLEAR SMD","714","0.1946","100","1","Tape & Reel (TR),Cut Tape (CT),Digi-Reel®","-","Active","Red","Standard","Colorless","Clear","89mcd","Oval with Flat Top","2.50mm x 1.50mm","1.95V","20mA","125°","Surface Mount","630nm","645nm","-","-","-","2-SMD, J-Lead","SMD","2.70mm L x 2.00mm W","1.30mm","https://www.digikey.be/en/products/detail/sunled/XZMDK105S/4745788"
"https://downloads.cree-led.com/files/ds/h/HB-CLM4B-RKW-AKW.pdf","//mm.digikey.com/Volume0/opasdata/d220001/medias/images/28/MFG_CLM4B-AKW-CWAXB263.jpg","CLM4B-RKW-CWBXBAA3TR-ND,CLM4B-RKW-CWBXBAA3CT-ND,CLM4B-RKW-CWBXBAA3DKR-ND","CLM4B-RKW-CWBXBAA3","Cree LED","Cree LED","LED RED CLEAR 4PLCC SMD","6.134","0.1953","100","1","Tape & Reel (TR),Cut Tape (CT),Digi-Reel®","-","Active","Red","Standard","Colorless","Clear","2100mcd","Round with Flat Top","-","2.4V","50mA","-","Surface Mount","624nm","-","-","-","-","4-PLCC","4-PLCC","3.20mm L x 2.70mm W","2.05mm","https://www.digikey.be/en/products/detail/cree-led/CLM4B-RKW-CWBXBAA3/2341924"
"https://www.kingbrightusa.com/images/catalog/SPEC/APTR3216SURC.pdf","//mm.digikey.com/Volume0/opasdata/d220001/medias/images/6469/MFG_APTR3216SURC.jpg","754-APTR3216SURCTR-ND,754-APTR3216SURCCT-ND,754-APTR3216SURCDKR-ND","APTR3216SURC","Kingbright","Kingbright","3.2X1.6MM (1206) RED REVERSE MOU","712","0.1955","100","1","Tape & Reel (TR),Cut Tape (CT),Digi-Reel®","-","Active","Red","Independent","Colorless","Clear","250mcd","Rectangle with Flat Top","1.60mm x 1.40mm","1.9V","20mA","140°","Surface Mount","630nm","645nm","-","-","-","1206 (3216 Metric)","1206","3.20mm L x 1.60mm W","1.15mm","https://www.digikey.be/en/products/detail/kingbright/APTR3216SURC/25807455"
"https://fscdn.rohm.com/en/products/databook/datasheet/opto/led/chip_mono/csl1901vw1-e.pdf","//mm.digikey.com/Volume0/opasdata/d220001/medias/images/4383/CSL1901.jpg","846-CSL1901VW1TR-ND,846-CSL1901VW1CT-ND,846-CSL1901VW1DKR-ND","CSL1901VW1","Rohm Semiconductor","Rohm Semiconductor","LED RED DIFFUSED 0603 SMD","2.355","0.196","100","1","Tape & Reel (TR),Cut Tape (CT),Digi-Reel®","-","Active","Red","-","White","Diffused","4.8mcd","Rectangle with Flat Top","1.10mm x 0.80mm","1.8V","2mA","-","Surface Mount","630nm","-","-","-","-","0603 (1608 Metric)","0603","1.60mm L x 0.80mm W","0.65mm","https://www.digikey.be/en/products/detail/rohm-semiconductor/CSL1901VW1/16685589"
"https://fscdn.rohm.com/en/products/databook/datasheet/opto/led/chip_mono/csl1901uw1-e.pdf","//mm.digikey.com/Volume0/opasdata/d220001/medias/images/4383/CSL1901.jpg","846-CSL1901UW1TR-ND,846-CSL1901UW1CT-ND,846-CSL1901UW1DKR-ND","CSL1901UW1","Rohm Semiconductor","Rohm Semiconductor","LED RED DIFFUSED 0603 SMD","728","0.1963","100","1","Tape & Reel (TR),Cut Tape (CT),Digi-Reel®","-","Active","Red","-","White","Diffused","6mcd","Rectangle with Flat Top","1.10mm x 0.80mm","1.8V","2mA","-","Surface Mount","620nm","-","-","-","-","0603 (1608 Metric)","0603","1.60mm L x 0.80mm W","0.65mm","https://www.digikey.be/en/products/detail/rohm-semiconductor/CSL1901UW1/16685590"
"//mm.digikey.com/Volume0/opasdata/d220001/medias/docus/812/HSMx-C130.pdf","//mm.digikey.com/Volume0/opasdata/d220001/medias/images/431/Broadcom-HSMC-C130.jpg","516-HSMC-C130TR-ND,516-HSMC-C130CT-ND,516-HSMC-C130DKR-ND","HSMC-C130","Broadcom Limited","Broadcom Limited","LED RED DIFFUSED 0603 SMD","13.981","0.1969","100","1","Tape & Reel (TR),Cut Tape (CT),Digi-Reel®","-","Active","Red","Standard","White","Diffused","131mcd","Rectangle with Flat Top","1.15mm x 0.80mm","1.94V","20mA","110°","Surface Mount","626nm","635nm","-","-","-","0603 (1608 Metric)","0603","1.60mm L x 0.80mm W","0.35mm","https://www.digikey.be/en/products/detail/broadcom-limited/HSMC-C130/2220760"
"//mm.digikey.com/Volume0/opasdata/d220001/medias/docus/3701/B1811URO-20D000113U1930.pdf","//mm.digikey.com/Volume0/opasdata/d220001/medias/images/3984/Mfg_B1811xx.jpg","3147-B1811URO-20D000113U1930TR-ND,3147-B1811URO-20D000113U1930CT-ND,3147-B1811URO-20D000113U1930DKR-ND","B1811URO-20D000113U1930","Harvatek Corporation","Harvatek Corporation","LED RED DIFFUSED SMD","11.102","0.1969","100","1","Tape & Reel (TR),Cut Tape (CT),Digi-Reel®","-","Active","Red","-","-","Diffused","45mcd","Rectangle with Flat Top","1.00mm x 0.50mm","2V","20mA","100°, 130°","Surface Mount","631nm","639nm","-","-","-","0402 (1005 Metric)","-","1.00mm L x 0.50mm W","0.35mm","https://www.digikey.be/en/products/detail/harvatek-corporation/B1811URO-20D000113U1930/16573081"
"//mm.digikey.com/Volume0/opasdata/d220001/medias/docus/4887/B1101USD-20C000633U1930.pdf","//mm.digikey.com/Volume0/opasdata/d220001/medias/images/5442/MFG_B1101NG--20C000133U1930.jpg","3147-B1101USD-20C000633U1930TR-ND,3147-B1101USD-20C000633U1930CT-ND,3147-B1101USD-20C000633U1930DKR-ND","B1101USD-20C000633U1930","Harvatek Corporation","Harvatek Corporation","LED RED CLEAR 1204 SMD","2.749","0.1969","100","1","Tape & Reel (TR),Cut Tape (CT),Digi-Reel®","-","Active","Red","-","-","Clear","180mcd","Rectangle with Domed Top","2.00mm Dia","2V","20mA","116°, 140°","Surface Mount","624nm","632nm","-","-","-","1204 (3210 Metric)","1204","3.20mm L x 1.00mm W","1.60mm","https://www.digikey.be/en/products/detail/harvatek-corporation/B1101USD-20C000633U1930/18997148"
"//mm.digikey.com/Volume0/opasdata/d220001/medias/docus/4887/B1101USD-20C000733U1930.pdf","//mm.digikey.com/Volume0/opasdata/d220001/medias/images/5442/MFG_B1101NG--20C000133U1930.jpg","3147-B1101USD-20C000733U1930TR-ND,3147-B1101USD-20C000733U1930CT-ND,3147-B1101USD-20C000733U1930DKR-ND","B1101USD-20C000733U1930","Harvatek Corporation","Harvatek Corporation","LED RED CLEAR 1204 SMD","2.593","0.1969","100","1","Tape & Reel (TR),Cut Tape (CT),Digi-Reel®","-","Active","Red","-","-","Clear","71.5mcd","Rectangle with Domed Top","2.00mm Dia","2V","20mA","116°, 140°","Surface Mount","624nm","632nm","-","-","-","1204 (3210 Metric)","1204","3.20mm L x 1.00mm W","1.60mm","https://www.digikey.be/en/products/detail/harvatek-corporation/B1101USD-20C000733U1930/18997152"
"//mm.digikey.com/Volume0/opasdata/d220001/medias/docus/3642/B0221USD-02D000154U1930.pdf","-","3147-B0221USD-02D000154U1930TR-ND,3147-B0221USD-02D000154U1930CT-ND,3147-B0221USD-02D000154U1930DKR-ND","B0221USD-02D000154U1930","Harvatek Corporation","Harvatek Corporation","LED RED DIFFUSED 2SMD","2.319","0.1969","100","1","Tape & Reel (TR),Cut Tape (CT),Digi-Reel®","-","Active","Red","-","-","Diffused","7.15mcd","Rectangle with Flat Top","0.65mm x 0.38mm","1.8V","2mA","110°","Surface Mount","621nm","629nm","-","-","-","2-SMD, No Lead","2-SMD","0.65mm L x 0.38mm W","0.46mm","https://www.digikey.be/en/products/detail/harvatek-corporation/B0221USD-02D000154U1930/16563750"
"//mm.digikey.com/Volume0/opasdata/d220001/medias/docus/3477/B0221URO-02D000154U1930.pdf","-","3147-B0221URO-02D000154U1930TR-ND,3147-B0221URO-02D000154U1930CT-ND,3147-B0221URO-02D000154U1930DKR-ND","B0221URO-02D000154U1930","Harvatek Corporation","Harvatek Corporation","LED RED DIFFUSED 2SMD","2.183","0.1969","100","1","Tape & Reel (TR),Cut Tape (CT),Digi-Reel®","-","Active","Red","-","-","Diffused","11.25mcd","Rectangle with Flat Top","0.65mm x 0.38mm","2V","2mA","110°","Surface Mount","631nm","639nm","-","-","-","2-SMD, No Lead","2-SMD","0.65mm L x 0.38mm W","0.46mm","https://www.digikey.be/en/products/detail/harvatek-corporation/B0221URO-02D000154U1930/16563749"
"//mm.digikey.com/Volume0/opasdata/d220001/medias/docus/4887/B1101URO-20C000133U1930.pdf","//mm.digikey.com/Volume0/opasdata/d220001/medias/images/5442/MFG_B1101NG--20C000133U1930.jpg","3147-B1101URO-20C000133U1930TR-ND,3147-B1101URO-20C000133U1930CT-ND,3147-B1101URO-20C000133U1930DKR-ND","B1101URO-20C000133U1930","Harvatek Corporation","Harvatek Corporation","LED RED CLEAR 1204 SMD","1.972","0.1969","100","1","Tape & Reel (TR),Cut Tape (CT),Digi-Reel®","-","Active","Red","-","-","Clear","71.5mcd","Rectangle with Domed Top","2.00mm Dia","2V","20mA","116°, 140°","Surface Mount","631nm","639nm","-","-","-","1204 (3210 Metric)","1204","3.20mm L x 1.00mm W","1.60mm","https://www.digikey.be/en/products/detail/harvatek-corporation/B1101URO-20C000133U1930/18997144"
"https://vcclite.com/wp-content/uploads/2019/05/LSM0805412V-Red-Datasheet.pdf","//mm.digikey.com/Volume0/opasdata/d220001/medias/images/208/MFG_LSM0805412V.jpg","28-LSM0805412VTR-ND,28-LSM0805412VCT-ND,28-LSM0805412VDKR-ND","LSM0805412V","Visual Communications Company - VCC","Visual Communications Company - VCC","LED RED CLEAR 0805 SMD","51.601","0.1983","100","1","Tape & Reel (TR),Cut Tape (CT),Digi-Reel®","LSM0805","Active","Red","-","Colorless","Clear","100mcd","Rectangle with Flat Top","1.40mm x 1.20mm","2V","20mA","120°","Surface Mount","625nm","625nm","-","-","-","0805 (2012 Metric)","0805","2.00mm L x 1.25mm W","0.90mm","https://www.digikey.be/en/products/detail/visual-communications-company-vcc/LSM0805412V/10229616"
"https://optoelectronics.liteon.com/upload/download/DS22-2011-0144/LTST-B680QEKT.PDF","//mm.digikey.com/Volume0/opasdata/d220001/medias/images/7180/%7E160%7E2-PLCC%7E.jpg","160-LTST-B680QEKTTR-ND,160-LTST-B680QEKTCT-ND,160-LTST-B680QEKTDKR-ND","LTST-B680QEKT","Lite-On Inc.","LITEON","LED RED CLEAR SMD","3.490","0.1985","100","1","Tape & Reel (TR),Cut Tape (CT),Digi-Reel®","-","Active","Red","Standard","Colorless","Clear","785mcd","Round with Flat Top","-","2.2V","20mA","120°","Surface Mount","624nm","631nm","-","-","-","2-PLCC","SMD","3.20mm L x 2.80mm W","1.90mm","https://www.digikey.be/en/products/detail/liteon/LTST-B680QEKT/3198685"
"https://downloads.cree-led.com/files/ds/h/HB-CLM3C-RKW-AKW.pdf","//mm.digikey.com/Volume0/opasdata/d220001/medias/images/7158/CLM3C-RKW-2-PLCC.jpg","90-CLM3C-RKW-CUAVBAA3TR-ND,90-CLM3C-RKW-CUAVBAA3CT-ND,90-CLM3C-RKW-CUAVBAA3DKR-ND","CLM3C-RKW-CUAVBAA3","Cree LED","Cree LED","LED RED DIFFUSED 2PLCC SMD","2.970","0.1989","100","1","Tape & Reel (TR),Cut Tape (CT),Digi-Reel®","-","Active","Red","Standard","White","Diffused","740mcd","Rectangle with Flat Top","-","2.1V","20mA","-","Surface Mount","624nm","-","-","-","-","2-SMD, J-Lead","2-PLCC","2.70mm L x 2.00mm W","1.40mm","https://www.digikey.be/en/products/detail/cree-led/CLM3C-RKW-CUAVBAA3/2681233"
"https://everlightamericas.com/index.php?controller=attachment&id_attachment=4159","//mm.digikey.com/Volume0/opasdata/d220001/medias/images/4328/MFG_EAST0603RA0.jpg","1080-EAST0603RA0TR-ND,1080-EAST0603RA0CT-ND,1080-EAST0603RA0DKR-ND","EAST0603RA0","Everlight Electronics Co Ltd","Everlight Electronics Co Ltd","LED RED DIFFUSED 2SMD","21.720","0.1989","100","1","Tape & Reel (TR),Cut Tape (CT),Digi-Reel®","-","Active","Red","Standard","-","Diffused","12.6mcd","Rectangle with Flat Top","0.65mm x 0.38mm","1.95V","2mA","120°","Surface Mount","626nm","632nm","-","-","-","2-SMD, No Lead","2-SMD","0.65mm L x 0.38mm W","0.45mm","https://www.digikey.be/en/products/detail/everlight-electronics-co-ltd/EAST0603RA0/10481795"
"https://www.qt-brightek.com/datasheet/QBLP651-S3.pdf","//mm.digikey.com/Volume0/opasdata/d220001/medias/images/5741/MFG_QBLP651-S3.jpg","1516-QBLP651-S3TR-ND,1516-QBLP651-S3CT-ND,1516-QBLP651-S3DKR-ND","QBLP651-S3","QT Brightek (QTB)","QT Brightek (QTB)","1206D LED RED 640NM DOMINANT, 66","5.870","0.1999","100","1","Tape & Reel (TR),Cut Tape (CT),Digi-Reel®","QBLP651","Active","Red","Standard","Colorless","Clear","90mcd","Round with Flat Top","1.10mm Dia","2V","20mA","40°","Surface Mount","640nm","660nm","-","-","-","1206 (3216 Metric)","1206","3.00mm L x 1.50mm W","1.50mm","https://www.digikey.be/en/products/detail/qt-brightek-qtb/QBLP651-S3/22106647"
"https://www.rohm.com/datasheet?p=SML-D13UW(A)&dist=Digi-key&media=referral&source=digi-key.com&campaign=Digi-key","//mm.digikey.com/Volume0/opasdata/d220001/medias/images/319/MFG_SML-D12x8%28C%29.jpg","846-SML-D13UWT86ATR-ND,846-SML-D13UWT86ACT-ND,846-SML-D13UWT86ADKR-ND","SML-D13UWT86A","Rohm Semiconductor","Rohm Semiconductor","LED RED 0603 SMD","2.433","0.2011","100","1","Tape & Reel (TR),Cut Tape (CT),Digi-Reel®","SML-D13x","Active","Red","-","White","-","85mcd","Rectangle with Flat Top","1.20mm x 0.80mm","2V","20mA","-","Surface Mount","620nm","-","-","-","-","0603 (1608 Metric)","0603","1.60mm L x 0.80mm W","0.65mm","https://www.digikey.be/en/products/detail/rohm-semiconductor/SML-D13UWT86A/16582070"
"//mm.digikey.com/Volume0/opasdata/d220001/medias/docus/5342/SML-210xT%2CSML-212xT%2CSML-212U2T%28A%29.pdf","//mm.digikey.com/Volume0/opasdata/d220001/medias/images/6336/846%7E2012%280805%29%7E%7E2.jpg","846-SML-212U2TT86ATR-ND,846-SML-212U2TT86ACT-ND,846-SML-212U2TT86ADKR-ND","SML-212U2TT86A","Rohm Semiconductor","Rohm Semiconductor","LED RED CLEAR 0805 SMD","3.429","0.2015","100","1","Tape & Reel (TR),Cut Tape (CT),Digi-Reel®","SML-21","Not For New Designs","Red","Standard","Colorless","Clear","140mcd","Rectangle with Flat Top","1.40mm x 1.25mm","2V","20mA","-","Surface Mount","615nm","-","-","-","-","0805 (2012 Metric)","2012 (0805)","2.00mm L x 1.25mm W","0.90mm","https://www.digikey.be/en/products/detail/rohm-semiconductor/SML-212U2TT86A/2337254"
"https://look.ams-osram.com/m/3bedf0d60c6ae019/original/LR-E6SF.pdf","//mm.digikey.com/Volume0/opasdata/d220001/medias/images/2494/FIG%204%2C%20GREEN%20HIGHLIGHT%201669%20TO53.jpg","475-LRE6SF-ABCA-1-1-ZTR-ND,475-LRE6SF-ABCA-1-1-ZCT-ND,475-LRE6SF-ABCA-1-1-ZDKR-ND","LR E6SF-ABCA-1-1-50-R18-Z","ams-OSRAM USA INC.","ams-OSRAM USA INC.","LED RED CLEAR 4PLCC SMD","52","0.2017","100","1","Tape & Reel (TR),Cut Tape (CT),Digi-Reel®","Power TOPLED®","Active","Red","Standard","Colorless","Clear","2475mcd","Round with Flat Top","2.40mm Dia","2.15V","50mA","120°","Surface Mount","625nm","633nm","-","-","-","4-PLCC","4-PLCC","3.20mm L x 2.80mm W","2.10mm","https://www.digikey.be/en/products/detail/ams-osram-usa-inc/LR-E6SF-ABCA-1-1-50-R18-Z/2769091"
"//mm.digikey.com/Volume0/opasdata/d220001/medias/docus/3944/ASMT-CR00.pdf","//mm.digikey.com/Volume0/opasdata/d220001/medias/images/704/HSME-C110.jpg","516-ASMT-CR00TR-ND,516-ASMT-CR00CT-ND,516-ASMT-CR00DKR-ND","ASMT-CR00","Broadcom Limited","Broadcom Limited","LED RED CLEAR CHIP SMD","435","0.2026","100","1","Tape & Reel (TR),Cut Tape (CT),Digi-Reel®","-","Obsolete","Red","Standard","Colorless","Clear","90mcd","Rectangle with Domed Top","1.20mm x 0.50mm","1.9V","20mA","150°","Surface Mount","626nm","637nm","-","-","-","2-SMD, No Lead","Chip LED","1.60mm L x 1.00mm W","0.40mm","https://www.digikey.be/en/products/detail/broadcom-limited/ASMT-CR00/2672616"
"https://docs.broadcom.com/docs/HSMx-A10x-xxxxx-PLCC-2-SMT-LED-Indicator-DS","//mm.digikey.com/Volume0/opasdata/d220001/medias/images/2471/FIG%2026%20HIGHLIGHTED%20ORANGE%20T052%201579.jpg","516-HSMJ-A100-Q00J1TR-ND,516-HSMJ-A100-Q00J1CT-ND,516-HSMJ-A100-Q00J1DKR-ND","HSMJ-A100-Q00J1","Broadcom Limited","Broadcom Limited","LED RED CLEAR 2PLCC SMD","23.795","0.2038","100","1","Tape & Reel (TR),Cut Tape (CT),Digi-Reel®","-","Active","Red","Standard","Colorless","Clear","100mcd","Round with Flat Top","2.20mm Dia","1.9V","20mA","120°","Surface Mount","615nm","621nm","-","-","-","2-PLCC","2-PLCC","3.20mm L x 2.80mm W","2.10mm","https://www.digikey.be/en/products/detail/broadcom-limited/HSMJ-A100-Q00J1/2220796"
"http://www.stanley-components.com/php/downloaddatafile.php?rp=0,FKR1112H-TR_e.pdf","//mm.digikey.com/Volume0/opasdata/d220001/medias/images/7208/MFG_1112H-Series.JPG","404-1270-2-ND,404-1270-1-ND,404-1270-6-ND","FKR1112H-TR","Stanley Electric Co","Stanley Electric Co","LED RED DIFFUSED 2125 SMD","1.069","0.2041","100","1","Tape & Reel (TR),Cut Tape (CT),Digi-Reel®","1112H","Active","Red","Standard","White","Diffused","275mcd","Rectangle with Flat Top","1.30mm x 1.25mm","2.1V","20mA","-","Surface Mount","623nm","638nm","-","-","-","0805 (2012 Metric)","2125","2.00mm L x 1.25mm W","0.90mm","https://www.digikey.be/en/products/detail/stanley-electric-co/FKR1112H-TR/6615582"
"https://www.sunledusa.com/products/spec/XZMDK53S-4.pdf","//mm.digikey.com/Volume0/opasdata/d220001/medias/images/4750/MFG_XZMDK53S-4.jpg","1497-XZMDK53S-4TR-ND,1497-XZMDK53S-4CT-ND,1497-XZMDK53S-4DKR-ND","XZMDK53S-4","SunLED","SunLED","LED RED CLEAR 0603 SMD","1.979","0.2041","100","1","Tape & Reel (TR),Cut Tape (CT),Digi-Reel®","-","Active","Red","-","Colorless","Clear","477mcd","Rectangle with Flat Top","1.40mm x 0.80mm","1.95V","20mA","120°","Surface Mount","630nm","645nm","-","-","-","0603 (1608 Metric)","0603","1.60mm L x 0.80mm W","0.70mm","https://www.digikey.be/en/products/detail/sunled/XZMDK53S-4/13559290"
"https://www.KingbrightUSA.com/images/catalog/SPEC/AA3021SURSK.pdf","//mm.digikey.com/Volume0/opasdata/d220001/medias/images/2494/AA3021QBCT%5ED.jpg","754-1526-2-ND,754-1526-1-ND,754-1526-6-ND","AA3021SURSK","Kingbright","Kingbright","LED RED CLEAR SMD","10.460","0.2043","100","1","Tape & Reel (TR),Cut Tape (CT),Digi-Reel®","-","Active","Red","Standard","Colorless","Clear","90mcd","Oval with Flat Top","2.50mm x 1.50mm","1.95V","20mA","125°","Surface Mount","630nm","645nm","-","-","-","2-SMD, J-Lead","SMD","2.70mm L x 2.00mm W","1.50mm","https://www.digikey.be/en/products/detail/kingbright/AA3021SURSK/2438966"
"https://www.KingbrightUSA.com/images/catalog/SPEC/AM23ID-F.pdf","//mm.digikey.com/Volume0/opasdata/d220001/medias/images/2582/TO-236-3%20White.jpg","754-1635-2-ND,754-1635-1-ND,754-1635-6-ND","AM23ID-F","Kingbright","Kingbright","LED RED DIFFUSED SOT23-3 SMD","3.095","0.2049","100","1","Tape & Reel (TR),Cut Tape (CT),Digi-Reel®","-","Active","Red","Standard","Red","Diffused","7mcd","Rectangle with Flat Top","3.00mm x 1.30mm","2V","20mA","140°","Surface Mount","617nm","627nm","-","-","-","TO-236-3, SC-59, SOT-23-3","SOT-23-3","3.00mm L x 1.30mm W","1.20mm","https://www.digikey.be/en/products/detail/kingbright/AM23ID-F/3084777"
"https://www.KingbrightUSA.com/images/catalog/SPEC/AM23EC-F.pdf","//mm.digikey.com/Volume0/opasdata/d220001/medias/images/2582/TO-236-3%20White.jpg","754-1632-2-ND,754-1632-1-ND,754-1632-6-ND","AM23EC-F","Kingbright","Kingbright","LED RED CLEAR SOT23-3 SMD","6.131","0.2049","100","1","Tape & Reel (TR),Cut Tape (CT),Digi-Reel®","-","Active","Red","Standard","Colorless","Clear","5mcd","Rectangle with Flat Top","3.00mm x 1.30mm","2V","20mA","140°","Surface Mount","617nm","627nm","-","-","-","TO-236-3, SC-59, SOT-23-3","SOT-23-3","3.00mm L x 1.30mm W","1.20mm","https://www.digikey.be/en/products/detail/kingbright/AM23EC-F/3084775"
"https://www.rohm.com/datasheet?p=SML-D14U2W(A)&dist=Digi-key&media=referral&source=digi-key.com&campaign=Digi-key","//mm.digikey.com/Volume0/opasdata/d220001/medias/images/742/SML-D14xWT86A.jpg","SML-D14U2WT86ATR-ND,SML-D14U2WT86ACT-ND,SML-D14U2WT86ADKR-ND","SML-D14U2WT86A","Rohm Semiconductor","Rohm Semiconductor","LED RED CLEAR 1608 SMD","14.705","0.2061","100","1","Tape & Reel (TR),Cut Tape (CT),Digi-Reel®","SML-D14(A)","Active","Red","-","Colorless","Clear","160mcd","Rectangle with Flat Top","1.20mm x 0.80mm","2V","20mA","-","Surface Mount","615nm","-","-","-","-","0603 (1608 Metric)","1608 (0603)","1.60mm L x 0.80mm W","0.65mm","https://www.digikey.be/en/products/detail/rohm-semiconductor/SML-D14U2WT86A/9448205"
"https://www.sunledusa.com/products/spec/XZMDKSR154W.pdf","//mm.digikey.com/Volume0/opasdata/d220001/medias/images/7171/MFG_XZMDKSR154W.jpg","1497-XZMDKSR154WTR-ND,1497-XZMDKSR154WCT-ND,1497-XZMDKSR154WDKR-ND","XZMDKSR154W","SunLED","SunLED","0.45X0.25MM RED SMD 01005 LED","2.772","0.2061","100","1","Tape & Reel (TR),Cut Tape (CT),Digi-Reel®","NanoPoint-01005","Active","Red","Independent","Colorless","Clear","103mcd","Rectangle with Flat Top","0.46mm x 0.25mm","2V","10mA","140°","Surface Mount","631nm","639nm","-","-","-","2-SMD, No Lead","2-SMD","0.45mm L x 0.25mm W","0.25mm","https://www.digikey.be/en/products/detail/sunled/XZMDKSR154W/27348112"
"//mm.digikey.com/Volume0/opasdata/d220001/medias/docus/406/LS_E6SF_v1.2_10-2-13.pdf","//mm.digikey.com/Volume0/opasdata/d220001/medias/images/2494/FIG%204%2C%20GREEN%20HIGHLIGHT%201669%20TO53.jpg","475-LSE6SF-V2BA-1-1-ZTR-ND,475-LSE6SF-V2BA-1-1-ZCT-ND,475-LSE6SF-V2BA-1-1-ZDKR-ND","LS E6SF-V2BA-1-1-Z","ams-OSRAM USA INC.","ams-OSRAM USA INC.","LED RED CLEAR 4PLCC SMD","24.045","0.2075","100","1","Tape & Reel (TR),Cut Tape (CT),Digi-Reel®","Power TOPLED®","Active","Red","Standard","Colorless","Clear","1570mcd","Round with Flat Top","2.40mm Dia","2.15V","50mA","120°","Surface Mount","633nm","645nm","-","-","-","4-PLCC","4-PLCC","3.20mm L x 2.80mm W","2.10mm","https://www.digikey.be/en/products/detail/ams-osram-usa-inc/LS-E6SF-V2BA-1-1-Z/1739252"
"//mm.digikey.com/Volume0/opasdata/d220001/medias/docus/5342/SML-210xT%2CSML-212xT%2CSML-212U2T%28A%29.pdf","//mm.digikey.com/Volume0/opasdata/d220001/medias/images/6336/846%7E2012%280805%29%7E%7E2.jpg","846-SML-211UTT86TR-ND,846-SML-211UTT86CT-ND,846-SML-211UTT86DKR-ND","SML-211UTT86","Rohm Semiconductor","Rohm Semiconductor","LED RED CLEAR 2012 SMD","40.987","0.2084","100","1","Tape & Reel (TR),Cut Tape (CT),Digi-Reel®","SML-21","Not For New Designs","Red","Standard","Colorless","Clear","2.5mcd","Rectangle with Flat Top","1.40mm x 1.25mm","1.8V","2mA","-","Surface Mount","620nm","-","-","-","-","0805 (2012 Metric)","2012 (0805)","2.00mm L x 1.25mm W","0.90mm","https://www.digikey.be/en/products/detail/rohm-semiconductor/SML-211UTT86/637020"
"//mm.digikey.com/Volume0/opasdata/d220001/medias/docus/9/SML-51_Series.pdf","//mm.digikey.com/Volume0/opasdata/d220001/medias/images/6336/846%7E1608%280603-0.55%29%7E%7E2.jpg","846-SML-511UWT86TR-ND,846-SML-511UWT86CT-ND,846-SML-511UWT86DKR-ND","SML-511UWT86","Rohm Semiconductor","Rohm Semiconductor","LED RED DIFFUSED 1608 SMD","2.564","0.2084","100","1","Tape & Reel (TR),Cut Tape (CT),Digi-Reel®","-","Not For New Designs","Red","Standard","White","Diffused","40mcd","Rectangle with Flat Top","1.20mm x 0.80mm","2V","20mA","-","Surface Mount","620nm","-","-","-","-","0603 (1608 Metric)","1608 (0603)","1.60mm L x 0.80mm W","0.65mm","https://www.digikey.be/en/products/detail/rohm-semiconductor/SML-511UWT86/637038"
"https://www.qt-brightek.com/datasheet/QBLP675-R-2897.pdf","//mm.digikey.com/Volume0/opasdata/d220001/medias/images/4107/MFG_QBLP675-XX.jpg","1516-QBLP675-R-2897TR-ND,1516-QBLP675-R-2897CT-ND,1516-QBLP675-R-2897DKR-ND","QBLP675-R-2897","QT Brightek (QTB)","QT Brightek (QTB)","LED RED CLEAR 2PLCC SMD","2.278","0.2084","100","1","Tape & Reel (TR),Cut Tape (CT),Digi-Reel®","QBLP675","Active","Red","Standard","Colorless","Clear","467mcd","Oval with Flat Top","1.50mm x 1.00mm","1.9V","20mA","120°","Surface Mount","620nm","-","-","-","-","2-PLCC","2-PLCC","2.00mm L x 1.40mm W","1.30mm","https://www.digikey.be/en/products/detail/qt-brightek-qtb/QBLP675-R-2897/10401007"
"https://s3-us-west-2.amazonaws.com/catsy.557/DIA_Selector_Guide_SMD_060820.pdf","//mm.digikey.com/Volume0/opasdata/d220001/medias/images/6155/MFG_5988G10313F.jpg","350-5988H10313FTR-ND,350-5988H10313FCT-ND,350-5988H10313FDKR-ND","5988H10313F","Dialight","Dialight","LED RED CLEAR 1204 SMD 13"" RL","9.794","0.2084","100","1","Tape & Reel (TR),Cut Tape (CT),Digi-Reel®","598","Active","Red","-","-","Clear","-","Rectangle with Domed Top","2.00mm x 1.00mm","-","-","-","Surface Mount","635nm","-","-","-","-","1204 (3210 Metric)","1204","3.20mm L x 1.00mm W","1.60mm","https://www.digikey.be/en/products/detail/dialight/5988H10313F/18091507"
"https://s3-us-west-2.amazonaws.com/catsy.557/DIA_Selector_Guide_SMD_060820.pdf","//mm.digikey.com/Volume0/opasdata/d220001/medias/images/6155/MFG_5988G10313F.jpg","350-5988G10313FTR-ND,350-5988G10313FCT-ND,350-5988G10313FDKR-ND","5988G10313F","Dialight","Dialight","LED RED CLEAR 1204 SMD 13"" RL","423","0.2084","100","1","Tape & Reel (TR),Cut Tape (CT),Digi-Reel®","598","Active","Red","-","-","Clear","-","Rectangle with Domed Top","2.00mm x 1.00mm","-","-","-","Surface Mount","635nm","-","-","-","-","1204 (3210 Metric)","1204","3.20mm L x 1.00mm W","1.60mm","https://www.digikey.be/en/products/detail/dialight/5988G10313F/18091154"
"//mm.digikey.com/Volume0/opasdata/d220001/medias/docus/2470/B1591USD-20C001922U1930%20V1.1.pdf","//mm.digikey.com/Volume0/opasdata/d220001/medias/images/3252/MFG_B1591-PCB-TOP-VIEW.jpg","3147-B1591USD-20C001922U1930TR-ND,3147-B1591USD-20C001922U1930CT-ND,3147-B1591USD-20C001922U1930DKR-ND","B1591USD-20C001922U1930","Harvatek Corporation","Harvatek Corporation","LED RED CLEAR 1206 SMD","6.842","0.2087","100","1","Tape & Reel (TR),Cut Tape (CT),Digi-Reel®","-","Active","Red","-","-","Clear","900mcd","Round with Domed Top","-","2V","20mA","20°","Surface Mount","624nm","632nm","-","-","-","1206 (3216 Metric)","1206","3.20mm L x 1.60mm W","1.95mm","https://www.digikey.be/en/products/detail/harvatek-corporation/B1591USD-20C001922U1930/13970324"
"https://www.rohm.com/datasheet?p=SML-P11VT(R)&dist=Digi-key&media=referral&source=digi-key.com&campaign=Digi-key","//mm.digikey.com/Volume0/opasdata/d220001/medias/images/505/MFG_SML-P10.jpg","846-SML-P11VTT86RTR-ND,846-SML-P11VTT86RCT-ND,846-SML-P11VTT86RDKR-ND","SML-P11VTT86R","Rohm Semiconductor","Rohm Semiconductor","LED RED CLEAR 1006 SMD","104.989","0.2091","100","1","Tape & Reel (TR),Cut Tape (CT),Digi-Reel®","PicoLED™","Active","Red","Standard","Colorless","Clear","4mcd","Square with Flat Top","0.60mm","1.8V","1mA","-","Surface Mount","626nm","-","-","-","-","0402 (1006 Metric)","1006 (0402)","1.00mm L x 0.60mm W","0.25mm","https://www.digikey.be/en/products/detail/rohm-semiconductor/SML-P11VTT86R/4862231"
"https://www.vishay.com/docs/83173/tlmx1100.pdf","//mm.digikey.com/Volume0/opasdata/d220001/medias/images/7170/MFG_TLMS1101-GS15.jpg","751-TLMS1101-GS15TR-ND,751-TLMS1101-GS15CT-ND,751-TLMS1101-GS15DKR-ND","TLMS1101-GS15","Vishay Semiconductor Opto Division","Vishay Semiconductor Opto Division","LED RED 0603 SMD","5.554","0.2098","100","1","Tape & Reel (TR),Cut Tape (CT),Digi-Reel®","-","Active","Red","-","-","-","87.5mcd","Rectangle with Flat Top","1.60mm x 0.80mm","2.1V","20mA","160°","Surface Mount","633nm","645nm","-","Automotive","AEC-Q101","0603 (1608 Metric)","0603","1.60mm L x 0.65mm W","0.65mm","https://www.digikey.be/en/products/detail/vishay-semiconductor-opto-division/TLMS1101-GS15/18898602"
"https://fscdn.rohm.com/en/products/databook/datasheet/opto/led/chip_mono/sml-p11-e.pdf","//mm.digikey.com/Volume0/opasdata/d220001/medias/images/646/SML-P12UTT86.jpg","846-SML-P11VTT86TR-ND,846-SML-P11VTT86CT-ND,846-SML-P11VTT86DKR-ND","SML-P11VTT86","Rohm Semiconductor","Rohm Semiconductor","LED RED CLEAR 1006 SMD","9.865","0.2103","100","1","Tape & Reel (TR),Cut Tape (CT),Digi-Reel®","PicoLED™","Not For New Designs","Red","Standard","Colorless","Clear","4mcd","Square with Flat Top","0.60mm","1.8V","1mA","-","Surface Mount","626nm","-","-","-","-","0402 (1006 Metric)","1006 (0402)","1.00mm L x 0.60mm W","0.25mm","https://www.digikey.be/en/products/detail/rohm-semiconductor/SML-P11VTT86/2036459"
"https://www.lumex.com/datasheet/files/SML-LXL1209SIC-TR.pdf","//mm.digikey.com/Volume0/opasdata/d220001/medias/images/390/SML-LXL12.jpg","67-2020-2-ND,67-2020-1-ND,67-2020-6-ND","SML-LXL1209SIC-TR","Lumex Opto/Components Inc.","Lumex Opto/Components Inc.","LED RED CLEAR 1209 SMD","44.955","0.2107","100","1","Tape & Reel (TR),Cut Tape (CT),Digi-Reel®","-","Active","Red","Standard","Colorless","Clear","415mcd","Round with Domed Top","1.80mm Dia","2V","20mA","20°","Surface Mount","-","632nm","-","-","-","1209 (3224 Metric)","1209","3.20mm L x 2.40mm W","2.70mm","https://www.digikey.be/en/products/detail/lumex-opto-components-inc/SML-LXL1209SIC-TR/515913"
"https://www.rohm.com/datasheet?p=SML-D14U2W(C)&dist=Digi-key&media=referral&source=digi-key.com&campaign=Digi-key","//mm.digikey.com/Volume0/opasdata/d220001/medias/images/319/MFG_SML-D14xW%28C%29.jpg","SML-D14U2WT86CTR-ND,SML-D14U2WT86CCT-ND,SML-D14U2WT86CDKR-ND","SML-D14U2WT86C","Rohm Semiconductor","Rohm Semiconductor","LED RED 1608 SMD","3.007","0.2107","100","1","Tape & Reel (TR),Cut Tape (CT),Digi-Reel®","SML-D14","Active","Red","Standard","White","-","160mcd","Rectangle with Flat Top","1.20mm x 0.80mm","2V","20mA","-","Surface Mount","615nm","-","-","Automotive","AEC-Q102","0603 (1608 Metric)","1608 (0603)","1.60mm L x 0.80mm W","0.65mm","https://www.digikey.be/en/products/detail/rohm-semiconductor/SML-D14U2WT86C/9090433"
"https://www.qt-brightek.com/datasheet/QBLP653-R5-2897.pdf","//mm.digikey.com/Volume0/opasdata/d220001/medias/images/6152/MFG_QBLP653-R_S_Y_O_AG1_IR.jpg","1516-QBLP653-R5-2897TR-ND,1516-QBLP653-R5-2897CT-ND,1516-QBLP653-R5-2897DKR-ND","QBLP653-R5-2897","QT Brightek (QTB)","QT Brightek (QTB)","LED RED CLEAR 1208 SMD","2.193","0.2123","100","1","Tape & Reel (TR),Cut Tape (CT),Digi-Reel®","QBLP653","Active","Red","Standard","Colorless","Clear","1950mcd","Round with Domed Top","1.80mm Dia","1.9V","5mA","15°","Surface Mount","621nm","-","-","-","-","1209 (3224 Metric)","1208","3.20mm L x 2.40mm W","2.65mm","https://www.digikey.be/en/products/detail/qt-brightek-qtb/QBLP653-R5-2897/17049436"
"https://docs.broadcom.com/docs/HSMx-A10x-xxxxx-PLCC-2-SMT-LED-Indicator-DS","//mm.digikey.com/Volume0/opasdata/d220001/medias/images/2471/FIG%2026%20HIGHLIGHTED%20ORANGE%20T052%201579.jpg","516-2122-2-ND,516-2122-1-ND,516-2122-6-ND","HSMC-A101-S00J1","Broadcom Limited","Broadcom Limited","LED RED CLEAR 2PLCC SMD","58.650","0.213","100","1","Tape & Reel (TR),Cut Tape (CT),Digi-Reel®","-","Active","Red","Standard","Colorless","Clear","220mcd","Round with Flat Top","2.20mm Dia","1.9V","20mA","120°","Surface Mount","626nm","635nm","-","-","-","2-PLCC","2-PLCC","3.20mm L x 2.80mm W","2.10mm","https://www.digikey.be/en/products/detail/broadcom-limited/HSMC-A101-S00J1/1990520"
"https://www.sunledusa.com/products/spec/XZCM2CRK53WA-8VF.pdf","//mm.digikey.com/Volume0/opasdata/d220001/medias/images/3154/MFG_XZCM2CRK53WA-8VF.jpg","1497-XZCM2CRK53WA-8VFTR-ND,1497-XZCM2CRK53WA-8VFCT-ND,1497-XZCM2CRK53WA-8VFDKR-ND","XZCM2CRK53WA-8VF","SunLED","SunLED","LED RED CLEAR 2SMD","33.340","0.214","100","1","Tape & Reel (TR),Cut Tape (CT),Digi-Reel®","Ultra Low Current","Active","Red","Independent","Colorless","Clear","317mcd","Round with Domed Top","0.35mm Dia","1.8V","2mA","60°","Surface Mount","625nm","640nm","-","-","-","0603 (1608 Metric)","2-SMD","1.60mm L x 0.80mm W","1.10mm","https://www.digikey.be/en/products/detail/sunled/XZCM2CRK53WA-8VF/10449772"
"https://www.lumex.com/datasheet/files/SSL-LXA228SIC-TR11.pdf","//mm.digikey.com/Volume0/opasdata/d220001/medias/images/2434/FIG%2016%2C%20PURPLE%20HIGHLIGHT%201546%20T052%20AND%201639%20T053.jpg","67-1727-2-ND,67-1727-1-ND,67-1727-6-ND","SSL-LXA228SIC-TR11","Lumex Opto/Components Inc.","Lumex Opto/Components Inc.","LED RED CLEAR AXIAL SMD","6.830","0.2143","100","1","Tape & Reel (TR),Cut Tape (CT),Digi-Reel®","-","Active","Red","Standard","Colorless","Clear","475mcd","Round with Domed Top","1.90mm Dia","2V","20mA","25°","Surface Mount","-","636nm","-","-","-","2-SMD, Gull Wing","Axial","2.50mm L x 2.00mm W","3.00mm","https://www.digikey.be/en/products/detail/lumex-opto-components-inc/SSL-LXA228SIC-TR11/467567"
"https://www.americanbrightled.com/pdffiles/led-components/smt/BL-HUEUE33-TRB.pdf","-","2007-BL-HUEUE33-TRBTR-ND,2007-BL-HUEUE33-TRBCT-ND,2007-BL-HUEUE33-TRBDKR-ND","BL-HUEUE33-TRB","American Bright Optoelectronics Corporation","American Bright Optoelectronics Corporation","LED RED CLEAR 1206 SMD","12.496","0.2158","100","1","Tape & Reel (TR),Cut Tape (CT),Digi-Reel®","-","Active","Red","Bidirectional","Colorless","Clear","140mcd","Rectangle with Flat Top","2.00mm x 1.60mm","1.8V","20mA","120°","Surface Mount","630nm","635nm","-","-","-","1206 (3216 Metric)","1206","3.20mm L x 1.60mm W","1.20mm","https://www.digikey.be/en/products/detail/american-bright-optoelectronics-corporation/BL-HUEUE33-TRB/20506031"
"https://www.KingbrightUSA.com/images/catalog/SPEC/APT2012SECK-J3-PRV.pdf","//mm.digikey.com/Volume0/opasdata/d220001/medias/images/4848/MFG_754_0805-%282012-Metric%29.jpg","754-1791-2-ND,754-1791-1-ND,754-1791-6-ND","APT2012SECK/J3-PRV","Kingbright","Kingbright","LED RED CLEAR CHIP SMD","71.579","0.2166","100","1","Tape & Reel (TR),Cut Tape (CT),Digi-Reel®","-","Active","Red","Standard","Colorless","Clear","350mcd","Rectangle with Flat Top","1.30mm x 1.25mm","2.2V","20mA","120°","Surface Mount","625nm","640nm","-","-","-","0805 (2012 Metric)","Chip LED","2.00mm L x 1.25mm W","0.75mm","https://www.digikey.be/en/products/detail/kingbright/APT2012SECK-J3-PRV/4753618"
"https://www.KingbrightUSA.com/images/catalog/SPEC/APT3216SECK-J3-PRV.pdf","//mm.digikey.com/Volume0/opasdata/d220001/medias/images/2463/APT3216SxCK%5EJ3-PRV.jpg","754-1796-2-ND,754-1796-1-ND,754-1796-6-ND","APT3216SECK/J3-PRV","Kingbright","Kingbright","LED RED CLEAR CHIP SMD","49.944","0.2166","100","1","Tape & Reel (TR),Cut Tape (CT),Digi-Reel®","-","Active","Red","Standard","Colorless","Clear","350mcd","Rectangle with Flat Top","2.00mm x 1.60mm","2.2V","20mA","120°","Surface Mount","625nm","640nm","-","-","-","1206 (3216 Metric)","Chip LED","3.20mm L x 1.60mm W","0.75mm","https://www.digikey.be/en/products/detail/kingbright/APT3216SECK-J3-PRV/4753631"
"https://www.KingbrightUSA.com/images/catalog/SPEC/AM2520SURCK03.pdf","//mm.digikey.com/Volume0/opasdata/d220001/medias/images/2491/AM2520QBC%5ED03.jpg","754-1418-2-ND,754-1418-1-ND,754-1418-6-ND","AM2520SURCK03","Kingbright","Kingbright","LED RED CLEAR SMD","47.819","0.2166","100","1","Tape & Reel (TR),Cut Tape (CT),Digi-Reel®","-","Active","Red","Standard","Colorless","Clear","1000mcd","Round with Domed Top","1.90mm Dia","1.95V","20mA","20°","Surface Mount","630nm","645nm","-","-","-","2-SMD, Gull Wing","SMD","2.50mm L x 2.00mm W","2.90mm","https://www.digikey.be/en/products/detail/kingbright/AM2520SURCK03/2163680"
"https://www.KingbrightUSA.com/images/catalog/SPEC/APT1608SECK-J3-PRV.pdf","//mm.digikey.com/Volume0/opasdata/d220001/medias/images/6348/MFG_APT1608.jpg","754-1786-2-ND,754-1786-1-ND,754-1786-6-ND","APT1608SECK/J3-PRV","Kingbright","Kingbright","LED RED CLEAR CHIP SMD","2.503","0.2166","100","1","Tape & Reel (TR),Cut Tape (CT),Digi-Reel®","-","Active","Red","Standard","Colorless","Clear","350mcd","Rectangle with Flat Top","1.20mm x 0.80mm","2.2V","20mA","120°","Surface Mount","625nm","640nm","-","-","-","0603 (1608 Metric)","Chip LED","1.60mm L x 0.80mm W","0.75mm","https://www.digikey.be/en/products/detail/kingbright/APT1608SECK-J3-PRV/4753606"
"https://www.vishay.com/docs/81327/vlms31.pdf","//mm.digikey.com/Volume0/opasdata/d220001/medias/images/6296/751%7E6.541-5067.01-4%7E%7E2.jpg","VLMS31J1K2-GS08TR-ND,VLMS31J1K2-GS08CT-ND,VLMS31J1K2-GS08DKR-ND","VLMS31J1K2-GS08","Vishay Semiconductor Opto Division","Vishay Semiconductor Opto Division","LED RED CLEAR 2PLCC SMD","11.339","0.2171","100","1","Tape & Reel (TR),Cut Tape (CT),Digi-Reel®","VLM3","Active","Red","Standard","-","Clear","8mcd","Round with Flat Top","2.40mm Dia","1.9V","10mA","120°","Surface Mount","630nm","643nm","-","-","-","2-SMD, J-Lead","2-PLCC","3.00mm L x 2.80mm W","1.85mm","https://www.digikey.be/en/products/detail/vishay-semiconductor-opto-division/VLMS31J1K2-GS08/4074153"
"https://www.vishay.com/docs/81351/vlmd31.pdf","//mm.digikey.com/Volume0/opasdata/d220001/medias/images/6283/751%7E6.541-5067.02-4%7E%7E2.jpg","751-1461-2-ND,751-1461-1-ND,751-1461-6-ND","VLMD3100-GS08","Vishay Semiconductor Opto Division","Vishay Semiconductor Opto Division","LED RED CLEAR 2PLCC SMD","2.634","0.2171","100","1","Tape & Reel (TR),Cut Tape (CT),Digi-Reel®","VLM.3","Active","Red","Standard","-","Clear","11.2mcd","Round with Flat Top","2.40mm Dia","1.8V","10mA","120°","Surface Mount","648nm","650nm","-","-","-","2-SMD, J-Lead","2-PLCC","3.00mm L x 2.80mm W","1.85mm","https://www.digikey.be/en/products/detail/vishay-semiconductor-opto-division/VLMD3100-GS08/1994738"
"https://www.vishay.com/docs/81214/vlms310.pdf","//mm.digikey.com/Volume0/opasdata/d220001/medias/images/2603/Vishay%20-%20PLCC-2%20Pkg.jpg","751-1472-2-ND,751-1472-1-ND,751-1472-6-ND","VLMS3100-GS08","Vishay Semiconductor Opto Division","Vishay Semiconductor Opto Division","LED RED CLEAR 2PLCC SMD","8.810","0.2171","100","1","Tape & Reel (TR),Cut Tape (CT),Digi-Reel®","VLM.3","Active","Red","Standard","-","Clear","7.1mcd","Round with Flat Top","2.40mm Dia","2V","10mA","120°","Surface Mount","630nm","640nm","-","-","-","2-SMD, J-Lead","2-PLCC","3.00mm L x 2.80mm W","1.85mm","https://www.digikey.be/en/products/detail/vishay-semiconductor-opto-division/VLMS3100-GS08/1994749"
"https://www.vishay.com/docs/81351/vlmd31.pdf","//mm.digikey.com/Volume0/opasdata/d220001/medias/images/6283/751%7E6.541-5067.02-4%7E%7E2.jpg","VLMD31M2P1-GS08TR-ND,VLMD31M2P1-GS08CT-ND,VLMD31M2P1-GS08DKR-ND","VLMD31M2P1-GS08","Vishay Semiconductor Opto Division","Vishay Semiconductor Opto Division","LED RED CLEAR 2PLCC SMD","2.790","0.2171","100","1","Tape & Reel (TR),Cut Tape (CT),Digi-Reel®","VLM.3","Active","Red","Standard","-","Clear","39mcd","Round with Flat Top","2.40mm Dia","1.8V","10mA","120°","Surface Mount","648nm","650nm","-","-","-","2-SMD, J-Lead","2-PLCC","3.00mm L x 2.80mm W","1.85mm","https://www.digikey.be/en/products/detail/vishay-semiconductor-opto-division/VLMD31M2P1-GS08/4075749"
"https://www.vishay.com/docs/81327/vlms31.pdf","//mm.digikey.com/Volume0/opasdata/d220001/medias/images/6296/751%7E6.541-5067.01-4%7E%7E2.jpg","VLMS31K1L2-GS08TR-ND,VLMS31K1L2-GS08CT-ND,VLMS31K1L2-GS08DKR-ND","VLMS31K1L2-GS08","Vishay Semiconductor Opto Division","Vishay Semiconductor Opto Division","LED RED CLEAR 2PLCC SMD","2.744","0.2171","100","1","Tape & Reel (TR),Cut Tape (CT),Digi-Reel®","VLM3","Active","Red","Standard","-","Clear","13mcd","Round with Flat Top","2.40mm Dia","1.9V","10mA","120°","Surface Mount","630nm","643nm","-","-","-","2-SMD, J-Lead","2-PLCC","3.00mm L x 2.80mm W","1.85mm","https://www.digikey.be/en/products/detail/vishay-semiconductor-opto-division/VLMS31K1L2-GS08/4074159"
"https://www.vishay.com/docs/81327/vlms31.pdf","//mm.digikey.com/Volume0/opasdata/d220001/medias/images/6296/751%7E6.541-5067.01-4%7E%7E2.jpg","751-VLMS31J1L2-GS08TR-ND,751-VLMS31J1L2-GS08CT-ND,751-VLMS31J1L2-GS08DKR-ND","VLMS31J1L2-GS08","Vishay Semiconductor Opto Division","Vishay Semiconductor Opto Division","LED RED CLEAR 2PLCC SMD","3.924","0.2171","100","1","Tape & Reel (TR),Cut Tape (CT),Digi-Reel®","VLM3","Active","Red","Standard","-","Clear","11mcd","Round with Flat Top","2.40mm Dia","1.9V","10mA","120°","Surface Mount","630nm","643nm","-","-","-","2-SMD, J-Lead","2-PLCC","3.00mm L x 2.80mm W","1.85mm","https://www.digikey.be/en/products/detail/vishay-semiconductor-opto-division/VLMS31J1L2-GS08/4074155"
"https://www.vishay.com/docs/81351/vlmd31.pdf","//mm.digikey.com/Volume0/opasdata/d220001/medias/images/6283/751%7E6.541-5067.02-4%7E%7E2.jpg","VLMD31L2N1-GS08TR-ND,VLMD31L2N1-GS08CT-ND,VLMD31L2N1-GS08DKR-ND","VLMD31L2N1-GS08","Vishay Semiconductor Opto Division","Vishay Semiconductor Opto Division","LED RED CLEAR 2PLCC SMD","388","0.2171","100","1","Tape & Reel (TR),Cut Tape (CT),Digi-Reel®","VLM.3","Active","Red","Standard","-","Clear","25mcd","Round with Flat Top","2.40mm Dia","1.8V","10mA","120°","Surface Mount","648nm","650nm","-","-","-","2-SMD, J-Lead","2-PLCC","3.00mm L x 2.80mm W","1.85mm","https://www.digikey.be/en/products/detail/vishay-semiconductor-opto-division/VLMD31L2N1-GS08/4075812"
"https://www.lumex.com/datasheet/files/SML-LX0805SIC-TR.pdf","//mm.digikey.com/Volume0/opasdata/d220001/medias/images/7165/%7E67%7E0805-%282012-Metric%29%7E.jpg","67-1636-2-ND,67-1636-1-ND,67-1636-6-ND","SML-LX0805SIC-TR","Lumex Opto/Components Inc.","Lumex Opto/Components Inc.","LED RED CLEAR SMD","26.321","0.2176","100","1","Tape & Reel (TR),Cut Tape (CT),Digi-Reel®","-","Active","Red","Standard","Colorless","Clear","60mcd","Rectangle with Flat Top","1.40mm x 1.25mm","2V","20mA","140°","Surface Mount","-","636nm","-","-","-","0805 (2012 Metric)","-","2.00mm L x 1.25mm W","1.20mm","https://www.digikey.be/en/products/detail/lumex-opto-components-inc/SML-LX0805SIC-TR/408120"
"https://www.sunledusa.com/products/spec/XZM2CRK78W.pdf","//mm.digikey.com/Volume0/opasdata/d220001/medias/images/4707/MFG_XZM2CRK78W.jpg","1497-1273-2-ND,1497-1273-1-ND,1497-1273-6-ND","XZM2CRK78W","SunLED","SunLED","LED RED CLEAR 2SMD","855","0.2176","100","1","Tape & Reel (TR),Cut Tape (CT),Digi-Reel®","VersoLED","Active","Red","Standard","Colorless","Clear","3490mcd","Round with Domed Top","1.80mm Dia","2.2V","20mA","20°","Surface Mount","625nm","640nm","-","-","-","2-SMD, No Lead","2-SMD","3.20mm L x 2.40mm W","2.40mm","https://www.digikey.be/en/products/detail/sunled/XZM2CRK78W/4901987"
"https://www.sunledusa.com/products/spec/XZM2CRK54WRP-1.pdf","//mm.digikey.com/Volume0/opasdata/d220001/medias/images/4715/MFG_XZM2CRK54WRP-1.jpg","1497-XZM2CRK54WRP-1TR-ND,1497-XZM2CRK54WRP-1CT-ND,1497-XZM2CRK54WRP-1DKR-ND","XZM2CRK54WRP-1","SunLED","SunLED","LED RED CLEAR CHIP SMD","23.624","0.2178","100","1","Tape & Reel (TR),Cut Tape (CT),Digi-Reel®","-","Active","Red","-","Colorless","Clear","1095mcd","Rectangle with Flat Top","1.30mm x 1.25mm","2.2V","20mA","140°","Surface Mount","625nm","640nm","-","-","-","0805 (2012 Metric)","Chip LED","2.00mm L x 1.25mm W","0.85mm","https://www.digikey.be/en/products/detail/sunled/XZM2CRK54WRP-1/13559305"
"https://www.sunledusa.com/products/spec/XZCM2CRK53WA-1VF.pdf","//mm.digikey.com/Volume0/opasdata/d220001/medias/images/2648/MFG_XZCM2CRK53WA-1VF.jpg","1497-XZCM2CRK53WA-1VFTR-ND,1497-XZCM2CRK53WA-1VFCT-ND,1497-XZCM2CRK53WA-1VFDKR-ND","XZCM2CRK53WA-1VF","SunLED","SunLED","LED RED CLEAR 0603 SMD","12.360","0.2179","100","1","Tape & Reel (TR),Cut Tape (CT),Digi-Reel®","-","Active","Red","-","Colorless","Clear","98mcd","Rectangle with Flat Top","1.20mm x 0.80mm","1.8V","2mA","120°","Surface Mount","625nm","640nm","-","-","-","0603 (1608 Metric)","0603","1.60mm L x 0.80mm W","0.85mm","https://www.digikey.be/en/products/detail/sunled/XZCM2CRK53WA-1VF/15761907"
"https://www.we-online.com/components/products/datasheet/150120RS87000.pdf","//mm.digikey.com/Volume0/opasdata/d220001/medias/images/7129/MFG_150120xS87000.jpg","732-150120RS87000TR-ND,732-150120RS87000CT-ND,732-150120RS87000DKR-ND","150120RS87000","Würth Elektronik","Würth Elektronik","LED RED CLEAR 1206 SMD","4.898","0.2184","100","1","Tape & Reel (TR),Cut Tape (CT),Digi-Reel®","WL-SMCW","Active","Red","-","Colorless","Clear","300mcd","Irregular","-","2V","-","70°","Surface Mount","624nm","632nm","-","-","-","1206 (3216 Metric)","1206","3.20mm L x 1.60mm W","0.78mm","https://www.digikey.be/en/products/detail/würth-elektronik/150120RS87000/17734148"
"-","//mm.digikey.com/Volume0/opasdata/d220001/medias/images/4257/MFG_AM23SURDK-F-C2.jpg","754-AM23SURDK-F-C2TR-ND,754-AM23SURDK-F-C2CT-ND,754-AM23SURDK-F-C2DKR-ND","AM23SURDK-F-C2","Kingbright","Kingbright","LED RED DIFFUSED SOT23 SMD","4.766","0.219","100","1","Tape & Reel (TR),Cut Tape (CT),Digi-Reel®","-","Active","Red","-","Red","Diffused","60mcd","Rectangle with Flat Top","3.00mm x 1.30mm","1.85V","20mA","170°","Surface Mount","640nm","630nm","-","-","-","TO-236-3, SC-59, SOT-23-3","SOT-23","3.00mm L x 1.20mm W","1.20mm","https://www.digikey.be/en/products/detail/kingbright/AM23SURDK-F-C2/16602184"
"https://www.kingbrightusa.com/images/catalog/SPEC/APG015SURKKC-TT.pdf","//mm.digikey.com/Volume0/opasdata/d220001/medias/images/6624/MFG_APG015_series.jpg","754-APG015SURKKC-TTTR-ND,754-APG015SURKKC-TTCT-ND,754-APG015SURKKC-TTDKR-ND","APG015SURKKC-TT","Kingbright","Kingbright","LED RED CLEAR SMD","3.818","0.219","100","1","Tape & Reel (TR),Cut Tape (CT),Digi-Reel®","QuantumDot - 1005","Active","Red","Independent","Colorless","Clear","105mcd","Rectangle with Flat Top","0.45mm x 0.25mm","2.4V","10mA","140°","Surface Mount","631nm","639nm","-","-","-","2-SMD, No Lead","2-SMD","0.45mm L x 0.25mm W","0.25mm","https://www.digikey.be/en/products/detail/kingbright/APG015SURKKC-TT/25981967"
"https://www.kingbrightusa.com/images/catalog/SPEC/AA1608SURSK.pdf","//mm.digikey.com/Volume0/opasdata/d220001/medias/images/3617/MFG_AA1608VBS-A1-10MAV.jpg","754-AA1608SURSKTR-ND,754-AA1608SURSKCT-ND,754-AA1608SURSKDKR-ND","AA1608SURSK","Kingbright","Kingbright","LED RED CLEAR 0603 SMD","2.920","0.219","100","1","Tape & Reel (TR),Cut Tape (CT),Digi-Reel®","-","Active","Red","-","Colorless","Clear","480mcd","Rectangle with Flat Top","-","1.95V","20mA","120°","Surface Mount","630nm","645nm","-","-","-","0603 (1608 Metric)","0603","1.60mm L x 0.80mm W","0.70mm","https://www.digikey.be/en/products/detail/kingbright/AA1608SURSK/13679445"
"https://docs.broadcom.com/docs/HSMx-A10x-xxxxx-PLCC-2-SMT-LED-Indicator-DS","//mm.digikey.com/Volume0/opasdata/d220001/medias/images/2471/FIG%2026%20HIGHLIGHTED%20ORANGE%20T052%201579.jpg","516-3235-2-ND,516-3235-1-ND,516-3235-6-ND","HSMH-A100-L00J1","Broadcom Limited","Broadcom Limited","LED RED CLEAR 2PLCC SMD","23.871","0.2199","100","1","Tape & Reel (TR),Cut Tape (CT),Digi-Reel®","-","Active","Red","Standard","Colorless","Clear","15mcd","Round with Flat Top","2.20mm Dia","1.9V","20mA","120°","Surface Mount","637nm","645nm","-","-","-","2-PLCC","2-PLCC","3.20mm L x 2.80mm W","2.10mm","https://www.digikey.be/en/products/detail/broadcom-limited/HSMH-A100-L00J1/2220793"
"https://docs.broadcom.com/docs/HSMx-A10x-xxxxx-PLCC-2-SMT-LED-Indicator-DS","//mm.digikey.com/Volume0/opasdata/d220001/medias/images/2471/FIG%2026%20HIGHLIGHTED%20ORANGE%20T052%201579.jpg","516-HSMH-A100-N00J1TR-ND,516-HSMH-A100-N00J1CT-ND,516-HSMH-A100-N00J1DKR-ND","HSMH-A100-N00J1","Broadcom Limited","Broadcom Limited","LED RED CLEAR 2PLCC SMD","35.138","0.2199","100","1","Tape & Reel (TR),Cut Tape (CT),Digi-Reel®","-","Active","Red","Standard","Colorless","Clear","50mcd","Round with Flat Top","2.20mm Dia","1.9V","20mA","120°","Surface Mount","637nm","645nm","-","-","-","2-PLCC","2-PLCC","3.20mm L x 2.80mm W","2.10mm","https://www.digikey.be/en/products/detail/broadcom-limited/HSMH-A100-N00J1/2220795"
"//mm.digikey.com/Volume0/opasdata/d220001/medias/docus/4572/B2601USD-20D000423U1930.pdf","//mm.digikey.com/Volume0/opasdata/d220001/medias/images/2638/MFG_B2601.jpg","3147-B2601USD-20D000423U1930TR-ND,3147-B2601USD-20D000423U1930CT-ND,3147-B2601USD-20D000423U1930DKR-ND","B2601USD-20D000423U1930","Harvatek Corporation","Harvatek Corporation","LED RED DIFFUSED 1205 SMD","4.461","0.2199","100","1","Tape & Reel (TR),Cut Tape (CT),Digi-Reel®","-","Active","Red","-","-","Diffused","71.5mcd","Rectangle with Flat Top","3.20mm x 1.20mm","2V","20mA","140°","Surface Mount","624nm","632nm","-","-","-","1205 (3212 Metric)","1205","3.20mm L x 1.20mm W","1.20mm","https://www.digikey.be/en/products/detail/harvatek-corporation/B2601USD-20D000423U1930/16691759"
"//mm.digikey.com/Volume0/opasdata/d220001/medias/docus/5017/T1341USD-30C000112U1930.pdf","//mm.digikey.com/Volume0/opasdata/d220001/medias/images/5442/MFG_T1341MND-20P000312U1930.jpg","3147-T1341USD-30C000112U1930TR-ND,3147-T1341USD-30C000112U1930CT-ND,3147-T1341USD-30C000112U1930DKR-ND","T1341USD-30C000112U1930","Harvatek Corporation","Harvatek Corporation","LED RED CLEAR 1206 SMD","1.322","0.2199","100","1","Tape & Reel (TR),Cut Tape (CT),Digi-Reel®","T1341USD-30","Active","Red","-","-","Clear","1800mcd","Rectangle with Flat Top","-","2.1V","30mA","115°","Surface Mount","623nm","632nm","-","-","-","1206 (3216 Metric)","1206","3.00mm L x 1.40mm W","0.80mm","https://www.digikey.be/en/products/detail/harvatek-corporation/T1341USD-30C000112U1930/17830324"
"https://downloads.cree-led.com/files/ds/h/HB-CLM1B-RKW-AKW.pdf","//mm.digikey.com/Volume0/opasdata/d220001/medias/images/533/CLM1B-GKW-CVAXA7A3.jpg","CLM1B-RKW-CUAVBAA3TR-ND,CLM1B-RKW-CUAVBAA3CT-ND,CLM1B-RKW-CUAVBAA3DKR-ND","CLM1B-RKW-CUAVBAA3","Cree LED","Cree LED","LED RED CLEAR 2PLCC SMD","3.650","0.2203","100","1","Tape & Reel (TR),Cut Tape (CT),Digi-Reel®","-","Active","Red","Standard","Colorless","Clear","785mcd","Round with Flat Top","-","2.1V","20mA","120°","Surface Mount","624nm","-","-","-","-","2-PLCC","2-PLCC","3.20mm L x 2.70mm W","2.05mm","https://www.digikey.be/en/products/detail/cree-led/CLM1B-RKW-CUAVBAA3/2341868"
"https://www.sunledusa.com/products/spec/XZCM2CRK54WA-1VF.pdf","//mm.digikey.com/Volume0/opasdata/d220001/medias/images/2648/MFG_XZCM2CRK54WA-1VF.jpg","1497-XZCM2CRK54WA-1VFTR-ND,1497-XZCM2CRK54WA-1VFCT-ND,1497-XZCM2CRK54WA-1VFDKR-ND","XZCM2CRK54WA-1VF","SunLED","SunLED","LED RED CLEAR 0805 SMD","5.570","0.2207","100","1","Tape & Reel (TR),Cut Tape (CT),Digi-Reel®","-","Active","Red","-","Colorless","Clear","98mcd","Rectangle with Flat Top","1.30mm x 1.25mm","1.8V","2mA","140°","Surface Mount","625nm","640nm","-","-","-","0805 (2012 Metric)","0805","2.00mm L x 1.25mm W","0.85mm","https://www.digikey.be/en/products/detail/sunled/XZCM2CRK54WA-1VF/15761904"
"https://www.sunledusa.com/products/spec/XZM2CRK53W-8.pdf","//mm.digikey.com/Volume0/opasdata/d220001/medias/images/4194/MFG_XZM2CRK53W-8.jpg","1497-1271-2-ND,1497-1271-1-ND,1497-1271-6-ND","XZM2CRK53W-8","SunLED","SunLED","LED RED CLEAR 2SMD","3.854","0.2232","100","1","Tape & Reel (TR),Cut Tape (CT),Digi-Reel®","PixsoLED, VersoLED","Active","Red","Standard","Colorless","Clear","795mcd","Round with Domed Top","0.70mm Dia","2.2V","20mA","60°","Surface Mount","625nm","640nm","-","-","-","0603 (1608 Metric)","2-SMD","1.60mm L x 0.80mm W","0.95mm","https://www.digikey.be/en/products/detail/sunled/XZM2CRK53W-8/4901978"
"https://look.ams-osram.com/m/1668f9ce5e68906a/original/KR-DDLM31-23.pdf","//mm.digikey.com/Volume0/opasdata/d220001/medias/images/4545/MFG_KR-DDLM31.23-5G7H-25-C4U4-140-R18.jpg","475-KRDDLM31.23-5G7H-25-C4U4-140-R18TR-ND,475-KRDDLM31.23-5G7H-25-C4U4-140-R18CT-ND,475-KRDDLM31.23-5G7H-25-C4U4-140-R18DKR-ND","KR DDLM31.23-5G7H-25-C4U4-140-R18","ams-OSRAM USA INC.","ams-OSRAM USA INC.","LED RED CLEAR SMD","34.358","0.2249","100","1","Tape & Reel (TR),Cut Tape (CT),Digi-Reel®","SYNIOS® S2222","Last Time Buy","Red","-","Colorless","Clear","-","Oval with Flat Top","2.25mm","2.2V","140mA","120°","Surface Mount","616nm","-","-","-","-","2-SMD, No Lead","SMD","2.25mm L x 2.25mm W","0.70mm","https://www.digikey.be/en/products/detail/ams-osram-usa-inc/KR-DDLM31-23-5G7H-25-C4U4-140-R18/13541242"
"https://look.ams-osram.com/m/571b4adcd0e16db6/original/KS-DDLM31-23.pdf","//mm.digikey.com/Volume0/opasdata/d220001/medias/images/4545/MFG_KR-DDLM31.23-5G7H-25-C4U4-140-R18.jpg","475-KSDDLM31.23-8E6G-68-C4U4-140-R18TR-ND,475-KSDDLM31.23-8E6G-68-C4U4-140-R18CT-ND,475-KSDDLM31.23-8E6G-68-C4U4-140-R18DKR-ND","KS DDLM31.23-8E6G-68-C4U4-140-R18","ams-OSRAM USA INC.","ams-OSRAM USA INC.","LED RED CLEAR SMD","22.874","0.2249","100","1","Tape & Reel (TR),Cut Tape (CT),Digi-Reel®","SYNIOS® S2222","Last Time Buy","Red","-","Colorless","Clear","5250mcd","Oval with Flat Top","2.25mm","2.2V","140mA","120°","Surface Mount","632nm","-","-","-","-","2-SMD, No Lead","SMD","2.25mm L x 2.25mm W","0.70mm","https://www.digikey.be/en/products/detail/ams-osram-usa-inc/KS-DDLM31-23-8E6G-68-C4U4-140-R18/13541226"
"https://look.ams-osram.com/m/21244051af54ff21/original/LR-G6SP-02.pdf","//mm.digikey.com/Volume0/opasdata/d220001/medias/images/6466/MFG_LR-G6SP.02-8D7E-46-G3R3-140-R18-Z.jpg","475-LRG6SP.02-8D7E-46-G3R3-140-R18TR-ND,475-LRG6SP.02-8D7E-46-G3R3-140-R18CT-ND,475-LRG6SP.02-8D7E-46-G3R3-140-R18DKR-ND","LR G6SP.02-8D7E-46-G3R3-140-R18","ams-OSRAM USA INC.","ams-OSRAM USA INC.","ADVANCE POWER TOPLED","3.448","0.2253","100","1","Tape & Reel (TR),Cut Tape (CT),Digi-Reel®","Advanced Power TOPLED®","Active","Red","Independent","Colorless","Clear","8150mcd","Round with Flat Top","2.40mm Dia","2.2V","140mA","120°","Surface Mount","625nm","634nm","-","Automotive","AEC-Q102","6-PLCC","6-PLCC","3.30mm L x 3.00mm W","2.10mm","https://www.digikey.be/en/products/detail/ams-osram-usa-inc/LR-G6SP-02-8D7E-46-G3R3-140-R18/15907264"
"https://www.rohm.com/datasheet?p=CSL0901UT&dist=Digi-key&media=referral&source=digi-key.com&campaign=Digi-key","//mm.digikey.com/Volume0/opasdata/d220001/medias/images/309/MFG_CSL0901UT.jpg","CSL0901UTTR-ND,CSL0901UTCT-ND,CSL0901UTDKR-ND","CSL0901UT","Rohm Semiconductor","Rohm Semiconductor","HIGH BRIGHTNESS LENS TYPE LED; C","3.698","0.2266","100","1","Tape & Reel (TR),Cut Tape (CT),Digi-Reel®","CSL090x","Discontinued at DigiKey","Red","-","Colorless","Clear","280mcd","Round with Domed Top","1.14mm Dia","2.1V","20mA","-","Surface Mount","620nm","-","-","-","-","0603 (1608 Metric)","0603","1.60mm L x 0.80mm W","1.34mm","https://www.digikey.be/en/products/detail/rohm-semiconductor/CSL0901UT/10222160"
"https://www.rohm.com/datasheet?p=SML-D13UW(C)&dist=Digi-key&media=referral&source=digi-key.com&campaign=Digi-key","//mm.digikey.com/Volume0/opasdata/d220001/medias/images/719/SML-D13xWT86C.jpg","SML-D13UWT86CTR-ND,SML-D13UWT86CCT-ND,SML-D13UWT86CDKR-ND","SML-D13UWT86C","Rohm Semiconductor","Rohm Semiconductor","LED RED 1608 SMD","10.853","0.2267","100","1","Tape & Reel (TR),Cut Tape (CT),Digi-Reel®","SML-D13","Active","Red","Standard","White","-","85mcd","Rectangle with Flat Top","1.20mm x 0.80mm","2V","20mA","-","Surface Mount","620nm","-","-","Automotive","AEC-Q102","0603 (1608 Metric)","1608 (0603)","1.60mm L x 0.80mm W","0.65mm","https://www.digikey.be/en/products/detail/rohm-semiconductor/SML-D13UWT86C/9090429"
"https://www.KingbrightUSA.com/images/catalog/SPEC/APED3528SURCK-F01.pdf","//mm.digikey.com/Volume0/opasdata/d220001/medias/images/7156/%7E754%7E1411%7E3528Metric%7E.jpg","754-APED3528SURCK-F01TR-ND,754-APED3528SURCK-F01CT-ND,754-APED3528SURCK-F01DKR-ND","APED3528SURCK-F01","Kingbright","Kingbright","LED RED CLEAR CHIP SMD","2.283","0.2282","100","1","Tape & Reel (TR),Cut Tape (CT),Digi-Reel®","-","Active","Red","Standard","Colorless","Clear","250mcd","Round with Domed Top","2.60mm Dia","1.95V","20mA","40°","Surface Mount","630nm","645nm","-","-","-","1411 (3528 Metric)","Chip LED","3.50mm L x 2.80mm W","3.20mm","https://www.digikey.be/en/products/detail/kingbright/APED3528SURCK-F01/4098470"
"https://www.vishay.com/docs/84213/vlmx334.pdf","//mm.digikey.com/Volume0/opasdata/d220001/medias/images/6296/751%7E6.541-5067.01-4%7E%7E2.jpg","VLMR334BACB-GS08TR-ND,VLMR334BACB-GS08CT-ND,VLMR334BACB-GS08DKR-ND","VLMR334BACB-GS08","Vishay Semiconductor Opto Division","Vishay Semiconductor Opto Division","LED RED 2PLCC SMD","5.559","0.2289","100","1","Tape & Reel (TR),Cut Tape (CT),Digi-Reel®","VLMR334","Active","Red","Standard","-","-","2200mcd","Round with Flat Top","2.40mm Dia","2.2V","50mA","120°","Surface Mount","625nm","632nm","-","-","-","2-SMD, J-Lead","2-PLCC","3.00mm L x 2.80mm W","1.85mm","https://www.digikey.be/en/products/detail/vishay-semiconductor-opto-division/VLMR334BACB-GS08/4563542"
"https://www.sunledusa.com/products/spec/XZM2CRK54W-1.pdf","//mm.digikey.com/Volume0/opasdata/d220001/medias/images/1020/MFG_XZM2CRK54W-1.jpg","1497-XZM2CRK54W-1TR-ND,1497-XZM2CRK54W-1CT-ND,1497-XZM2CRK54W-1DKR-ND","XZM2CRK54W-1","SunLED","SunLED","LED RED CLEAR 2SMD","1.930","0.2289","100","1","Tape & Reel (TR),Cut Tape (CT),Digi-Reel®","-","Active","Red","Standard","Colorless","Clear","347mcd","Rectangle with Flat Top","1.20mm x 1.25mm","2.2V","20mA","120°","Surface Mount","625nm","640nm","-","-","-","0805 (2012 Metric)","2-SMD","2.00mm L x 1.25mm W","0.75mm","https://www.digikey.be/en/products/detail/sunled/XZM2CRK54W-1/4901979"
"https://s3-us-west-2.amazonaws.com/catsy.557/C18370A.pdf","//mm.digikey.com/Volume0/opasdata/d220001/medias/images/4845/350_0805%20%282012%20Metric%29.JPG","350-4384-2-ND,350-4384-1-ND,350-4384-6-ND","5975006507F","Dialight","Dialight","LED RED 0805 SMD","6.116","0.229","100","1","Tape & Reel (TR),Cut Tape (CT),Digi-Reel®","597","Obsolete","Red","Standard","-","-","75mcd","Rectangle with Flat Top","1.40mm x 1.24mm","2V","20mA","-","Surface Mount","630nm","-","-","-","-","0805 (2012 Metric)","0805","2.00mm L x 1.25mm W","0.93mm","https://www.digikey.be/en/products/detail/dialight/5975006507F/9385439"
"https://www.kingbrightusa.com/images/catalog/SPEC/APT1608LSECK-J3-PRV.pdf","//mm.digikey.com/Volume0/opasdata/d220001/medias/images/6348/MFG_APT1608.jpg","754-1930-2-ND,754-1930-1-ND,754-1930-6-ND","APT1608LSECK/J3-PRV","Kingbright","Kingbright","LED RED CLEAR 2SMD","61.624","0.2305","100","1","Tape & Reel (TR),Cut Tape (CT),Digi-Reel®","-","Active","Red","Standard","Colorless","Clear","100mcd","Rectangle with Flat Top","1.10mm x 0.80mm","1.8V","2mA","120°","Surface Mount","625nm","640nm","-","-","-","0603 (1608 Metric)","2-SMD","1.60mm L x 0.80mm W","0.75mm","https://www.digikey.be/en/products/detail/kingbright/APT1608LSECK-J3-PRV/5177431"
"https://www.kingbrightusa.com/images/catalog/SPEC/AA1608LSURSK.pdf","//mm.digikey.com/Volume0/opasdata/d220001/medias/images/6348/MFG_AA1608.jpg","754-AA1608LSURSKTR-ND,754-AA1608LSURSKCT-ND,754-AA1608LSURSKDKR-ND","AA1608LSURSK","Kingbright","Kingbright","1.6X0.8MM (0603) RED PLCC2 SMD L","1.561","0.2305","100","1","Tape & Reel (TR),Cut Tape (CT),Digi-Reel®","-","Active","Red","Independent","Colorless","Clear","35mcd","Oval with Flat Top","-","1.75V","2mA","120°","Surface Mount","630nm","645nm","-","-","-","0603 (1608 Metric)","0603","1.60mm L x 0.80mm W","0.70mm","https://www.digikey.be/en/products/detail/kingbright/AA1608LSURSK/24632686"
"https://www.KingbrightUSA.com/images/catalog/SPEC/APT2012LSECK-J3-PRV.pdf","//mm.digikey.com/Volume0/opasdata/d220001/medias/images/4848/MFG_754_0805-%282012-Metric%29.jpg","754-1935-2-ND,754-1935-1-ND,754-1935-6-ND","APT2012LSECK/J3-PRV","Kingbright","Kingbright","LED RED CLEAR 2SMD","32.157","0.2306","100","1","Tape & Reel (TR),Cut Tape (CT),Digi-Reel®","HELI2","Active","Red","Standard","Colorless","Clear","40mcd","Rectangle with Flat Top","1.20mm x 1.25mm","1.8V","2mA","140°","Surface Mount","625nm","640nm","-","-","-","0805 (2012 Metric)","2-SMD","2.00mm L x 1.25mm W","0.75mm","https://www.digikey.be/en/products/detail/kingbright/APT2012LSECK-J3-PRV/5177436"
"https://downloads.cree-led.com/files/ds/h/HB-CLM1B-RKW-AKW.pdf","//mm.digikey.com/Volume0/opasdata/d220001/medias/images/533/CLM1B-GKW-CVAXA7A3.jpg","CLM1B-RKW-CUBVBAA3TR-ND,CLM1B-RKW-CUBVBAA3CT-ND,CLM1B-RKW-CUBVBAA3DKR-ND","CLM1B-RKW-CUBVBAA3","Cree LED","Cree LED","LED RED CLEAR 2PLCC SMD","7.312","0.231","100","1","Tape & Reel (TR),Cut Tape (CT),Digi-Reel®","-","Active","Red","Standard","Colorless","Clear","840mcd","Round with Flat Top","-","2.1V","20mA","120°","Surface Mount","624nm","-","-","-","-","2-PLCC","2-PLCC","3.20mm L x 2.70mm W","2.05mm","https://www.digikey.be/en/products/detail/cree-led/CLM1B-RKW-CUBVBAA3/2341869"
"//mm.digikey.com/Volume0/opasdata/d220001/medias/docus/4998/B1A81USD-20C000313U1930.pdf","//mm.digikey.com/Volume0/opasdata/d220001/medias/images/5442/MFG_B1A81UYG-20C000313U1930.jpg","3147-B1A81USD-20C000313U1930TR-ND,3147-B1A81USD-20C000313U1930CT-ND,3147-B1A81USD-20C000313U1930DKR-ND","B1A81USD-20C000313U1930","Harvatek Corporation","Harvatek Corporation","LED RED CLEAR 1206 SMD","1.130","0.2312","100","1","Tape & Reel (TR),Cut Tape (CT),Digi-Reel®","B1A81USD-20C","Active","Red","-","Colorless","Clear","174mcd","Round with Flat Top","-","2V","20mA","70°","Surface Mount","624nm","632nm","-","-","-","1206 (3216 Metric)","1206","3.20mm L x 1.60mm W","1.20mm","https://www.digikey.be/en/products/detail/harvatek-corporation/B1A81USD-20C000313U1930/18165793"
"https://www.sunledusa.com/products/spec/XZM2CRK55W-3.pdf","//mm.digikey.com/Volume0/opasdata/d220001/medias/images/4750/MFG_XZM2CRK55W-3.jpg","1497-1405-2-ND,1497-1405-1-ND,1497-1405-6-ND","XZM2CRK55W-3","SunLED","SunLED","LED RED CLEAR 2SMD","21.139","0.2334","100","1","Tape & Reel (TR),Cut Tape (CT),Digi-Reel®","-","Active","Red","Standard","Colorless","Clear","2490mcd","Round with Domed Top","1.60mm Dia","2.2V","20mA","35°","Surface Mount","625nm","640nm","-","-","-","1206 (3216 Metric)","2-SMD","3.20mm L x 1.60mm W","1.80mm","https://www.digikey.be/en/products/detail/sunled/XZM2CRK55W-3/4901982"
"https://www.lumex.com/datasheet/files/SML-LX23IC-TR.pdf","//mm.digikey.com/Volume0/opasdata/d220001/medias/images/390/SML-LX23.jpg","67-1338-2-ND,67-1338-1-ND,67-1338-6-ND","SML-LX23IC-TR","Lumex Opto/Components Inc.","Lumex Opto/Components Inc.","LED RED CLEAR SMD","13.446","0.2334","100","1","Tape & Reel (TR),Cut Tape (CT),Digi-Reel®","-","Active","Red","Standard","Colorless","Clear","20mcd","Rectangle with Flat Top","2.00mm x 1.40mm","2V","20mA","90°","Surface Mount","-","635nm","-","-","-","2-SMD, J-Lead","SMD","3.00mm L x 2.00mm W","1.40mm","https://www.digikey.be/en/products/detail/lumex-opto-components-inc/SML-LX23IC-TR/253604"
"//mm.digikey.com/Volume0/opasdata/d220001/medias/docus/394/sml-lx15ic-rp-tr.pdf","//mm.digikey.com/Volume0/opasdata/d220001/medias/images/1144/SML-LX15YGC-RP-TR-SML-LX15IGC-RP-TR.jpg","67-1653-2-ND,67-1653-1-ND,67-1653-6-ND","SML-LX15IC-RP-TR","Lumex Opto/Components Inc.","Lumex Opto/Components Inc.","LED RED CLEAR SOT23 SMD","26.964","0.2334","100","1","Tape & Reel (TR),Cut Tape (CT),Digi-Reel®","-","Active","Red","Standard","Colorless","Clear","10mcd","Rectangle with Flat Top","2.00mm x 3.00mm","2V","20mA","140°","Surface Mount","-","635nm","-","-","-","TO-236, SC-59, SOT-23-3 variant, 3-SMD","SOT-23","3.00mm L x 3.00mm W","1.00mm","https://www.digikey.be/en/products/detail/lumex-opto-components-inc/SML-LX15IC-RP-TR/420703"
"//mm.digikey.com/Volume0/opasdata/d220001/medias/docus/981/SML-LX2832IC-TR.pdf","//mm.digikey.com/Volume0/opasdata/d220001/medias/images/390/SML-LX28.jpg","67-1364-2-ND,67-1364-1-ND,67-1364-6-ND","SML-LX2832IC-TR","Lumex Opto/Components Inc.","Lumex Opto/Components Inc.","LED RED CLEAR 2832 SMD","1.628","0.2355","100","1","Tape & Reel (TR),Cut Tape (CT),Digi-Reel®","-","Active","Red","Standard","Colorless","Clear","25mcd","Round with Flat Top","2.40mm Dia","2V","20mA","120°","Surface Mount","-","635nm","-","-","-","2-PLCC","2832","3.20mm L x 2.80mm W","2.10mm","https://www.digikey.be/en/products/detail/lumex-opto-components-inc/SML-LX2832IC-TR/229148"
"https://docs.broadcom.com/docs/HSMx-A10x-xxxxx-PLCC-2-SMT-LED-Indicator-DS","//mm.digikey.com/Volume0/opasdata/d220001/medias/images/2471/FIG%2026%20HIGHLIGHTED%20ORANGE%20T052%201579.jpg","516-2125-2-ND,516-2125-1-ND,516-2125-6-ND","HSMS-A100-J00J1","Broadcom Limited","Broadcom Limited","LED RED CLEAR 2PLCC SMD","28.376","0.2357","100","1","Tape & Reel (TR),Cut Tape (CT),Digi-Reel®","-","Active","Red","Standard","Colorless","Clear","15mcd","Round with Flat Top","2.20mm Dia","2.2V","20mA","120°","Surface Mount","626nm","635nm","-","-","-","2-PLCC","2-PLCC","3.20mm L x 2.80mm W","2.10mm","https://www.digikey.be/en/products/detail/broadcom-limited/HSMS-A100-J00J1/1990523"
"https://docs.broadcom.com/docs/HSMx-A10x-xxxxx-PLCC-2-SMT-LED-Indicator-DS","//mm.digikey.com/Volume0/opasdata/d220001/medias/images/2471/FIG%2026%20HIGHLIGHTED%20ORANGE%20T052%201579.jpg","516-HSMS-A100-L00J1TR-ND,516-HSMS-A100-L00J1CT-ND,516-HSMS-A100-L00J1DKR-ND","HSMS-A100-L00J1","Broadcom Limited","Broadcom Limited","LED RED CLEAR 2PLCC SMD","28.059","0.2357","100","1","Tape & Reel (TR),Cut Tape (CT),Digi-Reel®","-","Active","Red","Standard","Colorless","Clear","15mcd","Round with Flat Top","2.20mm Dia","2.2V","20mA","120°","Surface Mount","626nm","635nm","-","-","-","2-PLCC","2-PLCC","3.20mm L x 2.80mm W","2.10mm","https://www.digikey.be/en/products/detail/broadcom-limited/HSMS-A100-L00J1/2220837"
"//mm.digikey.com/Volume0/opasdata/d220001/medias/docus/1552/sml-lx15ic-tr.pdf","//mm.digikey.com/Volume0/opasdata/d220001/medias/images/1144/SML-LX15YGC-RP-TR-SML-LX15IGC-RP-TR.jpg","67-1684-2-ND,67-1684-1-ND,67-1684-6-ND","SML-LX15IC-TR","Lumex Opto/Components Inc.","Lumex Opto/Components Inc.","LED RED CLEAR SOT23 SMD","14.116","0.2357","100","1","Tape & Reel (TR),Cut Tape (CT),Digi-Reel®","-","Active","Red","Standard","Colorless","Clear","10mcd","Rectangle with Flat Top","2.00mm x 3.00mm","2V","20mA","140°","Surface Mount","-","635nm","-","-","-","TO-236, SC-59, SOT-23-3 variant, 3-SMD","SOT-23","3.00mm L x 3.00mm W","1.00mm","https://www.digikey.be/en/products/detail/lumex-opto-components-inc/SML-LX15IC-TR/390417"
"https://www.qt-brightek.com/datasheet/QBLP653-R-2897.pdf","//mm.digikey.com/Volume0/opasdata/d220001/medias/images/6152/MFG_QBLP653-R_S_Y_O_AG1_IR.jpg","1516-QBLP653-R-2897TR-ND,1516-QBLP653-R-2897CT-ND,1516-QBLP653-R-2897DKR-ND","QBLP653-R-2897","QT Brightek (QTB)","QT Brightek (QTB)","LED RED CLEAR 1208 SMD","2.399","0.2357","100","1","Tape & Reel (TR),Cut Tape (CT),Digi-Reel®","QBLP653","Active","Red","Standard","Colorless","Clear","12300mcd","Round with Domed Top","1.80mm Dia","2V","20mA","15°","Surface Mount","621nm","-","-","-","-","1209 (3224 Metric)","1208","3.20mm L x 2.40mm W","2.65mm","https://www.digikey.be/en/products/detail/qt-brightek-qtb/QBLP653-R-2897/17049416"
"//mm.digikey.com/Volume0/opasdata/d220001/medias/docus/6452/CSL0901UT1.pdf","//mm.digikey.com/Volume0/opasdata/d220001/medias/images/6450/MFG_CSL0901xT1.jpg","846-CSL0901UT1TR-ND,846-CSL0901UT1CT-ND,846-CSL0901UT1DKR-ND","CSL0901UT1","Rohm Semiconductor","Rohm Semiconductor","LED RED CLEAR 0603 SMD","919","0.2357","100","1","Tape & Reel (TR),Cut Tape (CT),Digi-Reel®","CSL090x","Active","Red","-","Colorless","Clear","280mcd","Round with Domed Top","-","2.1V","20mA","-","Surface Mount","620nm","-","-","-","-","0603 (1608 Metric)","0603","1.60mm L x 0.80mm W","1.34mm","https://www.digikey.be/en/products/detail/rohm-semiconductor/CSL0901UT1/21320599"
"https://www.rohm.com/datasheet?p=CSL0901VT&dist=Digi-key&media=referral&source=digi-key.com&campaign=Digi-key","//mm.digikey.com/Volume0/opasdata/d220001/medias/images/309/MFG_CSL0901UT.jpg","846-CSL0901VT1TR-ND,846-CSL0901VT1CT-ND,846-CSL0901VT1DKR-ND","CSL0901VT1","Rohm Semiconductor","Rohm Semiconductor","LED RED CLEAR 0603 SMD","221","0.2357","100","1","Tape & Reel (TR),Cut Tape (CT),Digi-Reel®","CSL090x","Active","Red","-","Colorless","Clear","180mcd","Round with Domed Top","1.14mm Dia","2.1V","20mA","-","Surface Mount","630nm","-","-","-","-","0603 (1608 Metric)","0603","1.60mm L x 0.80mm W","1.34mm","https://www.digikey.be/en/products/detail/rohm-semiconductor/CSL0901VT1/10222161"
"https://www.vishay.com/docs/81336/vlm33.pdf","//mm.digikey.com/Volume0/opasdata/d220001/medias/images/6296/751%7E6.541-5067.01-4%7E%7E2.jpg","VLMS33S1U1-GS08TR-ND,VLMS33S1U1-GS08CT-ND,VLMS33S1U1-GS08DKR-ND","VLMS33S1U1-GS08","Vishay Semiconductor Opto Division","Vishay Semiconductor Opto Division","LED RED 2PLCC SMD","6.271","0.2361","100","1","Tape & Reel (TR),Cut Tape (CT),Digi-Reel®","VLM.33","Active","Red","Standard","-","-","370mcd","Round with Flat Top","2.40mm Dia","2V","30mA","120°","Surface Mount","630nm","641nm","-","-","-","2-SMD, J-Lead","2-PLCC","3.00mm L x 2.80mm W","1.85mm","https://www.digikey.be/en/products/detail/vishay-semiconductor-opto-division/VLMS33S1U1-GS08/4074163"
"//mm.digikey.com/Volume0/opasdata/d220001/medias/docus/883/95-21USRD-S357-TR7.pdf","//mm.digikey.com/Volume0/opasdata/d220001/medias/images/792/MFG_95-21SURCS530-A3TR7.jpg","1080-1569-2-ND,1080-1569-1-ND,1080-1569-6-ND","95-21USRD/S357/TR7","Everlight Electronics Co Ltd","Everlight Electronics Co Ltd","LED RED DIFFUSED GULL WING SMD","15.000","0.2372","100","1","Tape & Reel (TR),Cut Tape (CT),Digi-Reel®","-","Active","Red","Standard","Red","Diffused","100mcd","Round with Domed Top","1.90mm Dia","2V","20mA","35°","Surface Mount","631nm","639nm","-","-","-","2-SMD, Gull Wing","Gull Wing","2.50mm L x 2.00mm W","2.90mm","https://www.digikey.be/en/products/detail/everlight-electronics-co-ltd/95-21USRD-S357-TR7/8535248"
"//mm.digikey.com/Volume0/opasdata/d220001/medias/docus/5340/QLSP05RD.pdf","//mm.digikey.com/Volume0/opasdata/d220001/medias/images/4029/MFG_QLSP05RD.jpg","3970-QLSP05RDTR-ND,3970-QLSP05RDCT-ND,3970-QLSP05RDDKR-ND","QLSP05RD","Quelighting Corp","Quelighting Corp","LED RED CLEAR 4PLCC SMD","2.641","0.2379","100","1","Tape & Reel (TR),Cut Tape (CT),Digi-Reel®","-","Active","Red","-","-","Clear","2750mcd","Round with Flat Top","2.40mm Dia","2.2V","50mA","120°","Surface Mount","618nm","-","-","Automotive","AEC-Q101","1411 (3528 Metric)","4-PLCC","3.50mm L x 2.80mm W","2.00mm","https://www.digikey.be/en/products/detail/quelighting-corp/QLSP05RD/15848708"
"https://look.ams-osram.com/m/3a488f49564aabe5/original/LR-T64F.pdf","//mm.digikey.com/Volume0/opasdata/d220001/medias/images/799/LR-T64F-BBDB-1-1.jpg","475-LRT64F-BBDB-1-1TR-ND,475-LRT64F-BBDB-1-1CT-ND,475-LRT64F-BBDB-1-1DKR-ND","LR T64F-BBDB-1-1-20-R33-Z","ams-OSRAM USA INC.","ams-OSRAM USA INC.","LED RED CLEAR 2PLCC SMD","21.754","0.2397","100","1","Tape & Reel (TR),Cut Tape (CT),Digi-Reel®","TOPLED® Black","Active","Red","Standard","Colorless","Clear","3630mcd","Round with Domed Top","2.53mm Dia","1.95V","20mA","30°","Surface Mount","625nm","634nm","-","-","-","2-PLCC","2-PLCC","3.20mm L x 2.80mm W","3.80mm","https://www.digikey.be/en/products/detail/ams-osram-usa-inc/LR-T64F-BBDB-1-1-20-R33-Z/2769092"
"https://www.we-online.com/catalog/datasheet/150160RS73103.pdf","//mm.digikey.com/Volume0/opasdata/d220001/medias/images/7153/MFG_1608-SMTW.jpg","732-150160RS73103TR-ND,732-150160RS73103CT-ND,732-150160RS73103DKR-ND","150160RS73103","Würth Elektronik","Würth Elektronik","WL-SMTW SMT MONO-COLOR TOP LED W","8.640","0.24","100","1","Tape & Reel (TR),Cut Tape (CT),Digi-Reel®","WL-SMTW","Active","Red","Independent","Colorless","Clear","800mcd","Oval with Flat Top","-","2.1V","20mA","120°","Surface Mount","625nm","630nm","-","-","-","0603 (1608 Metric)","1608","1.60mm L x 0.80mm W","0.75mm","https://www.digikey.be/en/products/detail/würth-elektronik/150160RS73103/26812800"
"https://www.we-online.com/catalog/datasheet/150060RS83000.pdf","//mm.digikey.com/Volume0/opasdata/d220001/medias/images/7134/MFG_150060xS83000.jpg","732-150060RS83000TR-ND,732-150060RS83000CT-ND,732-150060RS83000DKR-ND","150060RS83000","Würth Elektronik","Würth Elektronik","SMT MONO-COLOR CHIP LED WATERCLE","122","0.24","100","1","Tape & Reel (TR),Cut Tape (CT),Digi-Reel®","WL-SMCW","Active","Red","Independent","Colorless","Clear","1800mcd","Rectangle with Domed Top","1.00mm x 0.80mm","2V","20mA","30°","Surface Mount","625nm","630nm","-","-","-","0603 (1608 Metric)","0603","1.60mm L x 0.80mm W","1.15mm","https://www.digikey.be/en/products/detail/würth-elektronik/150060RS83000/26766174"
"https://www.rohm.com/datasheet?p=SML-M13UT&dist=Digi-key&media=referral&source=digi-key.com&campaign=Digi-key","//mm.digikey.com/Volume0/opasdata/d220001/medias/images/6336/846%7E2012%280805%29%7E%7E2.jpg","846-1030-2-ND,846-1030-1-ND,846-1030-6-ND","SML-M13UTT86","Rohm Semiconductor","Rohm Semiconductor","LED RED CLEAR 2012 SMD","30.863","0.2402","100","1","Tape & Reel (TR),Cut Tape (CT),Digi-Reel®","SML-M1","Active","Red","Standard","Colorless","Clear","120mcd","Rectangle with Flat Top","1.40mm x 0.85mm","2V","20mA","-","Surface Mount","620nm","-","-","-","-","0805 (2012 Metric)","2012 (0805)","2.00mm L x 1.25mm W","0.90mm","https://www.digikey.be/en/products/detail/rohm-semiconductor/SML-M13UTT86/2425010"
"https://www.sunledusa.com/products/spec/XZM2CRK53W-1.pdf","//mm.digikey.com/Volume0/opasdata/d220001/medias/images/4758/MFG_XZM2CRK53W-1.jpg","1497-1235-2-ND,1497-1235-1-ND,1497-1235-6-ND","XZM2CRK53W-1","SunLED","SunLED","LED RED CLEAR 2SMD","6.261","0.2402","100","1","Tape & Reel (TR),Cut Tape (CT),Digi-Reel®","-","Active","Red","Standard","Colorless","Clear","347mcd","Rectangle with Flat Top","1.10mm x 0.80mm","2.2V","20mA","120°","Surface Mount","625nm","640nm","-","-","-","0603 (1608 Metric)","2-SMD","1.60mm L x 0.80mm W","0.75mm","https://www.digikey.be/en/products/detail/sunled/XZM2CRK53W-1/4901977"
"https://www.KingbrightUSA.com/images/catalog/SPEC/APHHS1005LSECK-J3-PF.pdf","//mm.digikey.com/Volume0/opasdata/d220001/medias/images/6348/MFG_APG1005.jpg","754-2123-2-ND,754-2123-1-ND,754-2123-6-ND","APHHS1005LSECK/J3-PF","Kingbright","Kingbright","LED RED CLEAR 2SMD","94.761","0.242","100","1","Tape & Reel (TR),Cut Tape (CT),Digi-Reel®","-","Active","Red","Independent","Colorless","Clear","80mcd","Rectangle with Flat Top","0.80mm x 0.50mm","1.8V","2mA","120°","Surface Mount","625nm","640nm","-","-","-","0402 (1005 Metric)","2-SMD","1.00mm L x 0.50mm W","0.60mm","https://www.digikey.be/en/products/detail/kingbright/APHHS1005LSECK-J3-PF/7318976"
"https://www.KingbrightUSA.com/images/catalog/SPEC/AA3528SURCKT09.pdf","//mm.digikey.com/Volume0/opasdata/d220001/medias/images/4528/MFG_AA3528CGCKT09.jpg","754-AA3528SURCKT09TR-ND,754-AA3528SURCKT09CT-ND,754-AA3528SURCKT09DKR-ND","AA3528SURCKT09","Kingbright","Kingbright","LED RED CLEAR SMD","9.372","0.242","100","1","Tape & Reel (TR),Cut Tape (CT),Digi-Reel®","Heli-R","Active","Red","-","Colorless","Clear","100mcd","Round with Flat Top","2.40mm Dia","1.95V","20mA","120°","Surface Mount","630nm","645nm","-","-","-","2-SMD, Gull Wing","SMD","3.20mm L x 2.80mm W","2.15mm","https://www.digikey.be/en/products/detail/kingbright/AA3528SURCKT09/10293082"
"https://optoelectronics.liteon.com/upload/download/DS22-2014-0007/LTST-T680VEWT.pdf","//mm.digikey.com/Volume0/opasdata/d220001/medias/images/7180/%7E160%7E2-PLCC%7E.jpg","160-LTST-T680VEWTTR-ND,160-LTST-T680VEWTCT-ND,160-LTST-T680VEWTDKR-ND","LTST-T680VEWT","Lite-On Inc.","LITEON","LED RED DIFFUSED 2SMD","5.747","0.2422","100","1","Tape & Reel (TR),Cut Tape (CT),Digi-Reel®","-","Active","Red","Standard","-","Diffused","1055mcd","Round with Flat Top","-","2.1V","20mA","120°","Surface Mount","624nm","633nm","-","-","-","2-PLCC","2-SMD","3.20mm L x 2.80mm W","1.90mm","https://www.digikey.be/en/products/detail/liteon/LTST-T680VEWT/5231391"
"https://www.lumex.com/datasheet/files/SML-LX0402DRC-TR.pdf","//mm.digikey.com/Volume0/opasdata/d220001/medias/images/7165/%7E67%7E0402-%281005-Metric%29%7E.jpg","67-SML-LX0402DRC-TR-ND,67-SML-LX0402DRC-TRCT-ND,67-SML-LX0402DRC-TRDKR-ND","SML-LX0402DRC-TR","Lumex Opto/Components Inc.","Lumex Opto/Components Inc.","LED RED CLEAR SMD","2.599","0.2424","100","1","Tape & Reel (TR),Cut Tape (CT),Digi-Reel®","-","Active","Red","Independent","Colorless","Clear","25mcd","Rectangle with Flat Top","1.00mm x 0.50mm","2V","20mA","120°","Surface Mount","-","650nm","-","-","-","0402 (1005 Metric)","-","1.00mm L x 0.50mm W","0.50mm","https://www.digikey.be/en/products/detail/lumex-opto-components-inc/SML-LX0402DRC-TR/7364630"
"//mm.digikey.com/Volume0/opasdata/d220001/medias/docus/2768/B1591URO-20C000112U1930.pdf","//mm.digikey.com/Volume0/opasdata/d220001/medias/images/5442/MFG_B1591URO-20C000112U1930.jpg","3147-B1591URO-20C000112U1930TR-ND,3147-B1591URO-20C000112U1930CT-ND,3147-B1591URO-20C000112U1930DKR-ND","B1591URO-20C000112U1930","Harvatek Corporation","Harvatek Corporation","LED RED CLEAR 1206 SMD","11.827","0.2424","100","1","Tape & Reel (TR),Cut Tape (CT),Digi-Reel®","B1591URO","Active","Red","-","Colorless","Clear","715mcd","Round with Domed Top","1.62mm Dia","2V","20mA","20°","Surface Mount","631nm","639nm","-","-","-","1206 (3216 Metric)","1206","3.20mm L x 1.60mm W","1.95mm","https://www.digikey.be/en/products/detail/harvatek-corporation/B1591URO-20C000112U1930/16671736"
"https://docs.broadcom.com/docs/HSMx-A10x-xxxxx-PLCC-2-SMT-LED-Indicator-DS","//mm.digikey.com/Volume0/opasdata/d220001/medias/images/2471/FIG%2026%20HIGHLIGHTED%20ORANGE%20T052%201579.jpg","516-HSMC-A101-S30J1TR-ND,516-HSMC-A101-S30J1CT-ND,516-HSMC-A101-S30J1DKR-ND","HSMC-A101-S30J1","Broadcom Limited","Broadcom Limited","LED RED CLEAR 2PLCC SMD","29.898","0.2447","100","1","Tape & Reel (TR),Cut Tape (CT),Digi-Reel®","-","Active","Red","Standard","Colorless","Clear","-","Round with Flat Top","2.20mm Dia","1.9V","20mA","120°","Surface Mount","626nm","635nm","-","-","-","2-PLCC","2-PLCC","3.20mm L x 2.80mm W","2.10mm","https://www.digikey.be/en/products/detail/broadcom-limited/HSMC-A101-S30J1/2220748"
"https://docs.broadcom.com/docs/HSMx-A10x-xxxxx-PLCC-2-SMT-LED-Indicator-DS","//mm.digikey.com/Volume0/opasdata/d220001/medias/images/2471/FIG%2026%20HIGHLIGHTED%20ORANGE%20T052%201579.jpg","516-HSMC-A101-S40J1TR-ND,516-HSMC-A101-S40J1CT-ND,516-HSMC-A101-S40J1DKR-ND","HSMC-A101-S40J1","Broadcom Limited","Broadcom Limited","LED RED CLEAR 2PLCC SMD","33.458","0.2447","100","1","Tape & Reel (TR),Cut Tape (CT),Digi-Reel®","-","Active","Red","Standard","Colorless","Clear","-","Round with Flat Top","2.20mm Dia","1.9V","20mA","120°","Surface Mount","626nm","635nm","-","-","-","2-PLCC","2-PLCC","3.20mm L x 2.80mm W","2.10mm","https://www.digikey.be/en/products/detail/broadcom-limited/HSMC-A101-S40J1/2220749"
"https://look.ams-osram.com/m/10f99d213c6f03da/original/LR-T66F.pdf","//mm.digikey.com/Volume0/opasdata/d220001/medias/images/799/LR-T64F-BBDB-1-1.jpg","475-LRT66F-AABB-1-1-20-R33-ZTR-ND,475-LRT66F-AABB-1-1-20-R33-ZCT-ND,475-LRT66F-AABB-1-1-20-R33-ZDKR-ND","LR T66F-AABB-1-1-20-R33-Z","ams-OSRAM USA INC.","ams-OSRAM USA INC.","LED RED CLEAR 2PLCC SMD","19.487","0.2458","100","1","Tape & Reel (TR),Cut Tape (CT),Digi-Reel®","TOPLED® Black","Active","Red","Standard","Colorless","Clear","1960mcd","Round with Domed Top","2.60mm Dia","1.95V","20mA","55°","Surface Mount","625nm","634nm","-","-","-","2-PLCC","2-PLCC","3.20mm L x 2.80mm W","3.50mm","https://www.digikey.be/en/products/detail/ams-osram-usa-inc/LR-T66F-AABB-1-1-20-R33-Z/4431559"
"https://www.sunledusa.com/products/spec/XZM2CRK55W-1.pdf","//mm.digikey.com/Volume0/opasdata/d220001/medias/images/862/MFG_XZM2CRK55W-1.jpg","1497-1496-2-ND,1497-1496-1-ND,1497-1496-6-ND","XZM2CRK55W-1","SunLED","SunLED","LED RED CLEAR 2SMD","3.783","0.2469","100","1","Tape & Reel (TR),Cut Tape (CT),Digi-Reel®","-","Active","Red","Standard","Colorless","Clear","347mcd","Rectangle with Flat Top","1.90mm x 1.60mm","2.2V","20mA","120°","Surface Mount","625nm","640nm","-","-","-","1206 (3216 Metric)","2-SMD","3.20mm L x 1.60mm W","0.75mm","https://www.digikey.be/en/products/detail/sunled/XZM2CRK55W-1/4901980"
"https://www.sunledusa.com/products/spec/XZM2CRK53WA-8ST.pdf","//mm.digikey.com/Volume0/opasdata/d220001/medias/images/4485/MFG_XZM2CRK53WA-8ST.jpg","1497-1448-2-ND,1497-1448-1-ND,1497-1448-6-ND","XZM2CRK53WA-8ST","SunLED","SunLED","LED RED CLEAR CHIP SMD","8.362","0.2471","100","1","Tape & Reel (TR),Cut Tape (CT),Digi-Reel®","-","Active","Red","Standard","Colorless","Clear","597mcd","Round with Domed Top","0.70mm Dia","2.2V","20mA","100°","Surface Mount","625nm","640nm","-","-","-","0603 (1608 Metric)","Chip LED","1.60mm L x 0.80mm W","0.80mm","https://www.digikey.be/en/products/detail/sunled/XZM2CRK53WA-8ST/8571164"
"https://www.we-online.com/components/products/datasheet/150060RS75003.pdf","//mm.digikey.com/Volume0/opasdata/d220001/medias/images/4132/MFG_150060xx75003.jpg","732-150060RS75003TR-ND,732-150060RS75003CT-ND,732-150060RS75003DKR-ND","150060RS75003","Würth Elektronik","Würth Elektronik","LED RED CLEAR 0603 SMD","31.996","0.249","100","1","Tape & Reel (TR),Cut Tape (CT),Digi-Reel®","WL-SMCW","Active","Red","-","Colorless","Clear","530mcd","Rectangle with Flat Top","1.10mm x 0.80mm","2V","20mA","140°","Surface Mount","625nm","630nm","-","-","-","0603 (1608 Metric)","0603","1.60mm L x 0.80mm W","0.80mm","https://www.digikey.be/en/products/detail/würth-elektronik/150060RS75003/16022171"
"https://www.we-online.com/components/products/datasheet/150060SS75003.pdf","//mm.digikey.com/Volume0/opasdata/d220001/medias/images/4132/MFG_150060xx75003.jpg","732-150060SS75003TR-ND,732-150060SS75003CT-ND,732-150060SS75003DKR-ND","150060SS75003","Würth Elektronik","Würth Elektronik","LED RED CLEAR 0603 SMD","11.772","0.249","100","1","Tape & Reel (TR),Cut Tape (CT),Digi-Reel®","WL-SMCW","Active","Red","-","Colorless","Clear","320mcd","Rectangle with Flat Top","1.10mm x 0.80mm","1.9V","20mA","140°","Surface Mount","630nm","645nm","-","-","-","0603 (1608 Metric)","0603","1.60mm L x 0.80mm W","0.80mm","https://www.digikey.be/en/products/detail/würth-elektronik/150060SS75003/16022156"
"https://www.vishay.com/docs/84589/vlmx235.pdf","//mm.digikey.com/Volume0/opasdata/d220001/medias/images/535/MiniLED-2-SMD%2C-J-Lead.jpg","VLMS235S2U1-GS08TR-ND,VLMS235S2U1-GS08CT-ND,VLMS235S2U1-GS08DKR-ND","VLMS235S2U1-GS08","Vishay Semiconductor Opto Division","Vishay Semiconductor Opto Division","LED RED SMD MINILED SMD","12","0.25","100","1","Tape & Reel (TR),Cut Tape (CT),Digi-Reel®","MiniLED","Active","Red","Standard","-","-","370mcd","Rectangle with Flat Top","1.50mm x 0.90mm","2.1V","20mA","120°","Surface Mount","630nm","639nm","-","-","-","2-SMD, J-Lead","SMD MiniLED","2.05mm L x 1.40mm W","1.40mm","https://www.digikey.be/en/products/detail/vishay-semiconductor-opto-division/VLMS235S2U1-GS08/9554102"
"https://www.vishay.com/docs/84589/vlmx235.pdf","//mm.digikey.com/Volume0/opasdata/d220001/medias/images/535/MiniLED-2-SMD%2C-J-Lead.jpg","VLMR235T2V1-GS08TR-ND,VLMR235T2V1-GS08CT-ND,VLMR235T2V1-GS08DKR-ND","VLMR235T2V1-GS08","Vishay Semiconductor Opto Division","Vishay Semiconductor Opto Division","LED RED SMD MINILED SMD","2.980","0.2502","100","1","Tape & Reel (TR),Cut Tape (CT),Digi-Reel®","MiniLED","Active","Red","Standard","-","-","520mcd","Rectangle with Flat Top","1.50mm x 0.90mm","2.1V","20mA","120°","Surface Mount","625nm","632nm","-","-","-","2-SMD, J-Lead","SMD MiniLED","2.05mm L x 1.40mm W","1.40mm","https://www.digikey.be/en/products/detail/vishay-semiconductor-opto-division/VLMR235T2V1-GS08/9554100"
"https://docs.broadcom.com/docs/AV02-0112EN","//mm.digikey.com/Volume0/opasdata/d220001/medias/images/2523/FIG%2021%20HIGHLIGHTED%20%20PINK%20T052%201579.jpg","516-1428-2-ND,516-1428-1-ND,516-1428-6-ND","HSMC-C170","Broadcom Limited","Broadcom Limited","LED RED DIFFUSED CHIP SMD","233.679","0.2513","100","1","Tape & Reel (TR),Cut Tape (CT),Digi-Reel®","-","Active","Red","Standard","White","Diffused","90mcd","Rectangle with Flat Top","1.40mm x 1.25mm","1.9V","20mA","170°","Surface Mount","626nm","637nm","-","-","-","0805 (2012 Metric)","Chip LED","2.00mm L x 1.25mm W","0.80mm","https://www.digikey.be/en/products/detail/broadcom-limited/HSMC-C170/637689"
"https://docs.broadcom.com/docs/AV02-0602EN","//mm.digikey.com/Volume0/opasdata/d220001/medias/images/4848/516_516_HSMx-C280.jpg","516-3060-2-ND,516-3060-1-ND,516-3060-6-ND","HSMC-C280","Broadcom Limited","Broadcom Limited","LED RED DIFFUSED 0402 SMD","20.906","0.2513","100","1","Tape & Reel (TR),Cut Tape (CT),Digi-Reel®","-","Active","Red","Standard","White","Diffused","90mcd","Rectangle with Flat Top","1.00mm x 0.50mm","1.9V","20mA","130°","Surface Mount","626nm","637nm","-","-","-","0402 (1005 Metric)","0402","1.00mm L x 0.50mm W","0.40mm","https://www.digikey.be/en/products/detail/broadcom-limited/HSMC-C280/1235142"
"https://docs.broadcom.com/docs/AV02-0112EN","//mm.digikey.com/Volume0/opasdata/d220001/medias/images/2375/FIG%2020%20HIGHLIGHTED%20GREEN%20T052%201579.jpg","516-1421-2-ND,516-1421-1-ND,516-1421-6-ND","HSMC-C190","Broadcom Limited","Broadcom Limited","LED RED DIFFUSED CHIP SMD","16.711","0.2513","100","1","Tape & Reel (TR),Cut Tape (CT),Digi-Reel®","-","Active","Red","Standard","White","Diffused","90mcd","Rectangle with Flat Top","1.00mm x 0.80mm","1.9V","20mA","170°","Surface Mount","626nm","637nm","-","-","-","0603 (1608 Metric)","Chip LED","1.60mm L x 0.80mm W","0.80mm","https://www.digikey.be/en/products/detail/broadcom-limited/HSMC-C190/637682"
"https://docs.broadcom.com/docs/AV02-0975EN","//mm.digikey.com/Volume0/opasdata/d220001/medias/images/2375/FIG%2020%20HIGHLIGHTED%20GREEN%20T052%201579.jpg","516-HSMC-C197TR-ND,516-HSMC-C197CT-ND,516-HSMC-C197DKR-ND","HSMC-C197","Broadcom Limited","Broadcom Limited","LED RED DIFFUSED 0603 SMD","9.502","0.2513","100","1","Tape & Reel (TR),Cut Tape (CT),Digi-Reel®","-","Active","Red","Standard","White","Diffused","90mcd","Rectangle with Flat Top","1.60mm x 0.80mm","1.9V","20mA","130°","Surface Mount","626nm","637nm","-","-","-","0603 (1608 Metric)","0603","1.60mm L x 0.80mm W","0.40mm","https://www.digikey.be/en/products/detail/broadcom-limited/HSMC-C197/1235143"
"https://look.ams-osram.com/m/10f99d213c6f03da/original/LR-T66F.pdf","//mm.digikey.com/Volume0/opasdata/d220001/medias/images/695/MFG_LT-T673.jpg","475-LRT66F-ABBA-1-1-20-L-ZTR-ND,475-LRT66F-ABBA-1-1-20-L-ZCT-ND,475-LRT66F-ABBA-1-1-20-L-ZDKR-ND","LR T66F-ABBA-1-1-20-L-Z","ams-OSRAM USA INC.","ams-OSRAM USA INC.","LED RED CLEAR 2PLCC SMD","5.900","0.2518","100","1","Tape & Reel (TR),Cut Tape (CT),Digi-Reel®","TOPLED® Black","Active","Red","Standard","Colorless","Clear","1820mcd","Round with Domed Top","2.60mm Dia","1.95V","20mA","55°","Surface Mount","625nm","634nm","-","-","-","2-PLCC","2-PLCC","3.20mm L x 2.80mm W","3.50mm","https://www.digikey.be/en/products/detail/ams-osram-usa-inc/LR-T66F-ABBA-1-1-20-L-Z/7325510"
