Datasheet,Image,DK Part #,Mfr Part #,Mfr,Supplier,Description,Stock,Price,@ qty,Min Qty, Package,Series,Product Status,"Connector Type","Number of Contacts","Gender","Specifications","Mounting Type","Mounting Feature","Termination","Features","Ingress Protection","Operating Temperature","Number of Ports","Current Rating (Amps)","Voltage - Rated","Shielding","Mating Cycles","URL"
"https://app.adam-tech.com/products/download/data_sheet/195341/mcr-b-s-ra-smt-np-cs6b-t-r-data-sheet.pdf","-","2057-MCR-B-S-RA-SMT-NP-CS6B-T/RTR-ND","MCR-B-S-RA-SMT-NP-CS6B-T/R","Adam Tech","Adam Tech","MICRO USB, TYPE B, RIGHT ANGLE,","0","0.18444","0","500","Tape & Reel (TR)","MCR","Obsolete","USB - micro B","5","Receptacle","-","Surface Mount, Right Angle","Horizontal","Solder","Solder Retention","-","-30°C ~ 80°C","1","1A","-","Shielded","-","https://www.digikey.be/en/products/detail/adam-tech/MCR-B-S-RA-SMT-NP-CS6B-T-R/9832237"
"//mm.digikey.com/Volume0/opasdata/d220001/medias/docus/6257/io_usb_micro.pdf","//mm.digikey.com/Volume0/opasdata/d220001/medias/images/8888/MFG_10118194.jpg","609-10118194-0101LFTR-ND","10118194-0101LF","Amphenol ICC (FCI)","Amphenol CS (FCI)","CONN RCPT USB","0","0.19803","0","20000","Tape & Reel (TR)","-","Active","USB - micro B","5","Receptacle","-","Surface Mount, Right Angle","Horizontal","Solder","-","-","-30°C ~ 80°C","1","0.5A, 1.8A","-","Shielded","10000","https://www.digikey.be/en/products/detail/amphenol-cs-fci/10118194-0101LF/11601535"
"https://cdn.amphenol-cs.com/media/wysiwyg/files/documentation/datasheet/inputoutput/io_usb_micro.pdf","//mm.digikey.com/Volume0/opasdata/d220001/medias/images/8888/MFG_10118194.jpg","609-10118194-0012LFTR-ND","10118194-0012LF","Amphenol ICC (FCI)","Amphenol CS (FCI)","CONN RCPT USB","0","0.20426","0","9600","Tape & Reel (TR)","-","Active","USB - micro B","5","Receptacle","-","Surface Mount, Right Angle","Horizontal","Solder","-","-","-30°C ~ 80°C","1","0.5A, 1.8A","-","Shielded","10000","https://www.digikey.be/en/products/detail/amphenol-cs-fci/10118194-0012LF/11606560"
"-","-","664-105019301012ATR-ND","105019301012A","Amphenol ICC (Commercial Products)","Amphenol CS (Commercial Products)","MICRO USB B 5POS RIGHT ANGLE SMT","0","0.2301","0","15000","Tape & Reel (TR)","-","Active","USB - micro B","5","Receptacle","USB 2.0","Surface Mount, Right Angle","Horizontal","Solder","-","-","-","1","-","-","Shielded","-","https://www.digikey.be/en/products/detail/amphenol-cs-commercial-products/105019301012A/25817228"
"https://www.molex.com/pdm_docs/sd/476100001_sd.pdf","//mm.digikey.com/Volume0/opasdata/d220001/medias/images/2277/0476100001.jpg","WM14338TR-ND","0476100001","Molex","Molex","CONN RCP MICRO USB B 5POS SMD RA","0","0.23406","0","9100","Tape & Reel (TR)","47610","Obsolete","USB - micro B","5","Receptacle","-","Surface Mount, Right Angle","Bottom Mount, Horizontal","Solder","Solder Retention","-","-35°C ~ 85°C","1","1A, 1.8A","30VAC","Shielded","10000","https://www.digikey.be/en/products/detail/molex/0476100001/4553744"
"https://cdn.amphenol-cs.com/media/wysiwyg/files/documentation/datasheet/inputoutput/io_usb_micro.pdf","//mm.digikey.com/Volume0/opasdata/d220001/medias/images/6447/MFG_10118193-0002LF.jpg","609-10118193-0002LFTR-ND","10118193-0002LF","Amphenol ICC (FCI)","Amphenol CS (FCI)","CONN RCPT USB","0","0.2342","0","10400","Tape & Reel (TR)","-","Active","USB - micro B","5","Receptacle","USB 2.0","Surface Mount, Right Angle","Horizontal","Solder","-","-","-","1","-","-","Shielded","10000","https://www.digikey.be/en/products/detail/amphenol-cs-fci/10118193-0002LF/11596817"
"//mm.digikey.com/Volume0/opasdata/d220001/medias/docus/6257/io_usb_micro.pdf","//mm.digikey.com/Volume0/opasdata/d220001/medias/images/8888/MFG_10118194.jpg","609-10118194-1001LFTR-ND","10118194-1001LF","Amphenol ICC (FCI)","Amphenol CS (FCI)","CONN RCPT USB","0","0.2407","0","9600","Tape & Reel (TR)","-","Active","USB - micro B","5","Receptacle","-","Surface Mount, Right Angle","Horizontal","Solder","-","-","-30°C ~ 80°C","1","0.5A, 1.8A","-","Shielded","10000","https://www.digikey.be/en/products/detail/amphenol-cs-fci/10118194-1001LF/11600996"
"https://cdn.amphenol-cs.com/media/wysiwyg/files/documentation/datasheet/inputoutput/io_usb_type_c_connector_cable.pdf","//mm.digikey.com/Volume0/opasdata/d220001/medias/images/6456/MFG_10164744-00011LF.jpg","609-10164744-00011LFTR-ND","10164744-00011LF","Amphenol ICC (FCI)","Amphenol CS (FCI)","MICRO USB VERTICAL T/H-TYPE","0","0.2458","0","26000","Tape & Reel (TR)","10164744","Active","USB - micro B","5","Receptacle","USB 2.0","Surface Mount, Through Hole","Vertical","Solder","-","-","-30°C ~ 85°C","1","1A, 1.8A","30VDC","Shielded","10000","https://www.digikey.be/en/products/detail/amphenol-cs-fci/10164744-00011LF/22527633"
"-","-","123-AUSB2-BFC-GSR2-ND","AUSB2-BFC-GSR2","Assmann WSW Components","Assmann WSW Components","USB","0","0.27232","0","10000","Bulk","-","Active","USB - micro B","5","Receptacle","USB 2.0","Surface Mount, Right Angle","Horizontal","Solder","-","-","-30°C ~ 85°C","1","1.8A","30VAC","Shielded","10000","https://www.digikey.be/en/products/detail/assmann-wsw-components/AUSB2-BFC-GSR2/25798694"
"https://www.molex.com/pdm_docs/sd/476541001_sd.pdf","-","0476541001-ND","0476541001","Molex","Molex","CONN RCPT MICRO USB AB 5POS SMD","0","0.27377","0","7500","Tape & Reel (TR)","47654","Obsolete","USB - micro AB","5","Receptacle","-","Board Edge, Cutout; Surface Mount; Through Hole, Right Angle","Horizontal, Mid Mount","Solder","Pick and Place","-","-30°C ~ 85°C","1","1A, 1.8A","30VAC","Shielded","10000","https://www.digikey.be/en/products/detail/molex/0476541001/4553745"
"https://www.molex.com/webdocs/datasheets/pdf/en-us/0475891101_IO_CONNECTORS.pdf","-","0475891101-ND,2266-475891101-23-ND","0475891101","Molex","Molex,WEC","CONN RCPT MICRO USB AB 5P SMD RA","0","0.27452","0","1500","Tape & Reel (TR),Bulk","47589","Obsolete","USB - micro AB","5","Receptacle","-","Surface Mount, Right Angle; Through Hole","Horizontal","Solder","Pick and Place, Solder Retention","-","-35°C ~ 85°C","1","1A, 1.8A","30VAC","Shielded","10000","https://www.digikey.be/en/products/detail/molex/0475891101/5116046"
"-","-","123-AUSB2-BFC-GSR1-ND","AUSB2-BFC-GSR1","Assmann WSW Components","Assmann WSW Components","USB","0","0.28707","0","6000","Bulk","-","Active","USB - micro B","5","Receptacle","USB 2.0","Surface Mount, Right Angle","Horizontal","Solder","-","-","-30°C ~ 80°C","1","1.5A","30VAC","Shielded","10000","https://www.digikey.be/en/products/detail/assmann-wsw-components/AUSB2-BFC-GSR1/25798583"
"//mm.digikey.com/Volume0/opasdata/d220001/medias/docus/2514/AU-Y1010.pdf","-","AU-Y1010-ND","AU-Y1010","Assmann WSW Components","Assmann WSW Components","CONN PLUG USB1.1 MICRO B SLD","0","0.2937","0","100","Tray","-","Obsolete","USB - micro B","5","Plug","USB 1.1","Free Hanging (In-Line)","-","Solder","-","-","-30°C ~ 80°C","1","1A","-","-","10000","https://www.digikey.be/en/products/detail/assmann-wsw-components/AU-Y1010/4319239"
"https://gct.co/files/specs/usb3065-spec.pdf","-","2073-USB3065-30-01-ATR-ND","USB3065-30-01-A","GCT","GCT","MICRO B SKT, BOTTOM-SMT, R/A, 30","0","0.29711","0","6000","Tape & Reel (TR)","USB3065","Active","USB - micro B","5","Receptacle","USB 2.0","Surface Mount, Right Angle","Horizontal","Solder","-","-","-30°C ~ 85°C","1","1A, 1.8A","30VAC","Shielded","10000","https://www.digikey.be/en/products/detail/gct/USB3065-30-01-A/14305240"
"https://www.molex.com/pdm_docs/sd/1052481001_sd.pdf","-","1052481001-ND","1052481001","Molex","Molex","CONN RCPT USB2.0 MICRO B SMD","0","0.30222","0","7500","Tape & Reel (TR)","105248","Obsolete","USB - micro B","5","Receptacle","USB 2.0","Board Edge, Cutout; Surface Mount; Through Hole, Right Angle","Horizontal, Mid Mount","Solder","Pick and Place","-","-35°C ~ 85°C","1","1A, 1.8A","30VAC","Shielded","10000","https://www.digikey.be/en/products/detail/molex/1052481001/5254605"
"https://cdn.amphenol-cs.com/media/wysiwyg/files/documentation/datasheet/inputoutput/io_usb_micro.pdf","-","609-10144745-0001LFTR-ND","10144745-0001LF","Amphenol ICC (FCI)","Amphenol CS (FCI)","MICRO USB B-TYPE","0","0.31133","0","20000","Tape & Reel (TR)","-","Active","USB - micro B","5","Receptacle","-","Surface Mount, Right Angle","Horizontal","Solder","-","-","-30°C ~ 80°C","1","1A, 1.8A","-","Shielded","-","https://www.digikey.be/en/products/detail/amphenol-cs-fci/10144745-0001LF/11604008"
"https://app.adam-tech.com/resources/download/65/ecatalog-2025-1.pdf","-","2057-MCR-AB-S-RA-TSMT-CS2-T/RTR-ND","MCR-AB-S-RA-TSMT-CS2-T/R","Adam Tech","Adam Tech","MICRO USB ABF 1PORT RA TRUE SMT","0","0.31383","0","3000","Tape & Reel (TR)","MCR","Active","USB - micro AB","5","Receptacle","-","Surface Mount, Right Angle","Horizontal","Solder","-","-","-30°C ~ 80°C","1","1A, 1.8A","-","Shielded","-","https://www.digikey.be/en/products/detail/adam-tech/MCR-AB-S-RA-TSMT-CS2-T-R/26685061"
"//mm.digikey.com/Volume0/opasdata/d220001/medias/docus/2544/AU-Y1009.pdf","-","AU-Y1009-ND","AU-Y1009","Assmann WSW Components","Assmann WSW Components","CONN RCPT USB1.1 MICRO B SMD R/A","0","0.3169","0","100","Tray","-","Obsolete","USB - micro B","5","Receptacle","USB 1.1","Surface Mount, Right Angle","Horizontal","Solder","Solder Retention","-","-30°C ~ 80°C","1","0.5A","-","-","10000","https://www.digikey.be/en/products/detail/assmann-wsw-components/AU-Y1009/4319238"
"https://app.adam-tech.com/products/download/data_sheet/195345/mcr-b-mplug-cs8-data-sheet.pdf","-","2057-MCR-B-MPLUG-CS8-ND","MCR-B-MPLUG-CS8","Adam Tech","Adam Tech","MICRO USB TYPE B PLUG","0","0.32308","0","500","Tray","MCR","Obsolete","USB - micro B","5","Plug","-","Surface Mount, Right Angle","Horizontal","Solder","Board Guide","-","-55°C ~ 105°C","1","0.5A","150V","Shielded","-","https://www.digikey.be/en/products/detail/adam-tech/MCR-B-MPLUG-CS8/9832330"
"//mm.digikey.com/Volume0/opasdata/d220001/medias/docus/1094/ZX_Series.pdf","//mm.digikey.com/Volume0/opasdata/d220001/medias/images/1042/ZX10-B-5S-UNIT%2812%29.JPG","H11673TR-ND","ZX10-B-5S-UNIT(12)","Hirose Electric Co Ltd","Hirose Electric Co Ltd","CONN PLUG USB2.0 MICRO B R/A","0","0.33745","0","1500","Tape & Reel (TR)","ZX","Obsolete","USB - micro B","5","Plug","USB 2.0","Through Hole, Right Angle","Bottom Mount, Horizontal","Solder","-","-","-30°C ~ 85°C","1","1A per Contact","30VAC","-","10000","https://www.digikey.be/en/products/detail/hirose-electric-co-ltd/ZX10-B-5S-UNIT-12/2004571"
"//mm.digikey.com/Volume0/opasdata/d220001/medias/docus/1094/ZX_Series.pdf","//mm.digikey.com/Volume0/opasdata/d220001/medias/images/19/ZX62D-B-5PA8.jpg","H124529TR-ND","ZX62D-B-5PA8","Hirose Electric Co Ltd","Hirose Electric Co Ltd","CONN RCPT USB2.0 MICRO B SMD R/A","0","0.34421","0","2000","Tape & Reel (TR)","ZX","Obsolete","USB - micro B","5","Receptacle","USB 2.0","Surface Mount, Right Angle; Through Hole","Bottom Mount, Horizontal","Solder","Pick and Place, Solder Retention","-","-30°C ~ 85°C","1","1.8A","30VAC","Shielded","10000","https://www.digikey.be/en/products/detail/hirose-electric-co-ltd/ZX62D-B-5PA8/5134937"
"https://gct.co/files/specs/usb3145-spec.pdf","//mm.digikey.com/Volume0/opasdata/d220001/medias/images/188/USB3145-30-0-A.jpg","2073-USB3145-30-0-ATR-ND","USB3145-30-0-A","GCT","GCT","MICRO B SKT, VERTICAL, TH, 30""","0","0.34973","0","7800","Tape & Reel (TR)","USB3145","Active","USB - micro B","5","Receptacle","USB 2.0","Through Hole","Vertical","Solder","-","-","-30°C ~ 85°C","1","1A, 1.8A","30VAC","Shielded","10000","https://www.digikey.be/en/products/detail/gct/USB3145-30-0-A/10649810"
"https://www.jae.com/direct/topics/topics_file_download/topics_id=64360&ext_no=08&_lang=en","-","DX4R005JJER1800-ND","DX4R005JJER1800","JAE Electronics","JAE Electronics","CONN RCPT USB2.0 MICRO B R/A","0","0.35582","0","1800","Tape & Reel (TR)","DX4","Active","USB - micro B","5","Receptacle","USB 2.0","Through Hole, Right Angle","Horizontal","Solder","-","-","-","-","-","-","-","-","https://www.digikey.be/en/products/detail/jae-electronics/DX4R005JJER1800/5398039"
"https://tools.molex.com/pdm_docs/ps/PS-47642-001.pdf","//mm.digikey.com/Volume0/opasdata/d220001/medias/images/1903/0473461001.jpg","WM20253TR-ND","0473461015","Molex","Molex","CONN RCPT USB2.0 MICRO B SMD R/A","0","0.35696","0","7500","Tape & Reel (TR)","47346","Obsolete","USB - micro B","5","Receptacle","USB 2.0","Surface Mount, Right Angle","Horizontal","Solder","Pick and Place, Solder Retention","-","-30°C ~ 85°C","1","1A, 1.8A","30VAC","Shielded","10000","https://www.digikey.be/en/products/detail/molex/0473461015/6099259"
"//mm.digikey.com/Volume0/opasdata/d220001/medias/docus/1094/ZX_Series.pdf","//mm.digikey.com/Volume0/opasdata/d220001/medias/images/1/ZX62-AB-5PA.jpg","H11580TR-ND","ZX62-AB-5PA","Hirose Electric Co Ltd","Hirose Electric Co Ltd","CONN RCPT USB2.0 MICRO AB SMD RA","0","0.36104","0","2000","Tape & Reel (TR)","ZX","Obsolete","USB - micro AB","5","Receptacle","USB 2.0","Surface Mount, Right Angle","Bottom Mount, Horizontal","Solder","Pick and Place, Solder Retention","-","-30°C ~ 85°C","1","1A per Contact","30VAC","-","10000","https://www.digikey.be/en/products/detail/hirose-electric-co-ltd/ZX62-AB-5PA/1851089"
"https://www.molex.com/pdm_docs/sd/474911001_sd.pdf","//mm.digikey.com/Volume0/opasdata/d220001/medias/images/2079/474911001.JPG","WM14334TR-ND","0474911001","Molex","Molex","CONN RCPT MICRO USB B 5POS SMD","0","0.36115","0","8500","Tape & Reel (TR)","47491","Obsolete","USB - micro B","5","Receptacle","-","Board Cutout, Surface Mount, Right Angle","Horizontal, Mid Mount","Solder","Pick and Place, Solder Retention","-","-35°C ~ 85°C","1","1A, 1.8A","30VAC","Shielded","10000","https://www.digikey.be/en/products/detail/molex/0474911001/4553734"
"-","-","E8110-032-01-ND","E8110-032-01","Pulse Electronics","Pulse Electronics","CONN RCPT USB3.0 MICRO B SMD","0","0.36121","0","5400","Bulk","-","Obsolete","USB - micro B","10","Receptacle","USB 3.2 Gen 1 (USB 3.1 Gen 1, Superspeed (USB 3.0))","Surface Mount","Vertical","Solder","Pick and Place, Solder Retention","-","-20°C ~ 80°C","1","1.8A","-","Shielded","10000","https://www.digikey.be/en/products/detail/pulse-electronics/E8110-032-01/4169569"
"https://www.molex.com/pdm_docs/sd/476650001_sd.pdf","-","0476650001-ND","0476650001","Molex","Molex","CONN RCP MICRO USB B 5P BRD EDGE","0","0.36773","0","7500","Tape & Reel (TR)","47665","Obsolete","USB - micro B","5","Receptacle","-","Board Edge, Cutout; Surface Mount; Through Hole, Right Angle","Horizontal, Mid Mount","Solder","Pick and Place","-","-30°C ~ 85°C","1","1A, 1.8A","30VAC","Shielded","10000","https://www.digikey.be/en/products/detail/molex/0476650001/3311602"
"https://www.molex.com/pdm_docs/sd/1051330102_sd.pdf","-","900-1051330102TR-ND","1051330102","Molex","Molex","U'USB B REC. VERTICAL LASER","0","0.36896","0","6000","Tape & Reel (TR)","105133","Obsolete","USB - micro B","5","Receptacle","USB 2.0","Surface Mount","Vertical","Solder","-","-","-","1","-","-","Shielded","-","https://www.digikey.be/en/products/detail/molex/1051330102/10482679"
"https://www.molex.com/pdm_docs/sd/1051331001_sd.pdf","-","900-1051331001TR-ND","1051331001","Molex","Molex","UUSB B REC. VERTICAL FLANGLESS","0","0.36896","0","6000","Tape & Reel (TR)","105133","Obsolete","USB - micro B","5","Receptacle","USB 2.0","Surface Mount","Vertical","Solder","-","-","-","1","-","-","Shielded","-","https://www.digikey.be/en/products/detail/molex/1051331001/10482702"
"//mm.digikey.com/Volume0/opasdata/d220001/medias/docus/1094/ZX_Series.pdf","//mm.digikey.com/Volume0/opasdata/d220001/medias/images/1177/ZX62-B-5PA%2811%29.JPG","H11634TR-ND","ZX62-B-5PA(11)","Hirose Electric Co Ltd","Hirose Electric Co Ltd","CONN RCPT USB2.0 MICRO B SMD R/A","0","0.36971","0","3500","Tape & Reel (TR)","ZX","Obsolete","USB - micro B","5","Receptacle","USB 2.0","Surface Mount, Right Angle","Bottom Mount, Horizontal","Solder","Pick and Place, Solder Retention","-","-30°C ~ 85°C","1","1.8A","30VAC","Shielded","10000","https://www.digikey.be/en/products/detail/hirose-electric-co-ltd/ZX62-B-5PA-11/1993367"
"//mm.digikey.com/Volume0/opasdata/d220001/medias/docus/1094/ZX_Series.pdf","//mm.digikey.com/Volume0/opasdata/d220001/medias/images/707/ZX62D1-B-5PA.JPG","H124528TR-ND","ZX62D1-B-5PA","Hirose Electric Co Ltd","Hirose Electric Co Ltd","CONN RCPT USB2.0 MICRO B SMD R/A","0","0.36971","0","3000","Tape & Reel (TR)","ZX","Obsolete","USB - micro B","5","Receptacle","USB 2.0","Surface Mount, Right Angle; Through Hole","Bottom Mount, Horizontal","Solder","Pick and Place, Solder Retention","-","-30°C ~ 85°C","1","1.8A","30VAC","Shielded","10000","https://www.digikey.be/en/products/detail/hirose-electric-co-ltd/ZX62D1-B-5PA/5134934"
"https://cdn.amphenol-cs.com/media/wysiwyg/files/documentation/datasheet/inputoutput/io_usb_micro.pdf","//mm.digikey.com/Volume0/opasdata/d220001/medias/images/924/10118192-0002LF.JPG","609-5379-2-ND,609-5379-1-ND,609-5379-6-ND","10118192-0002LF","Amphenol ICC (FCI)","Amphenol CS (FCI)","CONN RCPT USB2.0 MICRO B SMD R/A","60.305","0.37","0","1","Tape & Reel (TR),Cut Tape (CT),Digi-Reel®","-","Active","USB - micro B","5","Receptacle","USB 2.0","Surface Mount, Right Angle","Horizontal","Solder","Solder Retention","-","-30°C ~ 80°C","1","1.8A","100VAC","Shielded","10000","https://www.digikey.be/en/products/detail/amphenol-cs-fci/10118192-0002LF/6817756"
"https://app.adam-tech.com/products/download/data_sheet/195343/mcr-b-s-ra-smt-cs5a-nf-t-r-data-sheet.pdf","//mm.digikey.com/Volume0/opasdata/d220001/medias/images/4148/MCR-B-S-RA-SMT-CS5A-NF-TR.jpg","2057-MCR-B-S-RA-SMT-CS5A-NF-T/RTR-ND,2057-MCR-B-S-RA-SMT-CS5A-NF-T/RCT-ND,2057-MCR-B-S-RA-SMT-CS5A-NF-T/RDKR-ND","MCR-B-S-RA-SMT-CS5A-NF-T/R","Adam Tech","Adam Tech","MICRO USB, TYPE B, RIGHT ANGLE,","926","0.37","0","1","Tape & Reel (TR),Cut Tape (CT),Digi-Reel®","MCR","Active","USB - micro B","5","Receptacle","-","Surface Mount, Right Angle","Horizontal","Solder","Board Guide","-","-30°C ~ 80°C","1","1A, 1.8A","-","Shielded","-","https://www.digikey.be/en/products/detail/adam-tech/MCR-B-S-RA-SMT-CS5A-NF-T-R/9832094"
"https://www.jst-mfg.com/product/pdf/eng/eUB-micro-USB.pdf","//mm.digikey.com/Volume0/opasdata/d220001/medias/images/390/UB-MC5BR3-SD204-4S-TB-NMP.jpg","455-2562-2-ND","UB-MC5BR3-SD204-4S-TB NMP","JST Sales America Inc.","JST Sales America Inc.","CONN RCP MICRO USB B 5POS SMD RA","0","0.37318","0","3000","Tape & Reel (TR)","UB","Obsolete","USB - micro B","5","Receptacle","-","Surface Mount, Right Angle","Horizontal","Solder","Solder Retention","-","-30°C ~ 85°C","1","0.5A, 1A, 1.8A","30VAC/DC","Unshielded","10000","https://www.digikey.be/en/products/detail/jst-sales-america-inc/UB-MC5BR3-SD204-4S-TB-NMP/2538120"
"https://www.jst-mfg.com/product/pdf/eng/eUB-micro-USB.pdf","//mm.digikey.com/Volume0/opasdata/d220001/medias/images/390/UB-MC5ABR3-SD204-4S-TB-NMP.jpg","455-2563-2-ND","UB-MC5ABR3-SD204-4S-TB NMP","JST Sales America Inc.","JST Sales America Inc.","CONN RCPT MICRO USB AB 5P SMD RA","0","0.37318","0","3000","Tape & Reel (TR)","UB","Obsolete","USB - micro AB","5","Receptacle","-","Surface Mount, Right Angle","Horizontal","Solder","Solder Retention","-","-30°C ~ 85°C","1","0.5A, 1A, 1.8A","30VAC/DC","Unshielded","10000","https://www.digikey.be/en/products/detail/jst-sales-america-inc/UB-MC5ABR3-SD204-4S-TB-NMP/2538121"
"https://www.jst-mfg.com/product/pdf/eng/eUB-micro-USB.pdf","//mm.digikey.com/Volume0/opasdata/d220001/medias/images/1816/UB-MC5ABR3-SD204-4S-1-TB-NMP.jpg","455-2885-2-ND","UB-MC5ABR3-SD204-4S-1-TB NMP","JST Sales America Inc.","JST Sales America Inc.","CONN RCPT MICRO USB AB 5P SMD RA","0","0.37318","0","3000","Tape & Reel (TR)","UB","Obsolete","USB - micro AB","5","Receptacle","-","Surface Mount, Right Angle","Horizontal","Solder","Solder Retention","-","-30°C ~ 85°C","1","0.5A, 1A, 1.8A","30VAC/DC","Unshielded","10000","https://www.digikey.be/en/products/detail/jst-sales-america-inc/UB-MC5ABR3-SD204-4S-1-TB-NMP/5214021"
"https://gct.co/files/specs/usb3140-spec.pdf","//mm.digikey.com/Volume0/opasdata/d220001/medias/images/188/USB3140-30-0x70-0-C.jpg","2073-USB3140-30-0070-0-CTR-ND","USB3140-30-0070-0-C","GCT","GCT","MICRO B SKT, VERTICAL, SMT, 30""","0","0.37433","0","6000","Tape & Reel (TR)","USB3140","Active","USB - micro B","5","Receptacle","USB 2.0","Surface Mount","Vertical","Solder","-","-","-30°C ~ 85°C","1","1A, 1.8A","30VAC","Shielded","10000","https://www.digikey.be/en/products/detail/gct/USB3140-30-0070-0-C/10649884"
"https://gct.co/files/specs/usb3140-spec.pdf","//mm.digikey.com/Volume0/opasdata/d220001/medias/images/8899/MFG_USB3140-30-0140-0-C.jpg","2073-USB3140-30-0140-0-C-ND","USB3140-30-0140-0-C","GCT","GCT","INTERCONNECT INTERFACE","0","0.37433","0","30000","Bulk","USB3140","Active","USB - micro B","5","Receptacle","-","Surface Mount, Through Hole","Vertical","Solder","-","-","-25°C ~ 85°C","1","1A, 1.8A","30VAC","Shielded","10000","https://www.digikey.be/en/products/detail/gct/USB3140-30-0140-0-C/24626693"
"https://app.adam-tech.com/products/download/data_sheet/195338/mcr-b-s-v-smt-p-cs1-10-pp-t-r-data-sheet.pdf","-","2057-MCR-B-S-V-SMT-P-CS1-10-PP-T/RTR-ND","MCR-B-S-V-SMT-P-CS1-10-PP-T/R","Adam Tech","Adam Tech","MICRO USB, TYPE B, VERTICAL, SUR","0","0.37682","0","500","Tape & Reel (TR)","MCR","Obsolete","USB - micro B","5","Receptacle","-","Surface Mount, Through Hole","Vertical","Solder","Board Guide","-","-","1","0.5A, 1.8A","-","Shielded","-","https://www.digikey.be/en/products/detail/adam-tech/MCR-B-S-V-SMT-P-CS1-10-PP-T-R/9832202"
"https://www.jst-mfg.com/product/pdf/eng/eUB-micro-USB.pdf","//mm.digikey.com/Volume0/opasdata/d220001/medias/images/390/UB-MC5BR3-RS04-4S-TB-NMP.jpg","455-2564-2-ND","UB-MC5BR3-RS04-4S-TB NMP","JST Sales America Inc.","JST Sales America Inc.","CONN RCP MICRO USB B 5POS SMD RA","0","0.38027","0","3000","Tape & Reel (TR)","UB","Obsolete","USB - micro B","5","Receptacle","-","Surface Mount, Right Angle","Horizontal, Reverse Mount","Solder","Solder Retention","-","-","1","-","-","Unshielded","-","https://www.digikey.be/en/products/detail/jst-sales-america-inc/UB-MC5BR3-RS04-4S-TB-NMP/2538122"
"https://www.jst-mfg.com/product/pdf/eng/eUB-micro-USB.pdf","//mm.digikey.com/Volume0/opasdata/d220001/medias/images/2577/UB-MC5AB2R3-RS04-4S-1-TB%20NMP.JPG","455-2565-2-ND","UB-MC5AB2R3-RS04-4S-1-TB NMP","JST Sales America Inc.","JST Sales America Inc.","CONN RCPT MICRO USB AB 5P SMD RA","0","0.38085","0","3000","Tape & Reel (TR)","UB","Obsolete","USB - micro AB","5","Receptacle","-","Surface Mount, Right Angle","Horizontal","Solder","Solder Retention","-","-30°C ~ 85°C","1","0.5A, 1A, 1.8A","30VAC/DC","Shielded","10000","https://www.digikey.be/en/products/detail/jst-sales-america-inc/UB-MC5AB2R3-RS04-4S-1-TB-NMP/2538123"
"https://www.te.com/commerce/DocumentDelivery/DDEController?Action=srchrtrv&DocNm=1939053&DocType=Customer+Drawing&DocLang=English","//mm.digikey.com/Volume0/opasdata/d220001/medias/images/860/MFG_1939053.jpg","1939053-2-ND","1939053-2","TE Connectivity AMP Connectors","TE Connectivity AMP Connectors","CONN PLUG USB2.0 MICRO A SLD","0","0.38576","0","13200","Tray","-","Obsolete","USB - micro A","5","Plug","USB 2.0","Free Hanging (In-Line)","-","Solder","-","-","-30°C ~ 85°C","1","0.5A, 1A, 1.8A","30V","-","10000","https://www.digikey.be/en/products/detail/te-connectivity-amp-connectors/1939053-2/2286686"
"-","-","123-A-USB2-BFC-PSR10-ND","A-USB2-BFC-PSR10","Assmann WSW Components","Assmann WSW Components","USB","0","0.39127","0","30000","Bulk","-","Active","USB - micro B","5","Receptacle","USB 2.0","Through Hole","Vertical","Solder","-","-","-30°C ~ 80°C","1","1A","30VAC","Shielded","1500","https://www.digikey.be/en/products/detail/assmann-wsw-components/A-USB2-BFC-PSR10/25801902"
"-","-","123-A-USB2-CFC-EG-HRR1-ND","A-USB2-CFC-EG-HRR1","Assmann WSW Components","Assmann WSW Components","USB","0","0.39199","0","15000","Bulk","-","Active","USB - micro AB","5","Receptacle","USB 2.0","Through Hole","Vertical","Solder","-","-","-30°C ~ 80°C","1","1.8A","30V","Shielded","10000","https://www.digikey.be/en/products/detail/assmann-wsw-components/A-USB2-CFC-EG-HRR1/25801937"
"//mm.digikey.com/Volume0/opasdata/d220001/medias/docus/1094/ZX_Series.pdf","//mm.digikey.com/Volume0/opasdata/d220001/medias/images/2950/MFG_ZX62-AB-5P%28xx%29.jpg","H11495TR-ND","ZX62-AB-5P","Hirose Electric Co Ltd","Hirose Electric Co Ltd","CONN RCPT USB2.0 MICRO AB SMD RA","0","0.39286","0","2000","Tape & Reel (TR)","ZX","Obsolete","USB - micro AB","5","Receptacle","USB 2.0","Surface Mount, Right Angle","Bottom Mount, Horizontal","Solder","Pick and Place, Solder Retention","-","-","1","-","-","-","-","https://www.digikey.be/en/products/detail/hirose-electric-co-ltd/ZX62-AB-5P/1589852"
"//mm.digikey.com/Volume0/opasdata/d220001/medias/docus/1094/ZX_Series.pdf","//mm.digikey.com/Volume0/opasdata/d220001/medias/images/1016/ZX62-AB-5PA%2811%29.JPG","H11635TR-ND","ZX62-AB-5PA(11)","Hirose Electric Co Ltd","Hirose Electric Co Ltd","CONN RCPT USB2.0 MICRO AB SMD RA","0","0.39435","0","3500","Tape & Reel (TR)","ZX","Obsolete","USB - micro AB","5","Receptacle","USB 2.0","Surface Mount, Right Angle","Bottom Mount, Horizontal","Solder","Pick and Place, Solder Retention","-","-30°C ~ 85°C","1","1.8A","30VAC","Shielded","10000","https://www.digikey.be/en/products/detail/hirose-electric-co-ltd/ZX62-AB-5PA-11/1993368"
"//mm.digikey.com/Volume0/opasdata/d220001/medias/docus/1094/ZX_Series.pdf","//mm.digikey.com/Volume0/opasdata/d220001/medias/images/934/ZX62M-B-5P%2801%29.jpg","H11680TR-ND","ZX62M-B-5P(01)","Hirose Electric Co Ltd","Hirose Electric Co Ltd","CONN RCPT USB2.0 MICRO B SMD","0","0.39521","0","1500","Tape & Reel (TR)","ZX","Obsolete","USB - micro B","5","Receptacle","USB 2.0","Board Edge, Cutout; Surface Mount, Right Angle","Horizontal, Mid Mount","Solder","Pick and Place, Solder Retention","-","-30°C ~ 85°C","1","1.8A","30VAC","Shielded","10000","https://www.digikey.be/en/products/detail/hirose-electric-co-ltd/ZX62M-B-5P-01/2123250"
"-","-","123-A-USB2-BFC-GSR10-ND","A-USB2-BFC-GSR10","Assmann WSW Components","Assmann WSW Components","USB","0","0.39853","0","5250","Bulk","-","Active","USB - micro B","5","Receptacle","USB 2.0","Through Hole","Vertical","Solder","-","-","-30°C ~ 80°C","1","1A","30VAC","Shielded","1500","https://www.digikey.be/en/products/detail/assmann-wsw-components/A-USB2-BFC-GSR10/25802012"
"https://cdn.amphenol-cs.com/media/wysiwyg/files/documentation/datasheet/inputoutput/io_usb_micro.pdf","//mm.digikey.com/Volume0/opasdata/d220001/medias/images/11/10118193-0001LF.JPG","609-4616-2-ND,609-4616-1-ND,609-4616-6-ND","10118193-0001LF","Amphenol ICC (FCI)","Amphenol CS (FCI)","CONN RCPT USB2.0 MICRO B SMD R/A","85.787","0.4","0","1","Tape & Reel (TR),Cut Tape (CT),Digi-Reel®","-","Active","USB - micro B","5","Receptacle","USB 2.0","Surface Mount, Right Angle; Through Hole","Horizontal","Solder","Solder Retention","-","-55°C ~ 85°C","1","1.8A per Contact","100VAC","Shielded","10000","https://www.digikey.be/en/products/detail/amphenol-cs-fci/10118193-0001LF/2785388"
"https://cdn.amphenol-cs.com/media/wysiwyg/files/documentation/datasheet/inputoutput/io_usb_micro.pdf","//mm.digikey.com/Volume0/opasdata/d220001/medias/images/434/10118192-0001LF.jpg","609-4613-2-ND,609-4613-1-ND,609-4613-6-ND","10118192-0001LF","Amphenol ICC (FCI)","Amphenol CS (FCI)","CONN RCPT USB2.0 MICRO B SMD R/A","52.277","0.4","0","1","Tape & Reel (TR),Cut Tape (CT),Digi-Reel®","-","Active","USB - micro B","5","Receptacle","USB 2.0","Surface Mount, Right Angle","Flange, Horizontal","Solder","Solder Retention","-","-30°C ~ 80°C","1","1.8A per Contact","100VAC","Shielded","10000","https://www.digikey.be/en/products/detail/amphenol-cs-fci/10118192-0001LF/2785387"
"https://cdn.amphenol-cs.com/media/wysiwyg/files/documentation/datasheet/inputoutput/io_usb_micro.pdf","//mm.digikey.com/Volume0/opasdata/d220001/medias/images/525/10118194-0001LF.JPG","609-4618-2-ND,609-4618-1-ND,609-4618-6-ND","10118194-0001LF","Amphenol ICC (FCI)","Amphenol CS (FCI)","CONN RCPT USB2.0 MICRO B SMD R/A","47.247","0.4","0","1","Tape & Reel (TR),Cut Tape (CT),Digi-Reel®","-","Active","USB - micro B","5","Receptacle","USB 2.0","Surface Mount, Right Angle; Through Hole","Horizontal","Solder","Solder Retention","-","-30°C ~ 80°C","1","1.8A per Contact","100VAC","Shielded","10000","https://www.digikey.be/en/products/detail/amphenol-cs-fci/10118194-0001LF/2785389"
"https://www.sameskydevices.com/product/resource/uj2-mibh-g-smt-tr.pdf","//mm.digikey.com/Volume0/opasdata/d220001/medias/images/4362/MFG_UJ2-MIBH-G-SMT-TR.jpg","2223-UJ2-MIBH-G-SMT-TR-ND,2223-UJ2-MIBH-G-SMT-TRCT-ND,2223-UJ2-MIBH-G-SMT-TRDKR-ND","UJ2-MIBH-G-SMT-TR","Same Sky (Formerly CUI Devices)","Same Sky (Formerly CUI Devices)","CONN RCPT USB 2.0 MICRO B SMD","3.071","0.4","0","1","Tape & Reel (TR),Cut Tape (CT),Digi-Reel®","UJ2","Active","USB - micro B","5","Receptacle","USB 2.0","Surface Mount","Horizontal","Solder","Solder Retention","-","-30°C ~ 85°C","1","0.5A, 1.8A","5VAC/DC","Shielded","3000","https://www.digikey.be/en/products/detail/same-sky-formerly-cui-devices/UJ2-MIBH-G-SMT-TR/13680627"
"https://files.edac.net/edac/content/690T/690T505-262-011%20-%20EDAC%20USB%20Connector.pdf","//mm.digikey.com/Volume0/opasdata/d220001/medias/images/5022/MFG_690T505-262-011.jpg","151-690T505-262-011TR-ND,151-690T505-262-011CT-ND,151-690T505-262-011DKR-ND","690T505-262-011","EDAC Inc.","EDAC Inc.","690 SERIES USB TYPE-B MICRO CONN","961","0.4","0","1","Tape & Reel (TR),Cut Tape (CT),Digi-Reel®","690T","Active","USB - micro B","5","Receptacle","USB 2.0, USB 3.2 Gen 1 (USB 3.1 Gen 1, Superspeed (USB 3.0))","Surface Mount, Right Angle","Horizontal","Solder","Board Guide, Solder Retention","-","-20°C ~ 85°C","1","1.8A","30V","Shielded","-","https://www.digikey.be/en/products/detail/edac-inc/690T505-262-011/17187355"
"//mm.digikey.com/Volume0/opasdata/d220001/medias/docus/1094/ZX_Series.pdf","//mm.digikey.com/Volume0/opasdata/d220001/medias/images/1/ZX62-B-5PA.jpg","H11579TR-ND","ZX62-B-5PA","Hirose Electric Co Ltd","Hirose Electric Co Ltd","CONN RCPT USB2.0 MICRO B SMD R/A","0","0.40342","0","2000","Tape & Reel (TR)","ZX","Obsolete","USB - micro B","5","Receptacle","USB 2.0","Surface Mount, Right Angle","Bottom Mount, Horizontal","Solder","Pick and Place, Solder Retention","-","-30°C ~ 85°C","1","1A per Contact","30VAC","Shielded","10000","https://www.digikey.be/en/products/detail/hirose-electric-co-ltd/ZX62-B-5PA/1851088"
"//mm.digikey.com/Volume0/opasdata/d220001/medias/docus/695/DX4_Series.pdf","//mm.digikey.com/Volume0/opasdata/d220001/medias/images/527/DX4R005JJ7R1500.JPG","670-2678-2-ND","DX4R005JJ7R1500","JAE Electronics","JAE Electronics","CONN RCPT USB2.0 MICRO B SMD","0","0.40586","0","1500","Tape & Reel (TR)","DX4","Obsolete","USB - micro B","5","Receptacle","USB 2.0","Board Edge, Cutout; Surface Mount; Through Hole, Right Angle","Horizontal, Mid Mount","Solder","Pick and Place","-","-30°C ~ 80°C","1","0.5A, 1.8A","30V","Unshielded","10000","https://www.digikey.be/en/products/detail/jae-electronics/DX4R005JJ7R1500/3903232"
"https://www.te.com/commerce/DocumentDelivery/DDEController?Action=srchrtrv&DocNm=1981584&DocType=Customer+Drawing&DocLang=English","//mm.digikey.com/Volume0/opasdata/d220001/medias/images/716/MFG_1981584-2.jpg","A123004TR-ND","1981584-2","TE Connectivity AMP Connectors","TE Connectivity AMP Connectors","CONN RCPT USB1.0 MICRO AB SMD RA","0","0.40976","0","6000","Tape & Reel (TR)","-","Obsolete","USB - micro AB","5","Receptacle","USB 1.0","Surface Mount, Right Angle","Horizontal","Solder","-","-","-","-","-","-","-","-","https://www.digikey.be/en/products/detail/te-connectivity-amp-connectors/1981584-2/2286697"
"https://app.adam-tech.com/products/download/data_sheet/195344/mcr-b-s-ra-smt-cs14-t-r-data-sheet.pdf","//mm.digikey.com/Volume0/opasdata/d220001/medias/images/4301/MCR-B-S-RA-SMT-CS14-TR.jpg","2057-MCR-B-S-RA-SMT-CS14-T/RTR-ND,2057-MCR-B-S-RA-SMT-CS14-T/RCT-ND,2057-MCR-B-S-RA-SMT-CS14-T/RDKR-ND","MCR-B-S-RA-SMT-CS14-T/R","Adam Tech","Adam Tech","MICRO USB, RIGHT ANGLE, SURFACE","1.793","0.41","0","1","Tape & Reel (TR),Cut Tape (CT),Digi-Reel®","MCR","Active","USB - micro B","5","Receptacle","-","Surface Mount, Right Angle","Horizontal","Solder","Board Guide, Solder Retention","-","-30°C ~ 80°C","1","1A","-","Shielded","-","https://www.digikey.be/en/products/detail/adam-tech/MCR-B-S-RA-SMT-CS14-T-R/9832097"
"https://www.assmann-wsw.com/uploads/datasheets/ASS_8380_CO.pdf","//mm.digikey.com/Volume0/opasdata/d220001/medias/images/5788/MFG_A-USB2-CFC-EG-GRR1.jpg","123-A-USB2-CFC-EG-GRR1TR-ND","A-USB2-CFC-EG-GRR1","Assmann WSW Components","Assmann WSW Components","USB 2.0, MICRO AB-FEMALE, 0.65MM","0","0.41081","0","15000","Tape & Reel (TR)","-","Active","USB - micro AB","5","Receptacle","USB 2.0","Through Hole","Vertical","Solder","-","-","-30°C ~ 80°C","1","1.8A","30V","Shielded","10000","https://www.digikey.be/en/products/detail/assmann-wsw-components/A-USB2-CFC-EG-GRR1/22198295"
"https://www.kycon.com/Pub_Eng_Draw/KMMX-BSMT35S-BTR.pdf","//mm.digikey.com/Volume0/opasdata/d220001/medias/images/7179/MFG_KMMX-BSMT35S-BTR.jpg","2092-KMMX-BSMT35S-BTR-ND","KMMX-BSMT35S-BTR","Kycon, Inc.","Kycon, Inc.","MICRO USB TYPE B, SMT, 5 PIN, SH","0","0.41363","0","6300","Tape & Reel (TR)","KMMX","Active","USB - micro B","5","Receptacle","-","Surface Mount, Right Angle; Through Hole","Horizontal","Solder","-","-","-30°C ~ 80°C","1","1A","30VAC/DC","Shielded","10000","https://www.digikey.be/en/products/detail/kycon-inc/KMMX-BSMT35S-BTR/10248159"
"https://cdn.amphenol-cs.com/media/wysiwyg/files/documentation/datasheet/inputoutput/io_usb_micro.pdf","//mm.digikey.com/Volume0/opasdata/d220001/medias/images/5765/MFG_10118194-0002LF.jpg","609-10118194-0002LFTR-ND,609-10118194-0002LFCT-ND,609-10118194-0002LFDKR-ND","10118194-0002LF","Amphenol ICC (FCI)","Amphenol CS (FCI)","CONN RCPT USB","8.549","0.42","0","1","Tape & Reel (TR),Cut Tape (CT),Digi-Reel®","-","Active","USB - micro B","5","Receptacle","USB 2.0","Surface Mount, Right Angle; Through Hole","Horizontal","Solder","-","-","-30°C ~ 80°C","1","-","-","Shielded","10000","https://www.digikey.be/en/products/detail/amphenol-cs-fci/10118194-0002LF/11596296"
"https://www.jst-mfg.com/product/pdf/eng/eUB-micro-USB.pdf","//mm.digikey.com/Volume0/opasdata/d220001/medias/images/391/UB-MC5BR3-M04-4S-TB-NMP.jpg","455-2566-2-ND","UB-MC5BR3-M04-4S-TB NMP","JST Sales America Inc.","JST Sales America Inc.","CONN RCPT MICRO USB B 5POS SMD","0","0.42146","0","2000","Tape & Reel (TR)","UB","Obsolete","USB - micro B","5","Receptacle","-","Board Cutout, Surface Mount","Horizontal, Mid Mount","Solder","Solder Retention","-","-30°C ~ 85°C","1","0.5A, 1A, 1.8A","30VAC/DC","Unshielded","10000","https://www.digikey.be/en/products/detail/jst-sales-america-inc/UB-MC5BR3-M04-4S-TB-NMP/2538124"
"https://www.jst-mfg.com/product/pdf/eng/eUB-micro-USB.pdf","-","455-2882-2-ND","UB-MC5BR3-M04-4S-TB-1 NMP","JST Sales America Inc.","JST Sales America Inc.","CONN RCPT MICRO USB B 5POS SMD","0","0.42146","0","2000","Tape & Reel (TR)","UB","Obsolete","USB - micro B","5","Receptacle","-","Board Cutout, Surface Mount","Horizontal, Mid Mount","Solder","-","-","-30°C ~ 85°C","1","0.5A, 1A, 1.8A","30VAC/DC","Unshielded","10000","https://www.digikey.be/en/products/detail/jst-sales-america-inc/UB-MC5BR3-M04-4S-TB-1-NMP/4849867"
"https://app.adam-tech.com/resources/download/65/ecatalog-2025-1.pdf","-","2057-MCR-B-MPLUG-CS12-ND","MCR-B-MPLUG-CS12","Adam Tech","Adam Tech","MICRO USB BM STR SG BK","0","0.42819","0","1800","Tube","MCR","Active","USB - micro B","5","Plug","-","Through Hole","Vertical","Solder","-","-","-","1","-","-","Shielded","-","https://www.digikey.be/en/products/detail/adam-tech/MCR-B-MPLUG-CS12/26685958"
"//mm.digikey.com/Volume0/opasdata/d220001/medias/docus/695/DX4_Series.pdf","//mm.digikey.com/Volume0/opasdata/d220001/medias/images/506/DX4R005JJ6R1500.jpg","670-2757-2-ND","DX4R005JJ6R1500","JAE Electronics","JAE Electronics","CONN RCPT USB2.0 MICRO B SMD","0","0.42835","0","1500","Tape & Reel (TR)","DX4","Obsolete","USB - micro B","5","Receptacle","USB 2.0","Board Edge, Cutout; Surface Mount; Through Hole, Right Angle","Horizontal, Mid Mount","Solder","-","-","-30°C ~ 80°C","1","0.5A, 1.8A","30V","Unshielded","10000","https://www.digikey.be/en/products/detail/jae-electronics/DX4R005JJ6R1500/5056750"
"//mm.digikey.com/Volume0/opasdata/d220001/medias/docus/1094/ZX_Series.pdf","-","ZX62MD2-B-5PA-ND","ZX62MD2-B-5PA","Hirose Electric Co Ltd","Hirose Electric Co Ltd","CONN RCPT USB2.0 MICRO B SMD","0","0.43132","0","2500","Tape & Reel (TR)","ZX","Obsolete","USB - micro B","5","Receptacle","USB 2.0","Board Edge, Cutout; Surface Mount; Through Hole, Right Angle","Horizontal, Mid Mount, Reverse","Solder","Pick and Place","-","-30°C ~ 85°C","1","1.8A","30VAC","Shielded","10000","https://www.digikey.be/en/products/detail/hirose-electric-co-ltd/ZX62MD2-B-5PA/5134940"
"//mm.digikey.com/Volume0/opasdata/d220001/medias/docus/410/1554266_Dwg.pdf","//mm.digikey.com/Volume0/opasdata/d220001/medias/images/503/1554266-1.jpg","A107905TR-ND","1554266-1","TE Connectivity AMP Connectors","TE Connectivity AMP Connectors","CONN RCPT USB2.0 MICRO B SMD","0","0.43788","0","6000","Tape & Reel (TR)","-","Obsolete","USB - micro B","5","Receptacle","USB 2.0","Board Cutout, Surface Mount; Through Hole","Horizontal, Mid Mount, Reverse","Solder","Pick and Place","-","-30°C ~ 85°C","1","0.5A, 1A, 1.8A","30V","Shielded","10000","https://www.digikey.be/en/products/detail/te-connectivity-amp-connectors/1554266-1/4021786"
"https://cdn.amphenol-cs.com/media/wysiwyg/files/documentation/datasheet/inputoutput/io_mini_usb_2_gmsb052_gmsb053.pdf","//mm.digikey.com/Volume0/opasdata/d220001/medias/images/7320/MFG_GMCB05521123HHR.jpg","664-GMCB05521123HHRTR-ND","GMCB05521123HHR","Amphenol ICC (Commercial Products)","Amphenol CS (Commercial Products)","USB2.0, MICROB, PLUG, VERTICAL S","0","0.43912","0","13200","Tape & Reel (TR)","GMCB05","Active","USB - micro B","5","Plug","USB 2.0","Surface Mount","Vertical","Solder","-","-","-30°C ~ 85°C","1","1A, 1.8A","30VDC","Shielded","10000","https://www.digikey.be/en/products/detail/amphenol-cs-commercial-products/GMCB05521123HHR/25817592"
"https://www.assmann-wsw.com/uploads/datasheets/ASS_7537_CO.pdf","//mm.digikey.com/Volume0/opasdata/d220001/medias/images/5788/MFG_AUSB2-BMC-GSR1.jpg","123-AUSB2-BMC-GSR1TR-ND","AUSB2-BMC-GSR1","Assmann WSW Components","Assmann WSW Components","USB 2.0, MICRO B-MALE, 0,65MM, 5","0","0.44171","0","8000","Tape & Reel (TR)","-","Active","USB - micro B","5","Receptacle","USB 2.0","Surface Mount, Right Angle","Horizontal","Solder","-","-","-30°C ~ 85°C","1","1.8A","100VAC","Shielded","10000","https://www.digikey.be/en/products/detail/assmann-wsw-components/AUSB2-BMC-GSR1/22195498"
"https://www.molex.com/pdm_docs/pk/PK-47642-001-001.pdf","-","0476420011-ND","0476420011","Molex","Molex","CONN RCPT MICRO USB B 5POS SMD","0","0.44536","0","7500","Tape & Reel (TR)","47642","Obsolete","USB - micro B","5","Receptacle","-","Board Edge, Cutout; Surface Mount, Right Angle","Horizontal, Mid Mount","Solder","Pick and Place, Solder Retention","-","-20°C ~ 85°C","1","1A, 1.8A","30VAC","Shielded","10000","https://www.digikey.be/en/products/detail/molex/0476420011/2260698"
"-","-","123-AUSB2-BMC-GSP1-ND","AUSB2-BMC-GSP1","Assmann WSW Components","Assmann WSW Components","USB","0","0.44943","0","6000","Bulk","-","Active","USB - micro B","5","Plug","USB 2.0","Through Hole","Vertical","Solder","-","-","-30°C ~ 80°C","1","1.8A","30VAC","Shielded","10000","https://www.digikey.be/en/products/detail/assmann-wsw-components/AUSB2-BMC-GSP1/25798352"
"https://cdn.amphenol-cs.com/media/wysiwyg/files/documentation/datasheet/inputoutput/io_usb_micro.pdf","//mm.digikey.com/Volume0/opasdata/d220001/medias/images/525/10118194-0001LF.JPG","609-10118194-0011LFTR-ND,609-10118194-0011LFCT-ND,609-10118194-0011LFDKR-ND","10118194-0011LF","Amphenol ICC (FCI)","Amphenol CS (FCI)","CONN RCPT USB2.0 MICRO B SMD R/A","12.173","0.45","0","1","Tape & Reel (TR),Cut Tape (CT),Digi-Reel®","-","Active","USB - micro B","5","Receptacle","USB 2.0","Surface Mount, Right Angle; Through Hole","Horizontal","Solder","Solder Retention","-","-30°C ~ 80°C","1","1.8A per Contact","100VAC","Shielded","10000","https://www.digikey.be/en/products/detail/amphenol-cs-fci/10118194-0011LF/6817759"
"https://app.adam-tech.com/products/download/data_sheet/195766/mcr-b-s-ra-tsmt-np-cs4-tr-data-sheet.pdf","//mm.digikey.com/Volume0/opasdata/d220001/medias/images/56/MCR-B-S-RA-TSMT-NP-CS4-T-R.jpg","2057-MCR-B-S-RA-TSMT-NP-CS4-T/RTR-ND,2057-MCR-B-S-RA-TSMT-NP-CS4-T/RCT-ND,2057-MCR-B-S-RA-TSMT-NP-CS4-T/RDKR-ND","MCR-B-S-RA-TSMT-NP-CS4-T/R","Adam Tech","Adam Tech","MICRO USB, TYPE B, RIGHT ANGLE,","6.979","0.45","0","1","Tape & Reel (TR),Cut Tape (CT),Digi-Reel®","MCR","Active","USB - micro B","5","Receptacle","-","Surface Mount, Right Angle","Horizontal","Solder","Solder Retention","-","-30°C ~ 80°C","1","1A","-","Shielded","-","https://www.digikey.be/en/products/detail/adam-tech/MCR-B-S-RA-TSMT-NP-CS4-T-R/9832096"
"-","-","123-A-USB2-BFC-HSR10-ND","A-USB2-BFC-HSR10","Assmann WSW Components","Assmann WSW Components","USB","0","0.46469","0","30000","Bulk","-","Active","USB - micro B","5","Receptacle","USB 2.0","Through Hole","Vertical","Solder","-","-","-30°C ~ 80°C","1","1A","30VAC","Shielded","1500","https://www.digikey.be/en/products/detail/assmann-wsw-components/A-USB2-BFC-HSR10/25801966"
"https://www.assmann-wsw.com/uploads/datasheets/ASS_9067_CO.pdf","//mm.digikey.com/Volume0/opasdata/d220001/medias/images/5788/MFG_A-USB2-CFN-EG-GRR01.jpg","123-A-USB2-CFN-EG-GRR01TR-ND","A-USB2-CFN-EG-GRR01","Assmann WSW Components","Assmann WSW Components","USB2.0, AB-FEMALE, 0.65MM, 5PIN,","0","0.46685","0","1500","Tape & Reel (TR)","-","Active","USB - micro AB","5","Receptacle","USB 2.0","Through Hole","Vertical","Solder","-","-","-30°C ~ 80°C","1","1A","-","Shielded","10000","https://www.digikey.be/en/products/detail/assmann-wsw-components/A-USB2-CFN-EG-GRR01/22197505"
"https://www.hirose.com/zh/product/document?clcode=CL0242-0050-7-30&productname=ZX62MD2-B-5PA(30)&series=ZX&documenttype=SpecSheet&lang=zh&documentid=0001147743","//mm.digikey.com/Volume0/opasdata/d220001/medias/images/19/ZX60-B-5S%2801%29.jpg","26-ZX62MD2-B-5PA(30)TR-ND","ZX62MD2-B-5PA(30)","Hirose Electric Co Ltd","Hirose Electric Co Ltd","CONN RCPT USB2.0 MICRO B SMD","0","0.46769","0","2500","Tape & Reel (TR)","ZX","Active","USB - micro B","5","Receptacle","USB 2.0","Surface Mount, Right Angle; Through Hole","Horizontal","Solder","-","-","-30°C ~ 85°C","1","1.8A","30VAC","Shielded","10000","https://www.digikey.be/en/products/detail/hirose-electric-co-ltd/ZX62MD2-B-5PA-30/11205059"
"//mm.digikey.com/Volume0/opasdata/d220001/medias/docus/1094/ZX_Series.pdf","//mm.digikey.com/Volume0/opasdata/d220001/medias/images/954/ZX64-B-5S-UNIT%2812%29.jpg","H11499-ND","ZX64-B-5S-UNIT(12)","Hirose Electric Co Ltd","Hirose Electric Co Ltd","CONN PLUG USB2.0 MICRO B SMD R/A","0","0.4689","0","200","Tray","ZX","Obsolete","USB - micro B","5","Plug","USB 2.0","Surface Mount, Right Angle","Horizontal","Solder","-","-","-","1","-","-","-","-","https://www.digikey.be/en/products/detail/hirose-electric-co-ltd/ZX64-B-5S-UNIT-12/1589856"
"https://www.kycon.com/Pub_Eng_Draw/KMMLX-BSMT5SB-30TR.pdf","-","2092-KMMLX-BSMT5SB-30TR-ND","KMMLX-BSMT5SB-30TR","Kycon, Inc.","Kycon, Inc.","MID MOUNT MICRO USB TYPE B, BLAC","0","0.4717","0","10000","Tape & Reel (TR)","KMMLX","Obsolete","USB - micro B","5","Receptacle","USB 2.0 OTG","Board Edge, Cutout; Surface Mount, Right Angle","Horizontal, Mid Mount","Solder","Solder Retention","-","-55°C ~ 85°C","1","1A","30VAC","Shielded","10000","https://www.digikey.be/en/products/detail/kycon-inc/KMMLX-BSMT5SB-30TR/10248171"
"https://app.adam-tech.com/resources/download/65/ecatalog-2025-1.pdf","-","2057-MCR-AB-S-RA-TSMT-P-CS2-T/RTR-ND","MCR-AB-S-RA-TSMT-P-CS2-T/R","Adam Tech","Adam Tech","CONNECTOR, MICRO USB CONNECTOR","0","0.4739","0","3000","Tape & Reel (TR)","MCR","Active","USB - micro AB","5","Receptacle","-","Surface Mount, Right Angle","Horizontal","Solder","-","-","-30°C ~ 80°C","1","1A, 1.8A","-","Shielded","-","https://www.digikey.be/en/products/detail/adam-tech/MCR-AB-S-RA-TSMT-P-CS2-T-R/26684326"
"https://www.te.com/commerce/DocumentDelivery/DDEController?Action=srchrtrv&DocNm=1939054&DocType=Customer+Drawing&DocLang=English","//mm.digikey.com/Volume0/opasdata/d220001/medias/images/509/1939054-1.jpg","1-1939054-1-ND","1-1939054-1","TE Connectivity AMP Connectors","TE Connectivity AMP Connectors","CONN PLUG USB2.0 MICRO B SLD","0","0.47838","0","550","Tray","-","Obsolete","USB - micro B","5","Plug","USB 2.0","Free Hanging (In-Line)","-","Solder","-","-","-30°C ~ 85°C","1","0.5A, 1A, 1.8A","30V","-","10000","https://www.digikey.be/en/products/detail/te-connectivity-amp-connectors/1-1939054-1/2286691"
"https://www.te.com/commerce/DocumentDelivery/DDEController?Action=srchrtrv&DocNm=1939054&DocType=Customer+Drawing&DocLang=English","//mm.digikey.com/Volume0/opasdata/d220001/medias/images/509/1939054-1.jpg","1-1939054-2-ND","1-1939054-2","TE Connectivity AMP Connectors","TE Connectivity AMP Connectors","CONN PLUG USB2.0 MICRO B SLD","0","0.47838","0","550","Tray","-","Obsolete","USB - micro B","5","Plug","USB 2.0","Free Hanging (In-Line)","-","Solder","-","-","-30°C ~ 85°C","1","0.5A, 1A, 1.8A","30V","-","10000","https://www.digikey.be/en/products/detail/te-connectivity-amp-connectors/1-1939054-2/2286693"
"https://www.te.com/commerce/DocumentDelivery/DDEController?Action=srchrtrv&DocNm=1939054&DocType=Customer+Drawing&DocLang=English","//mm.digikey.com/Volume0/opasdata/d220001/medias/images/509/1939054-1.jpg","1-1939054-3-ND","1-1939054-3","TE Connectivity AMP Connectors","TE Connectivity AMP Connectors","CONN PLUG USB2.0 MICRO B SLD","0","0.47838","0","550","Tray","-","Obsolete","USB - micro B","5","Plug","USB 2.0","Free Hanging (In-Line)","-","Solder","-","-","-30°C ~ 85°C","1","0.5A, 1A, 1.8A","30V","-","10000","https://www.digikey.be/en/products/detail/te-connectivity-amp-connectors/1-1939054-3/2286695"
"//mm.digikey.com/Volume0/opasdata/d220001/medias/docus/1094/ZX_Series.pdf","//mm.digikey.com/Volume0/opasdata/d220001/medias/images/1009/ZX62D-B-5P8.JPG","H11610TR-ND","ZX62D-B-5P8","Hirose Electric Co Ltd","Hirose Electric Co Ltd","CONN RCPT USB2.0 MICRO B SMD R/A","0","0.48445","0","2000","Tape & Reel (TR)","ZX","Obsolete","USB - micro B","5","Receptacle","USB 2.0","Surface Mount, Right Angle; Through Hole","Bottom Mount, Horizontal","Solder","Pick and Place, Solder Retention","-","-30°C ~ 85°C","1","1.8A","30VAC","Shielded","10000","https://www.digikey.be/en/products/detail/hirose-electric-co-ltd/ZX62D-B-5P8/1963855"
"https://www.hirose.com/product/download/?distributor=digikey&type=specSheet&lang=en&num=ZX62MD1-B-5P(31)","//mm.digikey.com/Volume0/opasdata/d220001/medias/images/2950/ZX62MD1-B-5P%2801%29.JPG","ZX62MD1-B-5P(31)-ND","ZX62MD1-B-5P(31)","Hirose Electric Co Ltd","Hirose Electric Co Ltd","CONN RCPT USB2.0 MICRO B SMD","0","0.48717","0","2000","Tape & Reel (TR)","ZX","Active","USB - micro B","5","Receptacle","USB 2.0","Board Edge, Cutout; Surface Mount; Through Hole, Right Angle","Horizontal, Mid Mount","Solder","Pick and Place, Solder Retention","-","-30°C ~ 85°C","1","1.8A","30VAC","Shielded","10000","https://www.digikey.be/en/products/detail/hirose-electric-co-ltd/ZX62MD1-B-5P-31/5994878"
"https://www.te.com/commerce/DocumentDelivery/DDEController?Action=srchrtrv&DocNm=1939053&DocType=Customer+Drawing&DocLang=English","//mm.digikey.com/Volume0/opasdata/d220001/medias/images/860/MFG_1939053.jpg","1-1939053-2-ND","1-1939053-2","TE Connectivity AMP Connectors","TE Connectivity AMP Connectors","CONN PLUG USB2.0 MICRO A SLD","0","0.48942","0","550","Tray","-","Obsolete","USB - micro A","5","Plug","USB 2.0","Free Hanging (In-Line)","-","Solder","-","-","-30°C ~ 85°C","1","0.5A, 1A, 1.8A","30V","-","10000","https://www.digikey.be/en/products/detail/te-connectivity-amp-connectors/1-1939053-2/2286687"
"https://www.te.com/commerce/DocumentDelivery/DDEController?Action=srchrtrv&DocNm=1939053&DocType=Customer+Drawing&DocLang=English","//mm.digikey.com/Volume0/opasdata/d220001/medias/images/860/MFG_1939053.jpg","1-1939053-1-ND","1-1939053-1","TE Connectivity AMP Connectors","TE Connectivity AMP Connectors","CONN PLUG USB2.0 MICRO A SLD","0","0.48945","0","550","Tray","-","Obsolete","USB - micro A","5","Plug","USB 2.0","Free Hanging (In-Line)","-","Solder","-","-","-30°C ~ 85°C","1","0.5A, 1A, 1.8A","30V","-","10000","https://www.digikey.be/en/products/detail/te-connectivity-amp-connectors/1-1939053-1/2286685"
"https://www.te.com/commerce/DocumentDelivery/DDEController?Action=srchrtrv&DocNm=1939053&DocType=Customer+Drawing&DocLang=English","//mm.digikey.com/Volume0/opasdata/d220001/medias/images/860/MFG_1939053.jpg","1-1939053-3-ND","1-1939053-3","TE Connectivity AMP Connectors","TE Connectivity AMP Connectors","CONN PLUG USB2.0 MICRO A SLD","0","0.48945","0","550","Tray","-","Obsolete","USB - micro A","5","Plug","USB 2.0","Free Hanging (In-Line)","-","Solder","-","-","-30°C ~ 85°C","1","0.5A, 1A, 1.8A","30V","-","10000","https://www.digikey.be/en/products/detail/te-connectivity-amp-connectors/1-1939053-3/2286689"
"https://www.te.com/commerce/DocumentDelivery/DDEController?Action=srchrtrv&DocNm=1939053&DocType=Customer+Drawing&DocLang=English","//mm.digikey.com/Volume0/opasdata/d220001/medias/images/860/MFG_1939053.jpg","1939053-3-ND","1939053-3","TE Connectivity AMP Connectors","TE Connectivity AMP Connectors","CONN PLUG USB2.0 MICRO A SLD","0","0.48956","0","550","Tray","-","Obsolete","USB - micro A","5","Plug","USB 2.0","Free Hanging (In-Line)","-","Solder","-","-","-30°C ~ 85°C","1","0.5A, 1A, 1.8A","30V","-","10000","https://www.digikey.be/en/products/detail/te-connectivity-amp-connectors/1939053-3/2286688"
"https://www.assmann-wsw.com/uploads/datasheets/ASS_7755_CO.pdf","//mm.digikey.com/Volume0/opasdata/d220001/medias/images/5692/MFG_AUSB2-CFC-GRP1.jpg","123-AUSB2-CFC-GRP1-ND","AUSB2-CFC-GRP1","Assmann WSW Components","Assmann WSW Components","USB 2.0  STYLE-MICRO-AB FEMALE T","0","0.49099","0","10500","Tray","-","Active","USB - micro AB","5","Receptacle","USB 2.0","Through Hole","Vertical","Solder","-","-","-30°C ~ 85°C","1","1.8A","30VAC","Shielded","10000","https://www.digikey.be/en/products/detail/assmann-wsw-components/AUSB2-CFC-GRP1/21734621"
"//mm.digikey.com/Volume0/opasdata/d220001/medias/docus/1094/ZX_Series.pdf","//mm.digikey.com/Volume0/opasdata/d220001/medias/images/969/ZX62RD-AB-5P8.JPG","H11611TR-ND","ZX62RD-AB-5P8","Hirose Electric Co Ltd","Hirose Electric Co Ltd","CONN RCPT USB2.0 MICRO AB SMD RA","0","0.49719","0","2000","Tape & Reel (TR)","ZX","Obsolete","USB - micro AB","5","Receptacle","USB 2.0","Surface Mount, Right Angle; Through Hole","Horizontal, Reverse Mount","Solder","Pick and Place, Solder Retention","-","-30°C ~ 85°C","1","1.8A","30VAC","Shielded","10000","https://www.digikey.be/en/products/detail/hirose-electric-co-ltd/ZX62RD-AB-5P8/1963856"
"//mm.digikey.com/Volume0/opasdata/d220001/medias/docus/1094/ZX_Series.pdf","//mm.digikey.com/Volume0/opasdata/d220001/medias/images/1/ZX62M-B-5P.jpg","H11493TR-ND","ZX62M-B-5P","Hirose Electric Co Ltd","Hirose Electric Co Ltd","CONN RCPT USB2.0 MICRO B SMD","0","0.49732","0","2000","Tape & Reel (TR)","ZX","Obsolete","USB - micro B","5","Receptacle","USB 2.0","Board Edge, Cutout; Surface Mount, Right Angle","Horizontal, Mid Mount","Solder","Pick and Place, Solder Retention","-","-30°C ~ 85°C","1","1A per Contact","30VAC","Shielded","10000","https://www.digikey.be/en/products/detail/hirose-electric-co-ltd/ZX62M-B-5P/1589850"
"//mm.digikey.com/Volume0/opasdata/d220001/medias/docus/1094/ZX_Series.pdf","//mm.digikey.com/Volume0/opasdata/d220001/medias/images/2926/MFG_ZX62-B-5P%28xx%29.jpg","H11492TR-ND","ZX62-B-5P","Hirose Electric Co Ltd","Hirose Electric Co Ltd","CONN RCPT USB2.0 MICRO B SMD R/A","0","0.50094","0","2000","Tape & Reel (TR)","ZX","Obsolete","USB - micro B","5","Receptacle","USB 2.0","Surface Mount, Right Angle","Bottom Mount, Horizontal","Solder","Pick and Place, Solder Retention","-","-","1","-","-","-","-","https://www.digikey.be/en/products/detail/hirose-electric-co-ltd/ZX62-B-5P/1589849"
"https://www.jae.com/direct/topics/topics_file_download/topics_id=64360&ext_no=08&_lang=en","//mm.digikey.com/Volume0/opasdata/d220001/medias/images/527/DX4R105JJCR1800.JPG","670-2676-2-ND","DX4R105JJCR1800","JAE Electronics","JAE Electronics","CONN RCPT USB2.0 MICRO B SMD R/A","0","0.50249","0","1800","Tape & Reel (TR)","DX4","Obsolete","USB - micro B","5","Receptacle","USB 2.0","Surface Mount, Right Angle; Through Hole","Reverse Mount","Solder","-","-","-30°C ~ 80°C","1","0.5A, 1.8A","30V","Unshielded","10000","https://www.digikey.be/en/products/detail/jae-electronics/DX4R105JJCR1800/3903230"
"https://www.jae.com/direct/topics/topics_file_download/topics_id=64360&ext_no=08&_lang=en","//mm.digikey.com/Volume0/opasdata/d220001/medias/images/527/DX4R205JJAR1800.JPG","670-2677-2-ND,670-2677-1-ND","DX4R205JJAR1800","JAE Electronics","JAE Electronics","CONN RCPT USB2.0 MICRO AB SMD RA","0","0.50249","0","1800","Tape & Reel (TR),Cut Tape (CT)","DX4","Obsolete","USB - micro AB","5","Receptacle","USB 2.0","Surface Mount, Right Angle; Through Hole","Horizontal","Solder","Pick and Place, Solder Retention","-","-30°C ~ 80°C","1","0.5A, 1.8A","30V","Unshielded","10000","https://www.digikey.be/en/products/detail/jae-electronics/DX4R205JJAR1800/3903231"
"https://www.te.com/commerce/DocumentDelivery/DDEController?Action=srchrtrv&DocNm=1939054&DocType=Customer+Drawing&DocLang=English","//mm.digikey.com/Volume0/opasdata/d220001/medias/images/509/1939054-1.jpg","1939054-3-ND","1939054-3","TE Connectivity AMP Connectors","TE Connectivity AMP Connectors","CONN PLUG USB2.0 MICRO B SLD","0","0.50406","0","1320","Tray","-","Obsolete","USB - micro B","5","Plug","USB 2.0","Free Hanging (In-Line)","-","Solder","-","-","-30°C ~ 85°C","1","0.5A, 1A, 1.8A","30V","-","10000","https://www.digikey.be/en/products/detail/te-connectivity-amp-connectors/1939054-3/2286694"
"https://www.jst-mfg.com/product/pdf/eng/eUB-micro-USB.pdf","//mm.digikey.com/Volume0/opasdata/d220001/medias/images/390/UB-MC5ABR3-M04-4S-TB-1-NMP.jpg","455-2568-2-ND","UB-MC5ABR3-M04-4S-TB-1 NMP","JST Sales America Inc.","JST Sales America Inc.","CONN RCPT MICRO USB AB 5POS SMD","0","0.50991","0","2000","Tape & Reel (TR)","UB","Obsolete","USB - micro AB","5","Receptacle","-","Board Cutout, Surface Mount","Horizontal, Mid Mount","Solder","Solder Retention","-","-30°C ~ 85°C","1","0.5A, 1A, 1.8A","30VAC/DC","Unshielded","10000","https://www.digikey.be/en/products/detail/jst-sales-america-inc/UB-MC5ABR3-M04-4S-TB-1-NMP/2538126"
"//mm.digikey.com/Volume0/opasdata/d220001/medias/docus/1094/ZX_Series.pdf","//mm.digikey.com/Volume0/opasdata/d220001/medias/images/19/ZX62R-AB-5P.jpg","H124531TR-ND","ZX62R-AB-5P","Hirose Electric Co Ltd","Hirose Electric Co Ltd","CONN RCPT USB2.0 MICRO AB SMD RA","0","0.50994","0","2000","Tape & Reel (TR)","ZX","Obsolete","USB - micro AB","5","Receptacle","USB 2.0","Surface Mount, Right Angle","Horizontal, Reverse Mount","Solder","Pick and Place, Solder Retention","-","-30°C ~ 85°C","1","1.8A","30VAC","Shielded","10000","https://www.digikey.be/en/products/detail/hirose-electric-co-ltd/ZX62R-AB-5P/5134941"
"https://www.hirose.com/product/document?clcode=CL0242-0056-3-30&productname=ZX62D-B-5PA8(30)&series=ZX&documenttype=Catalog&lang=en&documentid=D31704_en","-","ZX62WMD2-B-5PC-ND","ZX62WMD2-B-5PC","Hirose Electric Co Ltd","Hirose Electric Co Ltd","CONN RCPT USB2.0 MICRO B SMD","0","0.51759","0","3000","Tape & Reel (TR)","ZX62W","Obsolete","USB - micro B","5","Receptacle","USB 2.0","Board Cutout, Surface Mount, Right Angle; Through Hole","Horizontal, Mid Mount","Solder","-","Splash Proof","-30°C ~ 85°C","1","1.8A","30VAC","Shielded","10000","https://www.digikey.be/en/products/detail/hirose-electric-co-ltd/ZX62WMD2-B-5PC/5134942"
"//mm.digikey.com/Volume0/opasdata/d220001/medias/docus/817/ZX62D-AB-5P8%20RoHS.pdf","//mm.digikey.com/Volume0/opasdata/d220001/medias/images/1/ZX62D-AB-5P8.jpg","H11494TR-ND","ZX62D-AB-5P8","Hirose Electric Co Ltd","Hirose Electric Co Ltd","CONN RCPT USB2.0 MICRO AB SMD RA","0","0.52269","0","2000","Tape & Reel (TR)","ZX","Obsolete","USB - micro AB","5","Receptacle","USB 2.0","Surface Mount, Right Angle; Through Hole","Bottom Mount, Horizontal","Solder","Pick and Place, Solder Retention","-","-30°C ~ 85°C","1","1A per Contact","30VAC","Shielded","10000","https://www.digikey.be/en/products/detail/hirose-electric-co-ltd/ZX62D-AB-5P8/1589851"
"//mm.digikey.com/Volume0/opasdata/d220001/medias/docus/695/DX4_Series.pdf","-","DX4R305JJBR1800-ND","DX4R305JJBR1800","JAE Electronics","JAE Electronics","CONN RCPT USB2.0 MICRO AB SMD RA","0","0.53034","0","1800","Tape & Reel (TR)","DX4","Obsolete","USB - micro AB","5","Receptacle","USB 2.0","Surface Mount, Right Angle; Through Hole","Horizontal, Reverse Mount","Solder","Pick and Place, Solder Retention","-","-30°C ~ 80°C","1","0.5A, 1.8A","30V","Unshielded","10000","https://www.digikey.be/en/products/detail/jae-electronics/DX4R305JJBR1800/5398041"
"https://gct.co/files/specs/usb3080-spec.pdf","//mm.digikey.com/Volume0/opasdata/d220001/medias/images/188/USB3080-30-00-A.jpg","2073-USB3080-30-00-ATR-ND,2073-USB3080-30-00-ACT-ND,2073-USB3080-30-00-ADKR-ND","USB3080-30-00-A","GCT","GCT","MICRO B SKT, BOTTOM-SMT, R/A, 30","5.629","0.54","0","1","Tape & Reel (TR),Cut Tape (CT),Digi-Reel®","USB3080","Active","USB - micro B","5","Receptacle","USB 2.0","Surface Mount, Right Angle","Bottom Mount, Horizontal","Solder","-","-","-30°C ~ 85°C","1","1A, 1.8A","30VAC","Shielded","10000","https://www.digikey.be/en/products/detail/gct/USB3080-30-00-A/10649787"
"https://gct.co/files/specs/usb3135-spec.pdf","//mm.digikey.com/Volume0/opasdata/d220001/medias/images/322/MFG_USB3135-30-A.jpg","2073-USB3135-30-ATR-ND,2073-USB3135-30-ACT-ND,2073-USB3135-30-ADKR-ND","USB3135-30-A","GCT","GCT","MICRO B SKT, TOP MOUNT, SMT, R/A","4.901","0.54","0","1","Tape & Reel (TR),Cut Tape (CT),Digi-Reel®","USB3135","Active","USB - micro B","5","Receptacle","USB 2.0","Surface Mount, Right Angle; Through Hole","Horizontal, Reverse Mount","Solder","Solder Retention","-","-30°C ~ 85°C","1","1A, 1.8A","30VAC","Shielded","10000","https://www.digikey.be/en/products/detail/gct/USB3135-30-A/9859643"
"https://gct.co/files/specs/usb3090-spec.pdf","//mm.digikey.com/Volume0/opasdata/d220001/medias/images/325/MFG_USB3090-30-A.jpg","2073-USB3090-30-ATR-ND,2073-USB3090-30-ACT-ND,2073-USB3090-30-ADKR-ND","USB3090-30-A","GCT","GCT","MICRO A/B SKT,BOTTOM-SMT, R/A, 3","2.896","0.54","0","1","Tape & Reel (TR),Cut Tape (CT),Digi-Reel®","USB3090","Active","USB - micro AB","5","Receptacle","USB 2.0","Surface Mount, Right Angle; Through Hole","Bottom Mount, Horizontal","Solder","Solder Retention","-","-30°C ~ 85°C","1","1A, 1.8A","30VAC","Shielded","10000","https://www.digikey.be/en/products/detail/gct/USB3090-30-A/9859637"
"https://gct.co/files/specs/usb3100-spec.pdf","//mm.digikey.com/Volume0/opasdata/d220001/medias/images/322/MFG_USB3100-30-A.jpg","2073-USB3100-30-ATR-ND,2073-USB3100-30-ACT-ND,2073-USB3100-30-ADKR-ND","USB3100-30-A","GCT","GCT","MICRO B SKT, TOP MOUNT (REVERSE)","2.812","0.54","0","1","Tape & Reel (TR),Cut Tape (CT),Digi-Reel®","USB3100","Active","USB - micro B","5","Receptacle","USB 2.0","Surface Mount, Right Angle","Horizontal, Reverse Mount","Solder","Solder Retention","-","-30°C ~ 85°C","1","1A, 1.8A","30VAC","Shielded","10000","https://www.digikey.be/en/products/detail/gct/USB3100-30-A/9859638"
"https://cdn.amphenol-cs.com/media/wysiwyg/files/documentation/datasheet/inputoutput/io_displayport_g46.pdf","//mm.digikey.com/Volume0/opasdata/d220001/medias/images/3759/GMCB05801124EU.jpg","664-GMCB05801124EUCT-ND,664-GMCB05801124EUDKR-ND,664-GMCB05801124EUTR-ND","GMCB05801124EU","Amphenol ICC (Commercial Products)","Amphenol CS (Commercial Products)","MICRO USB RECEPTACLE, SMT, R/A,","6.178","0.54","0","1","Cut Tape (CT),Digi-Reel®,Tray","-","Active","USB - micro B","5","Receptacle","USB 2.0","Surface Mount, Right Angle","Horizontal","Solder","-","-","-40°C ~ 85°C","1","1A, 1.8A","30VDC","Shielded","10000","https://www.digikey.be/en/products/detail/amphenol-cs-commercial-products/GMCB05801124EU/13683048"
"https://gct.co/files/specs/usb3065-spec.pdf","//mm.digikey.com/Volume0/opasdata/d220001/medias/images/4844/USB3065-30-00-A.jpg","2073-USB3065-30-00-ATR-ND,2073-USB3065-30-00-ACT-ND,2073-USB3065-30-00-ADKR-ND","USB3065-30-00-A","GCT","GCT","MICRO B SKT, BOTTOM-SMT, R/A, 30","4.221","0.54","0","1","Tape & Reel (TR),Cut Tape (CT),Digi-Reel®","USB3065","Active","USB - micro B","5","Receptacle","USB 2.0","Surface Mount, Right Angle","Horizontal","Solder","-","-","-30°C ~ 85°C","1","1A, 1.8A","30VAC","Shielded","10000","https://www.digikey.be/en/products/detail/gct/USB3065-30-00-A/14305091"
"https://gct.co/files/specs/usb3085-spec.pdf","//mm.digikey.com/Volume0/opasdata/d220001/medias/images/322/MFG_USB3085-30-A.jpg","2073-USB3085-30-ATR-ND,2073-USB3085-30-ACT-ND,2073-USB3085-30-ADKR-ND","USB3085-30-A","GCT","GCT","MICRO A/B SKT, BOTTOM-SMT, R/A,","3.872","0.54","0","1","Tape & Reel (TR),Cut Tape (CT),Digi-Reel®","USB3085","Active","USB - micro AB","5","Receptacle","USB 2.0","Surface Mount, Right Angle","Bottom Mount, Horizontal","Solder","Solder Retention","-","-30°C ~ 85°C","1","1A, 1.8A","30VAC","Shielded","10000","https://www.digikey.be/en/products/detail/gct/USB3085-30-A/9859636"
"https://gct.co/files/specs/usb3080-spec.pdf","//mm.digikey.com/Volume0/opasdata/d220001/medias/images/331/MFG_USB3080-30-01-A.jpg","2073-USB3080-30-01-ATR-ND,2073-USB3080-30-01-ACT-ND,2073-USB3080-30-01-ADKR-ND","USB3080-30-01-A","GCT","GCT","MICRO B SKT, BOTTOM-SMT, R/A, 30","575","0.54","0","1","Tape & Reel (TR),Cut Tape (CT),Digi-Reel®","USB3080","Active","USB - micro B","5","Receptacle","USB 2.0","Surface Mount, Right Angle","Bottom Mount, Horizontal","Solder","-","-","-30°C ~ 85°C","1","1A, 1.8A","30VAC","Shielded","10000","https://www.digikey.be/en/products/detail/gct/USB3080-30-01-A/10649772"
"https://gct.co/files/specs/usb3070-spec.pdf","//mm.digikey.com/Volume0/opasdata/d220001/medias/images/322/MFG_USB3070-30-A.jpg","2073-USB3070-30-ATR-ND,2073-USB3070-30-ACT-ND,2073-USB3070-30-ADKR-ND","USB3070-30-A","GCT","GCT","MICRO B SKT, MID MOUNT-SMT, R/A,","802","0.54","0","1","Tape & Reel (TR),Cut Tape (CT),Digi-Reel®","USB3070","Obsolete","USB - micro B","5","Receptacle","USB 2.0","Board Edge, Cutout; Surface Mount, Right Angle","Horizontal, Mid Mount","Solder","Solder Retention","-","-30°C ~ 85°C","1","1A, 1.8A","30VAC","Shielded","10000","https://www.digikey.be/en/products/detail/gct/USB3070-30-A/9859633"
"https://app.adam-tech.com/resources/download/65/ecatalog-2025-1.pdf","-","2057-MCR-B-MPLUG-06-ND","MCR-B-MPLUG-06","Adam Tech","Adam Tech","CONNECTOR, MICRO USB CONNECTOR","0","0.54324","0","10000","Bulk","MCR","Active","USB - micro B","5","Plug","-","Surface Mount, Right Angle","Horizontal","Solder","-","-","-30°C ~ 80°C","1","0.1A, 1A, 1.8A","-","Shielded","-","https://www.digikey.be/en/products/detail/adam-tech/MCR-B-MPLUG-06/26686171"
"https://app.adam-tech.com/products/download/data_sheet/195342/mcr-b-s-ra-smt-eh4b-t-r-data-sheet.pdf","//mm.digikey.com/Volume0/opasdata/d220001/medias/images/4500/MCR-B-S-RA-SMT-EH4B-TR.jpg","2057-MCR-B-S-RA-SMT-EH4B-T/RTR-ND,2057-MCR-B-S-RA-SMT-EH4B-T/RCT-ND,2057-MCR-B-S-RA-SMT-EH4B-T/RDKR-ND","MCR-B-S-RA-SMT-EH4B-T/R","Adam Tech","Adam Tech","MICRO USB, TYPE B, RIGHT ANGLE,","4.437","0.55","0","1","Tape & Reel (TR),Cut Tape (CT),Digi-Reel®","MCR","Active","USB - micro B","5","Receptacle","-","Board Cutout, Surface Mount, Right Angle; Through Hole","Horizontal, Mid Mount","Solder","-","-","-30°C ~ 80°C","1","1A","-","Shielded","-","https://www.digikey.be/en/products/detail/adam-tech/MCR-B-S-RA-SMT-EH4B-T-R/9832095"
"//mm.digikey.com/Volume0/opasdata/d220001/medias/docus/695/DX4_Series.pdf","//mm.digikey.com/Volume0/opasdata/d220001/medias/images/413/DX4R205JJ8R2000.JPG","670-2679-2-ND","DX4R205JJ8R2000","JAE Electronics","JAE Electronics","CONN RCP USB2.0 MICRO AB SMD","0","0.56048","0","2000","Tape & Reel (TR)","DX4","Obsolete","USB - micro AB","5","Receptacle","USB 2.0","Board Edge, Cutout; Surface Mount; Through Hole, Right Angle","Horizontal, Mid Mount","Solder","Pick and Place","-","-30°C ~ 80°C","1","0.5A, 1.8A","30V","Unshielded","10000","https://www.digikey.be/en/products/detail/jae-electronics/DX4R205JJ8R2000/3903233"
"//mm.digikey.com/Volume0/opasdata/d220001/medias/docus/1094/ZX_Series.pdf","//mm.digikey.com/Volume0/opasdata/d220001/medias/images/1/ZX62R-B-5P.jpg","H11574TR-ND","ZX62R-B-5P","Hirose Electric Co Ltd","Hirose Electric Co Ltd","CONN RCPT USB2.0 MICRO B SMD R/A","0","0.56094","0","2000","Tape & Reel (TR)","ZX","Obsolete","USB - micro B","5","Receptacle","USB 2.0","Surface Mount, Right Angle","Horizontal, Reverse Mount","Solder","Pick and Place, Solder Retention","-","-30°C ~ 85°C","1","1.8A","30VAC","Shielded","10000","https://www.digikey.be/en/products/detail/hirose-electric-co-ltd/ZX62R-B-5P/1787101"
"https://cdn.amphenol-cs.com/media/wysiwyg/files/documentation/datasheet/inputoutput/io_micro_usb_2_gmcb05.pdf","//mm.digikey.com/Volume0/opasdata/d220001/medias/images/5552/GMCB05321124CEU.JPG","664-GMCB05321124CEUTR-ND,664-GMCB05321124CEUCT-ND,664-GMCB05321124CEUDKR-ND","GMCB05321124CEU","Amphenol ICC (Commercial Products)","Amphenol CS (Commercial Products)","MICRO USB B 5POS RIGHT ANGLE SMT","12.057","0.58","0","1","Tape & Reel (TR),Cut Tape (CT),Digi-Reel®","GMCB05","Active","USB - micro B","5","Receptacle","-","Surface Mount, Right Angle; Through Hole","Horizontal","Solder","-","-","-40°C ~ 85°C","1","1A, 1.8A","30VDC","Shielded","10000","https://www.digikey.be/en/products/detail/amphenol-cs-commercial-products/GMCB05321124CEU/16819091"
"https://gct.co/files/specs/usb3076-spec.pdf","//mm.digikey.com/Volume0/opasdata/d220001/medias/images/322/MFG_USB3076-30-A.jpg","2073-USB3076-30-ATR-ND,2073-USB3076-30-ACT-ND,2073-USB3076-30-ADKR-ND","USB3076-30-A","GCT","GCT","MICRO B SKT, BOTTOM-SMT, R/A, 30","32.574","0.59","0","1","Tape & Reel (TR),Cut Tape (CT),Digi-Reel®","USB3076","Active","USB - micro B","5","Receptacle","USB 2.0","Surface Mount, Right Angle; Through Hole","Bottom Mount, Horizontal","Solder","Solder Retention","-","-30°C ~ 85°C","1","1A, 1.8A","30VAC","Shielded","10000","https://www.digikey.be/en/products/detail/gct/USB3076-30-A/9859635"
"https://gct.co/files/specs/usb3075-spec.pdf","//mm.digikey.com/Volume0/opasdata/d220001/medias/images/322/MFG_USB3075-30-A.jpg","2073-USB3075-30-ATR-ND,2073-USB3075-30-ACT-ND,2073-USB3075-30-ADKR-ND","USB3075-30-A","GCT","GCT","MICRO B SKT, BOTTOM-SMT, R/A, 30","5.433","0.59","0","1","Tape & Reel (TR),Cut Tape (CT),Digi-Reel®","USB3075","Active","USB - micro B","5","Receptacle","USB 2.0","Surface Mount, Right Angle; Through Hole","Bottom Mount, Horizontal","Solder","Solder Retention","-","-30°C ~ 85°C","1","1A, 1.8A","30VAC","Shielded","10000","https://www.digikey.be/en/products/detail/gct/USB3075-30-A/9859634"
"https://gct.co/files/specs/usb3155-spec.pdf","//mm.digikey.com/Volume0/opasdata/d220001/medias/images/322/MFG_USB3155-30-A.jpg","2073-USB3155-30-ATR-ND,2073-USB3155-30-ACT-ND,2073-USB3155-30-ADKR-ND","USB3155-30-A","GCT","GCT","MICRO B SKT, HORIZONTAL MID SMT,","28.957","0.59","0","1","Tape & Reel (TR),Cut Tape (CT),Digi-Reel®","USB3155","Active","USB - micro B","5","Receptacle","USB 2.0","Board Edge, Cutout; Surface Mount; Through Hole, Right Angle","Horizontal, Mid Mount","Solder","-","-","-30°C ~ 85°C","1","1A, 1.8A","30VAC","Shielded","10000","https://www.digikey.be/en/products/detail/gct/USB3155-30-A/9859650"
"//mm.digikey.com/Volume0/opasdata/d220001/medias/docus/695/DX4_Series.pdf","-","DX4RN05JJ3R2000-ND","DX4RN05JJ3R2000","JAE Electronics","JAE Electronics","CONN RCPT USB2.0 MICRO B SMD","0","0.59153","0","2000","Tape & Reel (TR)","DX4","Obsolete","USB - micro B","5","Receptacle","USB 2.0","Board Edge, Cutout; Surface Mount; Through Hole, Right Angle","Horizontal, Mid Mount","Solder","Pick and Place","-","-30°C ~ 80°C","1","0.5A, 1.8A","30V","Unshielded","10000","https://www.digikey.be/en/products/detail/jae-electronics/DX4RN05JJ3R2000/5398042"
"//mm.digikey.com/Volume0/opasdata/d220001/medias/docus/695/DX4_Series.pdf","-","DX4R205JJ9R2000-ND","DX4R205JJ9R2000","JAE Electronics","JAE Electronics","CONN RCP USB2.0 MICRO AB SMD","0","0.59153","0","2000","Tape & Reel (TR)","DX4","Obsolete","USB - micro AB","5","Receptacle","USB 2.0","Board Edge, Cutout; Surface Mount; Through Hole, Right Angle","Horizontal, Mid Mount","Solder","Pick and Place","-","-30°C ~ 80°C","1","0.5A, 1.8A","30V","Unshielded","10000","https://www.digikey.be/en/products/detail/jae-electronics/DX4R205JJ9R2000/5398572"
"https://cdn.amphenol-cs.com/media/wysiwyg/files/documentation/datasheet/inputoutput/io_micro_usb_2_gmcb05.pdf","//mm.digikey.com/Volume0/opasdata/d220001/medias/images/3530/GMCB05821134CHR.jpg","664-GMCB05821134CHRTR-ND,664-GMCB05821134CHRCT-ND,664-GMCB05821134CHRDKR-ND","GMCB05821134CHR","Amphenol ICC (Commercial Products)","Amphenol CS (Commercial Products)","MICRO USB AB 5POS RIGHT ANGLE SM","1.387","0.6","0","1","Tape & Reel (TR),Cut Tape (CT),Digi-Reel®","-","Active","USB - micro AB","5","Receptacle","USB 2.0","Surface Mount, Right Angle; Through Hole","Horizontal","Solder","-","-","-40°C ~ 85°C","1","1A, 1.8A","30VDC","Shielded","10000","https://www.digikey.be/en/products/detail/amphenol-cs-commercial-products/GMCB05821134CHR/13683239"
"https://cdn.amphenol-cs.com/media/wysiwyg/files/documentation/datasheet/inputoutput/io_micro_usb_2_gmcb05.pdf","//mm.digikey.com/Volume0/opasdata/d220001/medias/images/3649/GMCB05821124EU.jpg","664-GMCB05821124EUTR-ND,664-GMCB05821124EUCT-ND,664-GMCB05821124EUDKR-ND","GMCB05821124EU","Amphenol ICC (Commercial Products)","Amphenol CS (Commercial Products)","MICRO USB B 5POS RIGHT ANGLE SMT","1.068","0.61","0","1","Tape & Reel (TR),Cut Tape (CT),Digi-Reel®","-","Active","USB - micro B","5","Receptacle","USB 2.0","Surface Mount, Right Angle","Horizontal","Solder","-","-","-40°C ~ 85°C","1","1A, 1.8A","30VDC","Shielded","10000","https://www.digikey.be/en/products/detail/amphenol-cs-commercial-products/GMCB05821124EU/13683186"
"https://app.adam-tech.com/resources/download/65/ecatalog-2025-1.pdf","-","2057-MCR-AB1-S-RA-SMT-CS3-T/RTR-ND","MCR-AB1-S-RA-SMT-CS3-T/R","Adam Tech","Adam Tech","MICRO USB ABF 1PORT RA SMT TR GO","0","0.6221","0","3000","Tape & Reel (TR)","MCR","Active","USB - micro AB","5","Receptacle","-","Surface Mount, Right Angle","Horizontal","Solder","-","-","-30°C ~ 80°C","1","1A","30V","Shielded","-","https://www.digikey.be/en/products/detail/adam-tech/MCR-AB1-S-RA-SMT-CS3-T-R/26686584"
"https://app.adam-tech.com/resources/download/65/ecatalog-2025-1.pdf","-","2057-MCR-AB1-S-RA-SMT-T/RTR-ND","MCR-AB1-S-RA-SMT-T/R","Adam Tech","Adam Tech","MICRO USB ABF 1PORT RA SMT TR GO","0","0.63139","0","14000","Tape & Reel (TR)","MCR","Active","USB - micro AB","5","Receptacle","-","Surface Mount, Right Angle","Horizontal","Solder","-","-","-30°C ~ 80°C","1","1A","250VAC","Shielded","-","https://www.digikey.be/en/products/detail/adam-tech/MCR-AB1-S-RA-SMT-T-R/26686316"
"https://cdn.amphenol-cs.com/media/wysiwyg/files/documentation/datasheet/inputoutput/io_usb_3_1_gen2_gsb4x.pdf","//mm.digikey.com/Volume0/opasdata/d220001/medias/images/7208/MFG_gsb443k33hr-1.jpg","664-GSB443K33HRTR-ND","GSB443K33HR","Amphenol ICC (Commercial Products)","Amphenol CS (Commercial Products)","USB3.1,MICRO B,RECPT,30U","0","0.63165","0","7200","Tape & Reel (TR)","GSB4","Active","USB - micro B","10","Receptacle","USB 3.2 Gen 1 (USB 3.1 Gen 1, Superspeed (USB 3.0))","Surface Mount, Right Angle; Through Hole","Horizontal","Solder","-","-","-40°C ~ 85°C","1","0.25A, 1.25A","30VAC","Shielded","5000","https://www.digikey.be/en/products/detail/amphenol-cs-commercial-products/GSB443K33HR/25813583"
"-","-","E8110-030-01-ND","E8110-030-01","Pulse Electronics","Pulse Electronics","CONN RCPT USB3.0 MICRO B SMD R/A","0","0.63743","0","10400","Bulk","-","Obsolete","USB - micro B","10","Receptacle","USB 3.2 Gen 1 (USB 3.1 Gen 1, Superspeed (USB 3.0))","Surface Mount, Right Angle","Horizontal","Solder","-","-","-20°C ~ 80°C","1","1.5A","-","Shielded","10000","https://www.digikey.be/en/products/detail/pulse-electronics/E8110-030-01/8556219"
"https://www.molex.com/en-us/products/part-detail/1051330311?display=pdf","//mm.digikey.com/Volume0/opasdata/d220001/medias/images/8893/MFG_1051330011_hires.jpg","900-1051330311-ND","1051330311","Molex","Molex","UUSB B REC. VERTICAL W/O CAP","0","0.65364","0","6000","Bulk","105133","Active","USB - micro B","5","Receptacle","USB 2.0","Surface Mount","Vertical","Solder","-","-","-30°C ~ 85°C","1","1A, 1.8A","30VAC","Shielded","10000","https://www.digikey.be/en/products/detail/molex/1051330311/27789931"
"https://www.hirose.com/product/download/?distributor=digikey&type=specSheet&lang=en&num=ZX62D-B-5PA8(30)","//mm.digikey.com/Volume0/opasdata/d220001/medias/images/19/ZX62D-B-5PA8.jpg","H125718TR-ND,H125718CT-ND,H125718DKR-ND","ZX62D-B-5PA8(30)","Hirose Electric Co Ltd","Hirose Electric Co Ltd","CONN RCPT USB2.0 MICRO B SMD R/A","29.510","0.67","0","1","Tape & Reel (TR),Cut Tape (CT),Digi-Reel®","ZX","Active","USB - micro B","5","Receptacle","USB 2.0","Surface Mount, Right Angle; Through Hole","Bottom Mount, Horizontal","Solder","Pick and Place Cap, Solder Retention","-","-30°C ~ 85°C","1","1.8A","30VAC","Shielded","10000","https://www.digikey.be/en/products/detail/hirose-electric-co-ltd/ZX62D-B-5PA8-30/5994877"
"https://gct.co/files/specs/usb3131-spec.pdf","//mm.digikey.com/Volume0/opasdata/d220001/medias/images/322/MFG_USB3131-30-0230-A.jpg","2073-USB3131-30-0230-ATR-ND,2073-USB3131-30-0230-ACT-ND,2073-USB3131-30-0230-ADKR-ND","USB3131-30-0230-A","GCT","GCT","MICRO B SKT, VERTICAL, TH, 30"",","6.958","0.67","0","1","Tape & Reel (TR),Cut Tape (CT),Digi-Reel®","USB3131","Active","USB - micro B","5","Receptacle","USB 2.0","Through Hole","Vertical","Solder","-","-","-55°C ~ 85°C","1","1A, 1.8A","30V","Shielded","10000","https://www.digikey.be/en/products/detail/gct/USB3131-30-0230-A/9859642"
"https://gct.co/files/specs/usb3160-spec.pdf","//mm.digikey.com/Volume0/opasdata/d220001/medias/images/322/MFG_USB3160-30-0170-0-C.jpg","2073-USB3160-30-0170-0-CTR-ND,2073-USB3160-30-0170-0-CCT-ND,2073-USB3160-30-0170-0-CDKR-ND","USB3160-30-0170-0-C","GCT","GCT","MICRO B SKT, VERTICAL, SMT, 30"",","5.753","0.67","0","1","Tape & Reel (TR),Cut Tape (CT),Digi-Reel®","USB3160","Active","USB - micro B","5","Receptacle","USB 2.0","Surface Mount, Through Hole","Vertical","Solder","Board Guide, Pick and Place Cap","-","-30°C ~ 85°C","1","1A, 2.8A","30VAC","Shielded","10000","https://www.digikey.be/en/products/detail/gct/USB3160-30-0170-0-C/9859655"
"https://gct.co/files/specs/usb3140-spec.pdf","//mm.digikey.com/Volume0/opasdata/d220001/medias/images/322/MFG_USB3140-30-0230-1-C.jpg","2073-USB3140-30-0230-1-CTR-ND,2073-USB3140-30-0230-1-CCT-ND,2073-USB3140-30-0230-1-CDKR-ND","USB3140-30-0230-1-C","GCT","GCT","MICRO B SKT, VERTICAL, SMT, 30"",","4.655","0.67","0","1","Tape & Reel (TR),Cut Tape (CT),Digi-Reel®","USB3140","Active","USB - micro B","5","Receptacle","USB 2.0","Surface Mount, Through Hole","Vertical","Solder","Pick and Place Cap","-","-30°C ~ 85°C","1","1A, 1.8A","30VAC","Shielded","10000","https://www.digikey.be/en/products/detail/gct/USB3140-30-0230-1-C/9859646"
"https://gct.co/files/specs/usb3160-spec.pdf","//mm.digikey.com/Volume0/opasdata/d220001/medias/images/322/MFG_USB3160-30-0170-1-C.jpg","2073-USB3160-30-0170-1-CTR-ND,2073-USB3160-30-0170-1-CCT-ND,2073-USB3160-30-0170-1-CDKR-ND","USB3160-30-0170-1-C","GCT","GCT","MICRO B SKT, VERTICAL, SMT, 30"",","33.613","0.67","0","1","Tape & Reel (TR),Cut Tape (CT),Digi-Reel®","USB3160","Active","USB - micro B","5","Receptacle","USB 2.0","Surface Mount, Through Hole","Vertical","Solder","Board Guide, Pick and Place Cap","-","-30°C ~ 85°C","1","1A, 2.8A","30VAC","Shielded","10000","https://www.digikey.be/en/products/detail/gct/USB3160-30-0170-1-C/9859656"
"https://gct.co/files/specs/usb3140-spec.pdf","//mm.digikey.com/Volume0/opasdata/d220001/medias/images/188/USB3140-30-0x70-0-C.jpg","2073-USB3140-30-0170-0-CTR-ND,2073-USB3140-30-0170-0-CCT-ND,2073-USB3140-30-0170-0-CDKR-ND","USB3140-30-0170-0-C","GCT","GCT","MICRO B SKT, VERTICAL, SMT, 30""","29.549","0.67","0","1","Tape & Reel (TR),Cut Tape (CT),Digi-Reel®","USB3140","Active","USB - micro B","5","Receptacle","USB 2.0","Surface Mount","Vertical","Solder","-","-","-30°C ~ 85°C","1","1A, 1.8A","30VAC","Shielded","10000","https://www.digikey.be/en/products/detail/gct/USB3140-30-0170-0-C/10649906"
"https://gct.co/files/specs/usb3140-spec.pdf","//mm.digikey.com/Volume0/opasdata/d220001/medias/images/322/MFG_USB3140-30-0170-1-C.jpg","2073-USB3140-30-0170-1-CTR-ND,2073-USB3140-30-0170-1-CCT-ND,2073-USB3140-30-0170-1-CDKR-ND","USB3140-30-0170-1-C","GCT","GCT","MICRO B SKT, VERTICAL, SMT, 30"",","26.481","0.67","0","1","Tape & Reel (TR),Cut Tape (CT),Digi-Reel®","USB3140","Active","USB - micro B","5","Receptacle","USB 2.0","Surface Mount, Through Hole","Vertical","Solder","Pick and Place Cap","-","-30°C ~ 85°C","1","1A, 1.8A","30VAC","Shielded","10000","https://www.digikey.be/en/products/detail/gct/USB3140-30-0170-1-C/9859645"
"https://gct.co/files/specs/usb3140-spec.pdf","//mm.digikey.com/Volume0/opasdata/d220001/medias/images/322/MFG_USB3140-30-0070-1-C.jpg","2073-USB3140-30-0070-1-CTR-ND,2073-USB3140-30-0070-1-CCT-ND,2073-USB3140-30-0070-1-CDKR-ND","USB3140-30-0070-1-C","GCT","GCT","MICRO B SKT, VERTICAL, SMT, 30"",","4.669","0.67","0","1","Tape & Reel (TR),Cut Tape (CT),Digi-Reel®","USB3140","Active","USB - micro B","5","Receptacle","USB 2.0","Surface Mount, Through Hole","Vertical","Solder","Pick and Place Cap","-","-30°C ~ 85°C","1","1A, 1.8A","30VAC","Shielded","10000","https://www.digikey.be/en/products/detail/gct/USB3140-30-0070-1-C/9859644"
"https://www.hirose.com/product/document?clcode=CL0242-0056-3-30&productname=ZX62D-B-5PA8(30)&series=ZX&documenttype=Catalog&lang=en&documentid=D31704_en","//mm.digikey.com/Volume0/opasdata/d220001/medias/images/707/ZX62D1-B-5PA.JPG","H126316TR-ND,H126316CT-ND,H126316DKR-ND","ZX62D1-B-5PA(30)","Hirose Electric Co Ltd","Hirose Electric Co Ltd","CONN RCPT USB2.0 MICRO B SMD R/A","1.876","0.67","0","1","Tape & Reel (TR),Cut Tape (CT),Digi-Reel®","ZX","Active","USB - micro B","5","Receptacle","USB 2.0","Surface Mount, Right Angle; Through Hole","Bottom Mount, Horizontal","Solder","Pick and Place Cap, Solder Retention","-","-30°C ~ 85°C","1","1.8A","30VAC","Shielded","10000","https://www.digikey.be/en/products/detail/hirose-electric-co-ltd/ZX62D1-B-5PA-30/5994876"
"https://gct.co/files/specs/usb3160-spec.pdf","//mm.digikey.com/Volume0/opasdata/d220001/medias/images/322/MFG_USB3160-30-0120-1-C.jpg","2073-USB3160-30-0120-1-CTR-ND,2073-USB3160-30-0120-1-CCT-ND,2073-USB3160-30-0120-1-CDKR-ND","USB3160-30-0120-1-C","GCT","GCT","MICRO B SKT, VERTICAL, SMT, 30"",","1.973","0.67","0","1","Tape & Reel (TR),Cut Tape (CT),Digi-Reel®","USB3160","Active","USB - micro B","5","Receptacle","USB 2.0","Surface Mount, Through Hole","Vertical","Solder","Board Guide, Pick and Place Cap","-","-30°C ~ 85°C","1","1A, 2.8A","30VAC","Shielded","10000","https://www.digikey.be/en/products/detail/gct/USB3160-30-0120-1-C/9859654"
"https://gct.co/files/specs/usb3140-spec.pdf","//mm.digikey.com/Volume0/opasdata/d220001/medias/images/8899/MFG_USB3140-30-0140-0-C.jpg","2073-USB3140-30-0230-0-CTR-ND,2073-USB3140-30-0230-0-CCT-ND,2073-USB3140-30-0230-0-CDKR-ND","USB3140-30-0230-0-C","GCT","GCT","MICRO B SKT, VERTICAL, SMT, 30U""","4.908","0.67","0","1","Tape & Reel (TR),Cut Tape (CT),Digi-Reel®","USB3140","Active","USB - micro B","5","Receptacle","USB 2.0","Surface Mount, Through Hole","Vertical","Solder","-","-","-25°C ~ 85°C","1","1A, 1.8A","30VAC","Shielded","10000","https://www.digikey.be/en/products/detail/gct/USB3140-30-0230-0-C/14305260"
"https://gct.co/files/specs/usb3106-spec.pdf","//mm.digikey.com/Volume0/opasdata/d220001/medias/images/322/MFG_USB3106-30-0230-A.jpg","2073-USB3106-30-0230-ATR-ND,2073-USB3106-30-0230-ACT-ND,2073-USB3106-30-0230-ADKR-ND","USB3106-30-0230-A","GCT","GCT","MICRO A/B SKT, VERTICAL, TH, 30""","559","0.67","0","1","Tape & Reel (TR),Cut Tape (CT),Digi-Reel®","USB3106","Active","USB - micro AB","5","Receptacle","USB 2.0","Through Hole","Vertical","Solder","-","-","-55°C ~ 85°C","1","1A, 1.8A","30V","Shielded","10000","https://www.digikey.be/en/products/detail/gct/USB3106-30-0230-A/9859640"
"https://gct.co/files/specs/usb3140-spec.pdf","//mm.digikey.com/Volume0/opasdata/d220001/medias/images/3578/MFG_USB3140-30-0140-1-C.jpg","2073-USB3140-30-0140-1-CTR-ND,2073-USB3140-30-0140-1-CCT-ND,2073-USB3140-30-0140-1-CDKR-ND","USB3140-30-0140-1-C","GCT","GCT","MICRO B SKT, VERTICAL, SMT, 30"",","634","0.67","0","1","Tape & Reel (TR),Cut Tape (CT),Digi-Reel®","USB3140","Active","USB - micro B","5","Receptacle","USB 2.0","Surface Mount, Through Hole","Vertical","Solder","Board Guide, Pick and Place Cap","-","-25°C ~ 85°C","1","1A, 1.8A","30VAC","Shielded","10000","https://www.digikey.be/en/products/detail/gct/USB3140-30-0140-1-C/15929880"
"https://gct.co/files/specs/usb3160-spec.pdf","//mm.digikey.com/Volume0/opasdata/d220001/medias/images/322/MFG_USB3160-30-0120-0-C.jpg","2073-USB3160-30-0120-0-CTR-ND,2073-USB3160-30-0120-0-CCT-ND,2073-USB3160-30-0120-0-CDKR-ND","USB3160-30-0120-0-C","GCT","GCT","MICRO B SKT, VERTICAL, SMT, 30"",","1.219","0.67","0","1","Tape & Reel (TR),Cut Tape (CT),Digi-Reel®","USB3160","Active","USB - micro B","5","Receptacle","USB 2.0","Surface Mount, Through Hole","Vertical","Solder","Board Guide, Pick and Place Cap","-","-30°C ~ 85°C","1","1A, 2.8A","30VAC","Shielded","10000","https://www.digikey.be/en/products/detail/gct/USB3160-30-0120-0-C/9859653"
"https://gct.co/files/specs/usb3160-spec.pdf","//mm.digikey.com/Volume0/opasdata/d220001/medias/images/322/MFG_USB3160-30-0070-0-C.jpg","2073-USB3160-30-0070-0-CTR-ND,2073-USB3160-30-0070-0-CCT-ND,2073-USB3160-30-0070-0-CDKR-ND","USB3160-30-0070-0-C","GCT","GCT","MICRO B SKT, VERTICAL, SMT, 30"",","989","0.67","0","1","Tape & Reel (TR),Cut Tape (CT),Digi-Reel®","USB3160","Active","USB - micro B","5","Receptacle","USB 2.0","Surface Mount, Through Hole","Vertical","Solder","Board Guide, Pick and Place Cap","-","-30°C ~ 85°C","1","1A, 2.8A","30VAC","Shielded","10000","https://www.digikey.be/en/products/detail/gct/USB3160-30-0070-0-C/9859651"
"https://gct.co/files/specs/usb3145-spec.pdf","//mm.digikey.com/Volume0/opasdata/d220001/medias/images/325/MFG_USB3145-30-1-A.jpg","2073-USB3145-30-1-ATR-ND,2073-USB3145-30-1-ACT-ND,2073-USB3145-30-1-ADKR-ND","USB3145-30-1-A","GCT","GCT","MICRO B SKT, VERTICAL, TH, 30"",","0","0.67","0","1","Tape & Reel (TR),Cut Tape (CT),Digi-Reel®","USB3145","Active","USB - micro B","5","Receptacle","USB 2.0","Through Hole","Vertical","Solder","-","-","-30°C ~ 85°C","1","1A, 1.8A","30VAC","Shielded","10000","https://www.digikey.be/en/products/detail/gct/USB3145-30-1-A/9859647"
"https://gct.co/files/specs/usb3160-spec.pdf","//mm.digikey.com/Volume0/opasdata/d220001/medias/images/322/MFG_USB3160-30-0070-1-C.jpg","2073-USB3160-30-0070-1-CTR-ND,2073-USB3160-30-0070-1-CCT-ND,2073-USB3160-30-0070-1-CDKR-ND","USB3160-30-0070-1-C","GCT","GCT","MICRO B SKT, VERTICAL, SMT, 30"",","17","0.67","0","1","Tape & Reel (TR),Cut Tape (CT),Digi-Reel®","USB3160","Active","USB - micro B","5","Receptacle","USB 2.0","Surface Mount, Through Hole","Vertical","Solder","Board Guide, Pick and Place Cap","-","-30°C ~ 85°C","1","1A, 2.8A","30VAC","Shielded","10000","https://www.digikey.be/en/products/detail/gct/USB3160-30-0070-1-C/9859652"
"https://www.hirose.com/product/document?clcode=&productname=&series=ZX360&documenttype=Catalog&lang=en&documentid=D31616_en","-","ZX360D1-B-CN-10P-ND","ZX360D1-B-CN-10P","Hirose Electric Co Ltd","Hirose Electric Co Ltd","CONN RCPT USB3.0 MICRO B SMD R/A","0","0.6778","0","2000","Tape & Reel (TR)","ZX360","Obsolete","USB - micro B","10","Receptacle","USB 3.2 Gen 1 (USB 3.1 Gen 1, Superspeed (USB 3.0))","Surface Mount, Right Angle","Horizontal","Solder","Board Guide","-","-30°C ~ 85°C","1","1.8A","30VAC","-","10000","https://www.digikey.be/en/products/detail/hirose-electric-co-ltd/ZX360D1-B-CN-10P/5134928"
"https://cdn.amphenol-cs.com/media/wysiwyg/files/documentation/datasheet/inputoutput/io_micro_usb_3_1_gsb343.pdf","//mm.digikey.com/Volume0/opasdata/d220001/medias/images/7208/MFG_gsb343133ahr-1.jpg","664-GSB343133AHRTR-ND","GSB343133AHR","Amphenol ICC (Commercial Products)","Amphenol CS (Commercial Products)","USB3.0, MICRO B, RECEPTACLE,RIGH","0","0.67929","0","3000","Tape & Reel (TR)","GSB3","Active","USB - micro B","10","Receptacle","USB 3.2 Gen 1 (USB 3.1 Gen 1, Superspeed (USB 3.0))","Surface Mount, Right Angle","Horizontal","Solder","-","-","-40°C ~ 85°C","1","0.25A, 1.8A","30VAC","Shielded","10000","https://www.digikey.be/en/products/detail/amphenol-cs-commercial-products/GSB343133AHR/25813434"
"https://www.molex.com/pdm_docs/sd/475900001_sd.pdf","//mm.digikey.com/Volume0/opasdata/d220001/medias/images/525/0475900001.JPG","WM17144TR-ND,WM17144CT-ND,WM17144DKR-ND","0475900001","Molex","Molex","CONN RCPT MICRO USB AB 5P SMD RA","9.828","0.68","0","1","Tape & Reel (TR),Cut Tape (CT),Digi-Reel®","47590","Active","USB - micro AB","5","Receptacle","-","Surface Mount, Right Angle; Through Hole","Horizontal","Solder","Pick and Place, Solder Retention","-","-35°C ~ 85°C","1","1A, 1.8A","30VAC","Shielded","10000","https://www.digikey.be/en/products/detail/molex/0475900001/1832254"
"https://www.jae.com/direct/topics/topics_file_download/topics_id=64360&ext_no=08&_lang=en","//mm.digikey.com/Volume0/opasdata/d220001/medias/images/527/DX4R005HJ5R2000.JPG","670-2674-2-ND,670-2674-1-ND,670-2674-6-ND","DX4R005HJ5R2000","JAE Electronics","JAE Electronics","CONN RCPT USB2.0 MICRO B SMD R/A","39.428","0.68","0","1","Tape & Reel (TR),Cut Tape (CT),Digi-Reel®","DX4","Active","USB - micro B","5","Receptacle","USB 2.0","Surface Mount, Right Angle","Horizontal","Solder","Pick and Place, Solder Retention","-","-30°C ~ 80°C","1","0.5A, 1.8A","30V","Unshielded","10000","https://www.digikey.be/en/products/detail/jae-electronics/DX4R005HJ5R2000/3903227"
"https://www.jae.com/direct/topics/topics_file_download/topics_id=64360&ext_no=08&_lang=en","//mm.digikey.com/Volume0/opasdata/d220001/medias/images/527/DX4R005JJ2R1800.JPG","670-2675-2-ND,670-2675-1-ND,670-2675-6-ND","DX4R005JJ2R1800","JAE Electronics","JAE Electronics","CONN RCPT USB2.0 MICRO B SMD R/A","17.372","0.68","0","1","Tape & Reel (TR),Cut Tape (CT),Digi-Reel®","DX4","Active","USB - micro B","5","Receptacle","USB 2.0","Surface Mount, Right Angle; Through Hole","Horizontal","Solder","Pick and Place, Solder Retention","-","-30°C ~ 80°C","1","0.5A, 1.8A","30V","Unshielded","10000","https://www.digikey.be/en/products/detail/jae-electronics/DX4R005JJ2R1800/3903229"
"https://www.hirose.com/zh/product/document?clcode=CL0242-0514-6-30&productname=ZX360D1-B-CN-10P(30)&series=ZX360&documenttype=SpecSheet&lang=zh&documentid=0001148416","-","26-ZX360D1-B-CN-10P(30)TR-ND","ZX360D1-B-CN-10P(30)","Hirose Electric Co Ltd","Hirose Electric Co Ltd","CONN RCPT USB3.0 MICRO B SMD R/A","0","0.6806","0","2000","Tape & Reel (TR)","ZX","Active","USB - micro B","10","Receptacle","USB 3.0","Surface Mount, Right Angle; Through Hole","Horizontal","Solder","-","-","-30°C ~ 85°C","1","1.8A","30VAC","Shielded","10000","https://www.digikey.be/en/products/detail/hirose-electric-co-ltd/ZX360D1-B-CN-10P-30/11204760"
"https://www.hirose.com/zh/product/document?clcode=CL0242-0513-3-30&productname=ZX360D1-B-10P(30)&series=ZX360&documenttype=SpecSheet&lang=zh&documentid=0001148404","-","26-ZX360D1-B-10P(30)TR-ND","ZX360D1-B-10P(30)","Hirose Electric Co Ltd","Hirose Electric Co Ltd","CONN RCPT USB3.0 MICRO B SMD R/A","0","0.68835","0","2000","Tape & Reel (TR)","ZX","Active","USB - micro B","10","Receptacle","USB 3.0","Surface Mount, Right Angle; Through Hole","Horizontal","Solder","-","-","-30°C ~ 85°C","1","1.8A","30VAC","Shielded","10000","https://www.digikey.be/en/products/detail/hirose-electric-co-ltd/ZX360D1-B-10P-30/11204946"
"https://www.hirose.com/product/document?clcode=&productname=&series=ZX360&documenttype=Catalog&lang=en&documentid=D31616_en","-","ZX360D-B-WD-10P(01)-ND","ZX360D-B-WD-10P(01)","Hirose Electric Co Ltd","Hirose Electric Co Ltd","CONN RCPT USB3.0 MICRO B SMD R/A","0","0.68842","0","1000","Tape & Reel (TR)","ZX360","Obsolete","USB - micro B","10","Receptacle","USB 3.2 Gen 1 (USB 3.1 Gen 1, Superspeed (USB 3.0))","Surface Mount, Right Angle; Through Hole","Horizontal","Solder","Board Guide, Pick and Place","-","-30°C ~ 85°C","1","1.8A","30VAC","-","10000","https://www.digikey.be/en/products/detail/hirose-electric-co-ltd/ZX360D-B-WD-10P-01/5134929"
"https://cdn.amphenol-cs.com/media/wysiwyg/files/documentation/datasheet/inputoutput/io_usb_micro.pdf","//mm.digikey.com/Volume0/opasdata/d220001/medias/images/640/10103594-0001LF.jpg","609-4050-2-ND,609-4050-1-ND,609-4050-6-ND","10103594-0001LF","Amphenol ICC (FCI)","Amphenol CS (FCI)","CONN RCPT USB2.0 MICRO B SMD R/A","25.857","0.69","0","1","Tape & Reel (TR),Cut Tape (CT),Digi-Reel®","-","Active","USB - micro B","5","Receptacle","USB 2.0","Surface Mount, Right Angle; Through Hole","Horizontal","Solder","Solder Retention","-","-30°C ~ 80°C","1","1.8A per Contact","100VAC","Shielded","10000","https://www.digikey.be/en/products/detail/amphenol-cs-fci/10103594-0001LF/2350351"
"https://www.hirose.com/product/download/?distributor=digikey&type=specSheet&lang=en&num=ZX62M-B-5P(30)","//mm.digikey.com/Volume0/opasdata/d220001/medias/images/934/ZX62M-B-5P%2801%29.jpg","H125273TR-ND,H125273CT-ND,H125273DKR-ND","ZX62M-B-5P(30)","Hirose Electric Co Ltd","Hirose Electric Co Ltd","CONN RCPT USB2.0 MICRO B SMD","5.687","0.69","0","1","Tape & Reel (TR),Cut Tape (CT),Digi-Reel®","ZX","Active","USB - micro B","5","Receptacle","USB 2.0","Board Edge, Cutout; Surface Mount, Right Angle","Horizontal, Mid Mount","Solder","Pick and Place, Solder Retention","-","-30°C ~ 85°C","1","1.8A","30VAC","Shielded","10000","https://www.digikey.be/en/products/detail/hirose-electric-co-ltd/ZX62M-B-5P-30/5994739"
"https://gct.co/files/specs/usb3190-spec.pdf","//mm.digikey.com/Volume0/opasdata/d220001/medias/images/3518/MFG_usb3190-gf-c.jpg","2073-USB3190-GF-CTR-ND,2073-USB3190-GF-CCT-ND,2073-USB3190-GF-CDKR-ND","USB3190-GF-C","GCT","GCT","MICRO B SKT VERT MID MOUNT H=3.9","993","0.69","0","1","Tape & Reel (TR),Cut Tape (CT),Digi-Reel®","USB3190","Active","USB - micro B","5","Receptacle","USB 2.0","Surface Mount, Through Hole","Vertical","Solder","Board Guide, Pick and Place Cap","-","-30°C ~ 85°C","1","1A, 1.8A","30VAC","Shielded","10000","https://www.digikey.be/en/products/detail/gct/USB3190-GF-C/13547385"
"//mm.digikey.com/Volume0/opasdata/d220001/medias/docus/695/DX4_Series.pdf","//mm.digikey.com/Volume0/opasdata/d220001/medias/images/525/DX4R005H91R1500.jpg","670-2595-2-ND","DX4R005H91R1500","JAE Electronics","JAE Electronics","CONN RCPT USB2.0 MICRO B SMD R/A","0","0.69194","0","1500","Tape & Reel (TR)","DX4","Obsolete","USB - micro B","5","Receptacle","USB 2.0","Surface Mount, Right Angle","Horizontal","Solder","Solder Retention","-","-30°C ~ 80°C","1","0.5A, 1.8A","30V","Unshielded","10000","https://www.digikey.be/en/products/detail/jae-electronics/DX4R005H91R1500/2744645"
"-","//mm.digikey.com/Volume0/opasdata/d220001/medias/images/1846/2069746-1.jpg","A117936TR-ND","2069746-1","TE Connectivity AMP Connectors","TE Connectivity AMP Connectors","CONN RCPT USB2.0 MICRO B SMD R/A","0","0.69747","0","6000","Tape & Reel (TR)","-","Obsolete","USB - micro B","5","Receptacle","USB 2.0","Surface Mount, Right Angle","Horizontal","Solder","Board Guide","-","-","1","-","-","-","-","https://www.digikey.be/en/products/detail/te-connectivity-amp-connectors/2069746-1/4731609"
"https://gct.co/files/specs/usb3130-spec.pdf","//mm.digikey.com/Volume0/opasdata/d220001/medias/images/322/MFG_USB3130-30-A.jpg","2073-USB3130-30-ATR-ND,2073-USB3130-30-ACT-ND,2073-USB3130-30-ADKR-ND","USB3130-30-A","GCT","GCT","MICRO B SKT, VERTICAL, TH, 30"",","11.304","0.71","0","1","Tape & Reel (TR),Cut Tape (CT),Digi-Reel®","USB3130","Active","USB - micro B","5","Receptacle","USB 2.0","Through Hole","Vertical","Solder","-","-","-55°C ~ 85°C","1","1A, 1.8A","30V","Shielded","10000","https://www.digikey.be/en/products/detail/gct/USB3130-30-A/9859641"
"https://gct.co/files/specs/usb3105-spec.pdf","//mm.digikey.com/Volume0/opasdata/d220001/medias/images/322/MFG_USB3105-30-A.jpg","2073-USB3105-30-ATR-ND,2073-USB3105-30-ACT-ND,2073-USB3105-30-ADKR-ND","USB3105-30-A","GCT","GCT","MICRO A/B SKT, VERTICAL, TH, 30""","4.812","0.71","0","1","Tape & Reel (TR),Cut Tape (CT),Digi-Reel®","USB3105","Active","USB - micro AB","5","Receptacle","USB 2.0","Through Hole","Vertical","Solder","-","-","-55°C ~ 85°C","1","1A, 1.8A","30V","Shielded","10000","https://www.digikey.be/en/products/detail/gct/USB3105-30-A/9859639"
"https://app.adam-tech.com/products/download/data_sheet/195339/mcr-b-s-ra-tsmt-np-cs2-t-r-data-sheet.pdf","//mm.digikey.com/Volume0/opasdata/d220001/medias/images/4520/MCR-B-S-RA-TSMT-NP-CS2-TR.jpg","2057-MCR-B-S-RA-TSMT-NP-CS2-T/RTR-ND,2057-MCR-B-S-RA-TSMT-NP-CS2-T/RCT-ND","MCR-B-S-RA-TSMT-NP-CS2-T/R","Adam Tech","Adam Tech","MICRO USB, TYPE B, RIGHT ANGLE,","2.560","0.71","0","1","Tape & Reel (TR),Cut Tape (CT)","MCR","Active","USB - micro B","5","Receptacle","-","Surface Mount, Right Angle","Horizontal","Solder","Solder Retention","-","-","1","-","-","Shielded","-","https://www.digikey.be/en/products/detail/adam-tech/MCR-B-S-RA-TSMT-NP-CS2-T-R/9832232"
"//mm.digikey.com/Volume0/opasdata/d220001/medias/docus/6257/io_usb_micro.pdf","//mm.digikey.com/Volume0/opasdata/d220001/medias/images/370/10103592-0001LF.jpg","609-4048-2-ND,609-4048-1-ND,609-4048-6-ND","10103592-0001LF","Amphenol ICC (FCI)","Amphenol CS (FCI)","CONN RCPT USB2.0 MICRO B SMD R/A","2.208","0.72","0","1","Tape & Reel (TR),Cut Tape (CT),Digi-Reel®","-","Active","USB - micro B","5","Receptacle","USB 2.0","Surface Mount, Right Angle; Through Hole","Horizontal, Reverse Mount","Solder","Solder Retention","-","-30°C ~ 80°C","1","1.8A per Contact","100VAC","Shielded","10000","https://www.digikey.be/en/products/detail/amphenol-cs-fci/10103592-0001LF/2350349"
"https://www.assmann-wsw.com/uploads/datasheets/ASS_7932_CO.pdf","//mm.digikey.com/Volume0/opasdata/d220001/medias/images/5692/MFG_A-USB2-CFC-EA-GSR1.jpg","123-A-USB2-CFC-EA-GSR1TR-ND","A-USB2-CFC-EA-GSR1","Assmann WSW Components","Assmann WSW Components","USB MIRCO AB","0","0.72587","0","10000","Tape & Reel (TR)","-","Active","USB - micro AB","5","Receptacle","USB 2.0","Surface Mount, Right Angle; Through Hole","Horizontal","Solder","-","-","-30°C ~ 85°C","1","1.8A","30VAC","Shielded","10000","https://www.digikey.be/en/products/detail/assmann-wsw-components/A-USB2-CFC-EA-GSR1/21734560"
"//mm.digikey.com/Volume0/opasdata/d220001/medias/docus/1094/ZX_Series.pdf","-","ZX62D2-AB-5PA8-ND","ZX62D2-AB-5PA8","Hirose Electric Co Ltd","Hirose Electric Co Ltd","CONN RCP USB2.0 MICRO AB SMD","0","0.72709","0","2000","Tape & Reel (TR)","ZX","Obsolete","USB - micro AB","5","Receptacle","USB 2.0","Surface Mount","-","Solder","-","-","-","1","-","-","-","-","https://www.digikey.be/en/products/detail/hirose-electric-co-ltd/ZX62D2-AB-5PA8/5134935"
"https://www.molex.com/pdm_docs/sd/475890001_sd.pdf","//mm.digikey.com/Volume0/opasdata/d220001/medias/images/4843/900_47589-0001.jpg","WM17143TR-ND,WM17143CT-ND,WM17143DKR-ND","0475890001","Molex","Molex","CONN RCPT MICRO USB AB 5P SMD RA","11.061","0.73","0","1","Tape & Reel (TR),Cut Tape (CT),Digi-Reel®","47589","Active","USB - micro AB","5","Receptacle","-","Surface Mount, Right Angle; Through Hole","Bottom Mount, Horizontal","Solder","Pick and Place, Solder Retention","-","-35°C ~ 85°C","1","1A, 1.8A","30VAC","Shielded","10000","https://www.digikey.be/en/products/detail/molex/0475890001/1832253"
"https://www.assmann-wsw.com/uploads/datasheets/ASS_5852_CO.pdf","//mm.digikey.com/Volume0/opasdata/d220001/medias/images/2637/MFG_AUSB3-CFC-KSR.jpg","123-AUSB3-CFC-KSRTR-ND","AUSB3-CFC-KSR","Assmann WSW Components","Assmann WSW Components","CONN RCPT USB3.2 MICRO AB SMD RA","0","0.73727","0","6000","Tape & Reel (TR)","-","Active","USB - micro AB","10","Receptacle","USB 3.2 Gen 1 (USB 3.1 Gen 1, Superspeed (USB 3.0))","Surface Mount, Right Angle","Horizontal","Solder","-","-","-40°C ~ 85°C","1","1.5A","-","Shielded","10000","https://www.digikey.be/en/products/detail/assmann-wsw-components/AUSB3-CFC-KSR/15282862"
"https://www.amphenol-icc.com/media/wysiwyg/files/documentation/datasheet/inputoutput/io_usb_micro.pdf","//mm.digikey.com/Volume0/opasdata/d220001/medias/images/640/10103593-0001LF.jpg","609-4049-2-ND,609-4049-1-ND,609-4049-6-ND","10103593-0001LF","Amphenol ICC (FCI)","Amphenol CS (FCI)","CONN RCPT USB2.0 MICRO B SMD","31.410","0.74","0","1","Tape & Reel (TR),Cut Tape (CT),Digi-Reel®","-","Active","USB - micro B","5","Receptacle","USB 2.0","Board Edge, Cutout; Surface Mount; Through Hole, Right Angle","Horizontal, Mid Mount","Solder","Solder Retention","-","-30°C ~ 80°C","1","1.8A per Contact","100VAC","Shielded","10000","https://www.digikey.be/en/products/detail/amphenol-cs-fci/10103593-0001LF/2350350"
"https://www.molex.com/pdm_docs/pk/PK-47642-001-001.pdf","//mm.digikey.com/Volume0/opasdata/d220001/medias/images/3936/0476421001.jpg","WM26410TR-ND,WM26410CT-ND,WM26410DKR-ND","0476421001","Molex","Molex","CONN RCPT USB2.0 MICRO B SMD","12.727","0.74","0","1","Tape & Reel (TR),Cut Tape (CT),Digi-Reel®","47642","Active","USB - micro B","5","Receptacle","USB 2.0","Board Edge, Cutout; Surface Mount; Through Hole, Right Angle","Horizontal, Mid Mount","Solder","-","-","-30°C ~ 85°C","1","1A, 1.8A","30VAC","Shielded","10000","https://www.digikey.be/en/products/detail/molex/0476421001/9658041"
"https://www.molex.com/pdm_docs/sd/476540001_sd.pdf","//mm.digikey.com/Volume0/opasdata/d220001/medias/images/573/0476540001.jpg","WM1397TR-ND,WM1397CT-ND,WM1397DKR-ND","0476540001","Molex","Molex","CONN RCPT MICRO USB AB 5POS SMD","3.888","0.74","0","1","Tape & Reel (TR),Cut Tape (CT),Digi-Reel®","47654","Active","USB - micro AB","5","Receptacle","-","Board Edge, Cutout; Surface Mount; Through Hole, Right Angle","Horizontal, Mid Mount","Solder","Pick and Place","-","-30°C ~ 85°C","1","1A, 1.8A","30VAC","Shielded","10000","https://www.digikey.be/en/products/detail/molex/0476540001/2350830"
"https://www.hirose.com/product/document?clcode=CL0242-0056-3-30&productname=ZX62D-B-5PA8(30)&series=ZX&documenttype=Catalog&lang=en&documentid=D31704_en","//mm.digikey.com/Volume0/opasdata/d220001/medias/images/1016/ZX62-AB-5PA%2811%29.JPG","H125279TR-ND,H125279CT-ND,H125279DKR-ND","ZX62-AB-5PA(31)","Hirose Electric Co Ltd","Hirose Electric Co Ltd","CONN RCPT USB2.0 MICRO AB SMD RA","25.121","0.75","0","1","Tape & Reel (TR),Cut Tape (CT),Digi-Reel®","ZX","Active","USB - micro AB","5","Receptacle","USB 2.0","Surface Mount, Right Angle","Bottom Mount, Horizontal","Solder","Pick and Place, Solder Retention","-","-30°C ~ 85°C","1","1A per Contact","30VAC","Shielded","10000","https://www.digikey.be/en/products/detail/hirose-electric-co-ltd/ZX62-AB-5PA-31/5983064"
"https://cdn.amphenol-cs.com/media/wysiwyg/files/documentation/datasheet/inputoutput/io_usb_micro.pdf","//mm.digikey.com/Volume0/opasdata/d220001/medias/images/381/10104111-0001LF.jpg","609-4053-2-ND,609-4053-1-ND,609-4053-6-ND","10104111-0001LF","Amphenol ICC (FCI)","Amphenol CS (FCI)","CONN RCPT USB2.0 MICRO AB SMD RA","18.025","0.75","0","1","Tape & Reel (TR),Cut Tape (CT),Digi-Reel®","-","Active","USB - micro AB","5","Receptacle","USB 2.0","Surface Mount, Right Angle","Horizontal","Solder","Solder Retention","-","-30°C ~ 80°C","1","1.8A per Contact","100VAC","Shielded","10000","https://www.digikey.be/en/products/detail/amphenol-cs-fci/10104111-0001LF/2350354"
"https://www.hirose.com/product/download/?distributor=digikey&type=specSheet&lang=en&num=ZX62-B-5PA(33)","//mm.digikey.com/Volume0/opasdata/d220001/medias/images/1177/ZX62-B-5PA%2811%29.JPG","H125270TR-ND,H125270CT-ND,H125270DKR-ND","ZX62-B-5PA(33)","Hirose Electric Co Ltd","Hirose Electric Co Ltd","CONN RCPT USB2.0 MICRO B SMD R/A","11.275","0.75","0","1","Tape & Reel (TR),Cut Tape (CT),Digi-Reel®","ZX","Active","USB - micro B","5","Receptacle","USB 2.0","Surface Mount, Right Angle","Bottom Mount, Horizontal","Solder","Pick and Place, Solder Retention","-","-30°C ~ 85°C","1","1A per Contact","30VAC","Shielded","10000","https://www.digikey.be/en/products/detail/hirose-electric-co-ltd/ZX62-B-5PA-33/5994736"
"https://cdn.amphenol-cs.com/media/wysiwyg/files/documentation/datasheet/inputoutput/io_usb_micro.pdf","//mm.digikey.com/Volume0/opasdata/d220001/medias/images/413/10104110-0001LF.JPG","609-4052-2-ND,609-4052-1-ND,609-4052-6-ND","10104110-0001LF","Amphenol ICC (FCI)","Amphenol CS (FCI)","CONN RCPT USB2.0 MICRO B SMD R/A","6.747","0.75","0","1","Tape & Reel (TR),Cut Tape (CT),Digi-Reel®","-","Active","USB - micro B","5","Receptacle","USB 2.0","Surface Mount, Right Angle","Horizontal","Solder","Solder Retention","-","-30°C ~ 80°C","1","1.8A per Contact","100VAC","Shielded","10000","https://www.digikey.be/en/products/detail/amphenol-cs-fci/10104110-0001LF/2350353"
"https://www.switchcraft.com/assets/1/6/PCMB20AUETR_CD.pdf","//mm.digikey.com/Volume0/opasdata/d220001/medias/images/5061/MFG_PCMB20AUETR.jpg","137-PCMB20AUETR-ND","PCMB20AUETR","Switchcraft Inc.","Switchcraft Inc.","MICRO USB 2.0 CONNECTOR, STRAIGH","652","0.75","0","1","Tray","-","Active","USB - micro B","5","Receptacle","USB 2.0","Through Hole","Vertical","Solder","-","-","-25°C ~ 105°C","1","1A","-","Shielded","-","https://www.digikey.be/en/products/detail/switchcraft-inc/PCMB20AUETR/17372173"
"https://gct.co/files/specs/usb3180-spec.pdf","//mm.digikey.com/Volume0/opasdata/d220001/medias/images/425/MFG_USB3180-30-C.jpg","2073-USB3180-30-CTR-ND,2073-USB3180-30-CCT-ND,2073-USB3180-30-CDKR-ND","USB3180-30-C","GCT","GCT","MICRO B SKT VERT SMT 30"" 4X1.7MM","159","0.75","0","1","Tape & Reel (TR),Cut Tape (CT),Digi-Reel®","USB3180","Active","USB - micro B","5","Receptacle","USB 2.0","Surface Mount, Through Hole","Vertical","Solder","Board Guide, Pick and Place Cap","-","-30°C ~ 85°C","1","1A, 1.8A","30VAC","Shielded","10000","https://www.digikey.be/en/products/detail/gct/USB3180-30-C/12093305"
"https://www.hirose.com/product/document?clcode=&productname=&series=ZX360&documenttype=Catalog&lang=en&documentid=D31616_en","-","ZX360D1-B-10P-ND","ZX360D1-B-10P","Hirose Electric Co Ltd","Hirose Electric Co Ltd","CONN RCPT USB3.0 MICRO B SMD R/A","0","0.75174","0","2000","Tape & Reel (TR)","ZX360","Obsolete","USB - micro B","10","Receptacle","USB 3.2 Gen 1 (USB 3.1 Gen 1, Superspeed (USB 3.0))","Surface Mount, Right Angle","Horizontal","Solder","Board Guide","-","-30°C ~ 85°C","1","1.8A","30VAC","-","10000","https://www.digikey.be/en/products/detail/hirose-electric-co-ltd/ZX360D1-B-10P/5134927"
"https://www.molex.com/pdm_docs/sd/476420001_sd.pdf","//mm.digikey.com/Volume0/opasdata/d220001/medias/images/416/0476420001.jpg","WM1398TR-ND,WM1398CT-ND,WM1398DKR-ND","0476420001","Molex","Molex","CONN RCPT MICRO USB B 5POS SMD","10.079","0.76","0","1","Tape & Reel (TR),Cut Tape (CT),Digi-Reel®","47642","Active","USB - micro B","5","Receptacle","-","Board Edge, Cutout; Surface Mount, Right Angle","Horizontal, Mid Mount","Solder","Pick and Place, Solder Retention","-","-20°C ~ 85°C","1","1A, 1.8A","30VAC","Shielded","10000","https://www.digikey.be/en/products/detail/molex/0476420001/2350831"
"https://www.molex.com/pdm_docs/sd/1050170001_sd.pdf","//mm.digikey.com/Volume0/opasdata/d220001/medias/images/631/1050170001.jpg","WM1399TR-ND,WM1399CT-ND,WM1399DKR-ND","1050170001","Molex","Molex","CONN RCPT USB2.0 MICRO B SMD R/A","38.253","0.78","0","1","Tape & Reel (TR),Cut Tape (CT),Digi-Reel®","105017","Active","USB - micro B","5","Receptacle","USB 2.0","Surface Mount, Right Angle; Through Hole","Horizontal","Solder","Pick and Place, Solder Retention","-","-30°C ~ 85°C","1","1A, 1.8A","30VAC","Shielded","10000","https://www.digikey.be/en/products/detail/molex/1050170001/2350832"
"https://www.hirose.com/product/document?clcode=&productname=&series=ZX360&documenttype=Catalog&lang=en&documentid=D31616_en","//mm.digikey.com/Volume0/opasdata/d220001/medias/images/4819/ZX360D-B-10P.jpg","H11889TR-ND","ZX360D-B-10P","Hirose Electric Co Ltd","Hirose Electric Co Ltd","CONN RCPT USB3.0 MICRO B SMD R/A","0","0.78531","0","3000","Tape & Reel (TR)","ZX360","Obsolete","USB - micro B","10","Receptacle","USB 3.2 Gen 1 (USB 3.1 Gen 1, Superspeed (USB 3.0))","Surface Mount, Right Angle; Through Hole","Horizontal","Solder","-","-","-30°C ~ 85°C","1","1A per Contact","30VAC","-","10000","https://www.digikey.be/en/products/detail/hirose-electric-co-ltd/ZX360D-B-10P/2469054"
"https://www.sameskydevices.com/product/resource/uj2-mibh2-4-smt.pdf","//mm.digikey.com/Volume0/opasdata/d220001/medias/images/1041/MFG_UJ2-MIBH2-4-SMT.jpg","102-4007-2-ND,102-4007-1-ND,102-4007-6-ND","UJ2-MIBH2-4-SMT-TR","Same Sky (Formerly CUI Devices)","Same Sky (Formerly CUI Devices)","CONN RCPT USB2.0 MICRO B SMD R/A","21.267","0.79","0","1","Tape & Reel (TR),Cut Tape (CT),Digi-Reel®","UJ2","Active","USB - micro B","5","Receptacle","USB 2.0","Surface Mount, Right Angle; Through Hole","Horizontal","Solder","Solder Retention","-","-25°C ~ 85°C","1","0.5A, 1.8A","30VAC","Shielded","10000","https://www.digikey.be/en/products/detail/same-sky-formerly-cui-devices/UJ2-MIBH2-4-SMT-TR/6187922"
"https://www.molex.com/content/dam/molex/molex-dot-com/products/automated/en-us/productspecificationpdf/473/47346/PS-47346-001-001.pdf?inline","//mm.digikey.com/Volume0/opasdata/d220001/medias/images/1903/0473461001.jpg","WM11228TR-ND,WM11228CT-ND,WM11228DKR-ND","0473461001","Molex","Molex","CONN RCPT USB2.0 MICRO B SMD R/A","13.255","0.79","0","1","Tape & Reel (TR),Cut Tape (CT),Digi-Reel®","47346","Active","USB - micro B","5","Receptacle","USB 2.0","Surface Mount, Right Angle","Horizontal","Solder","Pick and Place, Solder Retention","-","-30°C ~ 85°C","1","1A, 1.8A","30VAC","Shielded","10000","https://www.digikey.be/en/products/detail/molex/0473461001/4693257"
"https://www.molex.com/en-us/products/part-detail/1051640001?display=pdf","//mm.digikey.com/Volume0/opasdata/d220001/medias/images/992/1051640001.JPG","WM11263TR-ND,WM11263CT-ND,WM11263DKR-ND","1051640001","Molex","Molex","CONN RCPT USB2.0 MICRO B SMD R/A","13.252","0.79","0","1","Tape & Reel (TR),Cut Tape (CT),Digi-Reel®","105164","Active","USB - micro B","5","Receptacle","USB 2.0","Surface Mount, Right Angle; Through Hole","Horizontal","Solder","Pick and Place","-","-35°C ~ 85°C","1","1A, 1.8A","30VAC","Shielded","10000","https://www.digikey.be/en/products/detail/molex/1051640001/4555286"
"https://www.switchcraft.com/assets/1/6/RAHMB20AUETR_CD.pdf","//mm.digikey.com/Volume0/opasdata/d220001/medias/images/5043/MFG_RAHMB20AUETR.jpg","137-RAHMB20AUETR-ND,137-RAHMB20AUETRCT-ND,137-RAHMB20AUETRDKR-ND","RAHMB20AUETR","Switchcraft Inc.","Switchcraft Inc.","MICRO USB 2.0 CONNECTOR, RIGHT A","1.358","0.79","0","1","Tape & Reel (TR),Cut Tape (CT),Digi-Reel®","-","Active","USB - micro B","5","Receptacle","USB 2.0","Surface Mount, Right Angle","Horizontal","Solder","-","-","-25°C ~ 105°C","1","1A","-","Shielded","-","https://www.digikey.be/en/products/detail/switchcraft-inc/RAHMB20AUETR/17372286"
"//mm.digikey.com/Volume0/opasdata/d220001/medias/docus/1094/ZX_Series.pdf","//mm.digikey.com/Volume0/opasdata/d220001/medias/images/2950/ZX62MD1-B-5P%2801%29.JPG","H124530TR-ND","ZX62MD1-B-5P(01)","Hirose Electric Co Ltd","Hirose Electric Co Ltd","CONN RCPT USB2.0 MICRO B SMD","0","0.80103","0","2000","Tape & Reel (TR)","ZX","Obsolete","USB - micro B","5","Receptacle","USB 2.0","Board Edge, Cutout; Surface Mount; Through Hole, Right Angle","Horizontal, Mid Mount","Solder","-","-","-30°C ~ 85°C","1","1.8A","30VAC","Shielded","10000","https://www.digikey.be/en/products/detail/hirose-electric-co-ltd/ZX62MD1-B-5P-01/5134939"
"//mm.digikey.com/Volume0/opasdata/d220001/medias/docus/1014/1826_Web.pdf","//mm.digikey.com/Volume0/opasdata/d220001/medias/images/2134/1826.jpg","1528-1395-ND","1826","Adafruit Industries LLC","Adafruit Industries LLC","CONN PLUG MICRO USB B 5POS SLDR","660","0.81","0","1","Bulk","-","Active","USB - micro B","5","Plug","-","Free Hanging (In-Line)","-","Solder","-","-","-","1","-","-","-","-","https://www.digikey.be/en/products/detail/adafruit-industries-llc/1826/5629443"
"//mm.digikey.com/Volume0/opasdata/d220001/medias/docus/1118/1829_Web.pdf","//mm.digikey.com/Volume0/opasdata/d220001/medias/images/4847/MFG_1528_1829.jpg","1528-1408-ND","1829","Adafruit Industries LLC","Adafruit Industries LLC","CONN RCPT MICRO USB B 5POS SLDR","0","0.81","0","1","Bulk","-","Active","USB - micro B","5","Receptacle","-","Free Hanging (In-Line)","-","Solder","-","-","-","1","-","-","-","-","https://www.digikey.be/en/products/detail/adafruit-industries-llc/1829/5638305"
"//mm.digikey.com/Volume0/opasdata/d220001/medias/docus/735/1390_Web.pdf","//mm.digikey.com/Volume0/opasdata/d220001/medias/images/846/MFG_1390.jpg","1528-1182-ND","1390","Adafruit Industries LLC","Adafruit Industries LLC","CONN PLUG MICRO USB B 5POS SLDR","0","0.81","0","1","Bulk","-","Obsolete","USB - micro B","5","Plug","-","Free Hanging (In-Line)","-","Solder","-","-","-","1","-","-","-","-","https://www.digikey.be/en/products/detail/adafruit-industries-llc/1390/5353642"
"//mm.digikey.com/Volume0/opasdata/d220001/medias/docus/837/AXJ5.pdf","-","AXJ53314G-ND","AXJ53314G","Panasonic Electric Works","Panasonic Industry","CONN RCP MICRO USB B 5POS SMD RA","0","0.8172","0","2500","Tape & Reel (TR)","AXJ5","Active","USB - micro B","5","Receptacle","-","Surface Mount, Right Angle; Through Hole","Horizontal","Solder","Solder Retention","-","-55°C ~ 85°C","1","0.5A, 1A, 1.8A","30VAC/DC","Unshielded","10000","https://www.digikey.be/en/products/detail/panasonic-industry/AXJ53314G/1980874"
"//mm.digikey.com/Volume0/opasdata/d220001/medias/docus/4277/CNC_Soldering_Profile.pdf","//mm.digikey.com/Volume0/opasdata/d220001/medias/images/3133/1002-005-12100-1-TR.jpg","1175-1002-005-12100-1-TR-ND,1175-1002-005-12100-1-CT-ND,1175-1002-005-12100-1-DKR-ND","1002-005-12100-1-TR","CNC Tech","CNC Tech","USB 2.0 MICRO B SOCKET SMD G/F","2.085","0.82","0","1","Tape & Reel (TR),Cut Tape (CT),Digi-Reel®","-","Active","USB - micro B","5","Receptacle","USB 2.0","Surface Mount, Right Angle","Horizontal","Solder","Solder Retention","-","-40°C ~ 105°C","1","1A","30VAC/DC","Unshielded","-","https://www.digikey.be/en/products/detail/cnc-tech/1002-005-12100-1-TR/12142545"
"https://www.jae.com/direct/topics/topics_file_download/topics_id=64360&ext_no=08&_lang=en","//mm.digikey.com/Volume0/opasdata/d220001/medias/images/388/DX4R005J91R1500.jpg","670-2182-2-ND","DX4R005J91R1500","JAE Electronics","JAE Electronics","CONN RCPT USB2.0 MICRO B SMD R/A","0","0.82642","0","1500","Tape & Reel (TR)","DX4","Obsolete","USB - micro B","5","Receptacle","USB 2.0","Surface Mount, Right Angle; Through Hole","Horizontal","Solder","Solder Retention","-","-30°C ~ 80°C","1","0.5A, 1.8A","30V","Unshielded","10000","https://www.digikey.be/en/products/detail/jae-electronics/DX4R005J91R1500/2044089"
"//mm.digikey.com/Volume0/opasdata/d220001/medias/docus/6379/JST.Suffix.Prefix.chart.06.01.23%20%283%29.pdf","//mm.digikey.com/Volume0/opasdata/d220001/medias/images/527/UB-MC5BR3-SD204-4S-1-TB-NMP.JPG","455-2880-2-ND,455-2880-1-ND,455-2880-6-ND","UB-MC5BR3-SD204-4S-1-TB NMP","JST Sales America Inc.","JST Sales America Inc.","CONN RCP MICRO USB B 5POS SMD RA","6.283","0.83","0","1","Tape & Reel (TR),Cut Tape (CT),Digi-Reel®","UB","Active","USB - micro B","5","Receptacle","-","Surface Mount, Right Angle","Horizontal","Solder","Solder Retention","-","-30°C ~ 85°C","1","0.5A, 1A, 1.8A","30VAC/DC","Unshielded","10000","https://www.digikey.be/en/products/detail/jst-sales-america-inc/UB-MC5BR3-SD204-4S-1-TB-NMP/4036468"
"https://www.hirose.com/product/download/?distributor=digikey&type=specSheet&lang=en&num=ZX62D-AB-5P8(30)","//mm.digikey.com/Volume0/opasdata/d220001/medias/images/1/ZX62D-AB-5P8.jpg","H125271TR-ND,H125271CT-ND,H125271DKR-ND","ZX62D-AB-5P8(30)","Hirose Electric Co Ltd","Hirose Electric Co Ltd","CONN RCPT USB2.0 MICRO AB SMD RA","3.687","0.83","0","1","Tape & Reel (TR),Cut Tape (CT),Digi-Reel®","ZX","Active","USB - micro AB","5","Receptacle","USB 2.0","Surface Mount, Right Angle; Through Hole","Bottom Mount, Horizontal","Solder","Pick and Place, Solder Retention","-","-30°C ~ 85°C","1","1A per Contact","30VAC","Shielded","10000","https://www.digikey.be/en/products/detail/hirose-electric-co-ltd/ZX62D-AB-5P8-30/5994737"
"https://www.hirose.com/product/document?clcode=CL0242-0056-3-30&productname=ZX62D-B-5PA8(30)&series=ZX&documenttype=Catalog&lang=en&documentid=D31704_en","//mm.digikey.com/Volume0/opasdata/d220001/medias/images/1009/ZX62D-B-5P8.JPG","H125272TR-ND,H125272CT-ND,H125272DKR-ND","ZX62D-B-5P8(30)","Hirose Electric Co Ltd","Hirose Electric Co Ltd","CONN RCPT USB2.0 MICRO B SMD R/A","0","0.83","0","1","Tape & Reel (TR),Cut Tape (CT),Digi-Reel®","ZX","Obsolete","USB - micro B","5","Receptacle","USB 2.0","Surface Mount, Right Angle; Through Hole","Bottom Mount, Horizontal","Solder","Pick and Place, Solder Retention","-","-30°C ~ 85°C","1","1.8A","30VAC","Shielded","10000","https://www.digikey.be/en/products/detail/hirose-electric-co-ltd/ZX62D-B-5P8-30/5994738"
"https://www.keyelco.com/userAssets/file/K75p115.pdf","//mm.digikey.com/Volume0/opasdata/d220001/medias/images/409/MFG_940TR.jpg","36-940TR-ND,36-940TRCT-ND,36-940TRDKR-ND","940TR","Keystone Electronics","Keystone Electronics","CONN RCPT USB2.0 MICRO B SMD R/A","1.500","0.83394","0","500","Tape & Reel (TR),Cut Tape (CT),Digi-Reel®","-","Active","USB - micro B","5","Receptacle","USB 2.0","Surface Mount, Right Angle","Horizontal","Solder","Board Guide, Solder Retention","-","-","1","-","30VDC","Unshielded","1500","https://www.digikey.be/en/products/detail/keystone-electronics/940TR/2746694"
"https://www.sameskydevices.com/product/resource/uj2-mibh-4-smt.pdf","//mm.digikey.com/Volume0/opasdata/d220001/medias/images/1106/MFG_UJ2-MIBH-4-SMT.jpg","102-4006-2-ND,102-4006-1-ND,102-4006-6-ND","UJ2-MIBH-4-SMT-TR","Same Sky (Formerly CUI Devices)","Same Sky (Formerly CUI Devices)","CONN RCPT USB 2.0 MICRO B SMD RA","2.282","0.84","0","1","Tape & Reel (TR),Cut Tape (CT),Digi-Reel®","UJ2","Active","USB - micro B","5","Receptacle","USB 2.0","Surface Mount, Right Angle; Through Hole","Horizontal","Solder","30µ"" Finish Thickness, Solder Retention","-","-25°C ~ 85°C","1","0.5A, 1.8A","30VAC","Shielded","10000","https://www.digikey.be/en/products/detail/same-sky-formerly-cui-devices/UJ2-MIBH-4-SMT-TR/6187921"
"https://www.jst-mfg.com/product/pdf/eng/eUB-micro-USB.pdf","//mm.digikey.com/Volume0/opasdata/d220001/medias/images/2577/UB-MC5BR3-M404-4S-TB%20NMP.JPG","455-2567-2-ND,455-2567-1-ND,455-2567-6-ND","UB-MC5BR3-M404-4S-TB NMP","JST Sales America Inc.","JST Sales America Inc.","CONN RCPT MICRO USB B 5POS SMD","12.403","0.84","0","1","Tape & Reel (TR),Cut Tape (CT),Digi-Reel®","UB","Active","USB - micro B","5","Receptacle","-","Board Cutout, Surface Mount","Horizontal, Mid Mount","Solder","Solder Retention","-","-30°C ~ 85°C","1","0.5A, 1A, 1.8A","30VAC/DC","Unshielded","10000","https://www.digikey.be/en/products/detail/jst-sales-america-inc/UB-MC5BR3-M404-4S-TB-NMP/2538125"
"https://www.hirose.com/zh/product/document?clcode=CL0242-0064-1-31&productname=ZX60-B-5SA(31)&series=ZX&documenttype=SpecSheet&lang=zh&documentid=0001148042","//mm.digikey.com/Volume0/opasdata/d220001/medias/images/19/ZX60-B-5S%2801%29.jpg","26-ZX60-B-5SA(31)TR-ND","ZX60-B-5SA(31)","Hirose Electric Co Ltd","Hirose Electric Co Ltd","INTERFACE","0","0.84066","0","1300","Tape & Reel (TR)","ZX","Active","USB - micro B","5","Plug","USB 2.0","Surface Mount, Right Angle; Through Hole","Horizontal","Solder","-","-","-30°C ~ 85°C","1","1.8A","30VAC","Shielded","10000","https://www.digikey.be/en/products/detail/hirose-electric-co-ltd/ZX60-B-5SA-31/24387935"
"//mm.digikey.com/Volume0/opasdata/d220001/medias/docus/1094/ZX_Series.pdf","-","ZX62MD1-AB-5P(01)-ND","ZX62MD1-AB-5P(01)","Hirose Electric Co Ltd","Hirose Electric Co Ltd","CONN RCP USB2.0 MICRO AB SMD","0","0.85033","0","2000","Tape & Reel (TR)","ZX","Obsolete","USB - micro AB","5","Receptacle","USB 2.0","Board Cutout, Surface Mount, Right Angle","Horizontal, Mid Mount","Solder","Board Guide","-","-","1","-","-","Shielded","-","https://www.digikey.be/en/products/detail/hirose-electric-co-ltd/ZX62MD1-AB-5P-01/5134938"
"https://www.hirose.com/product/document?clcode=CL0242-0056-3-30&productname=ZX62D-B-5PA8(30)&series=ZX&documenttype=Catalog&lang=en&documentid=D31704_en","//mm.digikey.com/Volume0/opasdata/d220001/medias/images/19/ZX62R-AB-5P.jpg","26-ZX62R-AB-5P(30)TR-ND,26-ZX62R-AB-5P(30)CT-ND,26-ZX62R-AB-5P(30)DKR-ND","ZX62R-AB-5P(30)","Hirose Electric Co Ltd","Hirose Electric Co Ltd","CONN RCPT USB2.0 MICRO AB SMD RA","258","0.86","0","1","Tape & Reel (TR),Cut Tape (CT),Digi-Reel®","ZX","Obsolete","USB - micro AB","5","Receptacle","USB 2.0","Surface Mount, Right Angle","Horizontal, Reverse Mount","Solder","Pick and Place, Solder Retention","-","-30°C ~ 85°C","1","1.8A","30VAC","Shielded","10000","https://www.digikey.be/en/products/detail/hirose-electric-co-ltd/ZX62R-AB-5P-30/5994879"
"https://www.molex.com/en-us/products/part-detail/475891001?display=pdf","//mm.digikey.com/Volume0/opasdata/d220001/medias/images/2338/0475891001.JPG","WM14335TR-ND,WM14335CT-ND,WM14335DKR-ND","0475891001","Molex","Molex","CONN RCPT MICRO USB AB 5P SMD RA","11.244","0.87","0","1","Tape & Reel (TR),Cut Tape (CT),Digi-Reel®","47589","Active","USB - micro AB","5","Receptacle","-","Surface Mount, Right Angle; Through Hole","Horizontal","Solder","Pick and Place, Solder Retention","-","-35°C ~ 85°C","1","1A, 1.8A","30VAC","Shielded","10000","https://www.digikey.be/en/products/detail/molex/0475891001/4553736"
"//mm.digikey.com/Volume0/opasdata/d220001/medias/docus/837/AXJ5.pdf","-","AXJ53312G-ND","AXJ53312G","Panasonic Electric Works","Panasonic Industry","CONN RCP MICRO USB B 5POS SMD RA","0","0.87557","0","1000","Tape & Reel (TR)","AXJ5","Active","USB - micro B","5","Receptacle","-","Surface Mount, Right Angle","Horizontal","Solder","Solder Retention","-","-55°C ~ 85°C","1","0.5A, 1A, 1.8A","30VAC/DC","Unshielded","10000","https://www.digikey.be/en/products/detail/panasonic-industry/AXJ53312G/1980873"
"https://cdn.amphenol-cs.com/media/wysiwyg/files/documentation/datasheet/inputoutput/io_micro_usb_2_gmcb05.pdf","//mm.digikey.com/Volume0/opasdata/d220001/medias/images/5552/GMCB05321121BEU.JPG","664-GMCB05321121BEUTR-ND,664-GMCB05321121BEUCT-ND,664-GMCB05321121BEUDKR-ND","GMCB05321121BEU","Amphenol ICC (Commercial Products)","Amphenol CS (Commercial Products)","MICRO USB 2.0 TYPE B RECEPTACLE","3.754","0.88","0","1","Tape & Reel (TR),Cut Tape (CT),Digi-Reel®","GMCB05","Active","USB - micro B","5","Receptacle","-","Surface Mount, Right Angle","Horizontal","Solder","-","-","-40°C ~ 85°C","1","1A, 1.8A","30VDC","Shielded","10000","https://www.digikey.be/en/products/detail/amphenol-cs-commercial-products/GMCB05321121BEU/16819078"
"https://www.molex.com/en-us/products/part-detail/473460001?display=pdf","//mm.digikey.com/Volume0/opasdata/d220001/medias/images/594/0473460001.jpg","WM17141TR-ND,WM17141CT-ND,WM17141DKR-ND","0473460001","Molex","Molex","CONN RCPT USB2.0 MICRO B SMD R/A","18.076","0.89","0","1","Tape & Reel (TR),Cut Tape (CT),Digi-Reel®","47346","Active","USB - micro B","5","Receptacle","USB 2.0","Surface Mount, Right Angle","Horizontal","Solder","Pick and Place, Solder Retention","-","-30°C ~ 85°C","1","1A, 1.8A","30VAC","Shielded","10000","https://www.digikey.be/en/products/detail/molex/0473460001/1782470"
"https://www.hirose.com/product/document?clcode=CL0242-0056-3-30&productname=ZX62D-B-5PA8(30)&series=ZX&documenttype=Catalog&lang=en&documentid=D31704_en","//mm.digikey.com/Volume0/opasdata/d220001/medias/images/4841/ZX20-B-5S-UNIT%2830%29.jpg","H125237-ND","ZX20-B-5S-UNIT(30)","Hirose Electric Co Ltd","Hirose Electric Co Ltd","CONN PLG USB2.0 MICRO B VERT","7.188","0.89","0","1","Tray","ZX","Active","USB - micro B","5","Plug","USB 2.0","Through Hole","Vertical","Solder","-","-","-30°C ~ 85°C","1","1.8A","30VAC","-","10000","https://www.digikey.be/en/products/detail/hirose-electric-co-ltd/ZX20-B-5S-UNIT-30/5994703"
"https://www.molex.com/en-us/products/part-detail/475901001?display=pdf","//mm.digikey.com/Volume0/opasdata/d220001/medias/images/2328/0475901001.JPG","WM14336TR-ND,WM14336CT-ND,WM14336DKR-ND","0475901001","Molex","Molex","CONN RCPT MICRO USB AB 5P SMD RA","29.335","0.9","0","1","Tape & Reel (TR),Cut Tape (CT),Digi-Reel®","47590","Active","USB - micro AB","5","Receptacle","-","Surface Mount, Right Angle; Through Hole","Horizontal","Solder","Pick and Place, Solder Retention","-","-35°C ~ 85°C","1","1A, 1.8A","30VAC","Shielded","10000","https://www.digikey.be/en/products/detail/molex/0475901001/4553737"
"//mm.digikey.com/Volume0/opasdata/d220001/medias/docus/410/2040343.pdf","//mm.digikey.com/Volume0/opasdata/d220001/medias/images/1231/2040343-2.JPG","A108264TR-ND","2040343-2","TE Connectivity AMP Connectors","TE Connectivity AMP Connectors","CONN RCPT USB2.0 MICRO B SMD","0","0.91021","0","6000","Tape & Reel (TR)","-","Obsolete","USB - micro B","5","Receptacle","USB 2.0","Board Cutout, Surface Mount; Through Hole","Horizontal, Mid Mount","Solder","-","-","-30°C ~ 85°C","1","0.5A, 1A, 1.8A","30V","-","10000","https://www.digikey.be/en/products/detail/te-connectivity-amp-connectors/2040343-2/4022376"
"https://www.hirose.com/product/document?clcode=CL0242-0056-3-30&productname=ZX62D-B-5PA8(30)&series=ZX&documenttype=Catalog&lang=en&documentid=D31704_en","//mm.digikey.com/Volume0/opasdata/d220001/medias/images/1/ZX62R-B-5P.jpg","H125274TR-ND,H125274CT-ND,H125274DKR-ND","ZX62R-B-5P(30)","Hirose Electric Co Ltd","Hirose Electric Co Ltd","CONN RCPT USB2.0 MICRO B SMD R/A","5.105","0.92","0","1","Tape & Reel (TR),Cut Tape (CT),Digi-Reel®","ZX","Active","USB - micro B","5","Receptacle","USB 2.0","Surface Mount, Right Angle","Horizontal, Reverse Mount","Solder","Pick and Place, Solder Retention","-","-30°C ~ 85°C","1","1.8A","30VAC","Shielded","10000","https://www.digikey.be/en/products/detail/hirose-electric-co-ltd/ZX62R-B-5P-30/5994740"
"https://www.hirose.com/product/download/?distributor=digikey&type=specSheet&lang=en&num=ZX62RD-AB-5P8(30)","//mm.digikey.com/Volume0/opasdata/d220001/medias/images/969/ZX62RD-AB-5P8.JPG","H125777TR-ND,H125777CT-ND,H125777DKR-ND","ZX62RD-AB-5P8(30)","Hirose Electric Co Ltd","Hirose Electric Co Ltd","CONN RCPT USB2.0 MICRO AB SMD RA","0","0.92","0","1","Tape & Reel (TR),Cut Tape (CT),Digi-Reel®","ZX","Active","USB - micro AB","5","Receptacle","USB 2.0","Surface Mount, Right Angle; Through Hole","Horizontal, Reverse Mount","Solder","Pick and Place, Solder Retention","-","-30°C ~ 85°C","1","1.8A","30VAC","Shielded","10000","https://www.digikey.be/en/products/detail/hirose-electric-co-ltd/ZX62RD-AB-5P8-30/5994880"
"https://datasheet.weidmueller.com/pdf/en/2762070000/scope/1/","//mm.digikey.com/Volume0/opasdata/d220001/medias/images/7135/MFG_2762070000.jpg","281-2762070000-ND","2762070000","Weidmüller","Weidmüller","USB-MIC2.0B S1V 1N1 RL BK","0","0.92653","0","2000","Box","Omnimate Data","Active","USB - micro B","5","Receptacle","USB 2.0","Surface Mount, Through Hole","Vertical","Solder","-","IP20","-30°C ~ 80°C","1","1A","48V","Shielded","10000","https://www.digikey.be/en/products/detail/weidmüller/2762070000/22137800"
"https://www.kycon.com/Pub_Eng_Draw/KMMX-BSMT35S-BTR.pdf","//mm.digikey.com/Volume0/opasdata/d220001/medias/images/427/MFG_KMMX-BSMT35S-B30TR.jpg","2092-KMMX-BSMT35S-B30TR-ND,2092-KMMX-BSMT35S-B30CT-ND,2092-KMMX-BSMT35S-B30DKR-ND","KMMX-BSMT35S-B30TR","Kycon, Inc.","Kycon, Inc.","CONN RCPT USB MICRO B SMD RA","5.057","0.93","0","1","Tape & Reel (TR),Cut Tape (CT),Digi-Reel®","KMMX","Active","USB - micro B","5","Receptacle","-","Surface Mount, Right Angle; Through Hole","Horizontal","Solder","Board Guide","-","-30°C ~ 80°C","1","1A","30VAC/DC","Shielded","10000","https://www.digikey.be/en/products/detail/kycon-inc/KMMX-BSMT35S-B30TR/9990127"
"//mm.digikey.com/Volume0/opasdata/d220001/medias/docus/1094/ZX_Series.pdf","//mm.digikey.com/Volume0/opasdata/d220001/medias/images/19/ZX60-B-5S%2801%29.jpg","H124527TR-ND","ZX60-B-5S(01)","Hirose Electric Co Ltd","Hirose Electric Co Ltd","CONN PLUG USB2.0 MICRO B SMD R/A","0","0.94339","0","1300","Tape & Reel (TR)","ZX","Obsolete","USB - micro B","5","Plug","USB 2.0","Surface Mount, Right Angle; Through Hole","Horizontal","Solder","-","-","-30°C ~ 85°C","1","1A per Contact","30VAC","Shielded","10000","https://www.digikey.be/en/products/detail/hirose-electric-co-ltd/ZX60-B-5S-01/5134932"
"https://app.adam-tech.com/resources/download/65/ecatalog-2025-1.pdf","-","2057-MCR-AB-S-VT-ND","MCR-AB-S-VT","Adam Tech","Adam Tech","CONNECTOR, MICRO USB CONNECTOR","0","0.94835","0","10000","Bulk","MCR","Active","USB - micro AB","5","Receptacle","-","Through Hole","Vertical","Solder","-","-","-20°C ~ 85°C","1","-","-","Shielded","-","https://www.digikey.be/en/products/detail/adam-tech/MCR-AB-S-VT/26686475"
"http://www.assmann-wsw.com/uploads/datasheets/AU-Y1009_3-AB-R.pdf","-","AU-Y1009/3-AB-TR-R-ND","AU-Y1009/3-AB-TR-R","Assmann WSW Components","Assmann WSW Components","CONN RCPT USB3.0 MICRO AB SMD RA","0","0.95056","0","1500","Tape & Reel (TR)","-","Obsolete","USB - micro AB","10","Receptacle","USB 3.2 Gen 1 (USB 3.1 Gen 1, Superspeed (USB 3.0))","Surface Mount, Right Angle","Horizontal","Solder","Solder Retention","-","-","1","-","-","-","-","https://www.digikey.be/en/products/detail/assmann-wsw-components/AU-Y1009-3-AB-TR-R/2699961"
"http://www.assmann-wsw.com/uploads/datasheets/AU-Y1009_3-B-R.pdf","-","AU-Y1009/3-B-TR-R-ND","AU-Y1009/3-B-TR-R","Assmann WSW Components","Assmann WSW Components","CONN RCPT USB3.0 MICRO B SMD R/A","0","0.95056","0","1500","Tape & Reel (TR)","-","Obsolete","USB - micro B","10","Receptacle","USB 3.2 Gen 1 (USB 3.1 Gen 1, Superspeed (USB 3.0))","Surface Mount, Right Angle; Through Hole","Horizontal","Solder","Solder Retention","-","-","1","-","-","-","-","https://www.digikey.be/en/products/detail/assmann-wsw-components/AU-Y1009-3-B-TR-R/2699962"
"https://www.molex.com/en-us/products/part-detail/1050170002?display=pdf","//mm.digikey.com/Volume0/opasdata/d220001/medias/images/5351/MFG_1050170002.jpg","23-1050170002TR-ND,23-1050170002CT-ND,23-1050170002DKR-ND","1050170002","Molex","Molex","CONN RCPT USB2.0 MICRO B SMD R/A","3.910","0.98","0","1","Tape & Reel (TR),Cut Tape (CT),Digi-Reel®","105017","Active","USB - micro B","5","Receptacle","USB 2.0","Surface Mount, Right Angle","Bottom Mount, Horizontal","Solder","Board Lock","-","-30°C ~ 85°C","1","1A, 1.8A","30V","Shielded","10000","https://www.digikey.be/en/products/detail/molex/1050170002/7785573"
"https://www.molex.com/pdm_docs/sd/2049261104_sd.pdf","-","2049261104-ND","2049261104","Molex","Molex","CONN WATER PROOF MICRO USB","0","0.99734","0","3500","Bulk","204926","Obsolete","USB - micro B","5","Receptacle","USB 2.0","Surface Mount, Right Angle; Through Hole","Horizontal","Solder","-","IP67 - Dust Tight, Waterproof","-30°C ~ 85°C","1","1A, 1.8A","30VAC","Shielded","10000","https://www.digikey.be/en/products/detail/molex/2049261104/9693783"
"https://www.molex.com/en-us/products/part-detail/1051330011?display=pdf","//mm.digikey.com/Volume0/opasdata/d220001/medias/images/535/1051330011.jpg","WM10134TR-ND,WM10134CT-ND,WM10134DKR-ND","1051330011","Molex","Molex","CONN RCPT USB2.0 MICRO B SMD","25.142","1.01","0","1","Tape & Reel (TR),Cut Tape (CT),Digi-Reel®","105133","Active","USB - micro B","5","Receptacle","USB 2.0","Surface Mount","Vertical","Solder","Pick and Place","-","-35°C ~ 85°C","1","1A, 1.8A","30VAC","Shielded","10000","https://www.digikey.be/en/products/detail/molex/1051330011/4356675"
"-","-","123-A-USBB-M5-SMD-TOP-ND","A-USB B-M5-SMD-TOP","Assmann WSW Components","Assmann WSW Components","USB","0","1.01864","0","3000","Bulk","-","Active","USB - micro B","5","Receptacle","-","Surface Mount, Through Hole","Flange, Vertical","Solder","-","-","-40°C ~ 85°C","1","1.5A","30VAC/DC","Shielded","1500","https://www.digikey.be/en/products/detail/assmann-wsw-components/A-USB-B-M5-SMD-TOP/25801219"
"http://www.cnctech.us/pdfs/1002-005-12100-TR.PDF","//mm.digikey.com/Volume0/opasdata/d220001/medias/images/2612/1002-005-12100-TR.jpg","1175-1002-005-12100-TR-ND,1175-1002-005-12100-CT-ND,1175-1002-005-12100-DKR-ND","1002-005-12100-TR","CNC Tech","CNC Tech","USB 2.0 MICRO B SOCKET SMD TYPE","1.830","1.02","0","1","Tape & Reel (TR),Cut Tape (CT),Digi-Reel®","-","Active","USB - micro B","5","Receptacle","USB 2.0","Surface Mount, Right Angle","Horizontal","Solder","-","-","-40°C ~ 105°C","1","1A","30VAC/DC","Unshielded","-","https://www.digikey.be/en/products/detail/cnc-tech/1002-005-12100-TR/11312482"
"https://app.adam-tech.com/resources/download/65/ecatalog-2025-1.pdf","-","2057-MCR-AB-S-VT-T/RTR-ND","MCR-AB-S-VT-T/R","Adam Tech","Adam Tech","MICRO USB ABF 1PORT STR SG BK TR","0","1.03233","0","3000","Tape & Reel (TR)","MCR","Active","USB - micro AB","5","Receptacle","-","Through Hole","Vertical","Solder","-","-","-20°C ~ 85°C","1","-","-","Shielded","-","https://www.digikey.be/en/products/detail/adam-tech/MCR-AB-S-VT-T-R/26686897"
"//mm.digikey.com/Volume0/opasdata/d220001/medias/docus/1094/ZX_Series.pdf","//mm.digikey.com/Volume0/opasdata/d220001/medias/images/4819/ZX80-B-5P.jpg","ZX80-B-5P(01)-ND","ZX80-B-5P(01)","Hirose Electric Co Ltd","Hirose Electric Co Ltd","CONN RCPT USB2.0 MICRO B SMD","0","1.03348","0","400","Tape & Reel (TR)","ZX","Obsolete","USB - micro B","5","Receptacle","USB 2.0","Surface Mount, Through Hole","Vertical","Solder","-","-","-30°C ~ 85°C","1","1.8A","30VAC","Shielded","10000","https://www.digikey.be/en/products/detail/hirose-electric-co-ltd/ZX80-B-5P-01/5134949"
"https://tensility.s3.us-west-2.amazonaws.com/uploads/pdffiles/54-00279.pdf","//mm.digikey.com/Volume0/opasdata/d220001/medias/images/4701/MFG_54-00279.jpg","839-54-00279TR-ND","54-00279","Tensility International Corp","Tensility International Corp","CONN RCPT USB2.0 MICRO B SMD RA","0","1.03541","0","1000","Tape & Reel (TR)","-","Active","USB - micro B","5","Receptacle","USB 2.0","Surface Mount, Right Angle; Through Hole","Horizontal","Solder","-","IPX6 - Waterproof","-40°C ~ 85°C","1","0.5A, 3A","30VDC","Shielded","5000","https://www.digikey.be/en/products/detail/tensility-international-corp/54-00279/15667374"
"https://www.hirose.com/product/document?clcode=CL0242-0056-3-30&productname=ZX62D-B-5PA8(30)&series=ZX&documenttype=Catalog&lang=en&documentid=D31704_en","//mm.digikey.com/Volume0/opasdata/d220001/medias/images/1/ZX40-A-5S-UNIT.jpg","H125259-ND","ZX40-A-5S-UNIT(30)","Hirose Electric Co Ltd","Hirose Electric Co Ltd","CONN PLUG USB2.0 MICRO A SLD","1.007","1.04","0","1","Tray","ZX","Active","USB - micro A","5","Plug","USB 2.0","Free Hanging (In-Line)","-","Solder","-","-","-30°C ~ 85°C","1","1A per Contact","30VAC","Shielded","10000","https://www.digikey.be/en/products/detail/hirose-electric-co-ltd/ZX40-A-5S-UNIT-30/5994725"
"https://www.molex.com/en-us/products/part-detail/1051330001?display=pdf","//mm.digikey.com/Volume0/opasdata/d220001/medias/images/527/1051330001.JPG","WM9734TR-ND,WM9734CT-ND,WM9734DKR-ND","1051330001","Molex","Molex","CONN RCPT USB2.0 MICRO B SMD","18.219","1.05","0","1","Tape & Reel (TR),Cut Tape (CT),Digi-Reel®","105133","Active","USB - micro B","5","Receptacle","USB 2.0","Surface Mount","Vertical","Solder","Pick and Place","-","-35°C ~ 85°C","1","1A, 1.8A","30VAC","Shielded","10000","https://www.digikey.be/en/products/detail/molex/1051330001/3313407"
"https://www.molex.com/pdm_docs/sd/474910001_sd.pdf","//mm.digikey.com/Volume0/opasdata/d220001/medias/images/525/0474910001.JPG","WM17142TR-ND,WM17142CT-ND,WM17142DKR-ND","0474910001","Molex","Molex","CONN RCPT MICRO USB B 5POS SMD","10.662","1.05","0","1","Tape & Reel (TR),Cut Tape (CT),Digi-Reel®","47491","Active","USB - micro B","5","Receptacle","-","Board Cutout, Surface Mount, Right Angle","Horizontal, Mid Mount","Solder","Solder Retention","-","-35°C ~ 85°C","1","1A, 1.8A","30VAC","Shielded","10000","https://www.digikey.be/en/products/detail/molex/0474910001/1782471"
"https://cdn.amphenol-cs.com/media/wysiwyg/files/documentation/datasheet/inputoutput/io_micro_usb_2_gmcb05.pdf","//mm.digikey.com/Volume0/opasdata/d220001/medias/images/5560/GMCB05B11124H1EU.jpg","664-GMCB05B11124H1EUTR-ND,664-GMCB05B11124H1EUCT-ND,664-GMCB05B11124H1EUDKR-ND","GMCB05B11124H1EU","Amphenol ICC (Commercial Products)","Amphenol CS (Commercial Products)","MICRO USB B 5POS , VERTICAL SMT","3.231","1.05","0","1","Tape & Reel (TR),Cut Tape (CT),Digi-Reel®","GMCB05","Active","USB - micro B","5","Receptacle","-","Surface Mount, Through Hole","Vertical","Solder","-","-","-40°C ~ 85°C","1","1A, 1.8A","30VDC","Shielded","10000","https://www.digikey.be/en/products/detail/amphenol-cs-commercial-products/GMCB05B11124H1EU/16819071"
"https://www.hirose.com/product/document?clcode=CL0242-0056-3-30&productname=ZX62D-B-5PA8(30)&series=ZX&documenttype=Catalog&lang=en&documentid=D31704_en","//mm.digikey.com/Volume0/opasdata/d220001/medias/images/1/ZX40-B-5S-UNIT%2812%29.jpg","H125260-ND","ZX40-B-5S-UNIT(31)","Hirose Electric Co Ltd","Hirose Electric Co Ltd","CONN PLUG USB2.0 MICRO B SLD","0","1.06","0","1","Tray","ZX","Active","USB - micro B","5","Plug","USB 2.0","Free Hanging (In-Line)","-","Solder","-","-","-30°C ~ 85°C","1","1A per Contact","30VAC","-","10000","https://www.digikey.be/en/products/detail/hirose-electric-co-ltd/ZX40-B-5S-UNIT-31/5994726"
"https://cdn.amphenol-cs.com/media/wysiwyg/files/documentation/datasheet/inputoutput/io_micro_usb_2_gmcb05.pdf","//mm.digikey.com/Volume0/opasdata/d220001/medias/images/5614/GMCB05B23124H1EU.jpg","664-GMCB05B23124H1EUTR-ND,664-GMCB05B23124H1EUCT-ND,664-GMCB05B23124H1EUDKR-ND","GMCB05B23124H1EU","Amphenol ICC (Commercial Products)","Amphenol CS (Commercial Products)","MICRO USB B SMT VT 5POS 30U"" BLA","4.734","1.07","0","1","Tape & Reel (TR),Cut Tape (CT),Digi-Reel®","GMCB05","Active","USB - micro B","5","Receptacle","-","Surface Mount, Through Hole","Vertical","Solder","-","-","-40°C ~ 85°C","1","1A, 1.8A","30VDC","Shielded","10000","https://www.digikey.be/en/products/detail/amphenol-cs-commercial-products/GMCB05B23124H1EU/16819079"
"https://www.molex.com/en-us/products/part-detail/1051330021?display=pdf","//mm.digikey.com/Volume0/opasdata/d220001/medias/images/4056/1051330021.jpg","WM20678TR-ND,WM20678CT-ND,WM20678DKR-ND","1051330021","Molex","Molex","CONN RCPT USB2.0 MICRO B SMD","10.894","1.08","0","1","Tape & Reel (TR),Cut Tape (CT),Digi-Reel®","105133","Active","USB - micro B","5","Receptacle","USB 2.0","Surface Mount","Vertical","Solder","Cover, Pick and Place","-","-35°C ~ 85°C","1","1A, 1.8A","30VAC","Shielded","10000","https://www.digikey.be/en/products/detail/molex/1051330021/10321784"
"https://www.molex.com/pdm_docs/pk/PK-105133-001.pdf","//mm.digikey.com/Volume0/opasdata/d220001/medias/images/961/1051330002.jpg","WM20677TR-ND,WM20677CT-ND,WM20677DKR-ND","1051330002","Molex","Molex","CONN RCPT USB2.0 MICRO B SMD","19.059","1.09","0","1","Tape & Reel (TR),Cut Tape (CT),Digi-Reel®","105133","Active","USB - micro B","5","Receptacle","USB 2.0","Surface Mount","Vertical","Solder","Pick and Place","-","-30°C ~ 85°C","1","1A, 1.8A","30VAC","Shielded","10000","https://www.digikey.be/en/products/detail/molex/1051330002/6823031"
"https://cdn.amphenol-cs.com/media/wysiwyg/files/documentation/datasheet/inputoutput/io_micro_usb_3_1_gsb343.pdf","//mm.digikey.com/Volume0/opasdata/d220001/medias/images/3701/GSB343T33HR.jpg","664-GSB343T33HRTR-ND,664-GSB343T33HRCT-ND,664-GSB343T33HRDKR-ND","GSB343T33HR","Amphenol ICC (Commercial Products)","Amphenol CS (Commercial Products)","USB3.0, MICRO B, RECEPTACLE,RIGH","10.182","1.09","0","1","Tape & Reel (TR),Cut Tape (CT),Digi-Reel®","-","Active","USB - micro B","10","Receptacle","USB 3.2 Gen 1 (USB 3.1 Gen 1, Superspeed (USB 3.0))","Surface Mount, Right Angle; Through Hole","Horizontal","Solder","-","-","-55°C ~ 85°C","1","0.25A, 1.8A","30VAC","Shielded","-","https://www.digikey.be/en/products/detail/amphenol-cs-commercial-products/GSB343T33HR/13683077"
"https://www.we-online.com/catalog/datasheet/629105136821.pdf","//mm.digikey.com/Volume0/opasdata/d220001/medias/images/1122/629105136821.JPG","732-3155-2-ND,732-3155-1-ND,732-3155-6-ND","629105136821","Würth Elektronik","Würth Elektronik","CONN RCPT USB2.0 MICRO B SMD R/A","3.209","1.1","0","1","Tape & Reel (TR),Cut Tape (CT),Digi-Reel®","WR-COM","Active","USB - micro B","5","Receptacle","USB 2.0","Surface Mount, Right Angle","Horizontal","Solder","Board Guide, Solder Retention","-","-40°C ~ 105°C","1","1A, 1.8A","30V","Shielded","10000","https://www.digikey.be/en/products/detail/würth-elektronik/629105136821/2627271"
"https://cdn.amphenol-cs.com/media/wysiwyg/files/documentation/datasheet/inputoutput/io_micro_usb_3_1_gsb343.pdf","//mm.digikey.com/Volume0/opasdata/d220001/medias/images/3757/GSB343K331HR.jpg","664-GSB343K331HRTR-ND,664-GSB343K331HRCT-ND,664-GSB343K331HRDKR-ND","GSB343K331HR","Amphenol ICC (Commercial Products)","Amphenol CS (Commercial Products)","USB3.0, MICRO B, RECEPTACLE,RIGH","5.084","1.1","0","1","Tape & Reel (TR),Cut Tape (CT),Digi-Reel®","-","Active","USB - micro B","10","Receptacle","USB 3.2 Gen 1 (USB 3.1 Gen 1, Superspeed (USB 3.0))","Surface Mount, Right Angle; Through Hole","Horizontal","Solder","-","-","-55°C ~ 85°C","1","0.25A, 1.8A","30VAC","Shielded","-","https://www.digikey.be/en/products/detail/amphenol-cs-commercial-products/GSB343K331HR/13682996"
"https://cdn.amphenol-cs.com/media/wysiwyg/files/documentation/datasheet/inputoutput/io_micro_usb_2_gmcb05.pdf","//mm.digikey.com/Volume0/opasdata/d220001/medias/images/5788/MFG_GMCB05B13124H1EU.jpg","664-GMCB05B13124H1EUTR-ND,664-GMCB05B13124H1EUCT-ND,664-GMCB05B13124H1EUDKR-ND","GMCB05B13124H1EU","Amphenol ICC (Commercial Products)","Amphenol CS (Commercial Products)","USB2.0, MICRO B, 5 POST, VERTICA","7.405","1.12","0","1","Tape & Reel (TR),Cut Tape (CT),Digi-Reel®","GMCB05","Active","USB - micro B","5","Receptacle","-","Surface Mount, Through Hole","Vertical","Solder","-","-","-40°C ~ 85°C","1","1A, 1.8A","30VDC","Shielded","10000","https://www.digikey.be/en/products/detail/amphenol-cs-commercial-products/GMCB05B13124H1EU/16819084"
"https://www.hirose.com/en/product/document?clcode=CL0242-0051-0-30&productname=ZX80-B-5P(30)&series=ZX&documenttype=2DDrawing&lang=en&documentid=0001147797","//mm.digikey.com/Volume0/opasdata/d220001/medias/images/4819/ZX80-B-5P.jpg","H125262-ND","ZX80-B-5P(30)","Hirose Electric Co Ltd","Hirose Electric Co Ltd","CONN RCPT USB2.0 MICRO B SMD","18.971","1.14","0","1","Tray","ZX","Active","USB - micro B","5","Receptacle","USB 2.0","Surface Mount, Through Hole","Vertical","Solder","Pick and Place","-","-30°C ~ 85°C","1","1.8A","30VAC","Shielded","10000","https://www.digikey.be/en/products/detail/hirose-electric-co-ltd/ZX80-B-5P-30/5994728"
"https://www.hirose.com/product/download/?distributor=digikey&type=specSheet&lang=en&num=ZX360D-B-10P(30)","//mm.digikey.com/Volume0/opasdata/d220001/medias/images/4819/ZX360D-B-10P.jpg","H125269TR-ND,H125269CT-ND,H125269DKR-ND","ZX360D-B-10P(30)","Hirose Electric Co Ltd","Hirose Electric Co Ltd","CONN RCPT USB3.0 MICRO B SMD R/A","3.529","1.14","0","1","Tape & Reel (TR),Cut Tape (CT),Digi-Reel®","ZX360","Active","USB - micro B","10","Receptacle","USB 3.2 Gen 1 (USB 3.1 Gen 1, Superspeed (USB 3.0))","Surface Mount, Right Angle; Through Hole","Horizontal","Solder","-","-","-30°C ~ 85°C","1","1A per Contact","30VAC","-","10000","https://www.digikey.be/en/products/detail/hirose-electric-co-ltd/ZX360D-B-10P-30/5994735"
"https://cdn.amphenol-cs.com/media/wysiwyg/files/documentation/datasheet/inputoutput/io_usb_3_1_gen2_gsb4x.pdf","//mm.digikey.com/Volume0/opasdata/d220001/medias/images/1226/GSB443T33HR.jpg","GSB443T33HRTR-ND,GSB443T33HRCT-ND,GSB443T33HRDKR-ND","GSB443T33HR","Amphenol ICC (Commercial Products)","Amphenol CS (Commercial Products)","CONN RCPT USB3.1 MICRO B SMD R/A","476","1.14","0","1","Tape & Reel (TR),Cut Tape (CT),Digi-Reel®","GSB4","Active","USB - micro B","10","Receptacle","USB 3.2 Gen 2 (USB 3.1 Gen 2, Superspeed + (USB 3.1))","Surface Mount, Right Angle; Through Hole","Horizontal","Solder","Board Guide, Pick and Place","-","-","1","-","-","Shielded","5000","https://www.digikey.be/en/products/detail/amphenol-cs-commercial-products/GSB443T33HR/4883790"
"https://www.hirose.com/product/document?clcode=CL0242-0056-3-30&productname=ZX62D-B-5PA8(30)&series=ZX&documenttype=Catalog&lang=en&documentid=D31704_en","//mm.digikey.com/Volume0/opasdata/d220001/medias/images/527/ZX62WRD-B-5PC.JPG","H12192TR-ND,H12192CT-ND,H12192DKR-ND","ZX62WRD-B-5PC","Hirose Electric Co Ltd","Hirose Electric Co Ltd","CONN RCPT USB2.0 MICRO B SMD R/A","4.551","1.16","0","1","Tape & Reel (TR),Cut Tape (CT),Digi-Reel®","ZX62W","Active","USB - micro B","5","Receptacle","USB 2.0","Surface Mount, Right Angle; Through Hole","Horizontal, Reverse Mount","Solder","-","Splash Proof","-30°C ~ 85°C","1","1.8A","30VAC","Shielded","10000","https://www.digikey.be/en/products/detail/hirose-electric-co-ltd/ZX62WRD-B-5PC/3761053"
"https://www.kycon.com/Pub_Eng_Draw/KMMVX-SMT-BS-BTR.pdf","//mm.digikey.com/Volume0/opasdata/d220001/medias/images/2704/KMMVX-SMT-BS-BTR.jpg","2092-KMMVX-SMT-BS-BTR-ND,2092-KMMVX-SMT-BS-BCT-ND,2092-KMMVX-SMT-BS-BDKR-ND","KMMVX-SMT-BS-BTR","Kycon, Inc.","Kycon, Inc.","MICRO VERTTICAL USB SMT B TYPE S","1.571","1.16","0","1","Tape & Reel (TR),Cut Tape (CT),Digi-Reel®","KMMVX-SMT","Active","USB - micro B","5","Receptacle","USB 2.0","Surface Mount","Vertical","Solder","-","-","-40°C ~ 105°C","1","1.5A","30VAC/DC","Shielded","10000","https://www.digikey.be/en/products/detail/kycon-inc/KMMVX-SMT-BS-BTR/10247093"
"https://www.kycon.com/Pub_Eng_Draw/KMMX-ABSMT5SG-30TR.pdf","//mm.digikey.com/Volume0/opasdata/d220001/medias/images/2937/KMMX-ABSMT5SG-30TR.jpg","2092-KMMX-ABSMT5SG-30TR-ND,2092-KMMX-ABSMT5SG-30CT-ND,2092-KMMX-ABSMT5SG-30DKR-ND","KMMX-ABSMT5SG-30TR","Kycon, Inc.","Kycon, Inc.","CONN RCPT USB MICRO AB SMD RA","11.215","1.16","0","1","Tape & Reel (TR),Cut Tape (CT),Digi-Reel®","KMMX","Active","USB - micro AB","5","Receptacle","-","Surface Mount, Right Angle; Through Hole","Horizontal","Solder","Board Guide","-","-30°C ~ 85°C","1","1.5A","5VAC","Shielded","10000","https://www.digikey.be/en/products/detail/kycon-inc/KMMX-ABSMT5SG-30TR/9990126"
"https://www.cuidevices.com/product/resource/uj2-mibh-4-msmt.pdf","//mm.digikey.com/Volume0/opasdata/d220001/medias/images/1802/MFG_UJ2-MIBH-4-MSMT.jpg","102-4008-2-ND,102-4008-1-ND","UJ2-MIBH-4-MSMT-TR","Same Sky (Formerly CUI Devices)","Same Sky (Formerly CUI Devices)","CONN RCPT USB2.0 MICRO B SMD","0","1.16","0","1","Tape & Reel (TR),Cut Tape (CT)","UJ2","Obsolete","USB - micro B","5","Receptacle","USB 2.0","Board Cutout, Surface Mount, Right Angle; Through Hole","Horizontal, Mid Mount","Solder","Solder Retention","-","-25°C ~ 85°C","1","0.5A, 1.8A","30VAC","Shielded","10000","https://www.digikey.be/en/products/detail/same-sky-formerly-cui-devices/UJ2-MIBH-4-MSMT-TR/6187923"
"//mm.digikey.com/Volume0/opasdata/d220001/medias/docus/696/2-2040343-2.pdf","-","1-2040343-2-ND","1-2040343-2","TE Connectivity AMP Connectors","TE Connectivity AMP Connectors","CONN RCPT USB2.0 MICRO B SMD","0","1.20991","0","6000","Tape & Reel (TR)","-","Obsolete","USB - micro B","5","Receptacle","USB 2.0","Board Cutout, Surface Mount; Through Hole","Horizontal, Mid Mount","Solder","-","-","-30°C ~ 85°C","1","0.5A, 1A, 1.8A","30V","-","10000","https://www.digikey.be/en/products/detail/te-connectivity-amp-connectors/1-2040343-2/5430841"
"https://www.kycon.com/Pub_Eng_Draw/KMMX-BSMT5SB-30TR.pdf","//mm.digikey.com/Volume0/opasdata/d220001/medias/images/2738/KMMX-BSMT5SB-30TR.jpg","2092-KMMX-BSMT5SB-30TR-ND,2092-KMMX-BSMT5SB-30CT-ND,2092-KMMX-BSMT5SB-30DKR-ND","KMMX-BSMT5SB-30TR","Kycon, Inc.","Kycon, Inc.","CONN RCPT USB MICRO B SMD RA","4.006","1.21","0","1","Tape & Reel (TR),Cut Tape (CT),Digi-Reel®","KMMX","Active","USB - micro B","5","Receptacle","-","Surface Mount, Right Angle; Through Hole","Horizontal","Solder","Board Guide","-","-30°C ~ 85°C","1","1.5A","5VAC","Shielded","10000","https://www.digikey.be/en/products/detail/kycon-inc/KMMX-BSMT5SB-30TR/9975998"
"https://gct.co/files/specs/usb3505-spec.pdf","//mm.digikey.com/Volume0/opasdata/d220001/medias/images/423/MFG_USB3505-30-A.jpg","2073-USB3505-30-ATR-ND","USB3505-30-A","GCT","GCT","CONN RCPT USB2.0 MICRO B SMD R/A","0","1.21975","0","1000","Tape & Reel (TR)","USB3505","Active","USB - micro B","5","Receptacle","USB 2.0","Board Edge, Cutout; Surface Mount; Through Hole, Right Angle","Horizontal","Solder","Board Guide","IP67 - Dust Tight, Waterproof","-30°C ~ 85°C","1","1A, 1.8A","30VAC","Shielded","10000","https://www.digikey.be/en/products/detail/gct/USB3505-30-A/11562638"
"https://www.molex.com/en-us/products/part-detail/1051330031?display=pdf","//mm.digikey.com/Volume0/opasdata/d220001/medias/images/3954/1051330031.jpg","900-1051330031TR-ND,900-1051330031CT-ND","1051330031","Molex","Molex","CONN RCPT USB2.0 MICRO B SMD","5.640","1.24","0","1","Tape & Reel (TR),Cut Tape (CT)","105133","Active","USB - micro B","5","Receptacle","USB 2.0","Surface Mount","Vertical","Solder","Pick and Place","-","-30°C ~ 85°C","1","1A, 1.8A","30VAC","Shielded","10000","https://www.digikey.be/en/products/detail/molex/1051330031/9352384"
"https://cdn.amphenol-cs.com/media/wysiwyg/files/documentation/datasheet/inputoutput/io_usb_3_1_gen2_gsb4x.pdf","//mm.digikey.com/Volume0/opasdata/d220001/medias/images/887/GSB443133HR.JPG","GSB443133HRTR-ND,GSB443133HRCT-ND,GSB443133HRDKR-ND","GSB443133HR","Amphenol ICC (Commercial Products)","Amphenol CS (Commercial Products)","CONN RCPT USB3.1 MICRO B SMD R/A","1.949","1.26","0","1","Tape & Reel (TR),Cut Tape (CT),Digi-Reel®","GSB4","Active","USB - micro B","10","Receptacle","USB 3.2 Gen 2 (USB 3.1 Gen 2, Superspeed + (USB 3.1))","Surface Mount, Right Angle","Horizontal","Solder","Solder Retention","-","-","1","-","-","Shielded","5000","https://www.digikey.be/en/products/detail/amphenol-cs-commercial-products/GSB443133HR/4883789"
"https://www.hirose.com/product/download/?distributor=digikey&type=specSheet&lang=en&num=ZX360-B-10S-UNIT(30)","//mm.digikey.com/Volume0/opasdata/d220001/medias/images/4819/ZX360-B-10S-UNIT%2830%29.jpg","H125238-ND","ZX360-B-10S-UNIT(30)","Hirose Electric Co Ltd","Hirose Electric Co Ltd","CONN PLUG USB3.0 MICRO B SMD R/A","932","1.3","0","1","Tray","ZX360","Active","USB - micro B","10","Plug","USB 3.2 Gen 1 (USB 3.1 Gen 1, Superspeed (USB 3.0))","Surface Mount, Right Angle","Horizontal","Solder","-","-","-30°C ~ 85°C","1","1.8A","30VAC","Unshielded","10000","https://www.digikey.be/en/products/detail/hirose-electric-co-ltd/ZX360-B-10S-UNIT-30/5994704"
"https://cdn.amphenol-cs.com/media/wysiwyg/files/documentation/datasheet/inputoutput/io_micro_usb_2_gmcb05.pdf","//mm.digikey.com/Volume0/opasdata/d220001/medias/images/5547/GMCB05321123H1HR.jpg","664-GMCB05321123H1HRTR-ND,664-GMCB05321123H1HRCT-ND,664-GMCB05321123H1HRDKR-ND","GMCB05321123H1HR","Amphenol ICC (Commercial Products)","Amphenol CS (Commercial Products)","MICRO USB B 5POS RIGHT ANGLE SMT","8.636","1.33","0","1","Tape & Reel (TR),Cut Tape (CT),Digi-Reel®","GMCB05","Active","USB - micro B","5","Receptacle","-","Surface Mount, Right Angle; Through Hole","Horizontal","Solder","-","-","-40°C ~ 85°C","1","1A, 1.8A","30VDC","Shielded","10000","https://www.digikey.be/en/products/detail/amphenol-cs-commercial-products/GMCB05321123H1HR/16819073"
"https://www.hirose.com/product/document?clcode=CL0242-0056-3-30&productname=ZX62D-B-5PA8(30)&series=ZX&documenttype=Catalog&lang=en&documentid=D31704_en","//mm.digikey.com/Volume0/opasdata/d220001/medias/images/19/ZX60-B-5S%2801%29.jpg","26-ZX60-B-5S(31)TR-ND,26-ZX60-B-5S(31)CT-ND,26-ZX60-B-5S(31)DKR-ND","ZX60-B-5S(31)","Hirose Electric Co Ltd","Hirose Electric Co Ltd","CONN PLUG USB2.0 MICRO B SMD R/A","2.846","1.33","0","1","Tape & Reel (TR),Cut Tape (CT),Digi-Reel®","ZX","Active","USB - micro B","5","Plug","USB 2.0","Surface Mount, Right Angle; Through Hole","Horizontal","Solder","-","-","-30°C ~ 85°C","1","1.8A","30VAC","Shielded","10000","https://www.digikey.be/en/products/detail/hirose-electric-co-ltd/ZX60-B-5S-31/5994875"
"https://www.hirose.com/product/download/?distributor=digikey&type=specSheet&lang=en&num=ZX80-B-5SA(30)","//mm.digikey.com/Volume0/opasdata/d220001/medias/images/19/ZX80-B-5S%28xx%29.jpg","H125243-ND","ZX80-B-5SA(30)","Hirose Electric Co Ltd","Hirose Electric Co Ltd","CONN PLUG USB2.0 MICRO B SMD","16.459","1.36","0","1","Tray","ZX","Active","USB - micro B","5","Plug","USB 2.0","Surface Mount, Through Hole","Flange, Vertical","Solder","-","-","-30°C ~ 85°C","1","1.8A","30VAC","Shielded","10000","https://www.digikey.be/en/products/detail/hirose-electric-co-ltd/ZX80-B-5SA-30/5994709"
"//mm.digikey.com/Volume0/opasdata/d220001/medias/docus/6155/PdfFile_130600.pdf","//mm.digikey.com/Volume0/opasdata/d220001/medias/images/5552/ZX80-B-5P%2831%29.JPG","26-ZX80-B-5P(31)TR-ND,26-ZX80-B-5P(31)CT-ND,26-ZX80-B-5P(31)DKR-ND","ZX80-B-5P(31)","Hirose Electric Co Ltd","Hirose Electric Co Ltd","CONN RCPT USB2.0 MICRO B SMD","0","1.37","0","1","Tape & Reel (TR),Cut Tape (CT),Digi-Reel®","ZX","Active","USB - micro B","5","Receptacle","USB 2.0","Surface Mount, Through Hole","Vertical","Solder","-","-","-30°C ~ 85°C","1","1.8A","30VAC","Shielded","10000","https://www.digikey.be/en/products/detail/hirose-electric-co-ltd/ZX80-B-5P-31/11205023"
"https://cdn.amphenol-cs.com/media/wysiwyg/files/documentation/datasheet/inputoutput/io_micro_usb_3_1_gsb343.pdf","//mm.digikey.com/Volume0/opasdata/d220001/medias/images/385/GSB343133HR.jpg","GSB343133HRTR-ND,GSB343133HRCT-ND,GSB343133HRDKR-ND","GSB343133HR","Amphenol ICC (Commercial Products)","Amphenol CS (Commercial Products)","CONN RCPT USB3.0 MICRO B SMD R/A","463","1.38","0","1","Tape & Reel (TR),Cut Tape (CT),Digi-Reel®","GSB3","Active","USB - micro B","10","Receptacle","USB 3.2 Gen 1 (USB 3.1 Gen 1, Superspeed (USB 3.0))","Surface Mount, Right Angle","Horizontal","Solder","Solder Retention","-","-20°C ~ 60°C","1","0.25A, 1.8A","30VAC","-","-","https://www.digikey.be/en/products/detail/amphenol-cs-commercial-products/GSB343133HR/2187175"
"//mm.digikey.com/Volume0/opasdata/d220001/medias/docus/1094/ZX_Series.pdf","//mm.digikey.com/Volume0/opasdata/d220001/medias/images/19/ZX80-B-5S%28xx%29.jpg","ZX80-B-5SA(01)-ND","ZX80-B-5SA(01)","Hirose Electric Co Ltd","Hirose Electric Co Ltd","CONN PLUG USB2.0 MICRO B SMD","0","1.39215","0","200","Tape & Reel (TR)","ZX","Obsolete","USB - micro B","5","Plug","USB 2.0","Surface Mount, Through Hole","Flange, Vertical","Solder","Pick and Place","-","-30°C ~ 85°C","1","1.8A","30VAC","Shielded","10000","https://www.digikey.be/en/products/detail/hirose-electric-co-ltd/ZX80-B-5SA-01/4285519"
"https://www.molex.com/en-us/products/part-detail/1050171001?display=pdf","//mm.digikey.com/Volume0/opasdata/d220001/medias/images/879/1050171001.JPG","WM11262TR-ND,WM11262CT-ND,WM11262DKR-ND","1050171001","Molex","Molex","CONN RCPT USB2.0 MICRO B SMD R/A","9.988","1.4","0","1","Tape & Reel (TR),Cut Tape (CT),Digi-Reel®","105017","Active","USB - micro B","5","Receptacle","USB 2.0","Surface Mount, Right Angle","Horizontal","Solder","Pick and Place, Solder Retention","-","-30°C ~ 85°C","1","1A, 1.8A","30VAC","Shielded","10000","https://www.digikey.be/en/products/detail/molex/1050171001/5293188"
"https://cdn.amphenol-cs.com/media/wysiwyg/files/documentation/datasheet/inputoutput/io_micro_usb_3_1_gsb343.pdf","//mm.digikey.com/Volume0/opasdata/d220001/medias/images/2453/GSB343K33HR%20.JPG","664-GSB343K33HRTR-ND,664-GSB343K33HRCT-ND,664-GSB343K33HRDKR-ND","GSB343K33HR","Amphenol ICC (Commercial Products)","Amphenol CS (Commercial Products)","CONN RCPT USB3.0 MICRO B SMD R/A","5.162","1.42","0","1","Tape & Reel (TR),Cut Tape (CT),Digi-Reel®","GSB3","Active","USB - micro B","10","Receptacle","USB 3.2 Gen 1 (USB 3.1 Gen 1, Superspeed (USB 3.0))","Surface Mount, Right Angle; Through Hole","Horizontal","Solder","Board Guide, Solder Retention","-","-20°C ~ 60°C","1","0.25A, 1.8A","30VAC","-","-","https://www.digikey.be/en/products/detail/amphenol-cs-commercial-products/GSB343K33HR/2425947"
"-","-","A118745-ND","2040099-1","TE Connectivity AMP Connectors","TE Connectivity AMP Connectors","CONN RCPT USB2.0 MICRO B SMD R/A","0","1.54182","0","6000","Bulk","-","Obsolete","USB - micro B","5","Receptacle","USB 2.0","Surface Mount, Right Angle","Horizontal","Solder","-","-","-","1","-","-","-","-","https://www.digikey.be/en/products/detail/te-connectivity-amp-connectors/2040099-1/4732432"
"https://cdn.amphenol-cs.com/media/wysiwyg/files/documentation/datasheet/inputoutput/io_micro_usb_3_1_gsb343.pdf","//mm.digikey.com/Volume0/opasdata/d220001/medias/images/3675/GSB343K33AHR.jpg","664-GSB343K33AHRTR-ND,664-GSB343K33AHRCT-ND,664-GSB343K33AHRDKR-ND","GSB343K33AHR","Amphenol ICC (Commercial Products)","Amphenol CS (Commercial Products)","USB3.0, MICRO B, RECEPTACLE,RIGH","3.262","1.55","0","1","Tape & Reel (TR),Cut Tape (CT),Digi-Reel®","-","Active","USB - micro B","10","Receptacle","USB 3.2 Gen 1 (USB 3.1 Gen 1, Superspeed (USB 3.0))","Surface Mount, Right Angle; Through Hole","Horizontal","Solder","-","-","-55°C ~ 85°C","1","0.25A, 1.8A","30VAC","Shielded","-","https://www.digikey.be/en/products/detail/amphenol-cs-commercial-products/GSB343K33AHR/13683045"
"https://www.te.com/usa-en/product-2013499-1.datasheet.pdf","//mm.digikey.com/Volume0/opasdata/d220001/medias/images/846/2013499-1.JPG","A107962TR-ND,A107962CT-ND,A107962DKR-ND","2013499-1","TE Connectivity AMP Connectors","TE Connectivity AMP Connectors","CONN RCPT USB2.0 MICRO B SMD R/A","1.124","1.56","0","1","Tape & Reel (TR),Cut Tape (CT),Digi-Reel®","-","Active","USB - micro B","5","Receptacle","USB 2.0","Surface Mount, Right Angle; Through Hole","Horizontal","Solder","Solder Retention","-","-30°C ~ 85°C","1","0.5A, 1A, 1.8A","30V","Unshielded","10000","https://www.digikey.be/en/products/detail/te-connectivity-amp-connectors/2013499-1/4021843"
"//mm.digikey.com/Volume0/opasdata/d220001/medias/docus/7161/Mill%20Max%20catalog.pdf","//mm.digikey.com/Volume0/opasdata/d220001/medias/images/413/897-10-010-40-300002.JPG","ED1128TR-ND,ED1128CT-ND,ED1128DKR-ND","897-10-010-40-300002","Mill-Max Manufacturing Corp.","Mill-Max Manufacturing Corp.","CONN RCPT USB3.0 MICRO B SMD R/A","137","1.58","0","1","Tape & Reel (TR),Cut Tape (CT),Digi-Reel®","897","Active","USB - micro B","10","Receptacle","USB 3.2 Gen 1 (USB 3.1 Gen 1, Superspeed (USB 3.0))","Surface Mount, Right Angle","Horizontal","Solder","Solder Retention","-","-","1","1.5A","30VAC","Shielded","10000","https://www.digikey.be/en/products/detail/mill-max-manufacturing-corp/897-10-010-40-300002/3821397"
"//mm.digikey.com/Volume0/opasdata/d220001/medias/docus/6155/PdfFile_130600.pdf","//mm.digikey.com/Volume0/opasdata/d220001/medias/images/5524/ZX80-B-5SA%2831%29.jpg","26-ZX80-B-5SA(31)TR-ND,26-ZX80-B-5SA(31)CT-ND,26-ZX80-B-5SA(31)DKR-ND","ZX80-B-5SA(31)","Hirose Electric Co Ltd","Hirose Electric Co Ltd","CONN PLUG USB2.0 MICRO B SMD","20.057","1.61","0","1","Tape & Reel (TR),Cut Tape (CT),Digi-Reel®","ZX","Active","USB - micro B","5","Plug","USB 2.0","Surface Mount, Through Hole","Flange, Vertical","Solder","-","-","-30°C ~ 85°C","1","1.8A","30VAC","Shielded","10000","https://www.digikey.be/en/products/detail/hirose-electric-co-ltd/ZX80-B-5SA-31/11204309"
"https://www.keyelco.com/userAssets/file/K75p115.pdf","//mm.digikey.com/Volume0/opasdata/d220001/medias/images/936/941.jpg","36-941-ND","941","Keystone Electronics","Keystone Electronics","CONN PLUG USB2.0 MICRO USB B SLD","7.280","1.63","0","1","Bulk","-","Active","USB - micro B","5","Plug","USB 2.0","Free Hanging (In-Line)","-","Solder","-","-","-30°C ~ 85°C","1","1.5A","30VAC","Unshielded","1500","https://www.digikey.be/en/products/detail/keystone-electronics/941/2745653"
"https://www.hirose.com/product/download/?distributor=digikey&type=specSheet&lang=en&num=ZX80-B-5S(30)","//mm.digikey.com/Volume0/opasdata/d220001/medias/images/19/ZX80-B-5S%28xx%29.jpg","H125281-ND","ZX80-B-5S(30)","Hirose Electric Co Ltd","Hirose Electric Co Ltd","CONN PLUG USB2.0 MICRO B SMD","6.725","1.64","0","1","Bag","ZX","Active","USB - micro B","5","Plug","USB 2.0","Surface Mount, Through Hole","Flange, Vertical","Solder","-","-","-30°C ~ 85°C","1","1.8A","30VAC","Shielded","10000","https://www.digikey.be/en/products/detail/hirose-electric-co-ltd/ZX80-B-5S-30/5973306"
"https://tools.molex.com/pdm_docs/ps/PS-105296-001.pdf","//mm.digikey.com/Volume0/opasdata/d220001/medias/images/904/105443-1101.jpg","WM11894TR-ND","1054431101","Molex","Molex","CONN RCPT USB2.0 MICRO B SMD R/A","0","1.66976","0","3500","Tape & Reel (TR)","105443","Obsolete","USB - micro B","5","Receptacle","USB 2.0","Surface Mount, Right Angle; Through Hole","Horizontal","Solder","Pick and Place","IP67 - Dust Tight, Waterproof","-35°C ~ 85°C","1","1A, 1.8A","30VAC","Shielded","10000","https://www.digikey.be/en/products/detail/molex/1054431101/5291167"
"//mm.digikey.com/Volume0/opasdata/d220001/medias/docus/7139/2092_KMMX30.pdf","//mm.digikey.com/Volume0/opasdata/d220001/medias/images/822/KMMX-AB10-SMT1SB30TR.jpg","2092-KMMX-AB10-SMT1SB30TR-ND,2092-KMMX-AB10-SMT1SB30CT-ND,2092-KMMX-AB10-SMT1SB30DKR-ND","KMMX-AB10-SMT1SB30TR","Kycon, Inc.","Kycon, Inc.","CONN RCPT USB3.0 MICRO AB SMD RA","7.304","1.67","0","1","Tape & Reel (TR),Cut Tape (CT),Digi-Reel®","KMMX","Active","USB - micro AB","10","Receptacle","USB 3.2 Gen 1 (USB 3.1 Gen 1, Superspeed (USB 3.0))","Surface Mount, Right Angle; Through Hole","Horizontal","Solder","Board Guide","-","-40°C ~ 85°C","1","0.25A, 1.8A","-","Shielded","10000","https://www.digikey.be/en/products/detail/kycon-inc/KMMX-AB10-SMT1SB30TR/9990130"
"//mm.digikey.com/Volume0/opasdata/d220001/medias/docus/607/ZX62W_Series_Handling_Instr.pdf","//mm.digikey.com/Volume0/opasdata/d220001/medias/images/527/ZX62WD1-B-5PC.JPG","H12193TR-ND,5494-ZX62WD1-B-5PCTR-ND,H12193CT-ND,H12193DKR-ND","ZX62WD1-B-5PC","Hirose Electric Co Ltd","Hirose Electric Co Ltd","CONN RCPT USB2.0 MICRO B SMD R/A","27.808","1.71","0","1","Tape & Reel (TR),Tape & Reel (TR),Cut Tape (CT),Digi-Reel®","ZX62W","Active","USB - micro B","5","Receptacle","USB 2.0","Surface Mount, Right Angle","Bottom Mount, Horizontal","Solder","Board Lock","Splash Proof","-30°C ~ 85°C","1","1.8A","30VAC","Shielded","10000","https://www.digikey.be/en/products/detail/hirose-electric-co-ltd/ZX62WD1-B-5PC/3761054"
"https://www.sameskydevices.com/product/resource/uj3-miabh-1-smt.pdf","//mm.digikey.com/Volume0/opasdata/d220001/medias/images/2548/MFG_UJ3-MIABH-1-SMT.jpg","102-4005-2-ND,102-4005-1-ND,102-4005-6-ND,2266-UJ3-MIABH-1-SMT-TR-ND","UJ3-MIABH-1-SMT-TR","Same Sky (Formerly CUI Devices)","Same Sky (Formerly CUI Devices),WEC","CONN RCPT USB3.0 MICRO AB SMD RA","0","1.73","0","1","Tape & Reel (TR),Cut Tape (CT),Digi-Reel®,Retail Package","UJ3","Active","USB - micro AB","10","Receptacle","USB 3.2 Gen 1 (USB 3.1 Gen 1, Superspeed (USB 3.0))","Surface Mount, Right Angle","Horizontal","Solder","Solder Retention","-","-55°C ~ 85°C","1","1.8A","30VAC","Shielded","10000","https://www.digikey.be/en/products/detail/same-sky-formerly-cui-devices/UJ3-MIABH-1-SMT-TR/6187920"
"https://cdn.amphenol-cs.com/media/wysiwyg/files/documentation/datasheet/inputoutput/io_waterproof_micro_usb_2_0.pdf","//mm.digikey.com/Volume0/opasdata/d220001/medias/images/314/MFG_GMCBA058211230HHR.jpg","GMCBA058211230HHRTR-ND,GMCBA058211230HHRCT-ND,GMCBA058211230HHRDKR-ND","GMCBA058211230HHR","Amphenol ICC (Commercial Products)","Amphenol CS (Commercial Products)","SPLASH WATERPROOF MICROUSB B TYP","564","1.74","0","1","Tape & Reel (TR),Cut Tape (CT),Digi-Reel®","-","Obsolete","USB - micro B","5","Receptacle","-","Surface Mount, Right Angle","Horizontal","Solder","Solder Retention","IPX4 - Waterproof","-","1","-","-","-","-","https://www.digikey.be/en/products/detail/amphenol-cs-commercial-products/GMCBA058211230HHR/9825360"
"https://www.jae.com/direct/topics/topics_file_download/topics_id=64360&ext_no=08&_lang=en","//mm.digikey.com/Volume0/opasdata/d220001/medias/images/897/DX4RNW5HJ3R1000.jpg","670-2792-2-ND,670-2792-1-ND,670-2792-6-ND","DX4RNW5HJ3R1000","JAE Electronics","JAE Electronics","CONN RCPT USB2.0 MICRO B SMD R/A","0","1.76","0","1","Tape & Reel (TR),Cut Tape (CT),Digi-Reel®","DX4","Obsolete","USB - micro B","5","Receptacle","USB 2.0","Surface Mount, Right Angle","Bottom Entry, Reverse Mount","Solder","Potted, Solder Retention","IPX7 - Waterproof","-40°C ~ 85°C","1","0.5A, 1.8A","30V","Shielded","-","https://www.digikey.be/en/products/detail/jae-electronics/DX4RNW5HJ3R1000/5181963"
"https://www.we-online.com/catalog/datasheet/614105150721.pdf","//mm.digikey.com/Volume0/opasdata/d220001/medias/images/2527/614105150721.JPG","732-614105150721TR-ND,732-614105150721CT-ND","614105150721","Würth Elektronik","Würth Elektronik","CONN RCPT USB2.0 MICRO B VERT","21.522","1.79","0","1","Tape & Reel (TR),Cut Tape (CT)","WR-COM","Active","USB - micro B","5","Receptacle","USB 2.0","Through Hole","Vertical","Solder","-","-","-40°C ~ 85°C","1","1A, 1.8A","30VAC","Shielded","10000","https://www.digikey.be/en/products/detail/würth-elektronik/614105150721/5047749"
"https://www.we-online.com/catalog/datasheet/629105150921.pdf","//mm.digikey.com/Volume0/opasdata/d220001/medias/images/2544/629105150921.jpg","732-5961-2-ND,732-5961-1-ND,732-5961-6-ND","629105150921","Würth Elektronik","Würth Elektronik","CONN RCPT USB2.0 MICRO AB SMD RA","5.479","1.79","0","1","Tape & Reel (TR),Cut Tape (CT),Digi-Reel®","WR-COM","Active","USB - micro AB","5","Receptacle","USB 2.0","Surface Mount, Right Angle; Through Hole","Horizontal","Solder","Board Guide","-","-40°C ~ 85°C","1","1A, 1.8A","30VAC","Shielded","10000","https://www.digikey.be/en/products/detail/würth-elektronik/629105150921/5047752"
"https://www.we-online.com/catalog/datasheet/614105150621.pdf","//mm.digikey.com/Volume0/opasdata/d220001/medias/images/2091/614105150621.JPG","732-614105150621TR-ND,732-614105150621CT-ND","614105150621","Würth Elektronik","Würth Elektronik","CONN RCPT USB2.0 MICRO AB VERT","2.671","1.79","0","1","Tape & Reel (TR),Cut Tape (CT)","WR-COM","Active","USB - micro AB","5","Receptacle","USB 2.0","Through Hole","Vertical","Solder","-","-","-40°C ~ 85°C","1","1A, 1.8A","30VAC","Shielded","10000","https://www.digikey.be/en/products/detail/würth-elektronik/614105150621/5047748"
"https://www.amphenolltw.com/upload/prod_files/USB/2D/MUC-20PFFR-JSXX02.pdf","//mm.digikey.com/Volume0/opasdata/d220001/medias/images/575/MFG_MUC-20PFFR-JS8B02.jpg","MUC-20PFFR-JS8B02-ND","MUC-20PFFR-JS8B02","Amphenol LTW","Amphenol LTW","CONN RCPT USB2.0 MICRO AB SMD RA","0","1.81178","0","5000","Tape & Reel (TR)","SWIFT","Active","USB - micro AB","5","Receptacle","USB 2.0","Surface Mount, Right Angle","Horizontal","Solder","Board Lock","IP68 - Dust Tight, Waterproof","-30°C ~ 85°C","1","1A, 1.8A","-","-","10000","https://www.digikey.be/en/products/detail/amphenol-ltw/MUC-20PFFR-JS8B02/7619248"
"http://files.edac.net/edac/content/1/690-010-295-484.pdf","//mm.digikey.com/Volume0/opasdata/d220001/medias/images/382/690-010-295-484.jpg","151-1130-2-ND,151-1130-1-ND,151-1130-6-ND","690-010-295-484","EDAC Inc.","EDAC Inc.","CONN RCPT USB3.0 MICRO B SMD R/A","0","1.82","0","1","Tape & Reel (TR),Cut Tape (CT),Digi-Reel®","690","Active","USB - micro B","10","Receptacle","USB 3.2 Gen 1 (USB 3.1 Gen 1, Superspeed (USB 3.0))","Surface Mount, Right Angle","Horizontal","Solder","Solder Retention","-","-20°C ~ 85°C","1","0.25A","-","Unshielded","1500","https://www.digikey.be/en/products/detail/edac-inc/690-010-295-484/2444973"
"https://www.te.com/usa-en/product-1981584-1.datasheet.pdf","//mm.digikey.com/Volume0/opasdata/d220001/medias/images/603/1981584-1.JPG","A97799TR-ND,A97799CT-ND,A97799DKR-ND","1981584-1","TE Connectivity AMP Connectors","TE Connectivity AMP Connectors","CONN RCPT USB2.0 MICRO AB SMD RA","7.058","1.85","0","1","Tape & Reel (TR),Cut Tape (CT),Digi-Reel®","-","Active","USB - micro AB","5","Receptacle","USB 2.0","Surface Mount, Right Angle","Horizontal","Solder","Solder Retention","-","-30°C ~ 85°C","1","0.5A, 1A, 1.8A","30V","Unshielded","10000","https://www.digikey.be/en/products/detail/te-connectivity-amp-connectors/1981584-1/1786247"
"https://www.te.com/usa-en/product-1981568-1.datasheet.pdf","//mm.digikey.com/Volume0/opasdata/d220001/medias/images/403/1981568-1.JPG","A97800TR-ND,A97800CT-ND,A97800DKR-ND","1981568-1","TE Connectivity AMP Connectors","TE Connectivity AMP Connectors","CONN RCPT USB2.0 MICRO B SMD R/A","5.837","1.85","0","1","Tape & Reel (TR),Cut Tape (CT),Digi-Reel®","-","Active","USB - micro B","5","Receptacle","USB 2.0","Surface Mount, Right Angle","Horizontal","Solder","-","-","-30°C ~ 85°C","1","0.5A, 1A, 1.8A","30V","Unshielded","10000","https://www.digikey.be/en/products/detail/te-connectivity-amp-connectors/1981568-1/1786248"
"https://www.we-online.com/catalog/datasheet/629105150521.pdf","//mm.digikey.com/Volume0/opasdata/d220001/medias/images/1268/MFG_629105150521.jpg","732-5960-2-ND,732-5960-1-ND,732-5960-6-ND","629105150521","Würth Elektronik","Würth Elektronik","CONN RCPT USB2.0 MICRO B SMD R/A","4.807","1.88","0","1","Tape & Reel (TR),Cut Tape (CT),Digi-Reel®","WR-COM","Active","USB - micro B","5","Receptacle","USB 2.0","Surface Mount, Right Angle; Through Hole","Horizontal","Solder","Board Guide","-","-40°C ~ 85°C","1","1A, 3A","30VAC","Shielded","10000","https://www.digikey.be/en/products/detail/würth-elektronik/629105150521/5047751"
"//mm.digikey.com/Volume0/opasdata/d220001/medias/docus/6155/PdfFile_130600.pdf","//mm.digikey.com/Volume0/opasdata/d220001/medias/images/19/ZX80-B-5S%28xx%29.jpg","26-ZX80-B-5S(31)TR-ND,26-ZX80-B-5S(31)CT-ND,26-ZX80-B-5S(31)DKR-ND","ZX80-B-5S(31)","Hirose Electric Co Ltd","Hirose Electric Co Ltd","CONN PLUG USB2.0 MICRO B SMD","184","1.88","0","1","Tape & Reel (TR),Cut Tape (CT),Digi-Reel®","ZX","Active","USB - micro B","5","Plug","USB 2.0","Surface Mount, Through Hole","Flange, Vertical","Solder","-","-","-30°C ~ 85°C","1","1.8A","30VAC","Shielded","10000","https://www.digikey.be/en/products/detail/hirose-electric-co-ltd/ZX80-B-5S-31/11204575"
"https://tensility.s3.us-west-2.amazonaws.com/uploads/pdffiles/54-00280.pdf","//mm.digikey.com/Volume0/opasdata/d220001/medias/images/4119/MFG_54-00280.jpg","839-54-00280TR-ND,839-54-00280CT-ND,839-54-00280DKR-ND","54-00280","Tensility International Corp","Tensility International Corp","CONN RCPT USB2.0 MICRO B SMD RA","1.994","1.9","0","1","Tape & Reel (TR),Cut Tape (CT),Digi-Reel®","-","Active","USB - micro B","5","Receptacle","USB 2.0","Surface Mount, Right Angle; Through Hole","Horizontal","Solder","Board Guide","IPX6 - Waterproof","-40°C ~ 85°C","1","0.5A, 3A","30VDC","Shielded","5000","https://www.digikey.be/en/products/detail/tensility-international-corp/54-00280/15667376"
"https://www.kycon.com/Pub_Eng_Draw/KMMX-B10-SMT1SB30TR.pdf","//mm.digikey.com/Volume0/opasdata/d220001/medias/images/6240/KMMX-B10-SMT1SB30TR.jpg","2092-KMMX-B10-SMT1SB30TR-ND,2092-KMMX-B10-SMT1SB30TRCT-ND,2092-KMMX-B10-SMT1SB30TRDKR-ND","KMMX-B10-SMT1SB30TR","Kycon, Inc.","Kycon, Inc.","MICRO USB 3.0 TYPE B, SMT, THROU","1.924","1.92","0","1","Tape & Reel (TR),Cut Tape (CT),Digi-Reel®","KMMX","Active","USB - micro B","10","Receptacle","USB 3.2 Gen 1 (USB 3.1 Gen 1, Superspeed (USB 3.0))","Surface Mount, Right Angle; Through Hole","Horizontal","Solder","-","-","-40°C ~ 85°C","1","0.25A, 1.8A","-","Shielded","10000","https://www.digikey.be/en/products/detail/kycon-inc/KMMX-B10-SMT1SB30TR/10247108"
"https://www.keyelco.com/userAssets/file/K75p115.pdf","//mm.digikey.com/Volume0/opasdata/d220001/medias/images/4845/MFG_36_940.jpg","36-940-ND","940","Keystone Electronics","Keystone Electronics","CONN RCPT USB2.0 MICRO B SMD R/A","325","1.92","0","1","Bulk","-","Active","USB - micro B","5","Receptacle","USB 2.0","Surface Mount, Right Angle","Horizontal","Solder","Board Guide, Solder Retention","-","-","1","-","30VDC","Unshielded","1500","https://www.digikey.be/en/products/detail/keystone-electronics/940/2745652"
"https://gct.co/files/specs/usb3500-spec.pdf","//mm.digikey.com/Volume0/opasdata/d220001/medias/images/312/MFG_USB3500-30-A.jpg","2073-USB3500-30-ATR-ND,2073-USB3500-30-ACT-ND,2073-USB3500-30-ADKR-ND","USB3500-30-A","GCT","GCT","CONN RCPT USB2.0 MICRO B SMD R/A","3.800","2.03","0","1","Tape & Reel (TR),Cut Tape (CT),Digi-Reel®","USB3500","Active","USB - micro B","5","Receptacle","USB 2.0","Board Edge, Cutout; Surface Mount; Through Hole, Right Angle","Horizontal, Mid Mount","Solder","Board Guide","IP67 - Dust Tight, Waterproof","-30°C ~ 85°C","1","1A, 1.8A","30VAC","Shielded","10000","https://www.digikey.be/en/products/detail/gct/USB3500-30-A/10259617"
"https://gct.co/files/specs/usb3510-spec.pdf","//mm.digikey.com/Volume0/opasdata/d220001/medias/images/7158/USB3510-30-C.jpg","2073-USB3510-30-CTR-ND,2073-USB3510-30-CCT-ND,2073-USB3510-30-CDKR-ND","USB3510-30-C","GCT","GCT","MICRO B SKT, SMT, VERTICAL, 30"",","136","2.03","0","1","Tape & Reel (TR),Cut Tape (CT),Digi-Reel®","USB3510","Active","USB - micro B","5","Receptacle","-","Surface Mount","Vertical","Solder","-","IP67 - Dust Tight, Waterproof","-30°C ~ 85°C","1","1A, 1.8A","30VAC","Shielded","10000","https://www.digikey.be/en/products/detail/gct/USB3510-30-C/21619506"
"//mm.digikey.com/Volume0/opasdata/d220001/medias/docus/7161/Mill%20Max%20catalog.pdf","//mm.digikey.com/Volume0/opasdata/d220001/medias/images/527/897-10-010-00-300002.JPG","ED1127TR-ND,ED1127CT-ND,ED1127DKR-ND","897-10-010-00-300002","Mill-Max Manufacturing Corp.","Mill-Max Manufacturing Corp.","CONN RCPT USB3.0 MICRO B SMD","166.940","2.05","0","1","Tape & Reel (TR),Cut Tape (CT),Digi-Reel®","897","Active","USB - micro B","10","Receptacle","USB 3.2 Gen 1 (USB 3.1 Gen 1, Superspeed (USB 3.0))","Surface Mount","Vertical","Solder","Board Guide, Solder Retention","-","-","1","1.5A","30VAC","Shielded","10000","https://www.digikey.be/en/products/detail/mill-max-manufacturing-corp/897-10-010-00-300002/3821394"
"https://www.te.com/commerce/DocumentDelivery/DDEController?Action=srchrtrv&DocNm=108-19460&DocType=SS&DocLang=EN","//mm.digikey.com/Volume0/opasdata/d220001/medias/images/22/2173157-2.JPG","A117948TR-ND,A117948CT-ND","2173157-2","TE Connectivity AMP Connectors","TE Connectivity AMP Connectors","CONN RCPT USB2.0 MICRO B SMD R/A","231","2.06","0","1","Tape & Reel (TR),Cut Tape (CT)","-","Obsolete","USB - micro B","5","Receptacle","USB 2.0","Surface Mount, Right Angle","Horizontal","Solder","Pick and Place, Solder Retention","Splash Proof","-30°C ~ 85°C","1","0.5A, 1A, 1.8A","30V","-","10000","https://www.digikey.be/en/products/detail/te-connectivity-amp-connectors/2173157-2/4731610"
"http://www.cnctech.us/pdfs/1003-005-23100-TR.PDF","//mm.digikey.com/Volume0/opasdata/d220001/medias/images/4053/1003-005-23100-TR.jpg","1175-1003-005-23100-TR-ND,1175-1003-005-23100-CT-ND,1175-1003-005-23100-DKR-ND","1003-005-23100-TR","CNC Tech","CNC Tech","USB 3.0 MICRO AB SMD TYPE 15U''","0","2.07","0","1","Tape & Reel (TR),Cut Tape (CT),Digi-Reel®","-","Obsolete","USB - micro B","10","Receptacle","USB 3.2 Gen 1 (USB 3.1 Gen 1, Superspeed (USB 3.0))","Surface Mount, Right Angle","Horizontal","Solder","-","-","-40°C ~ 105°C","1","0.25A, 1.8A","-","Unshielded","-","https://www.digikey.be/en/products/detail/cnc-tech/1003-005-23100-TR/11312480"
"http://www.cnctech.us/pdfs/1003-005-22100-TR.PDF","//mm.digikey.com/Volume0/opasdata/d220001/medias/images/3982/1003-005-22100-TR.jpg","1175-1003-005-22100-TR-ND,1175-1003-005-22100-CT-ND,1175-1003-005-22100-DKR-ND","1003-005-22100-TR","CNC Tech","CNC Tech","USB 3.0 MICRO B SMD TYPE 15U''","0","2.07","0","1","Tape & Reel (TR),Cut Tape (CT),Digi-Reel®","-","Obsolete","USB - micro B","10","Receptacle","USB 3.2 Gen 1 (USB 3.1 Gen 1, Superspeed (USB 3.0))","Surface Mount, Right Angle","Horizontal","Solder","-","-","-40°C ~ 105°C","1","0.25A, 1.8A","-","Unshielded","-","https://www.digikey.be/en/products/detail/cnc-tech/1003-005-22100-TR/11312484"
"http://www.cnctech.us/pdfs/1003-005-22100.pdf","//mm.digikey.com/Volume0/opasdata/d220001/medias/images/530/1003-005-22100.JPG","1175-1273-2-ND,1175-1273-1-ND","1003-005-22100","CNC Tech","CNC Tech","CONN RCPT USB3.0 MICRO B SMD R/A","0","2.07","0","1","Tape & Reel (TR),Cut Tape (CT)","-","Obsolete","USB - micro B","10","Receptacle","USB 3.2 Gen 1 (USB 3.1 Gen 1, Superspeed (USB 3.0))","Surface Mount, Right Angle","Horizontal","Solder","Solder Retention","-","-","1","-","-","-","-","https://www.digikey.be/en/products/detail/cnc-tech/1003-005-22100/3466942"
"https://app.adam-tech.com/products/download/data_sheet/195340/mcr-b-s-ra-tsmt-cs1-wp-t-r-data-sheet.pdf","//mm.digikey.com/Volume0/opasdata/d220001/medias/images/4252/MCR-B-S-RA-TSMT-CS1-WP-TR.jpg","2057-MCR-B-S-RA-TSMT-CS1-WP-T/RTR-ND,2057-MCR-B-S-RA-TSMT-CS1-WP-T/RCT-ND","MCR-B-S-RA-TSMT-CS1-WP-T/R","Adam Tech","Adam Tech","MICRO USB, TYPE B, RIGHT ANGLE,","3.025","2.09","0","1","Tape & Reel (TR),Cut Tape (CT)","MCR","Active","USB - micro B","5","Receptacle","-","Surface Mount, Right Angle","Horizontal","Solder","-","IPX5 - Waterproof","-","1","-","-","Shielded","-","https://www.digikey.be/en/products/detail/adam-tech/MCR-B-S-RA-TSMT-CS1-WP-T-R/9832152"
"https://www.cnctech.us/pdfs/1003-026-22300_.pdf","//mm.digikey.com/Volume0/opasdata/d220001/medias/images/530/1003-026-22300.jpg","1175-1270-ND","1003-026-22300","CNC Tech","CNC Tech","CONN PLUG USB3.0 MICRO B SLD","7.480","2.12","0","1","Bulk","-","Active","USB - micro B","10","Plug","USB 3.2 Gen 1 (USB 3.1 Gen 1, Superspeed (USB 3.0))","Free Hanging (In-Line)","-","Solder","-","-","-55°C ~ 105°C","1","5A","-","-","-","https://www.digikey.be/en/products/detail/cnc-tech/1003-026-22300/3466941"
"https://www.attend.com.tw/data/download/file/209E-BE01_Spec.pdf","//mm.digikey.com/Volume0/opasdata/d220001/medias/images/6237/MFG_209E-BE01.jpg","4827-209E-BE01TR-ND,4827-209E-BE01CT-ND,4827-209E-BE01DKR-ND","209E-BE01","ATTEND Technology","ATTEND Technology","USB 3.0 MICRO B TYPE RECEPTACLE","788","2.15","0","1","Tape & Reel (TR),Cut Tape (CT),Digi-Reel®","-","Active","USB - micro B","10","Receptacle","USB 3.0","Surface Mount, Right Angle; Through Hole","Horizontal","Solder","-","-","-20°C ~ 85°C","1","0.25A, 1.8A","-","Shielded","10000","https://www.digikey.be/en/products/detail/attend-technology/209E-BE01/23626200"
"//mm.digikey.com/Volume0/opasdata/d220001/medias/docus/1094/ZX_Series.pdf","//mm.digikey.com/Volume0/opasdata/d220001/medias/images/19/ZX80-B-5S%28xx%29.jpg","ZX80-B-5S(01)-ND","ZX80-B-5S(01)","Hirose Electric Co Ltd","Hirose Electric Co Ltd","CONN PLUG USB2.0 MICRO B SMD","0","2.15875","0","200","Tape & Reel (TR)","ZX","Obsolete","USB - micro B","5","Plug","USB 2.0","Surface Mount, Through Hole","Flange, Vertical","Solder","-","-","-30°C ~ 85°C","1","1.8A","30VAC","Shielded","10000","https://www.digikey.be/en/products/detail/hirose-electric-co-ltd/ZX80-B-5S-01/5134951"
"https://gct.co/files/specs/usb3505-spec.pdf","//mm.digikey.com/Volume0/opasdata/d220001/medias/images/423/MFG_USB3505-30-A-KIT.jpg","2073-USB3505-30-A-KITTR-ND,2073-USB3505-30-A-KITCT-ND,2073-USB3505-30-A-KITDKR-ND","USB3505-30-A-KIT","GCT","GCT","CONN RCPT USB2.0 MICRO B SMD R/A","1.672","2.17","0","1","Tape & Reel (TR),Cut Tape (CT),Digi-Reel®","USB3505","Active","USB - micro B","5","Receptacle","USB 2.0","Board Edge, Cutout; Surface Mount; Through Hole, Right Angle","Horizontal","Solder","Gasket Included","IP67 - Dust Tight, Waterproof","-30°C ~ 85°C","1","1A, 1.8A","30VAC","Shielded","10000","https://www.digikey.be/en/products/detail/gct/USB3505-30-A-KIT/11562637"
"https://gct.co/files/specs/usb3510-spec.pdf","//mm.digikey.com/Volume0/opasdata/d220001/medias/images/7157/USB3510-30-C-KIT.jpg","2073-USB3510-30-C-KITTR-ND,2073-USB3510-30-C-KITCT-ND,2073-USB3510-30-C-KITDKR-ND","USB3510-30-C-KIT","GCT","GCT","2 PART KIT USB3510-30-A + USBTJ-","1.116","2.17","0","1","Tape & Reel (TR),Cut Tape (CT),Digi-Reel®","USB3510","Active","USB - micro B","5","Receptacle","-","Surface Mount, Through Hole","Vertical","Solder","-","IP67 - Dust Tight, Waterproof","-30°C ~ 85°C","1","1A, 1.8A","30VAC","Shielded","10000","https://www.digikey.be/en/products/detail/gct/USB3510-30-C-KIT/21619505"
"https://gct.co/files/specs/usb3500-spec.pdf","//mm.digikey.com/Volume0/opasdata/d220001/medias/images/423/MFG_USB3505-30-A-KIT.jpg","2073-USB3500-30-A-KITTR-ND,2073-USB3500-30-A-KITCT-ND,2073-USB3500-30-A-KITDKR-ND","USB3500-30-A-KIT","GCT","GCT","CONN RCPT USB2.0 MICRO B SMD R/A","799","2.17","0","1","Tape & Reel (TR),Cut Tape (CT),Digi-Reel®","USB3500","Active","USB - micro B","5","Receptacle","USB 2.0","Board Edge, Cutout; Surface Mount; Through Hole, Right Angle","Horizontal, Mid Mount","Solder","-","IP67 - Dust Tight, Waterproof","-30°C ~ 85°C","1","1A, 1.8A","30VAC","Shielded","1000","https://www.digikey.be/en/products/detail/gct/USB3500-30-A-KIT/10672476"
"https://www.te.com/usa-en/product-2040002-1.datasheet.pdf","//mm.digikey.com/Volume0/opasdata/d220001/medias/images/4720/2040002-1.JPG","A108263TR-ND,A108263CT-ND,A108263DKR-ND","2040002-1","TE Connectivity AMP Connectors","TE Connectivity AMP Connectors","CONN RCPT USB2.0 MICRO B SMD R/A","3.358","2.18","0","1","Tape & Reel (TR),Cut Tape (CT),Digi-Reel®","-","Active","USB - micro B","5","Receptacle","USB 2.0","Surface Mount, Right Angle; Through Hole","Horizontal","Solder","-","-","-30°C ~ 85°C","1","0.5A, 1A, 1.8A","30V","-","10000","https://www.digikey.be/en/products/detail/te-connectivity-amp-connectors/2040002-1/4022375"
"https://www.jst-mfg.com/product/pdf/eng/eUB-micro-USB1.pdf","//mm.digikey.com/Volume0/opasdata/d220001/medias/images/845/UB-MC5BR3-SDWP604-4S-TF.JPG","455-2932-2-ND,455-2932-1-ND,455-2932-6-ND","UB-MC5BR3-SDWP604-4S-TF","JST Sales America Inc.","JST Sales America Inc.","CONN RCP MICRO USB B 5POS SMD RA","8.445","2.23","0","1","Tape & Reel (TR),Cut Tape (CT),Digi-Reel®","UB","Active","USB - micro B","5","Receptacle","-","Surface Mount, Right Angle","Horizontal","Solder","Board Guide, Solder Retention","Waterproof","-30°C ~ 85°C","1","0.5A, 1A, 1.8A","30VAC/DC","Unshielded","10000","https://www.digikey.be/en/products/detail/jst-sales-america-inc/UB-MC5BR3-SDWP604-4S-TF/5722963"
"//mm.digikey.com/Volume0/opasdata/d220001/medias/docus/2607/Micro%20USB_Eng_20141230.pdf","//mm.digikey.com/Volume0/opasdata/d220001/medias/images/1773/MUC-20PFFR-JS7001.JPG","APC1755-2-ND,APC1755-1-ND","MUC-20PFFR-JS7001","Amphenol LTW","Amphenol LTW","CONN RCPT USB2.0 MICRO AB SMD RA","14.040","2.24","0","1","Tape & Reel (TR),Cut Tape (CT)","SWIFT","Obsolete","USB - micro AB","5","Receptacle","USB 2.0","Surface Mount, Right Angle","Horizontal","Solder","Board Guide","IP67 - Dust Tight, Waterproof","-30°C ~ 85°C","1","-","-","-","10000","https://www.digikey.be/en/products/detail/amphenol-ltw/MUC-20PFFR-JS7001/5253157"
"http://www.cnctech.us/pdfs/1003-005-23100.pdf","//mm.digikey.com/Volume0/opasdata/d220001/medias/images/530/1003-005-23100.JPG","1175-1274-2-ND,1175-1274-1-ND,1175-1274-6-ND","1003-005-23100","CNC Tech","CNC Tech","CONN RCPT USB3.0 MICRO AB SMD RA","0","2.27","0","1","Tape & Reel (TR),Cut Tape (CT),Digi-Reel®","-","Obsolete","USB - micro AB","10","Receptacle","USB 3.2 Gen 1 (USB 3.1 Gen 1, Superspeed (USB 3.0))","Surface Mount, Right Angle","Horizontal","Solder","Solder Retention","-","-","1","-","-","-","-","https://www.digikey.be/en/products/detail/cnc-tech/1003-005-23100/3466943"
"https://tensility.s3.us-west-2.amazonaws.com/uploads/pdffiles/54-00282.pdf","//mm.digikey.com/Volume0/opasdata/d220001/medias/images/4726/MFG_54-00282.jpg","839-54-00282TR-ND,839-54-00282CT-ND,839-54-00282DKR-ND","54-00282","Tensility International Corp","Tensility International Corp","CONN RCPT USB2.0 MICRO B SMD RA","972","2.31","0","1","Tape & Reel (TR),Cut Tape (CT),Digi-Reel®","-","Active","USB - micro B","5","Receptacle","USB 2.0","Surface Mount, Right Angle; Through Hole","Horizontal","Solder","Solder Retention Tab","IPX7 - Waterproof","-40°C ~ 85°C","1","0.5A, 3A","30VDC","Shielded","5000","https://www.digikey.be/en/products/detail/tensility-international-corp/54-00282/15667375"
"//mm.digikey.com/Volume0/opasdata/d220001/medias/docus/2607/Micro%20USB_Eng_20141230.pdf","//mm.digikey.com/Volume0/opasdata/d220001/medias/images/1880/MUC-20PFFR-JS8C01.JPG","APC1756-2-ND","MUC-20PFFR-JS8C01","Amphenol LTW","Amphenol LTW","CONN RCPT USB2.0 MICRO AB SMD RA","0","2.31028","0","5000","Tape & Reel (TR)","SWIFT","Obsolete","USB - micro AB","5","Receptacle","USB 2.0","Surface Mount, Right Angle","Horizontal","Solder","Board Guide","IP68 - Dust Tight, Waterproof","-30°C ~ 85°C","1","-","-","-","10000","https://www.digikey.be/en/products/detail/amphenol-ltw/MUC-20PFFR-JS8C01/5253158"
"https://tensility.s3.us-west-2.amazonaws.com/uploads/pdffiles/54-00283.pdf","//mm.digikey.com/Volume0/opasdata/d220001/medias/images/4703/MFG_54-00283.jpg","839-54-00283TR-ND,839-54-00283CT-ND,839-54-00283DKR-ND","54-00283","Tensility International Corp","Tensility International Corp","CONN RCPT USB2.0 MICRO B SMD RA","778","2.42","0","1","Tape & Reel (TR),Cut Tape (CT),Digi-Reel®","-","Active","USB - micro B","5","Receptacle","USB 2.0","Surface Mount, Right Angle; Through Hole","Horizontal","Solder","Board Guide, Solder Retention","IPX7 - Waterproof","-40°C ~ 85°C","1","0.5A, 3A","30VDC","Shielded","5000","https://www.digikey.be/en/products/detail/tensility-international-corp/54-00283/15667378"
"https://tensility.s3.us-west-2.amazonaws.com/uploads/pdffiles/54-00281.pdf","//mm.digikey.com/Volume0/opasdata/d220001/medias/images/4753/MFG_54-00281.jpg","839-54-00281TR-ND,839-54-00281CT-ND,839-54-00281DKR-ND","54-00281","Tensility International Corp","Tensility International Corp","CONN RCPT USB2.0 MICRO B SMD RA","973","2.42","0","1","Tape & Reel (TR),Cut Tape (CT),Digi-Reel®","-","Active","USB - micro B","5","Receptacle","USB 2.0","Board Edge, Cutout; Surface Mount; Through Hole, Right Angle","Horizontal, Mid Mount","Solder","Board Lock","IPX7 - Waterproof","-40°C ~ 85°C","1","0.5A, 3A","30VDC","Shielded","5000","https://www.digikey.be/en/products/detail/tensility-international-corp/54-00281/15667379"
"https://www.sameskydevices.com/product/resource/uj2-mibh-2-smt-tr-67.pdf","//mm.digikey.com/Volume0/opasdata/d220001/medias/images/309/MFG_UJ2-MIBH-2-SMT-TR-67.jpg","2223-UJ2-MIBH-2-SMT-TR-67TR-ND,2223-UJ2-MIBH-2-SMT-TR-67CT-ND,2223-UJ2-MIBH-2-SMT-TR-67DKR-ND","UJ2-MIBH-2-SMT-TR-67","Same Sky (Formerly CUI Devices)","Same Sky (Formerly CUI Devices)","CONN RCPT USB 2.0 MICRO B SMD RA","2.311","2.52","0","1","Tape & Reel (TR),Cut Tape (CT),Digi-Reel®","UJ2","Active","USB - micro B","5","Receptacle","USB 2.0","Surface Mount, Right Angle","Flange, Horizontal","Solder","10µin"" Finish Thickness","IP67 - Dust Tight, Waterproof","-30°C ~ 85°C","1","1.8A","30VAC","Shielded","10000","https://www.digikey.be/en/products/detail/same-sky-formerly-cui-devices/UJ2-MIBH-2-SMT-TR-67/9830177"
"https://www.sameskydevices.com/product/resource/up3-mibv-4-cm.pdf","//mm.digikey.com/Volume0/opasdata/d220001/medias/images/1245/MFG_UP3-MIBV-4-CM.jpg","102-4002-ND","UP3-MIBV-4-CM","Same Sky (Formerly CUI Devices)","Same Sky (Formerly CUI Devices)","CONN PLUG USB 3.2 MICRO B SLDR","790","2.52","0","1","Box","UP3","Active","USB - micro B","10","Plug","USB 3.2 Gen 1 (USB 3.1 Gen 1, Superspeed (USB 3.0))","Free Hanging (In-Line)","-","Solder","30µ"" Finish Thickness","-","-55°C ~ 85°C","1","1.8A","30VAC","Shielded","10000","https://www.digikey.be/en/products/detail/same-sky-formerly-cui-devices/UP3-MIBV-4-CM/6187917"
"https://www.te.com/usa-en/product-2134536-2.datasheet.pdf","//mm.digikey.com/Volume0/opasdata/d220001/medias/images/3569/2134536-2.JPG","A118938TR-ND,A118938CT-ND","2134536-2","TE Connectivity AMP Connectors","TE Connectivity AMP Connectors","CONN RCPT USB2.0 MICRO AB SMD RA","10.898","2.55","0","1","Tape & Reel (TR),Cut Tape (CT)","-","Active","USB - micro AB","5","Receptacle","USB 2.0","Surface Mount, Right Angle; Through Hole","Horizontal","Solder","Pick and Place","-","-","1","-","-","-","-","https://www.digikey.be/en/products/detail/te-connectivity-amp-connectors/2134536-2/4497225"
"https://www.te.com/usa-en/product-2174507-2.datasheet.pdf","//mm.digikey.com/Volume0/opasdata/d220001/medias/images/1295/2174507-2.JPG","A118106TR-ND,A118106CT-ND,A118106DKR-ND","2174507-2","TE Connectivity AMP Connectors","TE Connectivity AMP Connectors","CONN RCPT USB2.0 MICRO B SMD R/A","8.780","2.58","0","1","Tape & Reel (TR),Cut Tape (CT),Digi-Reel®","-","Active","USB - micro B","5","Receptacle","USB 2.0","Surface Mount, Right Angle","Horizontal","Solder","Pick and Place, Solder Retention","-","-30°C ~ 85°C","1","0.5A, 1A, 1.8A","30V","-","10000","https://www.digikey.be/en/products/detail/te-connectivity-amp-connectors/2174507-2/4731824"
"https://www.we-online.com/catalog/datasheet/692622030100.pdf","//mm.digikey.com/Volume0/opasdata/d220001/medias/images/389/692622030100.jpg","732-3151-2-ND,732-3151-1-ND,732-3151-6-ND","692622030100","Würth Elektronik","Würth Elektronik","CONN RCPT USB3.0 MICRO B SMD R/A","2.588","2.66","0","1","Tape & Reel (TR),Cut Tape (CT),Digi-Reel®","WR-COM","Active","USB - micro B","10","Receptacle","USB 3.2 Gen 1 (USB 3.1 Gen 1, Superspeed (USB 3.0))","Surface Mount, Right Angle","Horizontal","Solder","Solder Retention","-","-20°C ~ 85°C","1","0.25A, 1.8A","30VAC","Shielded","10000","https://www.digikey.be/en/products/detail/würth-elektronik/692622030100/2627267"
"https://www.te.com/usa-en/product-2173157-3.datasheet.pdf","//mm.digikey.com/Volume0/opasdata/d220001/medias/images/2159/2173157-3.jpg","17-2173157-3TR-ND,17-2173157-3CT-ND,17-2173157-3DKR-ND","2173157-3","TE Connectivity AMP Connectors","TE Connectivity AMP Connectors","CONN RCPT USB2.0 MICRO B SMD R/A","800","2.75","0","1","Tape & Reel (TR),Cut Tape (CT),Digi-Reel®","-","Obsolete","USB - micro B","5","Receptacle","USB 2.0","Surface Mount, Right Angle","Horizontal","Solder","Pick and Place, Solder Retention","Splash Proof","-30°C ~ 85°C","1","0.5A, 1A, 1.8A","30V","-","10000","https://www.digikey.be/en/products/detail/te-connectivity-amp-connectors/2173157-3/6026112"
"https://www.sameskydevices.com/product/resource/uj2w-mibh-4-smt.pdf","//mm.digikey.com/Volume0/opasdata/d220001/medias/images/1257/MFG_UJ2W-MIBH-4-SMT.jpg","102-4009-2-ND,102-4009-1-ND,102-4009-6-ND","UJ2W-MIBH-4-SMT-TR","Same Sky (Formerly CUI Devices)","Same Sky (Formerly CUI Devices)","CONN RCPT USB2.0 MICRO B SMD R/A","6.143","2.81","0","1","Tape & Reel (TR),Cut Tape (CT),Digi-Reel®","UJ2W","Active","USB - micro B","5","Receptacle","USB 2.0","Surface Mount, Right Angle; Through Hole","Flange, Horizontal","Solder","Board Guide","IP67 - Dust Tight, Waterproof","-25°C ~ 85°C","1","0.5A, 1.8A","30VAC","Shielded","10000","https://www.digikey.be/en/products/detail/same-sky-formerly-cui-devices/UJ2W-MIBH-4-SMT-TR/6187924"
"//mm.digikey.com/Volume0/opasdata/d220001/medias/docus/5849/MUC-20PFFR-JSXX02%28E%29.pdf","//mm.digikey.com/Volume0/opasdata/d220001/medias/images/2277/MUC-20PFFR-JS7002.JPG","1754-1194-2-ND,1754-1194-1-ND,1754-1194-6-ND","MUC-20PFFR-JS7002","Amphenol LTW","Amphenol LTW","CONN RCPT USB2.0 MICRO AB SMD RA","46.627","2.86","0","1","Tape & Reel (TR),Cut Tape (CT),Digi-Reel®","SWIFT","Active","USB - micro AB","5","Receptacle","USB 2.0","Surface Mount, Right Angle","Horizontal","Solder","Board Lock","IP67 - Dust Tight, Waterproof","-30°C ~ 85°C","1","1A, 1.8A","-","-","10000","https://www.digikey.be/en/products/detail/amphenol-ltw/MUC-20PFFR-JS7002/7056800"
"https://www.sameskydevices.com/product/resource/uj2-mibh-3-msmt-tr-67.pdf","//mm.digikey.com/Volume0/opasdata/d220001/medias/images/736/MFG_UJ2-MIBH-3-MSMT-TR-67.jpg","2223-UJ2-MIBH-3-MSMT-TR-67TR-ND,2223-UJ2-MIBH-3-MSMT-TR-67CT-ND,2223-UJ2-MIBH-3-MSMT-TR-67DKR-ND","UJ2-MIBH-3-MSMT-TR-67","Same Sky (Formerly CUI Devices)","Same Sky (Formerly CUI Devices)","CONN RCPT USB 2.0 MICRO B SMD RA","18.990","2.89","0","1","Tape & Reel (TR),Cut Tape (CT),Digi-Reel®","UJ2","Active","USB - micro B","5","Receptacle","USB 2.0","Board Edge, Cutout; Surface Mount, Right Angle","Horizontal, Mid Mount, Reverse","Solder","15µ"" Finish Thickness","IP67 - Dust Tight, Waterproof","-30°C ~ 85°C","1","1.8A","30VAC","Shielded","10000","https://www.digikey.be/en/products/detail/same-sky-formerly-cui-devices/UJ2-MIBH-3-MSMT-TR-67/9830176"
"https://www.te.com/usa-en/product-1932788-1.datasheet.pdf","//mm.digikey.com/Volume0/opasdata/d220001/medias/images/1289/1932788-1.JPG","A118088TR-ND,A118088CT-ND","1932788-1","TE Connectivity AMP Connectors","TE Connectivity AMP Connectors","CONN RCPT USB2.0 MICRO B SMD R/A","18.679","2.95","0","1","Tape & Reel (TR),Cut Tape (CT)","-","Active","USB - micro B","5","Receptacle","USB 2.0","Surface Mount, Right Angle","Horizontal, Reverse Mount","Solder","Pick and Place","-","-30°C ~ 85°C","1","0.5A, 1.5A","30VAC","Unshielded","10000","https://www.digikey.be/en/products/detail/te-connectivity-amp-connectors/1932788-1/4731822"
"https://www.sameskydevices.com/product/resource/uj2-mibh-4-smt-tr-67.pdf","//mm.digikey.com/Volume0/opasdata/d220001/medias/images/749/UJ2-MIBH-4-SMT-TR-67.jpg","102-4970-2-ND,102-4970-1-ND,102-4970-6-ND","UJ2-MIBH-4-SMT-TR-67","Same Sky (Formerly CUI Devices)","Same Sky (Formerly CUI Devices)","CONN RCPT USB 2.0 MICRO B SMD RA","27.841","2.95","0","1","Tape & Reel (TR),Cut Tape (CT),Digi-Reel®","UJ2","Active","USB - micro B","5","Receptacle","USB 2.0","Surface Mount, Right Angle; Through Hole","Horizontal","Solder","30µ"" Finish Thickness, Board Guide","IP67 - Dust Tight, Waterproof","-25°C ~ 85°C","1","0.5A, 1.8A","30VAC","-","10000","https://www.digikey.be/en/products/detail/same-sky-formerly-cui-devices/UJ2-MIBH-4-SMT-TR-67/9564429"
"https://edac.net/products","//mm.digikey.com/Volume0/opasdata/d220001/medias/images/2172/690-W05-290-483.jpg","151-1244-2-ND,151-1244-1-ND,151-1244-6-ND","690-W05-290-483","EDAC Inc.","EDAC Inc.","CONN RCPT USB1.0 MICRO B SMD R/A","124","3.02","0","1","Tape & Reel (TR),Cut Tape (CT),Digi-Reel®","690W","Active","USB - micro B","5","Receptacle","USB 2.0","Surface Mount, Right Angle","Flange, Horizontal","Solder","Solder Retention","IP67 - Dust Tight, Waterproof","-25°C ~ 85°C","1","1A per Contact","-","Shielded","-","https://www.digikey.be/en/products/detail/edac-inc/690-W05-290-483/4990931"
"//mm.digikey.com/Volume0/opasdata/d220001/medias/docus/5849/MUC-20PFFR-JSXX02%28E%29.pdf","//mm.digikey.com/Volume0/opasdata/d220001/medias/images/2544/MUC-20PFFR-JS8x02.jpg","1754-1150-2-ND,1754-1150-1-ND,1754-1150-6-ND","MUC-20PFFR-JS8A02","Amphenol LTW","Amphenol LTW","CONN RCPT USB2.0 MICRO AB SMD RA","1.974","3.11","0","1","Tape & Reel (TR),Cut Tape (CT),Digi-Reel®","SWIFT","Active","USB - micro AB","5","Receptacle","USB 2.0","Surface Mount, Right Angle","Horizontal","Solder","Board Lock","IP68 - Dust Tight, Waterproof","-30°C ~ 85°C","1","1A, 1.8A","5V, 30V","-","10000","https://www.digikey.be/en/products/detail/amphenol-ltw/MUC-20PFFR-JS8A02/7102754"
"https://www.sameskydevices.com/product/resource/uj2-mibv-4-smt-tr-67.pdf","//mm.digikey.com/Volume0/opasdata/d220001/medias/images/708/MFG_UJ2-MIBV-4-SMT-TR-67.jpg","2223-UJ2-MIBV-4-SMT-TR-67TR-ND,2223-UJ2-MIBV-4-SMT-TR-67CT-ND,2223-UJ2-MIBV-4-SMT-TR-67DKR-ND","UJ2-MIBV-4-SMT-TR-67","Same Sky (Formerly CUI Devices)","Same Sky (Formerly CUI Devices)","CONN RCPT USB 2.0 MICRO B SMD","2.182","3.36","0","1","Tape & Reel (TR),Cut Tape (CT),Digi-Reel®","UJ2","Active","USB - micro B","5","Receptacle","USB 2.0","Surface Mount","Vertical","Solder","30µ"" Finish Thickness, Solder Retention","IP67 - Dust Tight, Waterproof","-25°C ~ 85°C","1","0.5A, 1.8A","30VAC","Shielded","10000","https://www.digikey.be/en/products/detail/same-sky-formerly-cui-devices/UJ2-MIBV-4-SMT-TR-67/9830179"
"https://www.te.com/usa-en/product-2134441-2.datasheet.pdf","//mm.digikey.com/Volume0/opasdata/d220001/medias/images/1006/2134441-2.JPG","A118104TR-ND,A118104CT-ND","2134441-2","TE Connectivity AMP Connectors","TE Connectivity AMP Connectors","CONN RCPT USB2.0 MICRO B SMD","7.813","3.37","0","1","Tape & Reel (TR),Cut Tape (CT)","-","Active","USB - micro B","5","Receptacle","USB 2.0","Board Cutout, Surface Mount, Right Angle; Through Hole","Horizontal, Mid Mount, Reverse","Solder","-","-","-30°C ~ 85°C","1","0.5A, 1A, 1.8A","30V","-","10000","https://www.digikey.be/en/products/detail/te-connectivity-amp-connectors/2134441-2/4731823"
"https://www.keyelco.com/userAssets/file/K75p116.pdf","//mm.digikey.com/Volume0/opasdata/d220001/medias/images/4847/MFG_36_955.jpg","36-955-ND","955","Keystone Electronics","Keystone Electronics","CONN RCPT USB3.0 MICRO B SMD R/A","3","3.6","0","1","Bulk","-","Active","USB - micro B","10","Receptacle","USB 3.2 Gen 1 (USB 3.1 Gen 1, Superspeed (USB 3.0))","Surface Mount, Right Angle","Horizontal","Solder","Solder Retention","-","-25°C ~ 80°C","1","1A","30V","Unshielded","1500","https://www.digikey.be/en/products/detail/keystone-electronics/955/2745658"
"//mm.digikey.com/Volume0/opasdata/d220001/medias/docus/5849/MUC-20PFFR-JSXX02%28E%29.pdf","//mm.digikey.com/Volume0/opasdata/d220001/medias/images/2544/MUC-20PFFR-JS8x02.jpg","1754-1195-2-ND,1754-1195-1-ND,1754-1195-6-ND","MUC-20PFFR-JS8C02","Amphenol LTW","Amphenol LTW","CONN RCPT USB2.0 MICRO AB SMD RA","2.294","3.76","0","1","Tape & Reel (TR),Cut Tape (CT),Digi-Reel®","SWIFT","Active","USB - micro AB","5","Receptacle","USB 2.0","Surface Mount, Right Angle","Horizontal","Solder","Board Lock","IP68 - Dust Tight, Waterproof","-30°C ~ 85°C","1","1A, 1.8A","-","-","10000","https://www.digikey.be/en/products/detail/amphenol-ltw/MUC-20PFFR-JS8C02/7056801"
"https://www.te.com/usa-en/product-1551629-3.datasheet.pdf","//mm.digikey.com/Volume0/opasdata/d220001/medias/images/1847/1551629-3.JPG","17-1551629-3CT-ND","1551629-3","TE Connectivity AMP Connectors","TE Connectivity AMP Connectors","CONN RCPT USB2.0 MICRO AB SMD RA","924","3.77","0","1","Cut Tape (CT)","-","Obsolete","USB - micro AB","5","Receptacle","USB 2.0","Surface Mount, Right Angle","Horizontal","Solder","Solder Retention","Splash Proof","-30°C ~ 85°C","1","0.5A, 1A, 1.8A","30V","Shielded","10000","https://www.digikey.be/en/products/detail/te-connectivity-amp-connectors/1551629-3/26903529"
"https://www.keyelco.com/userAssets/file/K75p116.pdf","//mm.digikey.com/Volume0/opasdata/d220001/medias/images/2262/957.JPG","36-957-ND","957","Keystone Electronics","Keystone Electronics","CONN PLUG USB3.0 MICRO USB B SLD","466","3.86","0","1","Bulk","-","Active","USB - micro B","10","Plug","USB 3.2 Gen 1 (USB 3.1 Gen 1, Superspeed (USB 3.0))","Free Hanging (In-Line)","-","Solder","-","-","-25°C ~ 80°C","1","1.8A","30V","Shielded","1500","https://www.digikey.be/en/products/detail/keystone-electronics/957/2745659"
"https://www.molex.com/pdm_docs/pk/2049263333-000.pdf","//mm.digikey.com/Volume0/opasdata/d220001/medias/images/743/MFG_2049261103.jpg","WM22189TR-ND,WM22189CT-ND,WM22189DKR-ND","2049261103","Molex","Molex","CONN RCPT USB2.0 MICRO B SMD R/A","17.518","3.96","0","1","Tape & Reel (TR),Cut Tape (CT),Digi-Reel®","204926","Active","USB - micro B","5","Receptacle","USB 2.0","Surface Mount, Right Angle; Through Hole","Horizontal","Solder","-","IP67 - Dust Tight, Waterproof","-30°C ~ 85°C","1","1A, 1.8A","30VAC","Shielded","10000","https://www.digikey.be/en/products/detail/molex/2049261103/9350927"
"//mm.digikey.com/Volume0/opasdata/d220001/medias/docus/6492/rugged_cat.pdf","-","664-MUSBK152001-ND","MUSBK152001","Amphenol ICC (Commercial Products)","Amphenol CS (Commercial Products)","RUGGED USB, GEN 1, MICRO AB","0","4.1285","0","80","Box","MUSB","Active","USB - micro AB","5","Receptacle","USB 2.0","Through Hole, Right Angle","Flange, Horizontal","Solder","-","IP67 - Dust Tight, Waterproof","-40°C ~ 105°C","1","1.5A","-","Shielded","1500","https://www.digikey.be/en/products/detail/amphenol-cs-commercial-products/MUSBK152001/26690766"
"//mm.digikey.com/Volume0/opasdata/d220001/medias/docus/56/1003-026-BL-KIT_Dwg.pdf","//mm.digikey.com/Volume0/opasdata/d220001/medias/images/3977/1003-026-BL-KIT.jpg","1175-1003-026-BL-KIT-ND","1003-026-BL-KIT","CNC Tech","CNC Tech","CONN KIT W/HOOD MICRO USB TYPE B","1.947","4.16","0","1","Bulk","-","Active","USB - micro B","10","Plug","USB 3.2 Gen 1 (USB 3.1 Gen 1, Superspeed (USB 3.0))","Free Hanging (In-Line)","-","Solder","-","-","-","1","1A","-","-","-","https://www.digikey.be/en/products/detail/cnc-tech/1003-026-BL-KIT/10817125"
"https://www.we-online.com/catalog/datasheet/692622420101.pdf","//mm.digikey.com/Volume0/opasdata/d220001/medias/images/2553/MFG_692622420101.jpg","732-10013-2-ND,732-10013-1-ND,732-10013-6-ND","692622420101","Würth Elektronik","Würth Elektronik","CONN RCPT USB3.0 MICRO B SMD","176","4.41","0","1","Tape & Reel (TR),Cut Tape (CT),Digi-Reel®","WR-COM","Active","USB - micro B","10","Receptacle","USB 3.2 Gen 1 (USB 3.1 Gen 1, Superspeed (USB 3.0))","Surface Mount","Vertical","Solder","Board Guide, Pick and Place, Solder Retention","-","-30°C ~ 85°C","1","0.25A, 1.8A","30VAC","Shielded","10000","https://www.digikey.be/en/products/detail/würth-elektronik/692622420101/5956387"
"https://cdn.amphenol-cs.com/media/wysiwyg/files/documentation/datasheet/inputoutput/io_harsh_musb-type-a-b-ab.pdf","-","664-MUSBK15231-ND","MUSBK15231","Amphenol ICC (Commercial Products)","Amphenol CS (Commercial Products)","HARSH TYPE MICRO AB, IP67, WITH","0","6.61388","0","80","Box","MUSB","Active","USB - micro AB","5","Receptacle","-","Panel Mount, Through Hole, Right Angle","Flange, Horizontal","Solder","-","IP67 - Dust Tight, Waterproof","-40°C ~ 105°C","1","0.1A, 1A, 1.8A","-","Shielded","1500","https://www.digikey.be/en/products/detail/amphenol-cs-commercial-products/MUSBK15231/25817774"
"https://cdn.amphenol-cs.com/media/wysiwyg/files/documentation/datasheet/inputoutput/io_harsh_musb-type-a-b-ab.pdf","-","664-MUSBK552M5-ND","MUSBK552M5","Amphenol ICC (Commercial Products)","Amphenol CS (Commercial Products)","HARSH USB MICRO AB, VERTICAL, IP","0","6.61388","0","80","Box","MUSB","Active","USB - micro AB","5","Receptacle","-","Panel Mount, Through Hole","Flange, Vertical","Solder","-","IP67 - Dust Tight, Waterproof","-40°C ~ 105°C","1","0.1A, 1A, 1.8A","-","Shielded","-","https://www.digikey.be/en/products/detail/amphenol-cs-commercial-products/MUSBK552M5/25818274"
"https://www.te.com/commerce/DocumentDelivery/DDEController?Action=srchrtrv&DocNm=108-61243&DocType=SS&DocLang=EN","//mm.digikey.com/Volume0/opasdata/d220001/medias/images/26/2108877-1.JPG","A121025TR-ND,A121025CT-ND,A121025DKR-ND","2108877-1","TE Connectivity AMP Connectors","TE Connectivity AMP Connectors","CONN RCPT USB2.0 MICRO B SMD R/A","3.168","7.03","0","1","Tape & Reel (TR),Cut Tape (CT),Digi-Reel®","-","Active","USB - micro B","5","Receptacle","USB 2.0","Surface Mount, Right Angle; Through Hole","Flange, Horizontal","Solder","-","-","-30°C ~ 85°C","1","0.5A, 1A, 1.8A","30VAC/DC","-","10000","https://www.digikey.be/en/products/detail/te-connectivity-amp-connectors/2108877-1/5215143"
"https://cdn.amphenol-cs.com/media/wysiwyg/files/documentation/datasheet/inputoutput/io_harsh_musb-type-a-b-ab.pdf","//mm.digikey.com/Volume0/opasdata/d220001/medias/images/8886/MFG_MUSBK15230.jpg","664-MUSBK152M1-ND","MUSBK152M1","Amphenol ICC (Commercial Products)","Amphenol CS (Commercial Products)","RUGGED USB, TYPE MICRO AB, RGHT","0","7.46663","0","80","Box","MUSB","Active","USB - micro AB","5","Receptacle","-","Panel Mount, Through Hole, Right Angle","Flange, Horizontal","Solder","-","IP67 - Dust Tight, Waterproof","-40°C ~ 105°C","1","0.1A, 1A, 1.8A","-","Shielded","1500","https://www.digikey.be/en/products/detail/amphenol-cs-commercial-products/MUSBK152M1/25818366"
"https://cdn.amphenol-cs.com/media/wysiwyg/files/documentation/datasheet/inputoutput/io_harsh_musb-type-a-b-ab.pdf","//mm.digikey.com/Volume0/opasdata/d220001/medias/images/8886/MFG_MUSBK15230.jpg","664-MUSBK152M02-ND","MUSBK152M02","Amphenol ICC (Commercial Products)","Amphenol CS (Commercial Products)","RUGGED USB, GEN 1, MICRO AB","0","8.507","0","80","Box","MUSB","Active","USB - micro AB","5","Receptacle","USB 2.0","Panel Mount, Through Hole, Right Angle","Flange, Horizontal","Solder","-","IP67 - Dust Tight, Waterproof","-40°C ~ 105°C","1","0.1A, 1A, 1.8A","-","Shielded","-","https://www.digikey.be/en/products/detail/amphenol-cs-commercial-products/MUSBK152M02/25815652"
"https://www.switchcraft.com/Documents/npb_c716_sealed_micro_usb_connectors.pdf","//mm.digikey.com/Volume0/opasdata/d220001/medias/images/1117/DCC-USBCB-120.jpg","SC2105-ND","DCC-USBCB-120","Conxall/Switchcraft","Conxall/Switchcraft","CONN PLUG USB2.0 MICRO B SLD","23","10.33","0","1","Bulk","Data-Con-X®","Active","USB - micro B","5","Plug","USB 2.0","Free Hanging (In-Line)","-","Solder","Circular Bayonet Coupling","IP67/IP68 - Dust Tight, Waterproof","-20°C ~ 85°C","1","-","-","Shielded","300","https://www.digikey.be/en/products/detail/conxall-switchcraft/DCC-USBCB-120/5213103"
"https://cdn.amphenol-cs.com/media/wysiwyg/files/documentation/datasheet/inputoutput/io_harsh_musb-type-a-b-ab.pdf","//mm.digikey.com/Volume0/opasdata/d220001/medias/images/413/MUSBK15230.jpg","MUSBK15230-ND","MUSBK15230","Amphenol ICC (Commercial Products)","Amphenol CS (Commercial Products)","CONN RCPT USB2.0 MICRO AB PCB RA","4.665","10.36","0","1","Bulk","MUSB","Active","USB - micro AB","5","Receptacle","USB 2.0","Panel Mount, Through Hole, Right Angle","Flange, Horizontal","Solder","-","IP67 - Dust Tight, Waterproof","-40°C ~ 105°C","1","0.5A, 1A","-","Shielded","10000","https://www.digikey.be/en/products/detail/amphenol-cs-commercial-products/MUSBK15230/3465047"
"https://cdn.amphenol-cs.com/media/wysiwyg/files/documentation/datasheet/inputoutput/io_harsh_musb-type-a-b-ab.pdf","//mm.digikey.com/Volume0/opasdata/d220001/medias/images/2087/MUSB-K552-30.jpg","664-MUSBK55230-ND","MUSBK55230","Amphenol ICC (Commercial Products)","Amphenol CS (Commercial Products)","CONN RCP USB2.0 MICRO AB PCB","1.384","10.37","0","1","Bulk","MUSB","Active","USB - micro AB","5","Receptacle","USB 2.0","Panel Mount, Through Hole","Flange, Horizontal","Solder","-","IP67 - Dust Tight, Waterproof","-40°C ~ 105°C","1","0.5A, 1A","-","Shielded","10000","https://www.digikey.be/en/products/detail/amphenol-cs-commercial-products/MUSBK55230/5410430"
"https://cdn.amphenol-cs.com/media/wysiwyg/files/documentation/datasheet/inputoutput/io_harsh_musb-type-a-b-ab.pdf","//mm.digikey.com/Volume0/opasdata/d220001/medias/images/8113/MFG_MUSBK55231.jpg","664-MUSBK55231-ND","MUSBK55231","Amphenol ICC (Commercial Products)","Amphenol CS (Commercial Products)","RUGGED USB, GEN 1, MICRO AB","0","10.92025","0","80","Box","MUSB","Active","USB - micro AB","5","Receptacle","-","Panel Mount, Through Hole","Flange, Vertical","Solder","-","IP67 - Dust Tight, Waterproof","-40°C ~ 105°C","1","0.1A, 1A, 1.8A","-","Shielded","1500","https://www.digikey.be/en/products/detail/amphenol-cs-commercial-products/MUSBK55231/25815657"
"//mm.digikey.com/Volume0/opasdata/d220001/medias/docus/6492/rugged_cat.pdf","-","664-MUSBK552301-ND","MUSBK552301","Amphenol ICC (Commercial Products)","Amphenol CS (Commercial Products)","HARSH USB MICRO AB, IP67, VERTIC","0","11.24488","0","80","Box","MUSB","Active","USB - micro AB","5","Receptacle","USB 2.0","Panel Mount, Through Hole","Flange, Vertical","Solder","-","IP67 - Dust Tight, Waterproof","-40°C ~ 105°C","1","1.5A","-","Shielded","1500","https://www.digikey.be/en/products/detail/amphenol-cs-commercial-products/MUSBK552301/25817735"
"https://cdn.amphenol-cs.com/media/wysiwyg/files/documentation/datasheet/inputoutput/io_harsh_musb-type-a-b-ab.pdf","//mm.digikey.com/Volume0/opasdata/d220001/medias/images/5547/MUSBK152M0.jpg","664-MUSBK152M0-ND","MUSBK152M0","Amphenol ICC (Commercial Products)","Amphenol CS (Commercial Products)","MUSB SERIES, RUGGED MICRO-AB USB","117","11.76","0","1","Box","MUSBR","Active","USB - micro AB","5","Receptacle","USB 2.0","Panel Mount, Through Hole, Right Angle","Flange, Horizontal","Solder","-","IP67 - Dust Tight, Waterproof","-40°C ~ 105°C","1","0.5A, 1.8A","-","Shielded","-","https://www.digikey.be/en/products/detail/amphenol-cs-commercial-products/MUSBK152M0/17066207"
"https://cdn.amphenol-cs.com/media/wysiwyg/files/documentation/datasheet/inputoutput/io_harsh_musb-type-a-b-ab.pdf","//mm.digikey.com/Volume0/opasdata/d220001/medias/images/8113/MFG_MUSBKA5235.jpg","664-MUSBKA5235-ND","MUSBKA5235","Amphenol ICC (Commercial Products)","Amphenol CS (Commercial Products)","RUGGED USB, GEN 1, MICRO AB","0","19.23425","0","80","Box","MUSB","Active","USB - micro AB","5","Receptacle","USB 2.0","Panel Mount, Through Hole, Right Angle","Flange, Horizontal","PC Board","-","IP67 - Dust Tight, Waterproof","-40°C ~ 105°C","1","0.1A, 1A, 1.8A","-","Shielded","1500","https://www.digikey.be/en/products/detail/amphenol-cs-commercial-products/MUSBKA5235/25816171"
"https://cdn.amphenol-cs.com/media/wysiwyg/files/documentation/datasheet/inputoutput/io_harsh_musb-type-a-b-ab.pdf","-","664-MUSBKA52M5-ND","MUSBKA52M5","Amphenol ICC (Commercial Products)","Amphenol CS (Commercial Products)","MUSBKA52M5-RGGDUSBGEN1MICROAB","0","20.85288","0","80","Box","MUSB","Active","USB - micro AB","5","Receptacle","USB 2.0","Panel Mount, Through Hole, Right Angle","Flange, Horizontal","PC Board","-","IP67 - Dust Tight, Waterproof","-40°C ~ 105°C","1","0.1A, 1A, 1.8A","-","Shielded","1500","https://www.digikey.be/en/products/detail/amphenol-cs-commercial-products/MUSBKA52M5/25815873"
"https://www.switchcraft.com/Documents/npb_c716_sealed_micro_usb_connectors.pdf","//mm.digikey.com/Volume0/opasdata/d220001/medias/images/16/DCP-USBCB-SC.jpg","SC2114-ND","DCP-USBCB-SC","Conxall/Switchcraft","Conxall/Switchcraft","CONN RCPT USB2.0 MIC AB PNL MT","387","20.89","0","1","Bulk","Data-Con-X®","Active","USB - micro AB","5","Receptacle","USB 2.0","Panel Mount","-","PC Board","Circular Bayonet Coupling","IP67/IP68 - Dust Tight, Waterproof","-20°C ~ 85°C","1","-","-","Shielded","300","https://www.digikey.be/en/products/detail/conxall-switchcraft/DCP-USBCB-SC/5213112"
"https://www.switchcraft.com/Documents/npb_c716_sealed_micro_usb_connectors.pdf","//mm.digikey.com/Volume0/opasdata/d220001/medias/images/16/DCP-USBCB-HD.jpg","SC2113-ND","DCP-USBCB-HD","Conxall/Switchcraft","Conxall/Switchcraft","CONN RCPT USB2.0 MICRO AB PNL MT","204","34.07","0","1","Bulk","Data-Con-X®","Active","USB - micro AB","5","Receptacle","USB 2.0","Panel Mount","-","Solder","Circular Bayonet Coupling","IP67/IP68 - Dust Tight, Waterproof","-20°C ~ 85°C","1","-","-","Shielded","300","https://www.digikey.be/en/products/detail/conxall-switchcraft/DCP-USBCB-HD/5213111"
"https://www.te.com/commerce/DocumentDelivery/DDEController?Action=srchrtrv&DocNm=1551629&DocType=Customer%20Drawing&DocLang=English&PartCntxt=1551629-2&DocFormat=pdf","//mm.digikey.com/Volume0/opasdata/d220001/medias/images/871/1551629-2.JPG","A120381TR-ND,2266-1551629-2-ND","1551629-2","TE Connectivity AMP Connectors","TE Connectivity AMP Connectors,WEC","CONN RCPT USB2.0 MICRO AB SMD RA","0","Obsolete","0","1000","Tape & Reel (TR),Tray","-","Obsolete","USB - micro AB","5","Receptacle","USB 2.0","Surface Mount, Right Angle","Horizontal","Solder","Solder Retention","Splash Proof","-30°C ~ 85°C","1","0.5A, 1A, 1.8A","30V","Shielded","10000","https://www.digikey.be/en/products/detail/te-connectivity-amp-connectors/1551629-2/5021839"
"//mm.digikey.com/Volume0/opasdata/d220001/medias/docus/696/2-2040343-2.pdf","-","2-2040343-2-ND","2-2040343-2","TE Connectivity AMP Connectors","TE Connectivity AMP Connectors","CONN RCPT USB2.0 MICRO B SMD","0","Obsolete","0","0","Bulk","-","Obsolete","USB - micro B","5","Receptacle","USB 2.0","Board Cutout, Surface Mount; Through Hole","Horizontal, Mid Mount","Solder","-","-","-30°C ~ 85°C","1","0.5A, 1A, 1.8A","30V","-","10000","https://www.digikey.be/en/products/detail/te-connectivity-amp-connectors/2-2040343-2/10222339"
"-","-","26-ZX20-B-5S-UNIT(32)-ND","ZX20-B-5S-UNIT(32)","Hirose Electric Co Ltd","Hirose Electric Co Ltd","CONN PLG USB2.0 MICRO B VERT","0","Obsolete","0","0","Bag","ZX","Obsolete","USB - micro B","5","Plug","USB 2.0","Through Hole","Vertical","Solder","-","-","-30°C ~ 85°C","1","1.8A","30VAC","Shielded","10000","https://www.digikey.be/en/products/detail/hirose-electric-co-ltd/ZX20-B-5S-UNIT-32/11204195"
"-","-","26-ZX62D2-AB-5PA8(30)TR-ND","ZX62D2-AB-5PA8(30)","Hirose Electric Co Ltd","Hirose Electric Co Ltd","CONN RCP USB2.0 MICRO AB SMD","0","Obsolete","0","0","Tape & Reel (TR)","ZX","Obsolete","USB - micro AB","5","Receptacle","USB 2.0","Surface Mount, Right Angle","Horizontal","Solder","-","-","-30°C ~ 85°C","1","0.1A, 1A, 1.8A","30VAC","Shielded","10000","https://www.digikey.be/en/products/detail/hirose-electric-co-ltd/ZX62D2-AB-5PA8-30/11204976"
"-","-","26-ZX62MD1-AB-5P(31)TR-ND","ZX62MD1-AB-5P(31)","Hirose Electric Co Ltd","Hirose Electric Co Ltd","CONN RCP USB2.0 MICRO AB SMD","0","Obsolete","0","0","Tape & Reel (TR)","ZX","Obsolete","USB - micro AB","5","Receptacle","USB 2.0","Surface Mount, Right Angle; Through Hole","Horizontal","Solder","-","-","-30°C ~ 85°C","1","1.8A","30VAC","Shielded","10000","https://www.digikey.be/en/products/detail/hirose-electric-co-ltd/ZX62MD1-AB-5P-31/11205035"
"//mm.digikey.com/Volume0/opasdata/d220001/medias/docus/1094/ZX_Series.pdf","//mm.digikey.com/Volume0/opasdata/d220001/medias/images/1/ZX20-B-5S-UNIT%2812%29.jpg","H11497-ND","ZX20-B-5S-UNIT","Hirose Electric Co Ltd","Hirose Electric Co Ltd","CONN PLUG USB2.0 MICRO B VERT","0","Obsolete","0","0","Tray","ZX","Obsolete","USB - micro B","5","Plug","USB 2.0","Through Hole","Vertical","Solder","-","-","-30°C ~ 85°C","1","1.8A","30VAC","-","10000","https://www.digikey.be/en/products/detail/hirose-electric-co-ltd/ZX20-B-5S-UNIT/1589854"
"//mm.digikey.com/Volume0/opasdata/d220001/medias/docus/1094/ZX_Series.pdf","//mm.digikey.com/Volume0/opasdata/d220001/medias/images/1/ZX40-B-5S-UNIT%2812%29.jpg","H11502-ND","ZX40-B-5S-UNIT(12)","Hirose Electric Co Ltd","Hirose Electric Co Ltd","CONN PLUG USB2.0 MICRO B SLD","0","Obsolete","0","0","Tray","ZX","Obsolete","USB - micro B","5","Plug","USB 2.0","Free Hanging (In-Line)","-","Solder","-","-","-30°C ~ 85°C","1","1.8A","30VAC","-","10000","https://www.digikey.be/en/products/detail/hirose-electric-co-ltd/ZX40-B-5S-UNIT-12/1589859"
"//mm.digikey.com/Volume0/opasdata/d220001/medias/docus/1094/ZX_Series.pdf","//mm.digikey.com/Volume0/opasdata/d220001/medias/images/1/ZX40-A-5S-UNIT.jpg","H11571-ND","ZX40-A-5S-UNIT","Hirose Electric Co Ltd","Hirose Electric Co Ltd","CONN PLUG USB2.0 MICRO A SLD","0","Obsolete","0","0","Tray","ZX","Obsolete","USB - micro A","5","Plug","USB 2.0","Free Hanging (In-Line)","-","Solder","-","-","-30°C ~ 85°C","1","1.8A","30VAC","Shielded","10000","https://www.digikey.be/en/products/detail/hirose-electric-co-ltd/ZX40-A-5S-UNIT/1787098"
"//mm.digikey.com/Volume0/opasdata/d220001/medias/docus/1094/ZX_Series.pdf","//mm.digikey.com/Volume0/opasdata/d220001/medias/images/19/ZX80-B-5S%28xx%29.jpg","H11612-ND","ZX80-B-5SA","Hirose Electric Co Ltd","Hirose Electric Co Ltd","CONN PLUG USB2.0 MICRO B SMD","0","Obsolete","0","0","Bag","ZX","Obsolete","USB - micro B","5","Plug","USB 2.0","Surface Mount, Through Hole","Flange, Vertical","Solder","-","-","-30°C ~ 85°C","1","1.8A","30VAC","Shielded","10000","https://www.digikey.be/en/products/detail/hirose-electric-co-ltd/ZX80-B-5SA/1963857"
"//mm.digikey.com/Volume0/opasdata/d220001/medias/docus/1094/ZX_Series.pdf","//mm.digikey.com/Volume0/opasdata/d220001/medias/images/954/ZX64-B-5S-UNIT%2812%29.jpg","H11613-ND","ZX64-B-5S-UNIT(14)","Hirose Electric Co Ltd","Hirose Electric Co Ltd","CONN PLUG USB2.0 MICRO B SMD R/A","0","Obsolete","0","0","Tray","ZX","Obsolete","USB - micro B","5","Plug","USB 2.0","Surface Mount, Right Angle","Horizontal","Solder","-","-","-30°C ~ 85°C","1","1.8A","30VAC","-","10000","https://www.digikey.be/en/products/detail/hirose-electric-co-ltd/ZX64-B-5S-UNIT-14/1963858"
"-","-","26-ZX64-B-5S-UNIT(33)-ND","ZX64-B-5S-UNIT(33)","Hirose Electric Co Ltd","Hirose Electric Co Ltd","CONNECTOR","0","Obsolete","0","0","Bulk","ZX","Obsolete","USB - micro B","5","Plug","USB 2.0","Surface Mount, Right Angle","Horizontal","Solder","-","-","-30°C ~ 85°C","1","0.5A, 1.8A","30VAC","Shielded","10000","https://www.digikey.be/en/products/detail/hirose-electric-co-ltd/ZX64-B-5S-UNIT-33/21321794"
"https://www.te.com/commerce/DocumentDelivery/DDEController?Action=srchrtrv&DocNm=1939053&DocType=Customer+Drawing&DocLang=English","//mm.digikey.com/Volume0/opasdata/d220001/medias/images/860/MFG_1939053.jpg","1939053-1-ND","1939053-1","TE Connectivity AMP Connectors","TE Connectivity AMP Connectors","CONN PLUG USB2.0 MICRO A SLD","0","Obsolete","0","0","Tray","-","Obsolete","USB - micro A","5","Plug","USB 2.0","Free Hanging (In-Line)","-","Solder","-","-","-30°C ~ 85°C","1","0.5A, 1A, 1.8A","30V","-","10000","https://www.digikey.be/en/products/detail/te-connectivity-amp-connectors/1939053-1/2286684"
"https://www.te.com/commerce/DocumentDelivery/DDEController?Action=srchrtrv&DocNm=1939054&DocType=Customer+Drawing&DocLang=English","//mm.digikey.com/Volume0/opasdata/d220001/medias/images/509/1939054-1.jpg","A115013-ND","1939054-1","TE Connectivity AMP Connectors","TE Connectivity AMP Connectors","CONN PLUG USB2.0 MICRO B SLD","0","Obsolete","0","0","Tray","-","Obsolete","USB - micro B","5","Plug","USB 2.0","Free Hanging (In-Line)","-","Solder","-","-","-30°C ~ 85°C","1","0.5A, 1A, 1.8A","30V","-","10000","https://www.digikey.be/en/products/detail/te-connectivity-amp-connectors/1939054-1/2286690"
"https://www.te.com/commerce/DocumentDelivery/DDEController?Action=srchrtrv&DocNm=1939054&DocType=Customer+Drawing&DocLang=English","//mm.digikey.com/Volume0/opasdata/d220001/medias/images/509/1939054-1.jpg","1939054-2-ND","1939054-2","TE Connectivity AMP Connectors","TE Connectivity AMP Connectors","CONN PLUG USB2.0 MICRO B SLD","0","Obsolete","0","0","Tray","-","Obsolete","USB - micro B","5","Plug","USB 2.0","Free Hanging (In-Line)","-","Solder","-","-","-30°C ~ 85°C","1","0.5A, 1A, 1.8A","30V","-","10000","https://www.digikey.be/en/products/detail/te-connectivity-amp-connectors/1939054-2/2286692"
"https://www.te.com/commerce/DocumentDelivery/DDEController?Action=srchrtrv&DocNm=1981568&DocType=Customer+Drawing&DocLang=English","//mm.digikey.com/Volume0/opasdata/d220001/medias/images/1158/MFG_1981568-2.jpg","1981568-2-ND","1981568-2","TE Connectivity AMP Connectors","TE Connectivity AMP Connectors","CONN RCPT USB2.0 MICRO B SMD R/A","0","Obsolete","0","0","Tape & Reel (TR)","-","Obsolete","USB - micro B","5","Receptacle","USB 2.0","Surface Mount, Right Angle","Horizontal","Solder","-","-","-30°C ~ 85°C","1","0.5A, 1A, 1.8A","30V","Unshielded","10000","https://www.digikey.be/en/products/detail/te-connectivity-amp-connectors/1981568-2/2286696"
"https://www.te.com/commerce/DocumentDelivery/DDEController?Action=srchrtrv&DocNm=2246077&DocType=Customer%20Drawing&DocLang=English&PartCntxt=2246077-1&DocFormat=pdf","//mm.digikey.com/Volume0/opasdata/d220001/medias/images/1261/2246077-1.JPG","A119764TR-ND","2246077-1","TE Connectivity AMP Connectors","TE Connectivity AMP Connectors","CONN RCPT USB2.0 MICRO B SMD R/A","0","Obsolete","0","0","Tape & Reel (TR)","-","Obsolete","USB - micro B","5","Receptacle","USB 2.0","Surface Mount, Right Angle","Horizontal","Solder","Pick and Place, Solder Retention","-","-","1","-","-","-","-","https://www.digikey.be/en/products/detail/te-connectivity-amp-connectors/2246077-1/4898552"
"http://portal.fciconnect.com/Comergent///fci/drawing/10104109.pdf","//mm.digikey.com/Volume0/opasdata/d220001/medias/images/640/10104109-0001LF.jpg","609-4051-ND","10104109-0001LF","Amphenol ICC (FCI)","Amphenol CS (FCI)","CONN PLG USB2.0 MICRO B BRD EDGE","0","Obsolete","0","0","Tray","-","Obsolete","USB - micro B","5","Plug","USB 2.0","Board Edge, Straddle Mount","-","Solder","-","-","-","1","-","-","Shielded","-","https://www.digikey.be/en/products/detail/amphenol-cs-fci/10104109-0001LF/2350352"
"//mm.digikey.com/Volume0/opasdata/d220001/medias/docus/2595/ZX360-B-10S-UNIT%20spec%20.pdf","//mm.digikey.com/Volume0/opasdata/d220001/medias/images/4819/ZX360-B-10S-UNIT.jpg","H11887-ND","ZX360-B-10S-UNIT","Hirose Electric Co Ltd","Hirose Electric Co Ltd","CONN PLUG USB3.0 MICRO B SMD R/A","0","Obsolete","0","0","Tray","ZX360","Obsolete","USB - micro B","10","Plug","USB 3.2 Gen 1 (USB 3.1 Gen 1, Superspeed (USB 3.0))","Surface Mount, Right Angle","Horizontal","Solder","-","-","-30°C ~ 85°C","1","1.8A","30VAC","Unshielded","10000","https://www.digikey.be/en/products/detail/hirose-electric-co-ltd/ZX360-B-10S-UNIT/2469052"
"//mm.digikey.com/Volume0/opasdata/d220001/medias/docus/523/ZX80-B-5P.pdf","//mm.digikey.com/Volume0/opasdata/d220001/medias/images/4819/ZX80-B-5P.jpg","H11890-ND","ZX80-B-5P","Hirose Electric Co Ltd","Hirose Electric Co Ltd","CONN RCPT USB2.0 MICRO B SMD","0","Obsolete","0","0","Tray","ZX","Obsolete","USB - micro B","5","Receptacle","USB 2.0","Surface Mount, Through Hole","Vertical","Solder","Pick and Place","-","-30°C ~ 85°C","1","1.8A","30VAC","Shielded","10000","https://www.digikey.be/en/products/detail/hirose-electric-co-ltd/ZX80-B-5P/2469055"
"https://www.hirose.com/product/download/?distributor=digikey&type=specSheet&lang=en&num=ZX62D-B-5PA5","-","ZX62D-B-5PA5-ND","ZX62D-B-5PA5","Hirose Electric Co Ltd","Hirose Electric Co Ltd","CONN RCPT USB2.0 MICRO B SMD R/A","0","Obsolete","0","0","Tape & Reel (TR)","ZX","Obsolete","USB - micro B","5","Receptacle","USB 2.0","Surface Mount, Right Angle; Through Hole","Bottom Mount, Horizontal","Solder","Pick and Place, Solder Retention","-","-30°C ~ 85°C","1","1.8A","30VAC","Shielded","10000","https://www.digikey.be/en/products/detail/hirose-electric-co-ltd/ZX62D-B-5PA5/5134936"
"//mm.digikey.com/Volume0/opasdata/d220001/medias/docus/1094/ZX_Series.pdf","//mm.digikey.com/Volume0/opasdata/d220001/medias/images/19/ZX80-B-5S%28xx%29.jpg","H124491-ND","ZX80-B-5S","Hirose Electric Co Ltd","Hirose Electric Co Ltd","CONN PLUG USB2.0 MICRO B SMD","0","Obsolete","0","0","Bag","ZX","Obsolete","USB - micro B","5","Plug","USB 2.0","Surface Mount, Through Hole","Flange, Vertical","Solder","-","-","-30°C ~ 85°C","1","1.8A","30VAC","Shielded","10000","https://www.digikey.be/en/products/detail/hirose-electric-co-ltd/ZX80-B-5S/5134950"
"-","//mm.digikey.com/Volume0/opasdata/d220001/medias/images/1/ZX40-B-5S-UNIT%2812%29.jpg","ZX40-B-5S-UNIT-ND","ZX40-B-5S-UNIT","Hirose Electric Co Ltd","Hirose Electric Co Ltd","CONN PLUG USB2.0 MICRO B SLD","0","Obsolete","0","0","Bulk","ZX","Obsolete","USB - micro B","5","Plug","USB 2.0","Free Hanging (In-Line)","-","Solder","-","-","-30°C ~ 85°C","1","1A per Contact","30VAC","-","10000","https://www.digikey.be/en/products/detail/hirose-electric-co-ltd/ZX40-B-5S-UNIT/5974140"
"//mm.digikey.com/Volume0/opasdata/d220001/medias/docus/1094/ZX_Series.pdf","//mm.digikey.com/Volume0/opasdata/d220001/medias/images/954/ZX64-B-5S-UNIT%2812%29.jpg","ZX64-B-5S-UNIT-ND","ZX64-B-5S-UNIT","Hirose Electric Co Ltd","Hirose Electric Co Ltd","CONN PLUG USB2.0 MICRO B SMD R/A","0","Obsolete","0","0","Bulk","ZX","Obsolete","USB - micro B","5","Plug","USB 2.0","Surface Mount, Right Angle","Horizontal","Solder","-","-","-","1","-","-","Shielded","-","https://www.digikey.be/en/products/detail/hirose-electric-co-ltd/ZX64-B-5S-UNIT/5974141"
"//mm.digikey.com/Volume0/opasdata/d220001/medias/docus/1094/ZX_Series.pdf","//mm.digikey.com/Volume0/opasdata/d220001/medias/images/954/ZX64-B-5S-UNIT%2812%29.jpg","ZX64-B-5S-UNIT(61)-ND","ZX64-B-5S-UNIT(61)","Hirose Electric Co Ltd","Hirose Electric Co Ltd","CONN PLUG USB2.0 MICRO B SMD R/A","0","Obsolete","0","0","Bulk","ZX","Obsolete","USB - micro B","5","Plug","USB 2.0","Surface Mount, Right Angle","Horizontal","Solder","-","-","-","1","-","-","-","-","https://www.digikey.be/en/products/detail/hirose-electric-co-ltd/ZX64-B-5S-UNIT-61/5974142"
"//mm.digikey.com/Volume0/opasdata/d220001/medias/docus/1094/ZX_Series.pdf","//mm.digikey.com/Volume0/opasdata/d220001/medias/images/1/ZX20-B-5S-UNIT%2812%29.jpg","ZX20-B-5S-UNIT(12)-ND","ZX20-B-5S-UNIT(12)","Hirose Electric Co Ltd","Hirose Electric Co Ltd","CONN PLUG USB2.0 MICRO B VERT","0","Obsolete","0","0","Bulk","ZX","Obsolete","USB - micro B","5","Plug","USB 2.0","Through Hole","Vertical","Solder","-","-","-30°C ~ 85°C","1","1A per Contact","30VAC","-","10000","https://www.digikey.be/en/products/detail/hirose-electric-co-ltd/ZX20-B-5S-UNIT-12/5974143"
"//mm.digikey.com/Volume0/opasdata/d220001/medias/docus/1094/ZX_Series.pdf","-","ZX62M-B-5P(03)-ND","ZX62M-B-5P(03)","Hirose Electric Co Ltd","Hirose Electric Co Ltd","CONN RCPT USB2.0 MICRO B SMD","0","Obsolete","0","0","Bulk","ZX","Obsolete","USB - micro B","5","Receptacle","USB 2.0","Board Edge, Cutout; Surface Mount, Right Angle","Horizontal, Mid Mount","Solder","-","-","-","1","-","-","-","-","https://www.digikey.be/en/products/detail/hirose-electric-co-ltd/ZX62M-B-5P-03/5974145"
"//mm.digikey.com/Volume0/opasdata/d220001/medias/docus/1094/ZX_Series.pdf","//mm.digikey.com/Volume0/opasdata/d220001/medias/images/1/ZX62D-AB-5P8.jpg","ZX62D-AB-5P8(01)-ND","ZX62D-AB-5P8(01)","Hirose Electric Co Ltd","Hirose Electric Co Ltd","CONN RCPT USB2.0 MICRO AB SMD RA","0","Obsolete","0","0","Bulk","ZX","Obsolete","USB - micro AB","5","Receptacle","USB 2.0","Surface Mount, Right Angle; Through Hole","Bottom Mount, Horizontal","Solder","-","-","-","1","-","-","-","-","https://www.digikey.be/en/products/detail/hirose-electric-co-ltd/ZX62D-AB-5P8-01/5974146"
"//mm.digikey.com/Volume0/opasdata/d220001/medias/docus/1094/ZX_Series.pdf","//mm.digikey.com/Volume0/opasdata/d220001/medias/images/1/ZX62R-B-5P.jpg","ZX62R-B-5P(01)-ND","ZX62R-B-5P(01)","Hirose Electric Co Ltd","Hirose Electric Co Ltd","CONN RCPT USB2.0 MICRO B SMD R/A","0","Obsolete","0","0","Bulk","ZX","Obsolete","USB - micro B","5","Receptacle","USB 2.0","Surface Mount, Right Angle","Horizontal, Reverse Mount","Solder","-","-","-","1","-","-","-","-","https://www.digikey.be/en/products/detail/hirose-electric-co-ltd/ZX62R-B-5P-01/5974147"
"//mm.digikey.com/Volume0/opasdata/d220001/medias/docus/1094/ZX_Series.pdf","//mm.digikey.com/Volume0/opasdata/d220001/medias/images/1/ZX62R-B-5P.jpg","ZX62R-B-5P(48)-ND","ZX62R-B-5P(48)","Hirose Electric Co Ltd","Hirose Electric Co Ltd","CONN RCPT USB2.0 MICRO B SMD R/A","0","Obsolete","0","0","Bulk","ZX","Obsolete","USB - micro B","5","Receptacle","USB 2.0","Surface Mount, Right Angle","Horizontal, Reverse Mount","Solder","-","-","-","1","-","-","-","-","https://www.digikey.be/en/products/detail/hirose-electric-co-ltd/ZX62R-B-5P-48/5974148"
"//mm.digikey.com/Volume0/opasdata/d220001/medias/docus/1094/ZX_Series.pdf","-","ZX62-B-5PA(01)-ND","ZX62-B-5PA(01)","Hirose Electric Co Ltd","Hirose Electric Co Ltd","CONN RCPT USB2.0 MICRO B SMD R/A","0","Obsolete","0","0","Bulk","ZX","Obsolete","USB - micro B","5","Receptacle","USB 2.0","Surface Mount, Right Angle","Bottom Mount, Horizontal","Solder","-","-","-","1","-","-","-","-","https://www.digikey.be/en/products/detail/hirose-electric-co-ltd/ZX62-B-5PA-01/5974149"
"//mm.digikey.com/Volume0/opasdata/d220001/medias/docus/1094/ZX_Series.pdf","-","ZX62-B-5PA(02)-ND","ZX62-B-5PA(02)","Hirose Electric Co Ltd","Hirose Electric Co Ltd","CONN RCPT USB2.0 MICRO B SMD R/A","0","Obsolete","0","0","Bulk","ZX","Obsolete","USB - micro B","5","Receptacle","USB 2.0","Surface Mount, Right Angle","Bottom Mount, Horizontal","Solder","-","-","-","1","-","-","-","-","https://www.digikey.be/en/products/detail/hirose-electric-co-ltd/ZX62-B-5PA-02/5974150"
"//mm.digikey.com/Volume0/opasdata/d220001/medias/docus/1094/ZX_Series.pdf","-","ZX62-B-5PA(21)-ND","ZX62-B-5PA(21)","Hirose Electric Co Ltd","Hirose Electric Co Ltd","CONN RCPT USB2.0 MICRO B SMD R/A","0","Obsolete","0","0","Bulk","ZX","Obsolete","USB - micro B","5","Receptacle","USB 2.0","Surface Mount, Right Angle","Bottom Mount, Horizontal","Solder","-","-","-","1","-","-","-","-","https://www.digikey.be/en/products/detail/hirose-electric-co-ltd/ZX62-B-5PA-21/5974151"
"//mm.digikey.com/Volume0/opasdata/d220001/medias/docus/1094/ZX_Series.pdf","-","ZX62-B-5PA(74)-ND","ZX62-B-5PA(74)","Hirose Electric Co Ltd","Hirose Electric Co Ltd","CONN RCPT USB2.0 MICRO B SMD R/A","0","Obsolete","0","0","Bulk","ZX","Obsolete","USB - micro B","5","Receptacle","USB 2.0","Surface Mount, Right Angle","Bottom Mount, Horizontal","Solder","-","-","-","1","-","-","-","-","https://www.digikey.be/en/products/detail/hirose-electric-co-ltd/ZX62-B-5PA-74/5974152"
"//mm.digikey.com/Volume0/opasdata/d220001/medias/docus/1094/ZX_Series.pdf","//mm.digikey.com/Volume0/opasdata/d220001/medias/images/1009/ZX62D-B-5P8.JPG","ZX62D-B-5P8(01)-ND","ZX62D-B-5P8(01)","Hirose Electric Co Ltd","Hirose Electric Co Ltd","CONN RCPT USB2.0 MICRO B SMD R/A","0","Obsolete","0","0","Bulk","ZX","Obsolete","USB - micro B","5","Receptacle","USB 2.0","Surface Mount, Right Angle; Through Hole","Bottom Mount, Horizontal","Solder","-","-","-","1","-","-","-","-","https://www.digikey.be/en/products/detail/hirose-electric-co-ltd/ZX62D-B-5P8-01/5974153"
"//mm.digikey.com/Volume0/opasdata/d220001/medias/docus/1094/ZX_Series.pdf","-","ZX64-A-5S-UNIT-ND","ZX64-A-5S-UNIT","Hirose Electric Co Ltd","Hirose Electric Co Ltd","CONN PLUG USB2.0 MICRO A SMD R/A","0","Obsolete","0","0","Bulk","ZX","Obsolete","USB - micro A","5","Plug","USB 2.0","Surface Mount, Right Angle","Horizontal","Solder","-","-","-","1","-","-","Shielded","-","https://www.digikey.be/en/products/detail/hirose-electric-co-ltd/ZX64-A-5S-UNIT/5974155"
"//mm.digikey.com/Volume0/opasdata/d220001/medias/docus/1094/ZX_Series.pdf","-","ZX62-AB-5PA(74)-ND","ZX62-AB-5PA(74)","Hirose Electric Co Ltd","Hirose Electric Co Ltd","CONN RCPT USB2.0 MICRO AB SMD RA","0","Obsolete","0","0","Bulk","ZX","Obsolete","USB - micro AB","5","Receptacle","USB 2.0","Surface Mount, Right Angle","Bottom Mount, Horizontal","Solder","-","-","-","1","-","-","-","-","https://www.digikey.be/en/products/detail/hirose-electric-co-ltd/ZX62-AB-5PA-74/5974156"
"//mm.digikey.com/Volume0/opasdata/d220001/medias/docus/1094/ZX_Series.pdf","//mm.digikey.com/Volume0/opasdata/d220001/medias/images/707/ZX62D1-B-5PA.JPG","ZX62D1-B-5PA(48)-ND","ZX62D1-B-5PA(48)","Hirose Electric Co Ltd","Hirose Electric Co Ltd","CONN RCPT USB2.0 MICRO B SMD R/A","0","Obsolete","0","0","Bulk","ZX","Obsolete","USB - micro B","5","Receptacle","USB 2.0","Surface Mount, Right Angle; Through Hole","Bottom Mount, Horizontal","Solder","-","-","-","1","-","-","-","-","https://www.digikey.be/en/products/detail/hirose-electric-co-ltd/ZX62D1-B-5PA-48/5974158"
"//mm.digikey.com/Volume0/opasdata/d220001/medias/docus/1094/ZX_Series.pdf","//mm.digikey.com/Volume0/opasdata/d220001/medias/images/19/ZX62D-B-5PA8.jpg","ZX62D-B-5PA8(01)-ND","ZX62D-B-5PA8(01)","Hirose Electric Co Ltd","Hirose Electric Co Ltd","CONN RCPT USB2.0 MICRO B SMD R/A","0","Obsolete","0","0","Bulk","ZX","Obsolete","USB - micro B","5","Receptacle","USB 2.0","Surface Mount, Right Angle; Through Hole","Bottom Mount, Horizontal","Solder","-","-","-","1","-","-","-","-","https://www.digikey.be/en/products/detail/hirose-electric-co-ltd/ZX62D-B-5PA8-01/5974161"
"//mm.digikey.com/Volume0/opasdata/d220001/medias/docus/1094/ZX_Series.pdf","//mm.digikey.com/Volume0/opasdata/d220001/medias/images/19/ZX62D-B-5PA8.jpg","ZX62D-B-5PA8(02)-ND","ZX62D-B-5PA8(02)","Hirose Electric Co Ltd","Hirose Electric Co Ltd","CONN RCPT USB2.0 MICRO B SMD R/A","0","Obsolete","0","0","Bulk","ZX","Obsolete","USB - micro B","5","Receptacle","USB 2.0","Surface Mount, Right Angle; Through Hole","Bottom Mount, Horizontal","Solder","-","-","-","1","-","-","-","-","https://www.digikey.be/en/products/detail/hirose-electric-co-ltd/ZX62D-B-5PA8-02/5974162"
"//mm.digikey.com/Volume0/opasdata/d220001/medias/docus/1094/ZX_Series.pdf","-","ZX62D-B-HC-5PA6(01)-ND","ZX62D-B-HC-5PA6(01)","Hirose Electric Co Ltd","Hirose Electric Co Ltd","CONN RCPT USB2.0 MICRO B SMD R/A","0","Obsolete","0","0","Bulk","ZX","Obsolete","USB - micro B","5","Receptacle","USB 2.0","Surface Mount, Right Angle","Bottom Mount, Horizontal","Solder","-","-","-","1","-","-","-","-","https://www.digikey.be/en/products/detail/hirose-electric-co-ltd/ZX62D-B-HC-5PA6-01/5974164"
"//mm.digikey.com/Volume0/opasdata/d220001/medias/docus/1094/ZX_Series.pdf","//mm.digikey.com/Volume0/opasdata/d220001/medias/images/19/ZX60-B-5S%2801%29.jpg","ZX60-B-5SA(01)-ND","ZX60-B-5SA(01)","Hirose Electric Co Ltd","Hirose Electric Co Ltd","CONN PLUG USB2.0 MICRO B SMD R/A","0","Obsolete","0","0","Bulk","ZX","Obsolete","USB - micro B","5","Plug","USB 2.0","Surface Mount, Right Angle","Horizontal","Solder","-","-","-30°C ~ 85°C","1","1.8A","30VAC","Shielded","10000","https://www.digikey.be/en/products/detail/hirose-electric-co-ltd/ZX60-B-5SA-01/5974167"
"//mm.digikey.com/Volume0/opasdata/d220001/medias/docus/1094/ZX_Series.pdf","-","ZX40-B-5SS-FT-250-ND","ZX40-B-5SS-FT-250","Hirose Electric Co Ltd","Hirose Electric Co Ltd","CONN PLG USB2.0 MICRO B 5POS","0","Obsolete","0","0","Bulk","ZX","Obsolete","USB - micro B","5","Plug","USB 2.0","-","-","-","-","-","-","-","-","-","-","-","https://www.digikey.be/en/products/detail/hirose-electric-co-ltd/ZX40-B-5SS-FT-250/5974177"
"https://www.hirose.com/product/document?clcode=CL0242-0056-3-30&productname=ZX62D-B-5PA8(30)&series=ZX&documenttype=Catalog&lang=en&documentid=D31704_en","//mm.digikey.com/Volume0/opasdata/d220001/medias/images/954/ZX64-B-5S-UNIT%2812%29.jpg","H125261-ND","ZX64-B-5S-UNIT(31)","Hirose Electric Co Ltd","Hirose Electric Co Ltd","CONN PLUG USB2.0 MICRO B SMD R/A","0","Obsolete","0","0","Tray","ZX","Obsolete","USB - micro B","5","Plug","USB 2.0","Surface Mount, Right Angle","Horizontal","Solder","-","-","-30°C ~ 85°C","1","1.8A","30VAC","-","10000","https://www.digikey.be/en/products/detail/hirose-electric-co-ltd/ZX64-B-5S-UNIT-31/5994727"
"-","-","E8110-030-02-ND","E8110-030-02","Pulse Electronics","Pulse Electronics","CONN RCPT USB3.0 MICRO B SMD R/A","0","Obsolete","0","0","Bulk","-","Obsolete","USB - micro B","10","Receptacle","USB 3.2 Gen 1 (USB 3.1 Gen 1, Superspeed (USB 3.0))","Surface Mount, Right Angle; Through Hole","Horizontal","Solder","Board Guide","-","-20°C ~ 80°C","1","1.5A","-","Shielded","10000","https://www.digikey.be/en/products/detail/pulse-electronics/E8110-030-02/9557913"
"-","-","0473461005-ND","0473461005","Molex","Molex","MICRO USB B RECP BOT MT SMT","0","Obsolete","0","0","Bulk","47346","Obsolete","USB - micro B","5","Receptacle","USB 2.0","Surface Mount, Right Angle","Horizontal","Solder","-","-","-30°C ~ 85°C","1","1A, 1.8A","30VAC","Shielded","10000","https://www.digikey.be/en/products/detail/molex/0473461005/9693992"
"-","-","1054431111-ND","1054431111","Molex","Molex","CONN MICRO USB","0","Obsolete","0","0","Bulk","105443","Obsolete","USB - micro B","5","Receptacle","USB 2.0","Surface Mount, Right Angle; Through Hole","Horizontal","Solder","Pick and Place","IP67 - Dust Tight, Waterproof","-35°C ~ 85°C","1","1A, 1.8A","30VAC","Shielded","10000","https://www.digikey.be/en/products/detail/molex/1054431111/9694135"
"https://cdn-shop.adafruit.com/product-files/4023/4023_C2215_DKMICRO_USB_5S_B-DIP6.6.pdf","//mm.digikey.com/Volume0/opasdata/d220001/medias/images/4846/1528_4023.jpg","1528-2756-ND","4023","Adafruit Industries LLC","Adafruit Industries LLC","MICRO B USB CONNECTORS - PACK OF","0","Obsolete","0","0","Bulk","-","Obsolete","USB - micro B","5","Receptacle","-","Surface Mount, Right Angle","Horizontal","Solder","Board Guide","-","-30°C ~ 80°C","1","1A","-","Shielded","10000","https://www.digikey.be/en/products/detail/adafruit-industries-llc/4023/9745255"
"https://gct.co/files/specs/usb3150-spec.pdf","//mm.digikey.com/Volume0/opasdata/d220001/medias/images/322/MFG_USB3150-30-075-A.jpg","2073-USB3150-30-075-ATR-ND,2073-USB3150-30-075-ACT-ND,2073-USB3150-30-075-ADKR-ND","USB3150-30-075-A","GCT","GCT","MICRO B PLUG, VERTICAL, TH, 30"",","0","Obsolete","0","0","Tape & Reel (TR),Cut Tape (CT),Digi-Reel®","USB3150","Obsolete","USB - micro B","5","Plug","USB 2.0","Through Hole","Vertical","Solder","-","-","-30°C ~ 85°C","1","1A, 1.8A","30VAC","Shielded","10000","https://www.digikey.be/en/products/detail/gct/USB3150-30-075-A/9859648"
"https://gct.co/files/specs/usb3150-spec.pdf","//mm.digikey.com/Volume0/opasdata/d220001/medias/images/322/MFG_USB3150-30-130-A.jpg","2073-USB3150-30-130-ATR-ND,2073-USB3150-30-130-ACT-ND,2073-USB3150-30-130-ADKR-ND","USB3150-30-130-A","GCT","GCT","MICRO B PLUG, VERTICAL, TH, 30"",","0","Obsolete","0","0","Tape & Reel (TR),Cut Tape (CT),Digi-Reel®","USB3150","Obsolete","USB - micro B","5","Plug","USB 2.0","Through Hole","Vertical","Solder","-","-","-30°C ~ 85°C","1","1A, 1.8A","30VAC","Shielded","10000","https://www.digikey.be/en/products/detail/gct/USB3150-30-130-A/9859649"
